ISO-10303-21;
HEADER;
/* Generated by software containing ST-Developer
 * from STEP Tools, Inc. (www.steptools.com) 
 */

FILE_DESCRIPTION(
/* description */ (''),
/* implementation_level */ '2;1');

FILE_NAME(
/* name */ 'carrucola sospesa v3.step',
/* time_stamp */ '2025-05-05T18:54:17+02:00',
/* author */ (''),
/* organization */ (''),
/* preprocessor_version */ 'ST-DEVELOPER v20.1',
/* originating_system */ 'Autodesk Translation Framework v14.4.0.0',
/* authorisation */ '');

FILE_SCHEMA (('AUTOMOTIVE_DESIGN { 1 0 10303 214 3 1 1 }'));
ENDSEC;

DATA;
#10=MECHANICAL_DESIGN_GEOMETRIC_PRESENTATION_REPRESENTATION('',(#122,#123,
#124,#125,#126,#127,#128),#6112);
#11=ITEM_DEFINED_TRANSFORMATION($,$,#2707,#2854);
#12=ITEM_DEFINED_TRANSFORMATION($,$,#2707,#2855);
#13=ITEM_DEFINED_TRANSFORMATION($,$,#2529,#2856);
#14=ITEM_DEFINED_TRANSFORMATION($,$,#2529,#2857);
#15=ITEM_DEFINED_TRANSFORMATION($,$,#2658,#2858);
#16=ITEM_DEFINED_TRANSFORMATION($,$,#2707,#2859);
#17=ITEM_DEFINED_TRANSFORMATION($,$,#2707,#2860);
#18=(
REPRESENTATION_RELATIONSHIP($,$,#6135,#6132)
REPRESENTATION_RELATIONSHIP_WITH_TRANSFORMATION(#11)
SHAPE_REPRESENTATION_RELATIONSHIP()
);
#19=(
REPRESENTATION_RELATIONSHIP($,$,#6135,#6132)
REPRESENTATION_RELATIONSHIP_WITH_TRANSFORMATION(#12)
SHAPE_REPRESENTATION_RELATIONSHIP()
);
#20=(
REPRESENTATION_RELATIONSHIP($,$,#6133,#6132)
REPRESENTATION_RELATIONSHIP_WITH_TRANSFORMATION(#13)
SHAPE_REPRESENTATION_RELATIONSHIP()
);
#21=(
REPRESENTATION_RELATIONSHIP($,$,#6133,#6132)
REPRESENTATION_RELATIONSHIP_WITH_TRANSFORMATION(#14)
SHAPE_REPRESENTATION_RELATIONSHIP()
);
#22=(
REPRESENTATION_RELATIONSHIP($,$,#6134,#6132)
REPRESENTATION_RELATIONSHIP_WITH_TRANSFORMATION(#15)
SHAPE_REPRESENTATION_RELATIONSHIP()
);
#23=(
REPRESENTATION_RELATIONSHIP($,$,#6135,#6132)
REPRESENTATION_RELATIONSHIP_WITH_TRANSFORMATION(#16)
SHAPE_REPRESENTATION_RELATIONSHIP()
);
#24=(
REPRESENTATION_RELATIONSHIP($,$,#6135,#6132)
REPRESENTATION_RELATIONSHIP_WITH_TRANSFORMATION(#17)
SHAPE_REPRESENTATION_RELATIONSHIP()
);
#25=CONTEXT_DEPENDENT_SHAPE_REPRESENTATION(#18,#6125);
#26=CONTEXT_DEPENDENT_SHAPE_REPRESENTATION(#19,#6126);
#27=CONTEXT_DEPENDENT_SHAPE_REPRESENTATION(#20,#6127);
#28=CONTEXT_DEPENDENT_SHAPE_REPRESENTATION(#21,#6128);
#29=CONTEXT_DEPENDENT_SHAPE_REPRESENTATION(#22,#6129);
#30=CONTEXT_DEPENDENT_SHAPE_REPRESENTATION(#23,#6130);
#31=CONTEXT_DEPENDENT_SHAPE_REPRESENTATION(#24,#6131);
#32=NEXT_ASSEMBLY_USAGE_OCCURRENCE(
'98689A117_General Purpose 18-8 Stainless Steel Washer:1',
'98689A117_General Purpose 18-8 Stainless Steel Washer:1',
'98689A117_General Purpose 18-8 Stainless Steel Washer:1',#6137,#6140,
'98689A117_General Purpose 18-8 Stainless Steel Washer:1');
#33=NEXT_ASSEMBLY_USAGE_OCCURRENCE(
'98689A117_General Purpose 18-8 Stainless Steel Washer:2',
'98689A117_General Purpose 18-8 Stainless Steel Washer:2',
'98689A117_General Purpose 18-8 Stainless Steel Washer:2',#6137,#6140,
'98689A117_General Purpose 18-8 Stainless Steel Washer:2');
#34=NEXT_ASSEMBLY_USAGE_OCCURRENCE(
'90967A160_External Retaining Ring:1',
'90967A160_External Retaining Ring:1',
'90967A160_External Retaining Ring:1',#6137,#6138,
'90967A160_External Retaining Ring:1');
#35=NEXT_ASSEMBLY_USAGE_OCCURRENCE(
'90967A160_External Retaining Ring:2',
'90967A160_External Retaining Ring:2',
'90967A160_External Retaining Ring:2',#6137,#6138,
'90967A160_External Retaining Ring:2');
#36=NEXT_ASSEMBLY_USAGE_OCCURRENCE(
'91287A081_18-8 Stainless Steel Hex Head Screw:1',
'91287A081_18-8 Stainless Steel Hex Head Screw:1',
'91287A081_18-8 Stainless Steel Hex Head Screw:1',#6137,#6139,
'91287A081_18-8 Stainless Steel Hex Head Screw:1');
#37=NEXT_ASSEMBLY_USAGE_OCCURRENCE(
'98689A117_General Purpose 18-8 Stainless Steel Washer:3',
'98689A117_General Purpose 18-8 Stainless Steel Washer:3',
'98689A117_General Purpose 18-8 Stainless Steel Washer:3',#6137,#6140,
'98689A117_General Purpose 18-8 Stainless Steel Washer:3');
#38=NEXT_ASSEMBLY_USAGE_OCCURRENCE(
'98689A117_General Purpose 18-8 Stainless Steel Washer:4',
'98689A117_General Purpose 18-8 Stainless Steel Washer:4',
'98689A117_General Purpose 18-8 Stainless Steel Washer:4',#6137,#6140,
'98689A117_General Purpose 18-8 Stainless Steel Washer:4');
#39=B_SPLINE_CURVE_WITH_KNOTS('',3,(#4199,#4200,#4201,#4202,#4203,#4204,
#4205,#4206,#4207,#4208,#4209,#4210,#4211,#4212,#4213,#4214,#4215,#4216,
#4217,#4218,#4219,#4220,#4221,#4222,#4223,#4224),.UNSPECIFIED.,.F.,.F.,
(4,2,2,2,2,2,2,2,2,2,2,2,4),(1.20995392752776,1.27417973013761,1.38352921199486,
1.48541535220899,1.57550910108915,1.65933479078001,1.73323457570465,1.80191672671428,
1.86229105920281,1.91836277986714,1.96751876649985,1.99469628865329,2.02179397408213),
 .UNSPECIFIED.);
#40=B_SPLINE_CURVE_WITH_KNOTS('',3,(#4225,#4226,#4227,#4228,#4229,#4230,
#4231,#4232,#4233,#4234,#4235,#4236,#4237,#4238,#4239,#4240,#4241,#4242,
#4243,#4244),.UNSPECIFIED.,.F.,.F.,(4,2,2,2,2,2,2,2,2,4),(0.,0.0774434975361832,
0.152966207865476,0.233908311243874,0.313733642047155,0.396184763141057,
0.477539507538989,0.561498833692902,0.644386605380698,0.698037393154923),
 .UNSPECIFIED.);
#41=B_SPLINE_CURVE_WITH_KNOTS('',3,(#4251,#4252,#4253,#4254,#4255,#4256,
#4257,#4258,#4259,#4260,#4261,#4262,#4263,#4264,#4265,#4266,#4267,#4268,
#4269,#4270,#4271,#4272,#4273,#4274,#4275,#4276,#4277,#4278,#4279,#4280,
#4281,#4282),.UNSPECIFIED.,.F.,.F.,(4,2,2,2,2,2,2,2,2,2,2,2,2,2,2,4),(9.9999999991413E-7,
0.0422222638060263,0.0828731946142872,0.16361740652289,0.262282516904683,
0.356691069446766,0.447354406668739,0.529247885674203,0.569804748790943,
0.653201425815939,0.738531901361385,0.839195921241523,0.946323773124819,
1.0831493647206,1.15065771872543,1.20995392752776),.UNSPECIFIED.);
#42=B_SPLINE_CURVE_WITH_KNOTS('',3,(#4283,#4284,#4285,#4286,#4287,#4288,
#4289,#4290,#4291,#4292,#4293,#4294,#4295,#4296,#4297,#4298,#4299,#4300,
#4301,#4302,#4303,#4304,#4305,#4306,#4307,#4308,#4309,#4310,#4311,#4312,
#4313,#4314,#4315,#4316,#4317,#4318),.UNSPECIFIED.,.F.,.F.,(4,2,2,2,2,2,
2,2,2,2,2,2,2,2,2,2,2,4),(0.698037393154923,0.729852557238143,0.81427652250024,
0.901246691296448,0.987209537968215,1.07568061475097,1.1631845172058,1.25315221276454,
1.34219879235615,1.43365774641018,1.52424802669464,1.61719170470059,1.7079764176035,
1.80265252505625,1.89478929274539,1.99095503860926,2.08440442179039,2.15316884332023),
 .UNSPECIFIED.);
#43=B_SPLINE_CURVE_WITH_KNOTS('',3,(#4324,#4325,#4326,#4327,#4328,#4329,
#4330,#4331,#4332,#4333,#4334,#4335,#4336,#4337,#4338,#4339,#4340,#4341,
#4342,#4343,#4344,#4345,#4346,#4347),.UNSPECIFIED.,.F.,.F.,(4,2,2,2,2,2,
2,2,2,2,2,4),(-0.985124794069601,-0.959059214726669,-0.859735862479647,
-0.76366087575531,-0.664262071338566,-0.568174456392095,-0.468700913712209,
-0.372595628507904,-0.273048053724058,-0.176920420985319,-0.0881514493518193,
-1.00000008385059E-6),.UNSPECIFIED.);
#44=B_SPLINE_CURVE_WITH_KNOTS('',3,(#4350,#4351,#4352,#4353,#4354,#4355,
#4356,#4357,#4358,#4359,#4360,#4361,#4362,#4363,#4364,#4365,#4366,#4367,
#4368,#4369),.UNSPECIFIED.,.F.,.F.,(4,2,2,2,2,2,2,2,2,4),(-10.6370355804811,
-10.5447606635765,-10.444077860197,-10.3472570888984,-10.2466407505366,
-10.1498784600891,-10.0493287575828,-9.95262426975548,-9.85214139476279,
-9.84544490500522),.UNSPECIFIED.);
#45=B_SPLINE_CURVE_WITH_KNOTS('',3,(#4374,#4375,#4376,#4377,#4378,#4379,
#4380,#4381,#4382,#4383,#4384,#4385,#4386,#4387,#4388,#4389,#4390,#4391,
#4392,#4393,#4394,#4395,#4396,#4397,#4398,#4399,#4400,#4401,#4402,#4403,
#4404,#4405,#4406,#4407,#4408,#4409),.UNSPECIFIED.,.F.,.F.,(4,2,2,2,2,2,
2,2,2,2,2,2,2,2,2,2,2,4),(-2.5604166184751,-2.51971526891595,-2.42101768873129,
-2.3248224796734,-2.2260451252072,-2.12988896450421,-2.03103207396463,-1.93490768396512,
-1.83597162281241,-1.73987187408398,-1.64085711313942,-1.54477507569938,
-1.44568217009398,-1.34961115819096,-1.25044072756491,-1.15437433746889,
-1.0551270477406,-0.985124794069601),.UNSPECIFIED.);
#46=B_SPLINE_CURVE_WITH_KNOTS('',3,(#4410,#4411,#4412,#4413,#4414,#4415,
#4416,#4417,#4418,#4419,#4420,#4421,#4422,#4423,#4424,#4425,#4426,#4427,
#4428,#4429,#4430,#4431,#4432,#4433,#4434,#4435,#4436,#4437,#4438,#4439,
#4440,#4441,#4442,#4443,#4444,#4445),.UNSPECIFIED.,.F.,.F.,(4,2,2,2,2,2,
2,2,2,2,2,2,2,2,2,2,2,4),(-9.84544490500522,-9.75549381625669,-9.65507785563561,
-9.55848639893204,-9.45813771903562,-9.361601370864,-9.26132023698865,-9.16483783144974,
-9.06462453731277,-8.96819474760173,-8.86804961726502,-8.7716709378119,
-8.6715943275213,-8.5752650551761,-8.47525735504722,-8.37897556949494,-8.27903720496097,
-8.26598730409992),.UNSPECIFIED.);
#47=B_SPLINE_CURVE_WITH_KNOTS('',3,(#4450,#4451,#4452,#4453,#4454,#4455,
#4456,#4457,#4458,#4459,#4460,#4461,#4462,#4463,#4464,#4465,#4466,#4467,
#4468,#4469,#4470,#4471,#4472,#4473,#4474,#4475,#4476,#4477,#4478,#4479,
#4480,#4481,#4482,#4483,#4484,#4485),.UNSPECIFIED.,.F.,.F.,(4,2,2,2,2,2,
2,2,2,2,2,2,2,2,2,2,2,4),(-4.13533021207585,-4.07829762512727,-3.98022455300502,
-3.88345662490796,-3.78530893043138,-3.68863642759552,-3.59041262719942,
-3.49382932597093,-3.39552820055289,-3.29902752908421,-3.20064811377054,
-3.1042230474708,-3.00576461525896,-2.90940799217019,-2.81087005520591,
-2.71457461251453,-2.61595689533162,-2.5604166184751),.UNSPECIFIED.);
#48=B_SPLINE_CURVE_WITH_KNOTS('',3,(#4486,#4487,#4488,#4489,#4490,#4491,
#4492,#4493,#4494,#4495,#4496,#4497,#4498,#4499,#4500,#4501,#4502,#4503,
#4504,#4505,#4506,#4507,#4508,#4509,#4510,#4511,#4512,#4513,#4514,#4515,
#4516,#4517,#4518,#4519,#4520,#4521),.UNSPECIFIED.,.F.,.F.,(4,2,2,2,2,2,
2,2,2,2,2,2,2,2,2,2,2,4),(-8.26598730409992,-8.18280074861602,-8.0829321815366,
-7.9867386392372,-7.88694036855031,-7.79078704744905,-7.6910596092305,-7.59494351935607,
-7.4952874861346,-7.39920532217722,-7.29962130133914,-7.20356942628524,
-7.10405805739112,-7.00803248869587,-6.90859443952644,-6.81259083856022,
-6.71322679970948,-6.69018558311865),.UNSPECIFIED.);
#49=B_SPLINE_CURVE_WITH_KNOTS('',3,(#4526,#4527,#4528,#4529,#4530,#4531,
#4532,#4533,#4534,#4535,#4536,#4537,#4538,#4539,#4540,#4541,#4542,#4543,
#4544,#4545,#4546,#4547,#4548,#4549,#4550,#4551,#4552,#4553,#4554,#4555,
#4556,#4557,#4558,#4559,#4560,#4561),.UNSPECIFIED.,.F.,.F.,(4,2,2,2,2,2,
2,2,2,2,2,2,2,2,2,2,2,4),(-5.71067644912528,-5.63863704165211,-5.54107639323108,
-5.44337635834173,-5.34576209586232,-5.24819015462121,-5.1505188744818,
-5.05307278888156,-4.95534127384679,-4.85801827015189,-4.7602235109261,
-4.66302027325854,-4.56515948750679,-4.46807215963962,-4.37014280793063,
-4.27316700378917,-4.17516680200816,-4.13533021207585),.UNSPECIFIED.);
#50=B_SPLINE_CURVE_WITH_KNOTS('',3,(#4562,#4563,#4564,#4565,#4566,#4567,
#4568,#4569,#4570,#4571,#4572,#4573,#4574,#4575,#4576,#4577,#4578,#4579,
#4580,#4581,#4582,#4583,#4584,#4585,#4586,#4587,#4588,#4589,#4590,#4591,
#4592,#4593,#4594,#4595,#4596,#4597),.UNSPECIFIED.,.F.,.F.,(4,2,2,2,2,2,
2,2,2,2,2,2,2,2,2,2,2,4),(-6.69018558311865,-6.61724046524042,-6.51795114308416,
-6.42197700955709,-6.32276311744567,-6.22679575868501,-6.12926174351914,
-6.03181681202531,-5.93422499100574,-5.83690513354711,-5.73925234381043,
-5.6420546506348,-5.54433794229133,-5.44725896168286,-5.34947561598419,
-5.25251135824946,-5.15465890265045,-5.11627538241299),.UNSPECIFIED.);
#51=B_SPLINE_CURVE_WITH_KNOTS('',3,(#4602,#4603,#4604,#4605,#4606,#4607,
#4608,#4609,#4610,#4611,#4612,#4613,#4614,#4615,#4616,#4617,#4618,#4619,
#4620,#4621,#4622,#4623,#4624,#4625,#4626,#4627,#4628,#4629,#4630,#4631,
#4632,#4633,#4634,#4635,#4636,#4637),.UNSPECIFIED.,.F.,.F.,(4,2,2,2,2,2,
2,2,2,2,2,2,2,2,2,2,2,4),(-7.28766167172583,-7.20464363279284,-7.10471173994267,
-7.00845138181903,-6.90858995677648,-6.81236921380236,-6.71257880125258,
-6.61639461256749,-6.51667579340777,-6.42052477874527,-6.32314167260501,
-6.22491697857308,-6.12749524808542,-6.02940261405665,-5.9319383566357,
-5.83397748715787,-5.73646688638066,-5.71067644912528),.UNSPECIFIED.);
#52=B_SPLINE_CURVE_WITH_KNOTS('',3,(#4638,#4639,#4640,#4641,#4642,#4643,
#4644,#4645,#4646,#4647,#4648,#4649,#4650,#4651,#4652,#4653,#4654,#4655,
#4656,#4657,#4658,#4659,#4660,#4661,#4662,#4663,#4664,#4665,#4666,#4667,
#4668,#4669,#4670,#4671,#4672,#4673),.UNSPECIFIED.,.F.,.F.,(4,2,2,2,2,2,
2,2,2,2,2,2,2,2,2,2,2,4),(-5.11627538241299,-5.05780485289292,-4.95988107248604,
-4.86313221234687,-4.76513515734432,-4.66848599559941,-4.57041398466171,
-4.47385859626229,-4.37571021560921,-4.27924228845277,-4.18101638683532,
-4.08462927527196,-3.98632494983248,-3.89001151216118,-3.79162810002346,
-3.69538119054602,-3.59691826055343,-3.54288164464319),.UNSPECIFIED.);
#53=B_SPLINE_CURVE_WITH_KNOTS('',3,(#4678,#4679,#4680,#4681,#4682,#4683,
#4684,#4685,#4686,#4687,#4688,#4689,#4690,#4691,#4692,#4693,#4694,#4695,
#4696,#4697,#4698,#4699,#4700,#4701,#4702,#4703,#4704,#4705,#4706,#4707,
#4708,#4709,#4710,#4711,#4712,#4713),.UNSPECIFIED.,.F.,.F.,(4,2,2,2,2,2,
2,2,2,2,2,2,2,2,2,2,2,4),(-8.86824196244839,-8.77836819713423,-8.67788783131623,
-8.58123240162016,-8.48081942625307,-8.38421890267063,-8.28387358940514,
-8.18732677086336,-8.08704942022503,-7.99055494074105,-7.89034588404209,
-7.79390219462433,-7.69376179577679,-7.59736714540593,-7.49729580256384,
-7.40094821845278,-7.30094636539514,-7.28766167172583),.UNSPECIFIED.);
#54=B_SPLINE_CURVE_WITH_KNOTS('',3,(#4714,#4715,#4716,#4717,#4718,#4719,
#4720,#4721,#4722,#4723,#4724,#4725,#4726,#4727,#4728,#4729,#4730,#4731,
#4732,#4733,#4734,#4735,#4736,#4737,#4738,#4739,#4740,#4741,#4742,#4743,
#4744,#4745,#4746,#4747,#4748,#4749),.UNSPECIFIED.,.F.,.F.,(4,2,2,2,2,2,
2,2,2,2,2,2,2,2,2,2,2,4),(-3.54288164464319,-3.50073059113897,-3.40218791944122,
-3.30605211788625,-3.20742966781417,-3.11133834397681,-3.01263624460843,
-2.91658205435157,-2.81780057840451,-2.72177628391633,-2.62291582557054,
-2.52691435082367,-2.42797540402281,-2.33198988436877,-2.23297302207444,
-2.13699684723013,-2.03790270201629,-1.96919001813931),.UNSPECIFIED.);
#55=B_SPLINE_CURVE_WITH_KNOTS('',3,(#4754,#4755,#4756,#4757,#4758,#4759,
#4760,#4761,#4762,#4763,#4764,#4765,#4766,#4767,#4768,#4769,#4770,#4771,
#4772,#4773,#4774,#4775,#4776,#4777,#4778,#4779,#4780,#4781,#4782,#4783,
#4784,#4785,#4786,#4787,#4788,#4789),.UNSPECIFIED.,.F.,.F.,(4,2,2,2,2,2,
2,2,2,2,2,2,2,2,2,2,2,4),(-10.4540666540843,-10.3599347687573,-10.258922221729,
-10.1617990143729,-10.0608524981991,-9.9637896662104,-9.86290928792152,
-9.76590643496842,-9.66509231642696,-9.56814898475226,-9.46740126409594,
-9.37051692554497,-9.26983575873747,-9.1730098047425,-9.07239536722873,
-8.97562709768636,-8.87507958614511,-8.86824196244839),.UNSPECIFIED.);
#56=B_SPLINE_CURVE_WITH_KNOTS('',3,(#4790,#4791,#4792,#4793,#4794,#4795,
#4796,#4797,#4798,#4799,#4800,#4801,#4802,#4803,#4804,#4805,#4806,#4807,
#4808,#4809,#4810,#4811,#4812,#4813,#4814,#4815,#4816,#4817,#4818,#4819,
#4820,#4821,#4822,#4823,#4824,#4825),.UNSPECIFIED.,.F.,.F.,(4,2,2,2,2,2,
2,2,2,2,2,2,2,2,2,2,2,4),(-1.96919001813931,-1.94192955197028,-1.84275879825231,
-1.74678267188414,-1.64753600998374,-1.55155124643645,-1.45222938859557,
-1.35623068165973,-1.25683434003697,-1.16081674598683,-1.06134662260205,
-0.96530556206514,-0.865762340602962,-0.769693595144933,-0.670077934486407,
-0.573977638652238,-0.474290167975275,-0.394091419647109),.UNSPECIFIED.);
#57=B_SPLINE_CURVE_WITH_KNOTS('',3,(#4827,#4828,#4829,#4830,#4831,#4832,
#4833,#4834,#4835,#4836,#4837,#4838),.UNSPECIFIED.,.F.,.F.,(4,2,2,2,2,4),
(-0.394091419647109,-0.378154837990242,-0.278396406398354,-0.182223007690543,
-0.0908728801982812,-1.00000009278789E-6),.UNSPECIFIED.);
#58=B_SPLINE_CURVE_WITH_KNOTS('',3,(#4841,#4842,#4843,#4844,#4845,#4846,
#4847,#4848),.UNSPECIFIED.,.F.,.F.,(4,2,2,4),(-10.6527084972717,-10.5581966504563,
-10.4571186789021,-10.4540666540843),.UNSPECIFIED.);
#59=B_SPLINE_CURVE_WITH_KNOTS('',3,(#4851,#4852,#4853,#4854,#4855,#4856,
#4857,#4858,#4859,#4860,#4861,#4862,#4863,#4864,#4865,#4866,#4867,#4868,
#4869,#4870,#4871,#4872,#4873,#4874,#4875,#4876,#4877,#4878),
 .UNSPECIFIED.,.F.,.F.,(4,2,2,2,2,2,2,2,2,2,2,2,2,4),(-1.74004644666989,
-1.67992501343578,-1.49948277841932,-1.40695036512292,-1.31344174293115,
-1.14033194514942,-1.05133817785194,-0.872911977484809,-0.699747601994558,
-0.527034583575088,-0.359818239598957,-0.204003855608895,-0.0858028543399118,
0.),.UNSPECIFIED.);
#60=B_SPLINE_CURVE_WITH_KNOTS('',3,(#4881,#4882,#4883,#4884,#4885,#4886,
#4887,#4888,#4889,#4890,#4891,#4892,#4893,#4894),.UNSPECIFIED.,.F.,.F.,
(4,2,2,2,2,2,4),(9.99974976720867E-7,0.0339722379407644,0.0575062791543294,
0.103254153977314,0.166344363622529,0.2134201549529,0.254517010006269),
 .UNSPECIFIED.);
#61=B_SPLINE_CURVE_WITH_KNOTS('',3,(#4895,#4896,#4897,#4898,#4899,#4900,
#4901,#4902,#4903,#4904,#4905,#4906,#4907,#4908,#4909,#4910),
 .UNSPECIFIED.,.F.,.F.,(4,2,2,2,2,2,2,4),(-3.20016548428095,-3.04572903880539,
-2.84925141012931,-2.57836769101441,-2.32672367015819,-2.09557884164747,
-1.87921196128548,-1.74004644666989),.UNSPECIFIED.);
#62=B_SPLINE_CURVE_WITH_KNOTS('',3,(#4915,#4916,#4917,#4918,#4919,#4920,
#4921,#4922,#4923,#4924,#4925,#4926,#4927,#4928,#4929,#4930,#4931,#4932,
#4933,#4934,#4935,#4936,#4937,#4938,#4939,#4940,#4941,#4942,#4943,#4944),
 .UNSPECIFIED.,.F.,.F.,(4,2,2,2,2,2,2,2,2,2,2,2,2,2,4),(2.15316884332023,
2.18202610143301,2.27674103714131,2.32516911024775,2.37427493433345,2.47040310576388,
2.51957945295949,2.56973475209432,2.66727018968305,2.71721158824937,2.81824550710122,
2.92039916421307,3.02307107115132,3.09088909931583,3.16102703985127),
 .UNSPECIFIED.);
#63=B_SPLINE_CURVE_WITH_KNOTS('',3,(#5756,#5757,#5758,#5759,#5760,#5761,
#5762,#5763,#5764,#5765,#5766,#5767),.UNSPECIFIED.,.F.,.F.,(4,2,2,2,2,4),
(-0.158126210549817,-0.157651254541757,-0.116995494109536,-0.0777654389572079,
-0.038814190198972,0.),.UNSPECIFIED.);
#64=B_SPLINE_CURVE_WITH_KNOTS('',3,(#5770,#5771,#5772,#5773,#5774,#5775,
#5776,#5777,#5778,#5779,#5780,#5781),.UNSPECIFIED.,.F.,.F.,(4,2,2,2,2,4),
(-0.15770033764516,-0.118874063045607,-0.0799106872150096,-0.0406684181868073,
0.,0.000475103880750188),.UNSPECIFIED.);
#65=B_SPLINE_CURVE_WITH_KNOTS('',3,(#5787,#5788,#5789,#5790,#5791,#5792,
#5793,#5794,#5795,#5796,#5797,#5798,#5799,#5800),.UNSPECIFIED.,.F.,.F.,
(4,2,2,2,2,2,4),(-0.161410425877024,-0.124060675189313,-0.0857834134307533,
-0.0455317171470157,-0.0228271490551768,0.,0.000475043106374032),
 .UNSPECIFIED.);
#66=B_SPLINE_CURVE_WITH_KNOTS('',3,(#5806,#5807,#5808,#5809,#5810,#5811,
#5812,#5813,#5814,#5815,#5816,#5817,#5818,#5819),.UNSPECIFIED.,.F.,.F.,
(4,2,2,2,2,2,4),(-0.161410425711906,-0.124060675063285,-0.0857834133447869,
-0.0455317171031737,-0.0228271490350697,0.,0.000475043105339875),
 .UNSPECIFIED.);
#67=B_SPLINE_CURVE_WITH_KNOTS('',3,(#5837,#5838,#5839,#5840,#5841,#5842,
#5843,#5844,#5845,#5846,#5847,#5848,#5849,#5850),.UNSPECIFIED.,.F.,.F.,
(4,2,2,2,2,2,4),(-0.161584288892629,-0.161110129580997,-0.138325449333345,
-0.115663121993082,-0.0754863120448301,-0.0372802632817499,0.),
 .UNSPECIFIED.);
#68=B_SPLINE_CURVE_WITH_KNOTS('',3,(#5853,#5854,#5855,#5856,#5857,#5858,
#5859,#5860,#5861,#5862,#5863,#5864),.UNSPECIFIED.,.F.,.F.,(4,2,2,2,2,4),
(-0.000475103881704513,0.,0.0406684182243284,0.0799106872957739,0.118874063169307,
0.157700337811648),.UNSPECIFIED.);
#69=B_SPLINE_CURVE_WITH_KNOTS('',3,(#5869,#5870,#5871,#5872,#5873,#5874,
#5875,#5876,#5877,#5878,#5879,#5880),.UNSPECIFIED.,.F.,.F.,(4,2,2,2,2,4),
(-0.158126210542918,-0.157651254534428,-0.116995494109527,-0.0777654389572033,
-0.0388141901989704,0.),.UNSPECIFIED.);
#70=B_SPLINE_CURVE_WITH_KNOTS('',3,(#5902,#5903,#5904,#5905,#5906,#5907,
#5908,#5909,#5910,#5911,#5912,#5913,#5914,#5915),.UNSPECIFIED.,.F.,.F.,
(4,2,2,2,2,2,4),(-0.161584288895894,-0.161110129584798,-0.138325449333378,
-0.115663121993087,-0.0754863120448311,-0.0372802632817498,0.),
 .UNSPECIFIED.);
#71=B_SPLINE_CURVE_WITH_KNOTS('',3,(#5982,#5983,#5984,#5985,#5986,#5987,
#5988,#5989),.UNSPECIFIED.,.F.,.F.,(4,2,2,4),(3.15929769370691,3.42607612620153,
3.52200483635781,3.74748674981642),.UNSPECIFIED.);
#72=B_SPLINE_CURVE_WITH_KNOTS('',3,(#5991,#5992,#5993,#5994,#5995,#5996,
#5997,#5998,#5999,#6000,#6001,#6002,#6003,#6004,#6005,#6006,#6007,#6008,
#6009,#6010,#6011,#6012),.UNSPECIFIED.,.F.,.F.,(4,2,2,2,2,2,2,2,2,2,4),
(0.660097829866296,0.715876766168179,0.794435833772822,0.890488448170311,
1.00832438546364,1.13887023028894,1.27182621497971,1.3962901697201,1.497304865813,
1.57705542526848,1.59534177627725),.UNSPECIFIED.);
#73=B_SPLINE_CURVE_WITH_KNOTS('',3,(#6014,#6015,#6016,#6017,#6018,#6019,
#6020,#6021),.UNSPECIFIED.,.F.,.F.,(4,2,2,4),(1.87374337490821,2.09922528836682,
2.1951539985231,2.46193243101771),.UNSPECIFIED.);
#74=B_SPLINE_CURVE_WITH_KNOTS('',3,(#6025,#6026,#6027,#6028,#6029,#6030,
#6031,#6032),.UNSPECIFIED.,.F.,.F.,(4,2,2,4),(1.3196192650525,1.55233275129332,
1.6482614614496,1.87374337490821),.UNSPECIFIED.);
#75=B_SPLINE_CURVE_WITH_KNOTS('',3,(#6034,#6035,#6036,#6037,#6038,#6039,
#6040,#6041,#6042,#6043,#6044,#6045),.UNSPECIFIED.,.F.,.F.,(4,2,2,2,2,4),
(1.68733071676699,1.77261132285825,1.87758574702004,1.96261609213918,2.033789565978,
2.07011193126175),.UNSPECIFIED.);
#76=B_SPLINE_CURVE_WITH_KNOTS('',3,(#6047,#6048,#6049,#6050,#6051,#6052,
#6053),.UNSPECIFIED.,.F.,.F.,(4,3,4),(1.86041997271936,1.87823789913707,
1.89607416619118),.UNSPECIFIED.);
#77=B_SPLINE_CURVE_WITH_KNOTS('',3,(#6055,#6056,#6057,#6058,#6059,#6060,
#6061,#6062,#6063,#6064,#6065,#6066,#6067,#6068),.UNSPECIFIED.,.F.,.F.,
(4,2,2,2,2,2,4),(1.3270422782551,1.37029652935373,1.42118646384879,1.48283652650511,
1.55883571494659,1.61418634117725,1.65143104538953),.UNSPECIFIED.);
#78=B_SPLINE_CURVE_WITH_KNOTS('',3,(#6069,#6070,#6071,#6072,#6073,#6074,
#6075,#6076),.UNSPECIFIED.,.F.,.F.,(4,2,2,4),(3.74748674981642,3.97296866327502,
4.0688973734313,4.30161085967212),.UNSPECIFIED.);
#79=CONICAL_SURFACE('',#2667,2.5,0.349065850398867);
#80=CONICAL_SURFACE('',#2668,2.5,0.349065850398867);
#81=CONICAL_SURFACE('',#2680,1.9,0.785398163397457);
#82=CONICAL_SURFACE('',#2683,2.5,0.349065850398867);
#83=CONICAL_SURFACE('',#2692,4.,1.0471975511966);
#84=CONICAL_SURFACE('',#2694,4.,1.0471975511966);
#85=CONICAL_SURFACE('',#2696,4.,1.0471975511966);
#86=CONICAL_SURFACE('',#2698,4.,1.0471975511966);
#87=CONICAL_SURFACE('',#2700,4.,1.0471975511966);
#88=CONICAL_SURFACE('',#2702,4.,1.0471975511966);
#89=(
BOUNDED_CURVE()
B_SPLINE_CURVE(2,(#3977,#3978,#3979,#3980,#3981,#3982,#3983,#3984,#3985,
#3986,#3987,#3988,#3989),.UNSPECIFIED.,.F.,.F.)
B_SPLINE_CURVE_WITH_KNOTS((3,2,2,2,2,2,3),(0.611111111111111,0.625,0.638888888888889,
0.652777777777778,0.666666666666667,0.680555555555556,0.690510766472002),
 .UNSPECIFIED.)
CURVE()
GEOMETRIC_REPRESENTATION_ITEM()
RATIONAL_B_SPLINE_CURVE((1.,0.923879532511287,1.,0.923879532511287,1.,0.923879532511287,
1.,0.923879532511287,1.,0.923879532511287,1.,0.94543873775858,0.969093793298404))
REPRESENTATION_ITEM('')
);
#90=(
BOUNDED_CURVE()
B_SPLINE_CURVE(2,(#3992,#3993,#3994,#3995,#3996,#3997,#3998,#3999,#4000,
#4001,#4002),.UNSPECIFIED.,.F.,.F.)
B_SPLINE_CURVE_WITH_KNOTS((3,2,2,2,2,3),(0.611111111111111,0.625,0.638888888888889,
0.652777777777778,0.666666666666667,0.676621877584741),.UNSPECIFIED.)
CURVE()
GEOMETRIC_REPRESENTATION_ITEM()
RATIONAL_B_SPLINE_CURVE((1.,0.923879532511287,1.,0.923879532511287,1.,0.923879532511287,
1.,0.923879532511287,1.,0.945438737749656,0.969093793306142))
REPRESENTATION_ITEM('')
);
#91=(
BOUNDED_CURVE()
B_SPLINE_CURVE(2,(#4007,#4008,#4009,#4010,#4011,#4012,#4013,#4014,#4015,
#4016,#4017,#4018,#4019,#4020,#4021,#4022,#4023),.UNSPECIFIED.,.F.,.F.)
B_SPLINE_CURVE_WITH_KNOTS((3,2,2,2,2,2,2,2,3),(0.5,0.513888888888889,0.527777777777778,
0.541666666666667,0.555555555555556,0.569444444444444,0.583333333333333,
0.597222222222222,0.611111111111111),.UNSPECIFIED.)
CURVE()
GEOMETRIC_REPRESENTATION_ITEM()
RATIONAL_B_SPLINE_CURVE((1.,0.923879532511287,1.,0.923879532511287,1.,0.923879532511287,
1.,0.923879532511287,1.,0.923879532511287,1.,0.923879532511287,1.,0.923879532511287,
1.,0.923879532511287,1.))
REPRESENTATION_ITEM('')
);
#92=(
BOUNDED_CURVE()
B_SPLINE_CURVE(2,(#4024,#4025,#4026,#4027,#4028,#4029,#4030,#4031,#4032,
#4033,#4034,#4035,#4036,#4037,#4038,#4039,#4040),.UNSPECIFIED.,.F.,.F.)
B_SPLINE_CURVE_WITH_KNOTS((3,2,2,2,2,2,2,2,3),(0.5,0.513888888888889,0.527777777777778,
0.541666666666667,0.555555555555556,0.569444444444444,0.583333333333333,
0.597222222222222,0.611111111111111),.UNSPECIFIED.)
CURVE()
GEOMETRIC_REPRESENTATION_ITEM()
RATIONAL_B_SPLINE_CURVE((1.,0.923879532511287,1.,0.923879532511287,1.,0.923879532511287,
1.,0.923879532511287,1.,0.923879532511287,1.,0.923879532511287,1.,0.923879532511287,
1.,0.923879532511287,1.))
REPRESENTATION_ITEM('')
);
#93=(
BOUNDED_CURVE()
B_SPLINE_CURVE(2,(#4045,#4046,#4047,#4048,#4049,#4050,#4051,#4052,#4053,
#4054,#4055,#4056,#4057,#4058,#4059,#4060,#4061),.UNSPECIFIED.,.F.,.F.)
B_SPLINE_CURVE_WITH_KNOTS((3,2,2,2,2,2,2,2,3),(0.388888888888889,0.402777777777778,
0.416666666666667,0.430555555555556,0.444444444444444,0.458333333333333,
0.472222222222222,0.486111111111111,0.5),.UNSPECIFIED.)
CURVE()
GEOMETRIC_REPRESENTATION_ITEM()
RATIONAL_B_SPLINE_CURVE((1.,0.923879532511287,1.,0.923879532511287,1.,0.923879532511287,
1.,0.923879532511287,1.,0.923879532511287,1.,0.923879532511287,1.,0.923879532511287,
1.,0.923879532511287,1.))
REPRESENTATION_ITEM('')
);
#94=(
BOUNDED_CURVE()
B_SPLINE_CURVE(2,(#4062,#4063,#4064,#4065,#4066,#4067,#4068,#4069,#4070,
#4071,#4072,#4073,#4074,#4075,#4076,#4077,#4078),.UNSPECIFIED.,.F.,.F.)
B_SPLINE_CURVE_WITH_KNOTS((3,2,2,2,2,2,2,2,3),(0.388888888888889,0.402777777777778,
0.416666666666667,0.430555555555556,0.444444444444444,0.458333333333333,
0.472222222222222,0.486111111111111,0.5),.UNSPECIFIED.)
CURVE()
GEOMETRIC_REPRESENTATION_ITEM()
RATIONAL_B_SPLINE_CURVE((1.,0.923879532511287,1.,0.923879532511287,1.,0.923879532511287,
1.,0.923879532511287,1.,0.923879532511287,1.,0.923879532511287,1.,0.923879532511287,
1.,0.923879532511287,1.))
REPRESENTATION_ITEM('')
);
#95=(
BOUNDED_CURVE()
B_SPLINE_CURVE(2,(#4083,#4084,#4085,#4086,#4087,#4088,#4089,#4090,#4091,
#4092,#4093,#4094,#4095,#4096,#4097,#4098,#4099),.UNSPECIFIED.,.F.,.F.)
B_SPLINE_CURVE_WITH_KNOTS((3,2,2,2,2,2,2,2,3),(0.277777777777778,0.291666666666667,
0.305555555555556,0.319444444444444,0.333333333333333,0.347222222222222,
0.361111111111111,0.375,0.388888888888889),.UNSPECIFIED.)
CURVE()
GEOMETRIC_REPRESENTATION_ITEM()
RATIONAL_B_SPLINE_CURVE((1.,0.923879532511287,1.,0.923879532511287,1.,0.923879532511287,
1.,0.923879532511287,1.,0.923879532511287,1.,0.923879532511287,1.,0.923879532511287,
1.,0.923879532511287,1.))
REPRESENTATION_ITEM('')
);
#96=(
BOUNDED_CURVE()
B_SPLINE_CURVE(2,(#4100,#4101,#4102,#4103,#4104,#4105,#4106,#4107,#4108,
#4109,#4110,#4111,#4112,#4113,#4114,#4115,#4116),.UNSPECIFIED.,.F.,.F.)
B_SPLINE_CURVE_WITH_KNOTS((3,2,2,2,2,2,2,2,3),(0.277777777777778,0.291666666666667,
0.305555555555556,0.319444444444444,0.333333333333333,0.347222222222222,
0.361111111111111,0.375,0.388888888888889),.UNSPECIFIED.)
CURVE()
GEOMETRIC_REPRESENTATION_ITEM()
RATIONAL_B_SPLINE_CURVE((1.,0.923879532511287,1.,0.923879532511287,1.,0.923879532511287,
1.,0.923879532511287,1.,0.923879532511287,1.,0.923879532511287,1.,0.923879532511287,
1.,0.923879532511287,1.))
REPRESENTATION_ITEM('')
);
#97=(
BOUNDED_CURVE()
B_SPLINE_CURVE(2,(#4121,#4122,#4123,#4124,#4125,#4126,#4127,#4128,#4129,
#4130,#4131,#4132,#4133,#4134,#4135,#4136,#4137),.UNSPECIFIED.,.F.,.F.)
B_SPLINE_CURVE_WITH_KNOTS((3,2,2,2,2,2,2,2,3),(0.166666666666667,0.180555555555556,
0.194444444444444,0.208333333333333,0.222222222222222,0.236111111111111,
0.25,0.263888888888889,0.277777777777778),.UNSPECIFIED.)
CURVE()
GEOMETRIC_REPRESENTATION_ITEM()
RATIONAL_B_SPLINE_CURVE((1.,0.923879532511287,1.,0.923879532511287,1.,0.923879532511287,
1.,0.923879532511287,1.,0.923879532511287,1.,0.923879532511287,1.,0.923879532511287,
1.,0.923879532511287,1.))
REPRESENTATION_ITEM('')
);
#98=(
BOUNDED_CURVE()
B_SPLINE_CURVE(2,(#4138,#4139,#4140,#4141,#4142,#4143,#4144,#4145,#4146,
#4147,#4148,#4149,#4150,#4151,#4152,#4153,#4154),.UNSPECIFIED.,.F.,.F.)
B_SPLINE_CURVE_WITH_KNOTS((3,2,2,2,2,2,2,2,3),(0.166666666666667,0.180555555555556,
0.194444444444444,0.208333333333333,0.222222222222222,0.236111111111111,
0.25,0.263888888888889,0.277777777777778),.UNSPECIFIED.)
CURVE()
GEOMETRIC_REPRESENTATION_ITEM()
RATIONAL_B_SPLINE_CURVE((1.,0.923879532511287,1.,0.923879532511287,1.,0.923879532511287,
1.,0.923879532511287,1.,0.923879532511287,1.,0.923879532511287,1.,0.923879532511287,
1.,0.923879532511287,1.))
REPRESENTATION_ITEM('')
);
#99=(
BOUNDED_CURVE()
B_SPLINE_CURVE(2,(#4161,#4162,#4163,#4164,#4165,#4166,#4167,#4168,#4169,
#4170,#4171,#4172,#4173,#4174,#4175,#4176,#4177),.UNSPECIFIED.,.F.,.F.)
B_SPLINE_CURVE_WITH_KNOTS((3,2,2,2,2,2,2,2,3),(0.0666159094195073,0.0694444444444444,
0.0833333333333333,0.0972222222222222,0.111111111111111,0.125,0.138888888888889,
0.152777777777778,0.166666666666667),.UNSPECIFIED.)
CURVE()
GEOMETRIC_REPRESENTATION_ITEM()
RATIONAL_B_SPLINE_CURVE((0.975309662972895,0.984497722594738,1.,0.923879532511287,
1.,0.923879532511287,1.,0.923879532511287,1.,0.923879532511287,1.,0.923879532511287,
1.,0.923879532511287,1.,0.923879532511287,1.))
REPRESENTATION_ITEM('')
);
#100=(
BOUNDED_CURVE()
B_SPLINE_CURVE(2,(#4178,#4179,#4180,#4181,#4182,#4183,#4184,#4185,#4186,
#4187,#4188,#4189,#4190,#4191,#4192,#4193,#4194),.UNSPECIFIED.,.F.,.F.)
B_SPLINE_CURVE_WITH_KNOTS((3,2,2,2,2,2,2,2,3),(0.0555555555555556,0.0694444444444444,
0.0833333333333333,0.0972222222222222,0.111111111111111,0.125,0.138888888888889,
0.152777777777778,0.166666666666667),.UNSPECIFIED.)
CURVE()
GEOMETRIC_REPRESENTATION_ITEM()
RATIONAL_B_SPLINE_CURVE((1.,0.923879532511287,1.,0.923879532511287,1.,0.923879532511287,
1.,0.923879532511287,1.,0.923879532511287,1.,0.923879532511287,1.,0.923879532511287,
1.,0.923879532511287,1.))
REPRESENTATION_ITEM('')
);
#101=(
BOUNDED_CURVE()
B_SPLINE_CURVE(2,(#4963,#4964,#4965),.UNSPECIFIED.,.F.,.F.)
B_SPLINE_CURVE_WITH_KNOTS((3,3),(0.74061644587058,1.19730459396296),
 .UNSPECIFIED.)
CURVE()
GEOMETRIC_REPRESENTATION_ITEM()
RATIONAL_B_SPLINE_CURVE((1.83253175472883,1.9742785792575,1.9742785792575))
REPRESENTATION_ITEM('')
);
#102=(
BOUNDED_CURVE()
B_SPLINE_CURVE(2,(#4967,#4968,#4969),.UNSPECIFIED.,.F.,.F.)
B_SPLINE_CURVE_WITH_KNOTS((3,3),(1.19730459396296,1.65399274205534),
 .UNSPECIFIED.)
CURVE()
GEOMETRIC_REPRESENTATION_ITEM()
RATIONAL_B_SPLINE_CURVE((1.9742785792575,1.9742785792575,1.83253175472883))
REPRESENTATION_ITEM('')
);
#103=(
BOUNDED_CURVE()
B_SPLINE_CURVE(2,(#4973,#4974,#4975),.UNSPECIFIED.,.F.,.F.)
B_SPLINE_CURVE_WITH_KNOTS((3,3),(0.740616445870578,1.19730459396296),
 .UNSPECIFIED.)
CURVE()
GEOMETRIC_REPRESENTATION_ITEM()
RATIONAL_B_SPLINE_CURVE((1.83253175472883,1.9742785792575,1.9742785792575))
REPRESENTATION_ITEM('')
);
#104=(
BOUNDED_CURVE()
B_SPLINE_CURVE(2,(#4977,#4978,#4979),.UNSPECIFIED.,.F.,.F.)
B_SPLINE_CURVE_WITH_KNOTS((3,3),(1.19730459396296,1.65399274205534),
 .UNSPECIFIED.)
CURVE()
GEOMETRIC_REPRESENTATION_ITEM()
RATIONAL_B_SPLINE_CURVE((1.9742785792575,1.9742785792575,1.83253175472883))
REPRESENTATION_ITEM('')
);
#105=(
BOUNDED_CURVE()
B_SPLINE_CURVE(2,(#4983,#4984,#4985),.UNSPECIFIED.,.F.,.F.)
B_SPLINE_CURVE_WITH_KNOTS((3,3),(0.740616445870582,1.19730459396296),
 .UNSPECIFIED.)
CURVE()
GEOMETRIC_REPRESENTATION_ITEM()
RATIONAL_B_SPLINE_CURVE((1.83253175472883,1.9742785792575,1.9742785792575))
REPRESENTATION_ITEM('')
);
#106=(
BOUNDED_CURVE()
B_SPLINE_CURVE(2,(#4987,#4988,#4989),.UNSPECIFIED.,.F.,.F.)
B_SPLINE_CURVE_WITH_KNOTS((3,3),(1.19730459396296,1.65399274205534),
 .UNSPECIFIED.)
CURVE()
GEOMETRIC_REPRESENTATION_ITEM()
RATIONAL_B_SPLINE_CURVE((1.9742785792575,1.9742785792575,1.83253175472883))
REPRESENTATION_ITEM('')
);
#107=(
BOUNDED_CURVE()
B_SPLINE_CURVE(2,(#4993,#4994,#4995),.UNSPECIFIED.,.F.,.F.)
B_SPLINE_CURVE_WITH_KNOTS((3,3),(0.740616445870581,1.19730459396296),
 .UNSPECIFIED.)
CURVE()
GEOMETRIC_REPRESENTATION_ITEM()
RATIONAL_B_SPLINE_CURVE((1.83253175472883,1.9742785792575,1.9742785792575))
REPRESENTATION_ITEM('')
);
#108=(
BOUNDED_CURVE()
B_SPLINE_CURVE(2,(#4997,#4998,#4999),.UNSPECIFIED.,.F.,.F.)
B_SPLINE_CURVE_WITH_KNOTS((3,3),(1.19730459396296,1.65399274205532),
 .UNSPECIFIED.)
CURVE()
GEOMETRIC_REPRESENTATION_ITEM()
RATIONAL_B_SPLINE_CURVE((1.9742785792575,1.9742785792575,1.83253175472884))
REPRESENTATION_ITEM('')
);
#109=(
BOUNDED_CURVE()
B_SPLINE_CURVE(2,(#5003,#5004,#5005),.UNSPECIFIED.,.F.,.F.)
B_SPLINE_CURVE_WITH_KNOTS((3,3),(0.740616445870564,1.19730459396296),
 .UNSPECIFIED.)
CURVE()
GEOMETRIC_REPRESENTATION_ITEM()
RATIONAL_B_SPLINE_CURVE((1.83253175472882,1.9742785792575,1.9742785792575))
REPRESENTATION_ITEM('')
);
#110=(
BOUNDED_CURVE()
B_SPLINE_CURVE(2,(#5007,#5008,#5009),.UNSPECIFIED.,.F.,.F.)
B_SPLINE_CURVE_WITH_KNOTS((3,3),(1.19730459396296,1.65399274205534),
 .UNSPECIFIED.)
CURVE()
GEOMETRIC_REPRESENTATION_ITEM()
RATIONAL_B_SPLINE_CURVE((1.9742785792575,1.9742785792575,1.83253175472883))
REPRESENTATION_ITEM('')
);
#111=(
BOUNDED_CURVE()
B_SPLINE_CURVE(2,(#5013,#5014,#5015),.UNSPECIFIED.,.F.,.F.)
B_SPLINE_CURVE_WITH_KNOTS((3,3),(0.740616445870582,1.19730459396296),
 .UNSPECIFIED.)
CURVE()
GEOMETRIC_REPRESENTATION_ITEM()
RATIONAL_B_SPLINE_CURVE((1.83253175472883,1.9742785792575,1.9742785792575))
REPRESENTATION_ITEM('')
);
#112=(
BOUNDED_CURVE()
B_SPLINE_CURVE(2,(#5016,#5017,#5018),.UNSPECIFIED.,.F.,.F.)
B_SPLINE_CURVE_WITH_KNOTS((3,3),(1.19730459396296,1.65399274205534),
 .UNSPECIFIED.)
CURVE()
GEOMETRIC_REPRESENTATION_ITEM()
RATIONAL_B_SPLINE_CURVE((1.9742785792575,1.9742785792575,1.83253175472883))
REPRESENTATION_ITEM('')
);
#113=(
BOUNDED_CURVE()
B_SPLINE_CURVE(2,(#5033,#5034,#5035),.UNSPECIFIED.,.F.,.F.)
B_SPLINE_CURVE_WITH_KNOTS((3,3),(0.0527270205307647,0.0555555555555556),
 .UNSPECIFIED.)
CURVE()
GEOMETRIC_REPRESENTATION_ITEM()
RATIONAL_B_SPLINE_CURVE((0.975309662973845,0.98449772259554,1.))
REPRESENTATION_ITEM('')
);
#114=SHAPE_REPRESENTATION_RELATIONSHIP('SRR','None',#6133,#118);
#115=SHAPE_REPRESENTATION_RELATIONSHIP('SRR','None',#6134,#119);
#116=SHAPE_REPRESENTATION_RELATIONSHIP('SRR','None',#6135,#120);
#117=SHAPE_REPRESENTATION_RELATIONSHIP('SRR','None',#6132,#121);
#118=ADVANCED_BREP_SHAPE_REPRESENTATION('',(#129),#6109);
#119=ADVANCED_BREP_SHAPE_REPRESENTATION('',(#130),#6110);
#120=ADVANCED_BREP_SHAPE_REPRESENTATION('',(#131),#6111);
#121=ADVANCED_BREP_SHAPE_REPRESENTATION('',(#132,#133,#134,#135),#6108);
#122=STYLED_ITEM('',(#6156),#129);
#123=STYLED_ITEM('',(#6156),#130);
#124=STYLED_ITEM('',(#6156),#131);
#125=STYLED_ITEM('',(#6156),#132);
#126=STYLED_ITEM('',(#6156),#133);
#127=STYLED_ITEM('',(#6156),#134);
#128=STYLED_ITEM('',(#6156),#135);
#129=MANIFOLD_SOLID_BREP('Corpo1',#2487);
#130=MANIFOLD_SOLID_BREP('Corpo1',#2488);
#131=MANIFOLD_SOLID_BREP('Corpo1',#2489);
#132=MANIFOLD_SOLID_BREP('Corpo1',#2490);
#133=MANIFOLD_SOLID_BREP('Corpo2',#2491);
#134=MANIFOLD_SOLID_BREP('Corpo3',#2492);
#135=MANIFOLD_SOLID_BREP('Corpo4',#2493);
#136=FACE_BOUND('',#696,.T.);
#137=FACE_BOUND('',#697,.T.);
#138=FACE_BOUND('',#699,.T.);
#139=FACE_BOUND('',#700,.T.);
#140=FACE_BOUND('',#752,.T.);
#141=FACE_BOUND('',#774,.T.);
#142=FACE_BOUND('',#776,.T.);
#143=FACE_BOUND('',#779,.T.);
#144=FACE_BOUND('',#785,.T.);
#145=FACE_BOUND('',#788,.T.);
#146=FACE_BOUND('',#791,.T.);
#147=FACE_BOUND('',#796,.T.);
#148=FACE_BOUND('',#801,.T.);
#149=FACE_BOUND('',#805,.T.);
#150=FACE_BOUND('',#808,.T.);
#151=FACE_BOUND('',#833,.T.);
#152=FACE_BOUND('',#838,.T.);
#153=FACE_BOUND('',#841,.T.);
#154=PLANE('',#2592);
#155=PLANE('',#2599);
#156=PLANE('',#2606);
#157=PLANE('',#2610);
#158=PLANE('',#2616);
#159=PLANE('',#2620);
#160=PLANE('',#2685);
#161=PLANE('',#2686);
#162=PLANE('',#2687);
#163=PLANE('',#2688);
#164=PLANE('',#2689);
#165=PLANE('',#2690);
#166=PLANE('',#2691);
#167=PLANE('',#2704);
#168=PLANE('',#2706);
#169=PLANE('',#2715);
#170=PLANE('',#2716);
#171=PLANE('',#2721);
#172=PLANE('',#2725);
#173=PLANE('',#2726);
#174=PLANE('',#2730);
#175=PLANE('',#2734);
#176=PLANE('',#2737);
#177=PLANE('',#2747);
#178=PLANE('',#2757);
#179=PLANE('',#2766);
#180=PLANE('',#2772);
#181=PLANE('',#2813);
#182=PLANE('',#2818);
#183=PLANE('',#2825);
#184=PLANE('',#2826);
#185=PLANE('',#2829);
#186=PLANE('',#2832);
#187=PLANE('',#2835);
#188=PLANE('',#2840);
#189=PLANE('',#2846);
#190=PLANE('',#2848);
#191=LINE('',#3768,#307);
#192=LINE('',#3769,#308);
#193=LINE('',#3774,#309);
#194=LINE('',#3781,#310);
#195=LINE('',#3784,#311);
#196=LINE('',#3789,#312);
#197=LINE('',#3792,#313);
#198=LINE('',#3793,#314);
#199=LINE('',#3795,#315);
#200=LINE('',#3796,#316);
#201=LINE('',#3799,#317);
#202=LINE('',#3801,#318);
#203=LINE('',#3806,#319);
#204=LINE('',#3809,#320);
#205=LINE('',#3817,#321);
#206=LINE('',#3824,#322);
#207=LINE('',#3827,#323);
#208=LINE('',#3832,#324);
#209=LINE('',#3834,#325);
#210=LINE('',#3835,#326);
#211=LINE('',#3836,#327);
#212=LINE('',#3841,#328);
#213=LINE('',#3846,#329);
#214=LINE('',#3847,#330);
#215=LINE('',#3848,#331);
#216=LINE('',#3849,#332);
#217=LINE('',#3857,#333);
#218=LINE('',#3859,#334);
#219=LINE('',#3860,#335);
#220=LINE('',#3864,#336);
#221=LINE('',#3868,#337);
#222=LINE('',#3870,#338);
#223=LINE('',#3872,#339);
#224=LINE('',#3873,#340);
#225=LINE('',#3975,#341);
#226=LINE('',#4006,#342);
#227=LINE('',#4044,#343);
#228=LINE('',#4082,#344);
#229=LINE('',#4120,#345);
#230=LINE('',#4158,#346);
#231=LINE('',#4198,#347);
#232=LINE('',#4248,#348);
#233=LINE('',#4322,#349);
#234=LINE('',#4373,#350);
#235=LINE('',#4449,#351);
#236=LINE('',#4525,#352);
#237=LINE('',#4601,#353);
#238=LINE('',#4677,#354);
#239=LINE('',#4753,#355);
#240=LINE('',#4912,#356);
#241=LINE('',#4949,#357);
#242=LINE('',#4951,#358);
#243=LINE('',#4953,#359);
#244=LINE('',#4955,#360);
#245=LINE('',#4957,#361);
#246=LINE('',#4958,#362);
#247=LINE('',#4961,#363);
#248=LINE('',#4970,#364);
#249=LINE('',#4980,#365);
#250=LINE('',#4990,#366);
#251=LINE('',#5000,#367);
#252=LINE('',#5010,#368);
#253=LINE('',#5590,#369);
#254=LINE('',#5625,#370);
#255=LINE('',#5635,#371);
#256=LINE('',#5642,#372);
#257=LINE('',#5650,#373);
#258=LINE('',#5657,#374);
#259=LINE('',#5662,#375);
#260=LINE('',#5671,#376);
#261=LINE('',#5679,#377);
#262=LINE('',#5684,#378);
#263=LINE('',#5696,#379);
#264=LINE('',#5700,#380);
#265=LINE('',#5702,#381);
#266=LINE('',#5704,#382);
#267=LINE('',#5708,#383);
#268=LINE('',#5718,#384);
#269=LINE('',#5723,#385);
#270=LINE('',#5725,#386);
#271=LINE('',#5727,#387);
#272=LINE('',#5728,#388);
#273=LINE('',#5740,#389);
#274=LINE('',#5744,#390);
#275=LINE('',#5748,#391);
#276=LINE('',#5749,#392);
#277=LINE('',#5752,#393);
#278=LINE('',#5769,#394);
#279=LINE('',#5786,#395);
#280=LINE('',#5805,#396);
#281=LINE('',#5828,#397);
#282=LINE('',#5836,#398);
#283=LINE('',#5868,#399);
#284=LINE('',#5893,#400);
#285=LINE('',#5901,#401);
#286=LINE('',#5920,#402);
#287=LINE('',#5922,#403);
#288=LINE('',#5926,#404);
#289=LINE('',#5930,#405);
#290=LINE('',#5931,#406);
#291=LINE('',#5934,#407);
#292=LINE('',#5938,#408);
#293=LINE('',#5939,#409);
#294=LINE('',#5942,#410);
#295=LINE('',#5946,#411);
#296=LINE('',#5949,#412);
#297=LINE('',#5953,#413);
#298=LINE('',#5955,#414);
#299=LINE('',#5957,#415);
#300=LINE('',#5958,#416);
#301=LINE('',#5964,#417);
#302=LINE('',#5965,#418);
#303=LINE('',#5969,#419);
#304=LINE('',#5972,#420);
#305=LINE('',#5973,#421);
#306=LINE('',#6095,#422);
#307=VECTOR('',#2967,1000.);
#308=VECTOR('',#2968,1000.);
#309=VECTOR('',#2973,0.8625);
#310=VECTOR('',#2980,1000.);
#311=VECTOR('',#2983,1000.);
#312=VECTOR('',#2988,0.8625);
#313=VECTOR('',#2993,1000.);
#314=VECTOR('',#2994,1000.);
#315=VECTOR('',#2997,1000.);
#316=VECTOR('',#2998,1000.);
#317=VECTOR('',#3001,1000.);
#318=VECTOR('',#3002,1000.);
#319=VECTOR('',#3007,1000.);
#320=VECTOR('',#3010,1000.);
#321=VECTOR('',#3019,1000.);
#322=VECTOR('',#3026,1000.);
#323=VECTOR('',#3029,1000.);
#324=VECTOR('',#3034,1000.);
#325=VECTOR('',#3037,1000.);
#326=VECTOR('',#3038,1000.);
#327=VECTOR('',#3039,1000.);
#328=VECTOR('',#3044,1000.);
#329=VECTOR('',#3049,1000.);
#330=VECTOR('',#3050,1000.);
#331=VECTOR('',#3051,1000.);
#332=VECTOR('',#3052,1000.);
#333=VECTOR('',#3065,1000.);
#334=VECTOR('',#3066,1000.);
#335=VECTOR('',#3067,1000.);
#336=VECTOR('',#3070,1000.);
#337=VECTOR('',#3077,1000.);
#338=VECTOR('',#3078,1000.);
#339=VECTOR('',#3079,1000.);
#340=VECTOR('',#3080,1000.);
#341=VECTOR('',#3159,1.98038475772928);
#342=VECTOR('',#3164,1.98038475772928);
#343=VECTOR('',#3167,1.98038475772928);
#344=VECTOR('',#3170,1.98038475772928);
#345=VECTOR('',#3173,1.98038475772928);
#346=VECTOR('',#3176,1.98038475772928);
#347=VECTOR('',#3181,2.5);
#348=VECTOR('',#3184,2.5);
#349=VECTOR('',#3189,2.5);
#350=VECTOR('',#3194,2.5);
#351=VECTOR('',#3197,2.5);
#352=VECTOR('',#3200,2.5);
#353=VECTOR('',#3203,2.5);
#354=VECTOR('',#3206,2.5);
#355=VECTOR('',#3209,2.5);
#356=VECTOR('',#3218,1.9);
#357=VECTOR('',#3227,1000.);
#358=VECTOR('',#3228,1000.);
#359=VECTOR('',#3229,1000.);
#360=VECTOR('',#3230,1000.);
#361=VECTOR('',#3231,1000.);
#362=VECTOR('',#3232,1000.);
#363=VECTOR('',#3235,1000.);
#364=VECTOR('',#3236,1000.);
#365=VECTOR('',#3239,1000.);
#366=VECTOR('',#3242,1000.);
#367=VECTOR('',#3245,1000.);
#368=VECTOR('',#3248,1000.);
#369=VECTOR('',#3287,9.);
#370=VECTOR('',#3298,5.25);
#371=VECTOR('',#3311,4.0758064516129);
#372=VECTOR('',#3320,4.75);
#373=VECTOR('',#3331,4.75);
#374=VECTOR('',#3340,4.0758064516129);
#375=VECTOR('',#3347,4.75);
#376=VECTOR('',#3358,17.5);
#377=VECTOR('',#3369,17.5);
#378=VECTOR('',#3376,5.);
#379=VECTOR('',#3391,4.75);
#380=VECTOR('',#3394,10.);
#381=VECTOR('',#3395,10.);
#382=VECTOR('',#3396,10.);
#383=VECTOR('',#3399,10.);
#384=VECTOR('',#3412,2.5);
#385=VECTOR('',#3417,10.);
#386=VECTOR('',#3418,10.);
#387=VECTOR('',#3419,10.);
#388=VECTOR('',#3420,10.);
#389=VECTOR('',#3433,10.);
#390=VECTOR('',#3436,10.);
#391=VECTOR('',#3439,10.);
#392=VECTOR('',#3440,10.);
#393=VECTOR('',#3443,4.75);
#394=VECTOR('',#3448,10.);
#395=VECTOR('',#3453,10.);
#396=VECTOR('',#3458,10.);
#397=VECTOR('',#3471,10.);
#398=VECTOR('',#3482,10.);
#399=VECTOR('',#3489,10.);
#400=VECTOR('',#3510,10.);
#401=VECTOR('',#3521,10.);
#402=VECTOR('',#3528,10.);
#403=VECTOR('',#3529,10.);
#404=VECTOR('',#3532,10.);
#405=VECTOR('',#3535,10.);
#406=VECTOR('',#3536,10.);
#407=VECTOR('',#3539,10.);
#408=VECTOR('',#3544,10.);
#409=VECTOR('',#3545,10.);
#410=VECTOR('',#3548,10.);
#411=VECTOR('',#3553,10.);
#412=VECTOR('',#3556,10.);
#413=VECTOR('',#3561,10.);
#414=VECTOR('',#3564,10.);
#415=VECTOR('',#3565,10.);
#416=VECTOR('',#3566,10.);
#417=VECTOR('',#3575,10.);
#418=VECTOR('',#3576,10.);
#419=VECTOR('',#3581,10.);
#420=VECTOR('',#3584,10.);
#421=VECTOR('',#3585,10.);
#422=VECTOR('',#3628,7.5);
#423=CYLINDRICAL_SURFACE('',#2580,1.92104199149511);
#424=CYLINDRICAL_SURFACE('',#2581,0.8625);
#425=CYLINDRICAL_SURFACE('',#2584,1.92104199149512);
#426=CYLINDRICAL_SURFACE('',#2587,0.8625);
#427=CYLINDRICAL_SURFACE('',#2590,4.65);
#428=CYLINDRICAL_SURFACE('',#2591,5.94299380271939);
#429=CYLINDRICAL_SURFACE('',#2607,7.9575738470484);
#430=CYLINDRICAL_SURFACE('',#2611,1.92104199149512);
#431=CYLINDRICAL_SURFACE('',#2612,0.480260497873779);
#432=CYLINDRICAL_SURFACE('',#2615,0.480260497873779);
#433=CYLINDRICAL_SURFACE('',#2617,7.9575738470484);
#434=CYLINDRICAL_SURFACE('',#2621,1.92104199149512);
#435=CYLINDRICAL_SURFACE('',#2624,0.480260497873779);
#436=CYLINDRICAL_SURFACE('',#2627,0.480260497873779);
#437=CYLINDRICAL_SURFACE('',#2630,0.25);
#438=CYLINDRICAL_SURFACE('',#2633,0.25);
#439=CYLINDRICAL_SURFACE('',#2638,0.25);
#440=CYLINDRICAL_SURFACE('',#2642,0.25);
#441=CYLINDRICAL_SURFACE('',#2645,0.25);
#442=CYLINDRICAL_SURFACE('',#2646,0.25);
#443=CYLINDRICAL_SURFACE('',#2655,0.25);
#444=CYLINDRICAL_SURFACE('',#2657,0.25);
#445=CYLINDRICAL_SURFACE('',#2659,1.98038475772928);
#446=CYLINDRICAL_SURFACE('',#2661,1.98038475772928);
#447=CYLINDRICAL_SURFACE('',#2662,1.98038475772928);
#448=CYLINDRICAL_SURFACE('',#2663,1.98038475772928);
#449=CYLINDRICAL_SURFACE('',#2664,1.98038475772928);
#450=CYLINDRICAL_SURFACE('',#2665,1.98038475772928);
#451=CYLINDRICAL_SURFACE('',#2670,2.5);
#452=CYLINDRICAL_SURFACE('',#2672,2.5);
#453=CYLINDRICAL_SURFACE('',#2673,2.5);
#454=CYLINDRICAL_SURFACE('',#2674,2.5);
#455=CYLINDRICAL_SURFACE('',#2675,2.5);
#456=CYLINDRICAL_SURFACE('',#2676,2.5);
#457=CYLINDRICAL_SURFACE('',#2677,2.5);
#458=CYLINDRICAL_SURFACE('',#2678,2.5);
#459=CYLINDRICAL_SURFACE('',#2705,1.98038475772928);
#460=CYLINDRICAL_SURFACE('',#2708,9.);
#461=CYLINDRICAL_SURFACE('',#2713,5.25);
#462=CYLINDRICAL_SURFACE('',#2719,4.0758064516129);
#463=CYLINDRICAL_SURFACE('',#2723,4.75);
#464=CYLINDRICAL_SURFACE('',#2728,4.75);
#465=CYLINDRICAL_SURFACE('',#2732,4.0758064516129);
#466=CYLINDRICAL_SURFACE('',#2736,4.75);
#467=CYLINDRICAL_SURFACE('',#2740,17.5);
#468=CYLINDRICAL_SURFACE('',#2745,17.5);
#469=CYLINDRICAL_SURFACE('',#2749,5.);
#470=CYLINDRICAL_SURFACE('',#2755,4.75);
#471=CYLINDRICAL_SURFACE('',#2764,2.5);
#472=CYLINDRICAL_SURFACE('',#2775,4.75);
#473=CYLINDRICAL_SURFACE('',#2777,1.);
#474=CYLINDRICAL_SURFACE('',#2778,1.);
#475=CYLINDRICAL_SURFACE('',#2780,1.);
#476=CYLINDRICAL_SURFACE('',#2786,1.);
#477=CYLINDRICAL_SURFACE('',#2792,1.);
#478=CYLINDRICAL_SURFACE('',#2795,1.);
#479=CYLINDRICAL_SURFACE('',#2804,1.);
#480=CYLINDRICAL_SURFACE('',#2810,1.);
#481=CYLINDRICAL_SURFACE('',#2816,12.3360531136248);
#482=CYLINDRICAL_SURFACE('',#2819,12.3360531136248);
#483=CYLINDRICAL_SURFACE('',#2821,12.3360531136248);
#484=CYLINDRICAL_SURFACE('',#2823,12.3360531136248);
#485=CYLINDRICAL_SURFACE('',#2827,3.);
#486=CYLINDRICAL_SURFACE('',#2828,3.);
#487=CYLINDRICAL_SURFACE('',#2830,1.);
#488=CYLINDRICAL_SURFACE('',#2833,0.999999999999996);
#489=CYLINDRICAL_SURFACE('',#2853,7.5);
#490=TOROIDAL_SURFACE('',#2534,4.9,0.25);
#491=TOROIDAL_SURFACE('',#2541,1.67104199149511,0.25);
#492=TOROIDAL_SURFACE('',#2546,2.17104199149511,0.25);
#493=TOROIDAL_SURFACE('',#2551,5.69299380271939,0.25);
#494=TOROIDAL_SURFACE('',#2559,4.9,0.25);
#495=TOROIDAL_SURFACE('',#2566,2.17104199149511,0.25);
#496=TOROIDAL_SURFACE('',#2571,1.67104199149511,0.25);
#497=TOROIDAL_SURFACE('',#2576,5.69299380271939,0.25);
#498=TOROIDAL_SURFACE('',#2628,2.17104199149511,0.25);
#499=TOROIDAL_SURFACE('',#2631,7.7075738470484,0.25);
#500=TOROIDAL_SURFACE('',#2636,1.67104199149511,0.25);
#501=TOROIDAL_SURFACE('',#2639,7.7075738470484,0.25);
#502=TOROIDAL_SURFACE('',#2643,2.17104199149511,0.25);
#503=TOROIDAL_SURFACE('',#2648,7.7075738470484,0.25);
#504=TOROIDAL_SURFACE('',#2650,1.67104199149511,0.25);
#505=TOROIDAL_SURFACE('',#2653,7.7075738470484,0.25);
#506=TOROIDAL_SURFACE('',#2742,17.5,5.5);
#507=TOROIDAL_SURFACE('',#2750,5.75,1.);
#508=TOROIDAL_SURFACE('',#2760,3.5,1.);
#509=TOROIDAL_SURFACE('',#2767,5.75,1.);
#510=TOROIDAL_SURFACE('',#2782,2.,1.);
#511=TOROIDAL_SURFACE('',#2788,2.,1.);
#512=TOROIDAL_SURFACE('',#2793,11.3360531136248,1.);
#513=TOROIDAL_SURFACE('',#2796,11.3360531136248,1.);
#514=TOROIDAL_SURFACE('',#2798,11.3360531136248,1.);
#515=TOROIDAL_SURFACE('',#2800,2.,1.);
#516=TOROIDAL_SURFACE('',#2806,2.,1.);
#517=TOROIDAL_SURFACE('',#2811,11.3360531136248,1.);
#518=TOROIDAL_SURFACE('',#2836,12.,2.5);
#519=TOROIDAL_SURFACE('',#2842,6.5,1.);
#520=TOROIDAL_SURFACE('',#2850,6.5,1.);
#521=FACE_OUTER_BOUND('',#677,.T.);
#522=FACE_OUTER_BOUND('',#678,.T.);
#523=FACE_OUTER_BOUND('',#679,.T.);
#524=FACE_OUTER_BOUND('',#680,.T.);
#525=FACE_OUTER_BOUND('',#681,.T.);
#526=FACE_OUTER_BOUND('',#682,.T.);
#527=FACE_OUTER_BOUND('',#683,.T.);
#528=FACE_OUTER_BOUND('',#684,.T.);
#529=FACE_OUTER_BOUND('',#685,.T.);
#530=FACE_OUTER_BOUND('',#686,.T.);
#531=FACE_OUTER_BOUND('',#687,.T.);
#532=FACE_OUTER_BOUND('',#688,.T.);
#533=FACE_OUTER_BOUND('',#689,.T.);
#534=FACE_OUTER_BOUND('',#690,.T.);
#535=FACE_OUTER_BOUND('',#691,.T.);
#536=FACE_OUTER_BOUND('',#692,.T.);
#537=FACE_OUTER_BOUND('',#693,.T.);
#538=FACE_OUTER_BOUND('',#694,.T.);
#539=FACE_OUTER_BOUND('',#695,.T.);
#540=FACE_OUTER_BOUND('',#698,.T.);
#541=FACE_OUTER_BOUND('',#701,.T.);
#542=FACE_OUTER_BOUND('',#702,.T.);
#543=FACE_OUTER_BOUND('',#703,.T.);
#544=FACE_OUTER_BOUND('',#704,.T.);
#545=FACE_OUTER_BOUND('',#705,.T.);
#546=FACE_OUTER_BOUND('',#706,.T.);
#547=FACE_OUTER_BOUND('',#707,.T.);
#548=FACE_OUTER_BOUND('',#708,.T.);
#549=FACE_OUTER_BOUND('',#709,.T.);
#550=FACE_OUTER_BOUND('',#710,.T.);
#551=FACE_OUTER_BOUND('',#711,.T.);
#552=FACE_OUTER_BOUND('',#712,.T.);
#553=FACE_OUTER_BOUND('',#713,.T.);
#554=FACE_OUTER_BOUND('',#714,.T.);
#555=FACE_OUTER_BOUND('',#715,.T.);
#556=FACE_OUTER_BOUND('',#716,.T.);
#557=FACE_OUTER_BOUND('',#717,.T.);
#558=FACE_OUTER_BOUND('',#718,.T.);
#559=FACE_OUTER_BOUND('',#719,.T.);
#560=FACE_OUTER_BOUND('',#720,.T.);
#561=FACE_OUTER_BOUND('',#721,.T.);
#562=FACE_OUTER_BOUND('',#722,.T.);
#563=FACE_OUTER_BOUND('',#723,.T.);
#564=FACE_OUTER_BOUND('',#724,.T.);
#565=FACE_OUTER_BOUND('',#725,.T.);
#566=FACE_OUTER_BOUND('',#726,.T.);
#567=FACE_OUTER_BOUND('',#727,.T.);
#568=FACE_OUTER_BOUND('',#728,.T.);
#569=FACE_OUTER_BOUND('',#729,.T.);
#570=FACE_OUTER_BOUND('',#730,.T.);
#571=FACE_OUTER_BOUND('',#731,.T.);
#572=FACE_OUTER_BOUND('',#732,.T.);
#573=FACE_OUTER_BOUND('',#733,.T.);
#574=FACE_OUTER_BOUND('',#734,.T.);
#575=FACE_OUTER_BOUND('',#735,.T.);
#576=FACE_OUTER_BOUND('',#736,.T.);
#577=FACE_OUTER_BOUND('',#737,.T.);
#578=FACE_OUTER_BOUND('',#738,.T.);
#579=FACE_OUTER_BOUND('',#739,.T.);
#580=FACE_OUTER_BOUND('',#740,.T.);
#581=FACE_OUTER_BOUND('',#741,.T.);
#582=FACE_OUTER_BOUND('',#742,.T.);
#583=FACE_OUTER_BOUND('',#743,.T.);
#584=FACE_OUTER_BOUND('',#744,.T.);
#585=FACE_OUTER_BOUND('',#745,.T.);
#586=FACE_OUTER_BOUND('',#746,.T.);
#587=FACE_OUTER_BOUND('',#747,.T.);
#588=FACE_OUTER_BOUND('',#748,.T.);
#589=FACE_OUTER_BOUND('',#749,.T.);
#590=FACE_OUTER_BOUND('',#750,.T.);
#591=FACE_OUTER_BOUND('',#751,.T.);
#592=FACE_OUTER_BOUND('',#753,.T.);
#593=FACE_OUTER_BOUND('',#754,.T.);
#594=FACE_OUTER_BOUND('',#755,.T.);
#595=FACE_OUTER_BOUND('',#756,.T.);
#596=FACE_OUTER_BOUND('',#757,.T.);
#597=FACE_OUTER_BOUND('',#758,.T.);
#598=FACE_OUTER_BOUND('',#759,.T.);
#599=FACE_OUTER_BOUND('',#760,.T.);
#600=FACE_OUTER_BOUND('',#761,.T.);
#601=FACE_OUTER_BOUND('',#762,.T.);
#602=FACE_OUTER_BOUND('',#763,.T.);
#603=FACE_OUTER_BOUND('',#764,.T.);
#604=FACE_OUTER_BOUND('',#765,.T.);
#605=FACE_OUTER_BOUND('',#766,.T.);
#606=FACE_OUTER_BOUND('',#767,.T.);
#607=FACE_OUTER_BOUND('',#768,.T.);
#608=FACE_OUTER_BOUND('',#769,.T.);
#609=FACE_OUTER_BOUND('',#770,.T.);
#610=FACE_OUTER_BOUND('',#771,.T.);
#611=FACE_OUTER_BOUND('',#772,.T.);
#612=FACE_OUTER_BOUND('',#773,.T.);
#613=FACE_OUTER_BOUND('',#775,.T.);
#614=FACE_OUTER_BOUND('',#777,.T.);
#615=FACE_OUTER_BOUND('',#778,.T.);
#616=FACE_OUTER_BOUND('',#780,.T.);
#617=FACE_OUTER_BOUND('',#781,.T.);
#618=FACE_OUTER_BOUND('',#782,.T.);
#619=FACE_OUTER_BOUND('',#783,.T.);
#620=FACE_OUTER_BOUND('',#784,.T.);
#621=FACE_OUTER_BOUND('',#786,.T.);
#622=FACE_OUTER_BOUND('',#787,.T.);
#623=FACE_OUTER_BOUND('',#789,.T.);
#624=FACE_OUTER_BOUND('',#790,.T.);
#625=FACE_OUTER_BOUND('',#792,.T.);
#626=FACE_OUTER_BOUND('',#793,.T.);
#627=FACE_OUTER_BOUND('',#794,.T.);
#628=FACE_OUTER_BOUND('',#795,.T.);
#629=FACE_OUTER_BOUND('',#797,.T.);
#630=FACE_OUTER_BOUND('',#798,.T.);
#631=FACE_OUTER_BOUND('',#799,.T.);
#632=FACE_OUTER_BOUND('',#800,.T.);
#633=FACE_OUTER_BOUND('',#802,.T.);
#634=FACE_OUTER_BOUND('',#803,.T.);
#635=FACE_OUTER_BOUND('',#804,.T.);
#636=FACE_OUTER_BOUND('',#806,.T.);
#637=FACE_OUTER_BOUND('',#807,.T.);
#638=FACE_OUTER_BOUND('',#809,.T.);
#639=FACE_OUTER_BOUND('',#810,.T.);
#640=FACE_OUTER_BOUND('',#811,.T.);
#641=FACE_OUTER_BOUND('',#812,.T.);
#642=FACE_OUTER_BOUND('',#813,.T.);
#643=FACE_OUTER_BOUND('',#814,.T.);
#644=FACE_OUTER_BOUND('',#815,.T.);
#645=FACE_OUTER_BOUND('',#816,.T.);
#646=FACE_OUTER_BOUND('',#817,.T.);
#647=FACE_OUTER_BOUND('',#818,.T.);
#648=FACE_OUTER_BOUND('',#819,.T.);
#649=FACE_OUTER_BOUND('',#820,.T.);
#650=FACE_OUTER_BOUND('',#821,.T.);
#651=FACE_OUTER_BOUND('',#822,.T.);
#652=FACE_OUTER_BOUND('',#823,.T.);
#653=FACE_OUTER_BOUND('',#824,.T.);
#654=FACE_OUTER_BOUND('',#825,.T.);
#655=FACE_OUTER_BOUND('',#826,.T.);
#656=FACE_OUTER_BOUND('',#827,.T.);
#657=FACE_OUTER_BOUND('',#828,.T.);
#658=FACE_OUTER_BOUND('',#829,.T.);
#659=FACE_OUTER_BOUND('',#830,.T.);
#660=FACE_OUTER_BOUND('',#831,.T.);
#661=FACE_OUTER_BOUND('',#832,.T.);
#662=FACE_OUTER_BOUND('',#834,.T.);
#663=FACE_OUTER_BOUND('',#835,.T.);
#664=FACE_OUTER_BOUND('',#836,.T.);
#665=FACE_OUTER_BOUND('',#837,.T.);
#666=FACE_OUTER_BOUND('',#839,.T.);
#667=FACE_OUTER_BOUND('',#840,.T.);
#668=FACE_OUTER_BOUND('',#842,.T.);
#669=FACE_OUTER_BOUND('',#843,.T.);
#670=FACE_OUTER_BOUND('',#844,.T.);
#671=FACE_OUTER_BOUND('',#845,.T.);
#672=FACE_OUTER_BOUND('',#846,.T.);
#673=FACE_OUTER_BOUND('',#847,.T.);
#674=FACE_OUTER_BOUND('',#848,.T.);
#675=FACE_OUTER_BOUND('',#849,.T.);
#676=FACE_OUTER_BOUND('',#850,.T.);
#677=EDGE_LOOP('',(#1604,#1605,#1606,#1607));
#678=EDGE_LOOP('',(#1608,#1609,#1610,#1611));
#679=EDGE_LOOP('',(#1612,#1613,#1614,#1615));
#680=EDGE_LOOP('',(#1616,#1617,#1618,#1619));
#681=EDGE_LOOP('',(#1620,#1621,#1622,#1623));
#682=EDGE_LOOP('',(#1624,#1625,#1626,#1627));
#683=EDGE_LOOP('',(#1628,#1629,#1630,#1631));
#684=EDGE_LOOP('',(#1632,#1633,#1634,#1635));
#685=EDGE_LOOP('',(#1636,#1637,#1638,#1639));
#686=EDGE_LOOP('',(#1640,#1641,#1642,#1643));
#687=EDGE_LOOP('',(#1644,#1645,#1646,#1647));
#688=EDGE_LOOP('',(#1648,#1649,#1650,#1651));
#689=EDGE_LOOP('',(#1652,#1653,#1654,#1655));
#690=EDGE_LOOP('',(#1656,#1657,#1658,#1659));
#691=EDGE_LOOP('',(#1660,#1661,#1662,#1663));
#692=EDGE_LOOP('',(#1664,#1665,#1666,#1667));
#693=EDGE_LOOP('',(#1668,#1669,#1670,#1671));
#694=EDGE_LOOP('',(#1672,#1673,#1674,#1675));
#695=EDGE_LOOP('',(#1676,#1677,#1678,#1679,#1680,#1681,#1682,#1683,#1684,
#1685,#1686,#1687,#1688,#1689,#1690,#1691));
#696=EDGE_LOOP('',(#1692));
#697=EDGE_LOOP('',(#1693));
#698=EDGE_LOOP('',(#1694,#1695,#1696,#1697,#1698,#1699,#1700,#1701,#1702,
#1703,#1704,#1705,#1706,#1707,#1708,#1709));
#699=EDGE_LOOP('',(#1710));
#700=EDGE_LOOP('',(#1711));
#701=EDGE_LOOP('',(#1712,#1713,#1714,#1715));
#702=EDGE_LOOP('',(#1716,#1717,#1718,#1719));
#703=EDGE_LOOP('',(#1720,#1721,#1722,#1723));
#704=EDGE_LOOP('',(#1724,#1725,#1726,#1727));
#705=EDGE_LOOP('',(#1728,#1729,#1730,#1731));
#706=EDGE_LOOP('',(#1732,#1733,#1734,#1735));
#707=EDGE_LOOP('',(#1736,#1737,#1738,#1739));
#708=EDGE_LOOP('',(#1740,#1741,#1742,#1743));
#709=EDGE_LOOP('',(#1744,#1745,#1746,#1747));
#710=EDGE_LOOP('',(#1748,#1749,#1750,#1751));
#711=EDGE_LOOP('',(#1752,#1753,#1754,#1755));
#712=EDGE_LOOP('',(#1756,#1757,#1758,#1759));
#713=EDGE_LOOP('',(#1760,#1761,#1762,#1763));
#714=EDGE_LOOP('',(#1764,#1765,#1766,#1767));
#715=EDGE_LOOP('',(#1768,#1769,#1770,#1771));
#716=EDGE_LOOP('',(#1772,#1773,#1774,#1775));
#717=EDGE_LOOP('',(#1776,#1777,#1778,#1779));
#718=EDGE_LOOP('',(#1780,#1781,#1782,#1783));
#719=EDGE_LOOP('',(#1784,#1785,#1786,#1787));
#720=EDGE_LOOP('',(#1788,#1789,#1790,#1791));
#721=EDGE_LOOP('',(#1792,#1793,#1794,#1795));
#722=EDGE_LOOP('',(#1796,#1797,#1798,#1799));
#723=EDGE_LOOP('',(#1800,#1801,#1802,#1803));
#724=EDGE_LOOP('',(#1804,#1805,#1806,#1807));
#725=EDGE_LOOP('',(#1808,#1809,#1810,#1811));
#726=EDGE_LOOP('',(#1812,#1813,#1814,#1815));
#727=EDGE_LOOP('',(#1816,#1817,#1818,#1819));
#728=EDGE_LOOP('',(#1820,#1821,#1822,#1823));
#729=EDGE_LOOP('',(#1824,#1825,#1826,#1827));
#730=EDGE_LOOP('',(#1828,#1829,#1830,#1831));
#731=EDGE_LOOP('',(#1832,#1833,#1834,#1835));
#732=EDGE_LOOP('',(#1836,#1837,#1838,#1839));
#733=EDGE_LOOP('',(#1840,#1841,#1842,#1843));
#734=EDGE_LOOP('',(#1844,#1845,#1846,#1847));
#735=EDGE_LOOP('',(#1848,#1849,#1850,#1851));
#736=EDGE_LOOP('',(#1852,#1853,#1854,#1855));
#737=EDGE_LOOP('',(#1856,#1857,#1858,#1859));
#738=EDGE_LOOP('',(#1860,#1861,#1862,#1863,#1864));
#739=EDGE_LOOP('',(#1865,#1866,#1867,#1868));
#740=EDGE_LOOP('',(#1869,#1870,#1871,#1872,#1873));
#741=EDGE_LOOP('',(#1874,#1875,#1876,#1877));
#742=EDGE_LOOP('',(#1878,#1879,#1880,#1881));
#743=EDGE_LOOP('',(#1882,#1883,#1884,#1885));
#744=EDGE_LOOP('',(#1886,#1887,#1888,#1889));
#745=EDGE_LOOP('',(#1890,#1891,#1892,#1893));
#746=EDGE_LOOP('',(#1894,#1895,#1896,#1897));
#747=EDGE_LOOP('',(#1898,#1899,#1900,#1901));
#748=EDGE_LOOP('',(#1902,#1903,#1904,#1905));
#749=EDGE_LOOP('',(#1906,#1907,#1908,#1909,#1910,#1911,#1912,#1913,#1914));
#750=EDGE_LOOP('',(#1915,#1916,#1917));
#751=EDGE_LOOP('',(#1918,#1919,#1920,#1921,#1922,#1923));
#752=EDGE_LOOP('',(#1924,#1925,#1926));
#753=EDGE_LOOP('',(#1927,#1928,#1929,#1930,#1931));
#754=EDGE_LOOP('',(#1932,#1933,#1934,#1935,#1936));
#755=EDGE_LOOP('',(#1937,#1938,#1939,#1940,#1941));
#756=EDGE_LOOP('',(#1942,#1943,#1944,#1945,#1946));
#757=EDGE_LOOP('',(#1947,#1948,#1949,#1950,#1951));
#758=EDGE_LOOP('',(#1952,#1953,#1954,#1955,#1956));
#759=EDGE_LOOP('',(#1957,#1958,#1959));
#760=EDGE_LOOP('',(#1960,#1961,#1962));
#761=EDGE_LOOP('',(#1963,#1964,#1965));
#762=EDGE_LOOP('',(#1966,#1967,#1968));
#763=EDGE_LOOP('',(#1969,#1970,#1971));
#764=EDGE_LOOP('',(#1972,#1973,#1974));
#765=EDGE_LOOP('',(#1975,#1976,#1977,#1978,#1979,#1980));
#766=EDGE_LOOP('',(#1981,#1982,#1983));
#767=EDGE_LOOP('',(#1984,#1985,#1986,#1987,#1988,#1989,#1990,#1991,#1992,
#1993,#1994,#1995,#1996,#1997,#1998,#1999,#2000,#2001));
#768=EDGE_LOOP('',(#2002,#2003,#2004,#2005,#2006,#2007,#2008,#2009,#2010,
#2011,#2012,#2013,#2014,#2015,#2016,#2017,#2018,#2019,#2020));
#769=EDGE_LOOP('',(#2021));
#770=EDGE_LOOP('',(#2022,#2023,#2024,#2025));
#771=EDGE_LOOP('',(#2026,#2027,#2028,#2029));
#772=EDGE_LOOP('',(#2030,#2031,#2032,#2033));
#773=EDGE_LOOP('',(#2034));
#774=EDGE_LOOP('',(#2035));
#775=EDGE_LOOP('',(#2036));
#776=EDGE_LOOP('',(#2037));
#777=EDGE_LOOP('',(#2038,#2039,#2040,#2041));
#778=EDGE_LOOP('',(#2042));
#779=EDGE_LOOP('',(#2043));
#780=EDGE_LOOP('',(#2044,#2045,#2046,#2047));
#781=EDGE_LOOP('',(#2048));
#782=EDGE_LOOP('',(#2049));
#783=EDGE_LOOP('',(#2050,#2051,#2052,#2053));
#784=EDGE_LOOP('',(#2054));
#785=EDGE_LOOP('',(#2055));
#786=EDGE_LOOP('',(#2056,#2057,#2058,#2059));
#787=EDGE_LOOP('',(#2060));
#788=EDGE_LOOP('',(#2061));
#789=EDGE_LOOP('',(#2062,#2063,#2064,#2065));
#790=EDGE_LOOP('',(#2066));
#791=EDGE_LOOP('',(#2067));
#792=EDGE_LOOP('',(#2068,#2069,#2070,#2071));
#793=EDGE_LOOP('',(#2072,#2073,#2074,#2075));
#794=EDGE_LOOP('',(#2076,#2077,#2078,#2079));
#795=EDGE_LOOP('',(#2080));
#796=EDGE_LOOP('',(#2081));
#797=EDGE_LOOP('',(#2082,#2083,#2084,#2085));
#798=EDGE_LOOP('',(#2086,#2087,#2088,#2089,#2090));
#799=EDGE_LOOP('',(#2091,#2092,#2093,#2094,#2095));
#800=EDGE_LOOP('',(#2096,#2097,#2098,#2099,#2100,#2101));
#801=EDGE_LOOP('',(#2102));
#802=EDGE_LOOP('',(#2103,#2104,#2105,#2106));
#803=EDGE_LOOP('',(#2107,#2108,#2109,#2110));
#804=EDGE_LOOP('',(#2111,#2112,#2113,#2114));
#805=EDGE_LOOP('',(#2115));
#806=EDGE_LOOP('',(#2116,#2117,#2118,#2119,#2120));
#807=EDGE_LOOP('',(#2121,#2122,#2123,#2124,#2125,#2126));
#808=EDGE_LOOP('',(#2127));
#809=EDGE_LOOP('',(#2128,#2129,#2130,#2131,#2132));
#810=EDGE_LOOP('',(#2133,#2134,#2135,#2136));
#811=EDGE_LOOP('',(#2137,#2138,#2139,#2140));
#812=EDGE_LOOP('',(#2141,#2142,#2143,#2144));
#813=EDGE_LOOP('',(#2145,#2146,#2147,#2148));
#814=EDGE_LOOP('',(#2149,#2150,#2151,#2152));
#815=EDGE_LOOP('',(#2153,#2154,#2155,#2156));
#816=EDGE_LOOP('',(#2157,#2158,#2159,#2160));
#817=EDGE_LOOP('',(#2161,#2162,#2163,#2164));
#818=EDGE_LOOP('',(#2165,#2166,#2167,#2168));
#819=EDGE_LOOP('',(#2169,#2170,#2171,#2172));
#820=EDGE_LOOP('',(#2173,#2174,#2175,#2176));
#821=EDGE_LOOP('',(#2177,#2178,#2179,#2180));
#822=EDGE_LOOP('',(#2181,#2182,#2183,#2184));
#823=EDGE_LOOP('',(#2185,#2186,#2187,#2188));
#824=EDGE_LOOP('',(#2189,#2190,#2191,#2192));
#825=EDGE_LOOP('',(#2193,#2194,#2195,#2196));
#826=EDGE_LOOP('',(#2197,#2198,#2199,#2200,#2201,#2202,#2203,#2204,#2205,
#2206,#2207,#2208));
#827=EDGE_LOOP('',(#2209,#2210,#2211,#2212));
#828=EDGE_LOOP('',(#2213,#2214,#2215,#2216));
#829=EDGE_LOOP('',(#2217,#2218,#2219,#2220));
#830=EDGE_LOOP('',(#2221,#2222,#2223,#2224));
#831=EDGE_LOOP('',(#2225,#2226,#2227,#2228));
#832=EDGE_LOOP('',(#2229,#2230,#2231,#2232,#2233,#2234));
#833=EDGE_LOOP('',(#2235));
#834=EDGE_LOOP('',(#2236,#2237,#2238,#2239));
#835=EDGE_LOOP('',(#2240,#2241,#2242,#2243));
#836=EDGE_LOOP('',(#2244,#2245,#2246,#2247));
#837=EDGE_LOOP('',(#2248,#2249,#2250,#2251,#2252,#2253));
#838=EDGE_LOOP('',(#2254));
#839=EDGE_LOOP('',(#2255,#2256,#2257,#2258));
#840=EDGE_LOOP('',(#2259,#2260,#2261,#2262));
#841=EDGE_LOOP('',(#2263));
#842=EDGE_LOOP('',(#2264,#2265,#2266,#2267));
#843=EDGE_LOOP('',(#2268,#2269,#2270,#2271,#2272,#2273,#2274,#2275,#2276,
#2277,#2278,#2279));
#844=EDGE_LOOP('',(#2280,#2281,#2282,#2283,#2284,#2285,#2286,#2287,#2288,
#2289,#2290,#2291,#2292,#2293));
#845=EDGE_LOOP('',(#2294));
#846=EDGE_LOOP('',(#2295,#2296,#2297,#2298,#2299));
#847=EDGE_LOOP('',(#2300,#2301,#2302));
#848=EDGE_LOOP('',(#2303,#2304,#2305));
#849=EDGE_LOOP('',(#2306,#2307,#2308,#2309,#2310,#2311,#2312));
#850=EDGE_LOOP('',(#2313,#2314,#2315,#2316,#2317,#2318,#2319));
#851=CIRCLE('',#2530,0.480260497873779);
#852=CIRCLE('',#2531,0.25);
#853=CIRCLE('',#2532,0.230260497873779);
#854=CIRCLE('',#2533,0.25);
#855=CIRCLE('',#2535,4.9);
#856=CIRCLE('',#2536,4.65);
#857=CIRCLE('',#2537,0.25);
#858=CIRCLE('',#2538,0.480260497873779);
#859=CIRCLE('',#2539,0.25);
#860=CIRCLE('',#2540,0.230260497873779);
#861=CIRCLE('',#2542,1.92104199149511);
#862=CIRCLE('',#2543,0.25);
#863=CIRCLE('',#2544,1.67104199149511);
#864=CIRCLE('',#2545,0.25);
#865=CIRCLE('',#2547,2.17104199149511);
#866=CIRCLE('',#2548,0.25);
#867=CIRCLE('',#2549,1.92104199149511);
#868=CIRCLE('',#2550,0.25);
#869=CIRCLE('',#2552,5.94299380271939);
#870=CIRCLE('',#2553,5.69299380271939);
#871=CIRCLE('',#2554,0.25);
#872=CIRCLE('',#2555,0.230260497873779);
#873=CIRCLE('',#2556,0.25);
#874=CIRCLE('',#2557,0.480260497873779);
#875=CIRCLE('',#2558,0.25);
#876=CIRCLE('',#2560,4.65);
#877=CIRCLE('',#2561,4.9);
#878=CIRCLE('',#2562,0.25);
#879=CIRCLE('',#2563,0.230260497873779);
#880=CIRCLE('',#2564,0.25);
#881=CIRCLE('',#2565,0.480260497873779);
#882=CIRCLE('',#2567,1.92104199149511);
#883=CIRCLE('',#2568,0.25);
#884=CIRCLE('',#2569,2.17104199149511);
#885=CIRCLE('',#2570,0.25);
#886=CIRCLE('',#2572,1.67104199149511);
#887=CIRCLE('',#2573,0.25);
#888=CIRCLE('',#2574,1.92104199149511);
#889=CIRCLE('',#2575,0.25);
#890=CIRCLE('',#2577,5.69299380271939);
#891=CIRCLE('',#2578,5.94299380271939);
#892=CIRCLE('',#2579,0.25);
#893=CIRCLE('',#2582,0.8625);
#894=CIRCLE('',#2583,0.8625);
#895=CIRCLE('',#2585,1.92104199149511);
#896=CIRCLE('',#2586,1.92104199149511);
#897=CIRCLE('',#2588,0.8625);
#898=CIRCLE('',#2589,0.8625);
#899=CIRCLE('',#2593,0.230260497873779);
#900=CIRCLE('',#2594,7.7075738470484);
#901=CIRCLE('',#2595,2.17104199149511);
#902=CIRCLE('',#2596,1.67104199149511);
#903=CIRCLE('',#2597,7.7075738470484);
#904=CIRCLE('',#2598,0.230260497873779);
#905=CIRCLE('',#2600,0.230260497873779);
#906=CIRCLE('',#2601,7.7075738470484);
#907=CIRCLE('',#2602,1.67104199149511);
#908=CIRCLE('',#2603,2.17104199149511);
#909=CIRCLE('',#2604,7.7075738470484);
#910=CIRCLE('',#2605,0.230260497873779);
#911=CIRCLE('',#2608,7.9575738470484);
#912=CIRCLE('',#2609,7.9575738470484);
#913=CIRCLE('',#2613,0.480260497873779);
#914=CIRCLE('',#2614,0.480260497873779);
#915=CIRCLE('',#2618,7.9575738470484);
#916=CIRCLE('',#2619,7.9575738470484);
#917=CIRCLE('',#2622,1.92104199149512);
#918=CIRCLE('',#2623,1.92104199149512);
#919=CIRCLE('',#2625,0.480260497873779);
#920=CIRCLE('',#2626,0.480260497873779);
#921=CIRCLE('',#2629,0.25);
#922=CIRCLE('',#2632,0.25);
#923=CIRCLE('',#2634,0.25);
#924=CIRCLE('',#2635,0.25);
#925=CIRCLE('',#2637,0.25);
#926=CIRCLE('',#2640,0.25);
#927=CIRCLE('',#2641,0.25);
#928=CIRCLE('',#2644,0.25);
#929=CIRCLE('',#2647,0.25);
#930=CIRCLE('',#2649,0.25);
#931=CIRCLE('',#2651,0.25);
#932=CIRCLE('',#2652,0.25);
#933=CIRCLE('',#2654,0.25);
#934=CIRCLE('',#2656,0.25);
#935=CIRCLE('',#2660,1.98038475775434);
#936=CIRCLE('',#2666,1.98038475773261);
#937=CIRCLE('',#2669,2.5);
#938=CIRCLE('',#2671,2.5);
#939=CIRCLE('',#2679,2.5);
#940=CIRCLE('',#2681,1.98038475773261);
#941=CIRCLE('',#2682,1.9);
#942=CIRCLE('',#2684,2.5);
#943=CIRCLE('',#2693,4.);
#944=CIRCLE('',#2695,4.);
#945=CIRCLE('',#2697,4.);
#946=CIRCLE('',#2699,4.);
#947=CIRCLE('',#2701,4.);
#948=CIRCLE('',#2703,4.);
#949=CIRCLE('',#2709,9.);
#950=CIRCLE('',#2710,9.);
#951=CIRCLE('',#2711,5.25);
#952=CIRCLE('',#2712,11.7999633351121);
#953=CIRCLE('',#2714,5.25);
#954=CIRCLE('',#2717,4.75);
#955=CIRCLE('',#2718,4.0758064516129);
#956=CIRCLE('',#2720,4.0758064516129);
#957=CIRCLE('',#2722,4.75);
#958=CIRCLE('',#2724,4.75);
#959=CIRCLE('',#2727,4.75);
#960=CIRCLE('',#2729,4.75);
#961=CIRCLE('',#2731,4.0758064516129);
#962=CIRCLE('',#2733,4.0758064516129);
#963=CIRCLE('',#2735,4.75);
#964=CIRCLE('',#2738,17.5);
#965=CIRCLE('',#2739,5.);
#966=CIRCLE('',#2741,17.5);
#967=CIRCLE('',#2743,5.5);
#968=CIRCLE('',#2744,17.5);
#969=CIRCLE('',#2746,17.5);
#970=CIRCLE('',#2748,5.);
#971=CIRCLE('',#2751,5.75);
#972=CIRCLE('',#2752,1.);
#973=CIRCLE('',#2753,4.75);
#974=CIRCLE('',#2754,4.75);
#975=CIRCLE('',#2756,4.75);
#976=CIRCLE('',#2758,11.3360531136248);
#977=CIRCLE('',#2759,11.3360531136248);
#978=CIRCLE('',#2761,3.5);
#979=CIRCLE('',#2762,1.);
#980=CIRCLE('',#2763,2.5);
#981=CIRCLE('',#2765,2.5);
#982=CIRCLE('',#2768,5.75);
#983=CIRCLE('',#2769,1.);
#984=CIRCLE('',#2770,4.75);
#985=CIRCLE('',#2771,4.75);
#986=CIRCLE('',#2773,11.3360531136248);
#987=CIRCLE('',#2774,11.3360531136248);
#988=CIRCLE('',#2776,4.75);
#989=CIRCLE('',#2779,1.);
#990=CIRCLE('',#2781,0.999999999999999);
#991=CIRCLE('',#2783,0.999999999999996);
#992=CIRCLE('',#2784,2.);
#993=CIRCLE('',#2785,3.);
#994=CIRCLE('',#2787,0.999999999999996);
#995=CIRCLE('',#2789,1.);
#996=CIRCLE('',#2790,2.);
#997=CIRCLE('',#2791,3.);
#998=CIRCLE('',#2794,12.3360531136248);
#999=CIRCLE('',#2797,12.3360531136248);
#1000=CIRCLE('',#2799,12.3360531136248);
#1001=CIRCLE('',#2801,0.999999999999996);
#1002=CIRCLE('',#2802,2.);
#1003=CIRCLE('',#2803,3.);
#1004=CIRCLE('',#2805,0.999999999999996);
#1005=CIRCLE('',#2807,1.);
#1006=CIRCLE('',#2808,2.);
#1007=CIRCLE('',#2809,3.);
#1008=CIRCLE('',#2812,12.3360531136248);
#1009=CIRCLE('',#2814,1.);
#1010=CIRCLE('',#2815,0.999999999999996);
#1011=CIRCLE('',#2817,12.3360531136248);
#1012=CIRCLE('',#2820,12.3360531136248);
#1013=CIRCLE('',#2822,12.3360531136248);
#1014=CIRCLE('',#2824,12.3360531136248);
#1015=CIRCLE('',#2831,1.);
#1016=CIRCLE('',#2834,0.999999999999996);
#1017=CIRCLE('',#2837,2.5);
#1018=CIRCLE('',#2838,2.5);
#1019=CIRCLE('',#2839,9.5);
#1020=CIRCLE('',#2841,6.5);
#1021=CIRCLE('',#2843,7.5);
#1022=CIRCLE('',#2844,1.);
#1023=CIRCLE('',#2845,7.5);
#1024=CIRCLE('',#2847,6.5);
#1025=CIRCLE('',#2849,6.5);
#1026=CIRCLE('',#2851,7.5);
#1027=CIRCLE('',#2852,7.5);
#1028=VERTEX_POINT('',#3654);
#1029=VERTEX_POINT('',#3655);
#1030=VERTEX_POINT('',#3657);
#1031=VERTEX_POINT('',#3659);
#1032=VERTEX_POINT('',#3663);
#1033=VERTEX_POINT('',#3665);
#1034=VERTEX_POINT('',#3677);
#1035=VERTEX_POINT('',#3679);
#1036=VERTEX_POINT('',#3683);
#1037=VERTEX_POINT('',#3684);
#1038=VERTEX_POINT('',#3686);
#1039=VERTEX_POINT('',#3688);
#1040=VERTEX_POINT('',#3692);
#1041=VERTEX_POINT('',#3693);
#1042=VERTEX_POINT('',#3695);
#1043=VERTEX_POINT('',#3697);
#1044=VERTEX_POINT('',#3701);
#1045=VERTEX_POINT('',#3703);
#1046=VERTEX_POINT('',#3715);
#1047=VERTEX_POINT('',#3716);
#1048=VERTEX_POINT('',#3718);
#1049=VERTEX_POINT('',#3720);
#1050=VERTEX_POINT('',#3724);
#1051=VERTEX_POINT('',#3726);
#1052=VERTEX_POINT('',#3738);
#1053=VERTEX_POINT('',#3740);
#1054=VERTEX_POINT('',#3744);
#1055=VERTEX_POINT('',#3745);
#1056=VERTEX_POINT('',#3747);
#1057=VERTEX_POINT('',#3749);
#1058=VERTEX_POINT('',#3753);
#1059=VERTEX_POINT('',#3754);
#1060=VERTEX_POINT('',#3756);
#1061=VERTEX_POINT('',#3758);
#1062=VERTEX_POINT('',#3762);
#1063=VERTEX_POINT('',#3764);
#1064=VERTEX_POINT('',#3771);
#1065=VERTEX_POINT('',#3773);
#1066=VERTEX_POINT('',#3777);
#1067=VERTEX_POINT('',#3778);
#1068=VERTEX_POINT('',#3780);
#1069=VERTEX_POINT('',#3782);
#1070=VERTEX_POINT('',#3786);
#1071=VERTEX_POINT('',#3788);
#1072=VERTEX_POINT('',#3798);
#1073=VERTEX_POINT('',#3800);
#1074=VERTEX_POINT('',#3802);
#1075=VERTEX_POINT('',#3805);
#1076=VERTEX_POINT('',#3808);
#1077=VERTEX_POINT('',#3810);
#1078=VERTEX_POINT('',#3812);
#1079=VERTEX_POINT('',#3816);
#1080=VERTEX_POINT('',#3818);
#1081=VERTEX_POINT('',#3820);
#1082=VERTEX_POINT('',#3822);
#1083=VERTEX_POINT('',#3825);
#1084=VERTEX_POINT('',#3828);
#1085=VERTEX_POINT('',#3830);
#1086=VERTEX_POINT('',#3838);
#1087=VERTEX_POINT('',#3840);
#1088=VERTEX_POINT('',#3844);
#1089=VERTEX_POINT('',#3845);
#1090=VERTEX_POINT('',#3856);
#1091=VERTEX_POINT('',#3858);
#1092=VERTEX_POINT('',#3862);
#1093=VERTEX_POINT('',#3863);
#1094=VERTEX_POINT('',#3869);
#1095=VERTEX_POINT('',#3871);
#1096=VERTEX_POINT('',#3973);
#1097=VERTEX_POINT('',#3974);
#1098=VERTEX_POINT('',#3976);
#1099=VERTEX_POINT('',#3990);
#1100=VERTEX_POINT('',#4004);
#1101=VERTEX_POINT('',#4005);
#1102=VERTEX_POINT('',#4042);
#1103=VERTEX_POINT('',#4043);
#1104=VERTEX_POINT('',#4080);
#1105=VERTEX_POINT('',#4081);
#1106=VERTEX_POINT('',#4118);
#1107=VERTEX_POINT('',#4119);
#1108=VERTEX_POINT('',#4156);
#1109=VERTEX_POINT('',#4157);
#1110=VERTEX_POINT('',#4159);
#1111=VERTEX_POINT('',#4196);
#1112=VERTEX_POINT('',#4197);
#1113=VERTEX_POINT('',#4246);
#1114=VERTEX_POINT('',#4247);
#1115=VERTEX_POINT('',#4249);
#1116=VERTEX_POINT('',#4320);
#1117=VERTEX_POINT('',#4321);
#1118=VERTEX_POINT('',#4323);
#1119=VERTEX_POINT('',#4348);
#1120=VERTEX_POINT('',#4371);
#1121=VERTEX_POINT('',#4372);
#1122=VERTEX_POINT('',#4447);
#1123=VERTEX_POINT('',#4448);
#1124=VERTEX_POINT('',#4523);
#1125=VERTEX_POINT('',#4524);
#1126=VERTEX_POINT('',#4599);
#1127=VERTEX_POINT('',#4600);
#1128=VERTEX_POINT('',#4675);
#1129=VERTEX_POINT('',#4676);
#1130=VERTEX_POINT('',#4751);
#1131=VERTEX_POINT('',#4752);
#1132=VERTEX_POINT('',#4839);
#1133=VERTEX_POINT('',#4850);
#1134=VERTEX_POINT('',#4879);
#1135=VERTEX_POINT('',#4911);
#1136=VERTEX_POINT('',#4947);
#1137=VERTEX_POINT('',#4948);
#1138=VERTEX_POINT('',#4950);
#1139=VERTEX_POINT('',#4952);
#1140=VERTEX_POINT('',#4954);
#1141=VERTEX_POINT('',#4956);
#1142=VERTEX_POINT('',#4960);
#1143=VERTEX_POINT('',#4962);
#1144=VERTEX_POINT('',#4966);
#1145=VERTEX_POINT('',#4972);
#1146=VERTEX_POINT('',#4976);
#1147=VERTEX_POINT('',#4982);
#1148=VERTEX_POINT('',#4986);
#1149=VERTEX_POINT('',#4992);
#1150=VERTEX_POINT('',#4996);
#1151=VERTEX_POINT('',#5002);
#1152=VERTEX_POINT('',#5006);
#1153=VERTEX_POINT('',#5012);
#1154=VERTEX_POINT('',#5587);
#1155=VERTEX_POINT('',#5589);
#1156=VERTEX_POINT('',#5619);
#1157=VERTEX_POINT('',#5623);
#1158=VERTEX_POINT('',#5628);
#1159=VERTEX_POINT('',#5630);
#1160=VERTEX_POINT('',#5633);
#1161=VERTEX_POINT('',#5637);
#1162=VERTEX_POINT('',#5640);
#1163=VERTEX_POINT('',#5645);
#1164=VERTEX_POINT('',#5648);
#1165=VERTEX_POINT('',#5652);
#1166=VERTEX_POINT('',#5655);
#1167=VERTEX_POINT('',#5659);
#1168=VERTEX_POINT('',#5664);
#1169=VERTEX_POINT('',#5666);
#1170=VERTEX_POINT('',#5669);
#1171=VERTEX_POINT('',#5673);
#1172=VERTEX_POINT('',#5677);
#1173=VERTEX_POINT('',#5681);
#1174=VERTEX_POINT('',#5686);
#1175=VERTEX_POINT('',#5688);
#1176=VERTEX_POINT('',#5690);
#1177=VERTEX_POINT('',#5694);
#1178=VERTEX_POINT('',#5698);
#1179=VERTEX_POINT('',#5699);
#1180=VERTEX_POINT('',#5701);
#1181=VERTEX_POINT('',#5703);
#1182=VERTEX_POINT('',#5705);
#1183=VERTEX_POINT('',#5707);
#1184=VERTEX_POINT('',#5711);
#1185=VERTEX_POINT('',#5713);
#1186=VERTEX_POINT('',#5717);
#1187=VERTEX_POINT('',#5721);
#1188=VERTEX_POINT('',#5722);
#1189=VERTEX_POINT('',#5724);
#1190=VERTEX_POINT('',#5726);
#1191=VERTEX_POINT('',#5730);
#1192=VERTEX_POINT('',#5732);
#1193=VERTEX_POINT('',#5734);
#1194=VERTEX_POINT('',#5738);
#1195=VERTEX_POINT('',#5739);
#1196=VERTEX_POINT('',#5741);
#1197=VERTEX_POINT('',#5743);
#1198=VERTEX_POINT('',#5745);
#1199=VERTEX_POINT('',#5747);
#1200=VERTEX_POINT('',#5751);
#1201=VERTEX_POINT('',#5755);
#1202=VERTEX_POINT('',#5768);
#1203=VERTEX_POINT('',#5783);
#1204=VERTEX_POINT('',#5785);
#1205=VERTEX_POINT('',#5802);
#1206=VERTEX_POINT('',#5804);
#1207=VERTEX_POINT('',#5821);
#1208=VERTEX_POINT('',#5826);
#1209=VERTEX_POINT('',#5830);
#1210=VERTEX_POINT('',#5835);
#1211=VERTEX_POINT('',#5852);
#1212=VERTEX_POINT('',#5867);
#1213=VERTEX_POINT('',#5886);
#1214=VERTEX_POINT('',#5891);
#1215=VERTEX_POINT('',#5895);
#1216=VERTEX_POINT('',#5900);
#1217=VERTEX_POINT('',#5919);
#1218=VERTEX_POINT('',#5921);
#1219=VERTEX_POINT('',#5923);
#1220=VERTEX_POINT('',#5925);
#1221=VERTEX_POINT('',#5927);
#1222=VERTEX_POINT('',#5929);
#1223=VERTEX_POINT('',#5933);
#1224=VERTEX_POINT('',#5937);
#1225=VERTEX_POINT('',#5941);
#1226=VERTEX_POINT('',#5945);
#1227=VERTEX_POINT('',#5947);
#1228=VERTEX_POINT('',#5951);
#1229=VERTEX_POINT('',#5956);
#1230=VERTEX_POINT('',#5963);
#1231=VERTEX_POINT('',#5967);
#1232=VERTEX_POINT('',#5971);
#1233=VERTEX_POINT('',#5978);
#1234=VERTEX_POINT('',#5979);
#1235=VERTEX_POINT('',#5981);
#1236=VERTEX_POINT('',#5990);
#1237=VERTEX_POINT('',#6013);
#1238=VERTEX_POINT('',#6024);
#1239=VERTEX_POINT('',#6033);
#1240=VERTEX_POINT('',#6046);
#1241=VERTEX_POINT('',#6054);
#1242=VERTEX_POINT('',#6078);
#1243=VERTEX_POINT('',#6081);
#1244=VERTEX_POINT('',#6082);
#1245=VERTEX_POINT('',#6091);
#1246=EDGE_CURVE('',#1028,#1029,#851,.T.);
#1247=EDGE_CURVE('',#1028,#1030,#852,.T.);
#1248=EDGE_CURVE('',#1031,#1030,#853,.T.);
#1249=EDGE_CURVE('',#1031,#1029,#854,.T.);
#1250=EDGE_CURVE('',#1030,#1032,#855,.T.);
#1251=EDGE_CURVE('',#1033,#1028,#856,.T.);
#1252=EDGE_CURVE('',#1033,#1032,#857,.T.);
#1253=EDGE_CURVE('',#1034,#1033,#858,.T.);
#1254=EDGE_CURVE('',#1034,#1035,#859,.T.);
#1255=EDGE_CURVE('',#1032,#1035,#860,.T.);
#1256=EDGE_CURVE('',#1036,#1037,#861,.T.);
#1257=EDGE_CURVE('',#1036,#1038,#862,.T.);
#1258=EDGE_CURVE('',#1039,#1038,#863,.T.);
#1259=EDGE_CURVE('',#1037,#1039,#864,.T.);
#1260=EDGE_CURVE('',#1040,#1041,#865,.T.);
#1261=EDGE_CURVE('',#1040,#1042,#866,.T.);
#1262=EDGE_CURVE('',#1043,#1042,#867,.T.);
#1263=EDGE_CURVE('',#1041,#1043,#868,.T.);
#1264=EDGE_CURVE('',#1042,#1044,#869,.T.);
#1265=EDGE_CURVE('',#1045,#1040,#870,.T.);
#1266=EDGE_CURVE('',#1045,#1044,#871,.T.);
#1267=EDGE_CURVE('',#1046,#1047,#872,.T.);
#1268=EDGE_CURVE('',#1046,#1048,#873,.T.);
#1269=EDGE_CURVE('',#1049,#1048,#874,.T.);
#1270=EDGE_CURVE('',#1049,#1047,#875,.T.);
#1271=EDGE_CURVE('',#1048,#1050,#876,.T.);
#1272=EDGE_CURVE('',#1051,#1046,#877,.T.);
#1273=EDGE_CURVE('',#1051,#1050,#878,.T.);
#1274=EDGE_CURVE('',#1052,#1051,#879,.T.);
#1275=EDGE_CURVE('',#1052,#1053,#880,.T.);
#1276=EDGE_CURVE('',#1050,#1053,#881,.T.);
#1277=EDGE_CURVE('',#1054,#1055,#882,.T.);
#1278=EDGE_CURVE('',#1054,#1056,#883,.T.);
#1279=EDGE_CURVE('',#1057,#1056,#884,.T.);
#1280=EDGE_CURVE('',#1055,#1057,#885,.T.);
#1281=EDGE_CURVE('',#1058,#1059,#886,.T.);
#1282=EDGE_CURVE('',#1058,#1060,#887,.T.);
#1283=EDGE_CURVE('',#1061,#1060,#888,.T.);
#1284=EDGE_CURVE('',#1059,#1061,#889,.T.);
#1285=EDGE_CURVE('',#1056,#1062,#890,.T.);
#1286=EDGE_CURVE('',#1063,#1054,#891,.T.);
#1287=EDGE_CURVE('',#1063,#1062,#892,.T.);
#1288=EDGE_CURVE('',#1037,#1061,#191,.T.);
#1289=EDGE_CURVE('',#1060,#1036,#192,.T.);
#1290=EDGE_CURVE('',#1064,#1064,#893,.T.);
#1291=EDGE_CURVE('',#1064,#1065,#193,.T.);
#1292=EDGE_CURVE('',#1065,#1065,#894,.T.);
#1293=EDGE_CURVE('',#1066,#1067,#895,.T.);
#1294=EDGE_CURVE('',#1068,#1067,#194,.T.);
#1295=EDGE_CURVE('',#1068,#1069,#896,.T.);
#1296=EDGE_CURVE('',#1066,#1069,#195,.T.);
#1297=EDGE_CURVE('',#1070,#1070,#897,.T.);
#1298=EDGE_CURVE('',#1070,#1071,#196,.T.);
#1299=EDGE_CURVE('',#1071,#1071,#898,.T.);
#1300=EDGE_CURVE('',#1028,#1048,#197,.T.);
#1301=EDGE_CURVE('',#1033,#1050,#198,.T.);
#1302=EDGE_CURVE('',#1063,#1044,#199,.T.);
#1303=EDGE_CURVE('',#1054,#1042,#200,.T.);
#1304=EDGE_CURVE('',#1072,#1031,#201,.T.);
#1305=EDGE_CURVE('',#1035,#1073,#202,.T.);
#1306=EDGE_CURVE('',#1073,#1074,#899,.T.);
#1307=EDGE_CURVE('',#1074,#1039,#900,.T.);
#1308=EDGE_CURVE('',#1038,#1075,#203,.T.);
#1309=EDGE_CURVE('',#1075,#1045,#901,.T.);
#1310=EDGE_CURVE('',#1041,#1076,#204,.T.);
#1311=EDGE_CURVE('',#1076,#1077,#902,.T.);
#1312=EDGE_CURVE('',#1077,#1078,#903,.T.);
#1313=EDGE_CURVE('',#1078,#1072,#904,.T.);
#1314=EDGE_CURVE('',#1047,#1079,#205,.T.);
#1315=EDGE_CURVE('',#1079,#1080,#905,.T.);
#1316=EDGE_CURVE('',#1080,#1081,#906,.T.);
#1317=EDGE_CURVE('',#1081,#1082,#907,.T.);
#1318=EDGE_CURVE('',#1082,#1057,#206,.T.);
#1319=EDGE_CURVE('',#1062,#1083,#908,.T.);
#1320=EDGE_CURVE('',#1083,#1058,#207,.T.);
#1321=EDGE_CURVE('',#1059,#1084,#909,.T.);
#1322=EDGE_CURVE('',#1084,#1085,#910,.T.);
#1323=EDGE_CURVE('',#1085,#1052,#208,.T.);
#1324=EDGE_CURVE('',#1043,#1055,#209,.T.);
#1325=EDGE_CURVE('',#1055,#1068,#210,.T.);
#1326=EDGE_CURVE('',#1067,#1043,#211,.T.);
#1327=EDGE_CURVE('',#1069,#1086,#911,.T.);
#1328=EDGE_CURVE('',#1086,#1087,#212,.T.);
#1329=EDGE_CURVE('',#1087,#1066,#912,.T.);
#1330=EDGE_CURVE('',#1088,#1089,#213,.T.);
#1331=EDGE_CURVE('',#1089,#1049,#214,.T.);
#1332=EDGE_CURVE('',#1049,#1029,#215,.T.);
#1333=EDGE_CURVE('',#1029,#1088,#216,.T.);
#1334=EDGE_CURVE('',#1086,#1089,#913,.T.);
#1335=EDGE_CURVE('',#1088,#1087,#914,.T.);
#1336=EDGE_CURVE('',#1060,#1090,#217,.T.);
#1337=EDGE_CURVE('',#1091,#1090,#218,.T.);
#1338=EDGE_CURVE('',#1091,#1036,#219,.T.);
#1339=EDGE_CURVE('',#1092,#1093,#220,.T.);
#1340=EDGE_CURVE('',#1092,#1061,#915,.T.);
#1341=EDGE_CURVE('',#1037,#1093,#916,.T.);
#1342=EDGE_CURVE('',#1053,#1034,#221,.T.);
#1343=EDGE_CURVE('',#1053,#1094,#222,.T.);
#1344=EDGE_CURVE('',#1095,#1094,#223,.T.);
#1345=EDGE_CURVE('',#1095,#1034,#224,.T.);
#1346=EDGE_CURVE('',#1090,#1063,#917,.T.);
#1347=EDGE_CURVE('',#1044,#1091,#918,.T.);
#1348=EDGE_CURVE('',#1094,#1092,#919,.T.);
#1349=EDGE_CURVE('',#1093,#1095,#920,.T.);
#1350=EDGE_CURVE('',#1083,#1090,#921,.T.);
#1351=EDGE_CURVE('',#1084,#1092,#922,.T.);
#1352=EDGE_CURVE('',#1068,#1082,#923,.T.);
#1353=EDGE_CURVE('',#1085,#1094,#924,.T.);
#1354=EDGE_CURVE('',#1069,#1081,#925,.T.);
#1355=EDGE_CURVE('',#1086,#1080,#926,.T.);
#1356=EDGE_CURVE('',#1089,#1079,#927,.T.);
#1357=EDGE_CURVE('',#1091,#1075,#928,.T.);
#1358=EDGE_CURVE('',#1076,#1067,#929,.T.);
#1359=EDGE_CURVE('',#1093,#1074,#930,.T.);
#1360=EDGE_CURVE('',#1077,#1066,#931,.T.);
#1361=EDGE_CURVE('',#1095,#1073,#932,.T.);
#1362=EDGE_CURVE('',#1078,#1087,#933,.T.);
#1363=EDGE_CURVE('',#1072,#1088,#934,.T.);
#1364=EDGE_CURVE('',#1096,#1097,#225,.T.);
#1365=EDGE_CURVE('',#1096,#1098,#89,.T.);
#1366=EDGE_CURVE('',#1099,#1098,#935,.T.);
#1367=EDGE_CURVE('',#1097,#1099,#90,.T.);
#1368=EDGE_CURVE('',#1100,#1101,#226,.T.);
#1369=EDGE_CURVE('',#1100,#1096,#91,.T.);
#1370=EDGE_CURVE('',#1101,#1097,#92,.T.);
#1371=EDGE_CURVE('',#1102,#1103,#227,.T.);
#1372=EDGE_CURVE('',#1102,#1100,#93,.T.);
#1373=EDGE_CURVE('',#1103,#1101,#94,.T.);
#1374=EDGE_CURVE('',#1104,#1105,#228,.T.);
#1375=EDGE_CURVE('',#1104,#1102,#95,.T.);
#1376=EDGE_CURVE('',#1105,#1103,#96,.T.);
#1377=EDGE_CURVE('',#1106,#1107,#229,.T.);
#1378=EDGE_CURVE('',#1106,#1104,#97,.T.);
#1379=EDGE_CURVE('',#1107,#1105,#98,.T.);
#1380=EDGE_CURVE('',#1108,#1109,#230,.T.);
#1381=EDGE_CURVE('',#1108,#1110,#936,.T.);
#1382=EDGE_CURVE('',#1110,#1106,#99,.T.);
#1383=EDGE_CURVE('',#1109,#1107,#100,.T.);
#1384=EDGE_CURVE('',#1111,#1112,#231,.T.);
#1385=EDGE_CURVE('',#1111,#1099,#39,.T.);
#1386=EDGE_CURVE('',#1098,#1112,#40,.T.);
#1387=EDGE_CURVE('',#1113,#1114,#232,.T.);
#1388=EDGE_CURVE('',#1113,#1115,#937,.T.);
#1389=EDGE_CURVE('',#1115,#1111,#41,.T.);
#1390=EDGE_CURVE('',#1112,#1114,#42,.T.);
#1391=EDGE_CURVE('',#1116,#1117,#233,.T.);
#1392=EDGE_CURVE('',#1116,#1118,#43,.T.);
#1393=EDGE_CURVE('',#1118,#1119,#938,.T.);
#1394=EDGE_CURVE('',#1119,#1117,#44,.T.);
#1395=EDGE_CURVE('',#1120,#1121,#234,.T.);
#1396=EDGE_CURVE('',#1120,#1116,#45,.T.);
#1397=EDGE_CURVE('',#1117,#1121,#46,.T.);
#1398=EDGE_CURVE('',#1122,#1123,#235,.T.);
#1399=EDGE_CURVE('',#1122,#1120,#47,.T.);
#1400=EDGE_CURVE('',#1121,#1123,#48,.T.);
#1401=EDGE_CURVE('',#1124,#1125,#236,.T.);
#1402=EDGE_CURVE('',#1124,#1122,#49,.T.);
#1403=EDGE_CURVE('',#1123,#1125,#50,.T.);
#1404=EDGE_CURVE('',#1126,#1127,#237,.T.);
#1405=EDGE_CURVE('',#1126,#1124,#51,.T.);
#1406=EDGE_CURVE('',#1125,#1127,#52,.T.);
#1407=EDGE_CURVE('',#1128,#1129,#238,.T.);
#1408=EDGE_CURVE('',#1128,#1126,#53,.T.);
#1409=EDGE_CURVE('',#1127,#1129,#54,.T.);
#1410=EDGE_CURVE('',#1130,#1131,#239,.T.);
#1411=EDGE_CURVE('',#1130,#1128,#55,.T.);
#1412=EDGE_CURVE('',#1129,#1131,#56,.T.);
#1413=EDGE_CURVE('',#1131,#1115,#57,.T.);
#1414=EDGE_CURVE('',#1132,#1115,#939,.T.);
#1415=EDGE_CURVE('',#1132,#1130,#58,.T.);
#1416=EDGE_CURVE('',#1110,#1133,#59,.F.);
#1417=EDGE_CURVE('',#1134,#1108,#940,.T.);
#1418=EDGE_CURVE('',#1119,#1134,#60,.T.);
#1419=EDGE_CURVE('',#1133,#1118,#61,.F.);
#1420=EDGE_CURVE('',#1133,#1135,#240,.T.);
#1421=EDGE_CURVE('',#1135,#1135,#941,.T.);
#1422=EDGE_CURVE('',#1114,#1132,#62,.T.);
#1423=EDGE_CURVE('',#1132,#1113,#942,.T.);
#1424=EDGE_CURVE('',#1136,#1137,#241,.T.);
#1425=EDGE_CURVE('',#1137,#1138,#242,.T.);
#1426=EDGE_CURVE('',#1138,#1139,#243,.T.);
#1427=EDGE_CURVE('',#1139,#1140,#244,.T.);
#1428=EDGE_CURVE('',#1140,#1141,#245,.T.);
#1429=EDGE_CURVE('',#1141,#1136,#246,.T.);
#1430=EDGE_CURVE('',#1137,#1142,#247,.T.);
#1431=EDGE_CURVE('',#1142,#1143,#101,.T.);
#1432=EDGE_CURVE('',#1143,#1144,#102,.T.);
#1433=EDGE_CURVE('',#1138,#1144,#248,.T.);
#1434=EDGE_CURVE('',#1144,#1145,#103,.T.);
#1435=EDGE_CURVE('',#1145,#1146,#104,.T.);
#1436=EDGE_CURVE('',#1139,#1146,#249,.T.);
#1437=EDGE_CURVE('',#1146,#1147,#105,.T.);
#1438=EDGE_CURVE('',#1147,#1148,#106,.T.);
#1439=EDGE_CURVE('',#1140,#1148,#250,.T.);
#1440=EDGE_CURVE('',#1148,#1149,#107,.T.);
#1441=EDGE_CURVE('',#1149,#1150,#108,.T.);
#1442=EDGE_CURVE('',#1141,#1150,#251,.T.);
#1443=EDGE_CURVE('',#1150,#1151,#109,.T.);
#1444=EDGE_CURVE('',#1151,#1152,#110,.T.);
#1445=EDGE_CURVE('',#1136,#1152,#252,.T.);
#1446=EDGE_CURVE('',#1152,#1153,#111,.T.);
#1447=EDGE_CURVE('',#1153,#1142,#112,.T.);
#1448=EDGE_CURVE('',#1149,#1151,#943,.T.);
#1449=EDGE_CURVE('',#1147,#1149,#944,.T.);
#1450=EDGE_CURVE('',#1145,#1147,#945,.T.);
#1451=EDGE_CURVE('',#1145,#1143,#946,.T.);
#1452=EDGE_CURVE('',#1153,#1143,#947,.T.);
#1453=EDGE_CURVE('',#1151,#1153,#948,.T.);
#1454=EDGE_CURVE('',#1134,#1109,#113,.T.);
#1455=EDGE_CURVE('',#1154,#1154,#949,.T.);
#1456=EDGE_CURVE('',#1154,#1155,#253,.T.);
#1457=EDGE_CURVE('',#1155,#1155,#950,.T.);
#1458=EDGE_CURVE('',#1156,#1156,#951,.T.);
#1459=EDGE_CURVE('',#1156,#1154,#952,.T.);
#1460=EDGE_CURVE('',#1157,#1157,#953,.T.);
#1461=EDGE_CURVE('',#1157,#1156,#254,.T.);
#1462=EDGE_CURVE('',#1158,#1158,#954,.T.);
#1463=EDGE_CURVE('',#1159,#1159,#955,.T.);
#1464=EDGE_CURVE('',#1160,#1160,#956,.T.);
#1465=EDGE_CURVE('',#1160,#1159,#255,.T.);
#1466=EDGE_CURVE('',#1161,#1161,#957,.T.);
#1467=EDGE_CURVE('',#1162,#1162,#958,.T.);
#1468=EDGE_CURVE('',#1162,#1161,#256,.T.);
#1469=EDGE_CURVE('',#1163,#1163,#959,.T.);
#1470=EDGE_CURVE('',#1164,#1164,#960,.T.);
#1471=EDGE_CURVE('',#1164,#1163,#257,.T.);
#1472=EDGE_CURVE('',#1165,#1165,#961,.T.);
#1473=EDGE_CURVE('',#1166,#1166,#962,.T.);
#1474=EDGE_CURVE('',#1166,#1165,#258,.T.);
#1475=EDGE_CURVE('',#1167,#1167,#963,.T.);
#1476=EDGE_CURVE('',#1158,#1167,#259,.T.);
#1477=EDGE_CURVE('',#1168,#1168,#964,.T.);
#1478=EDGE_CURVE('',#1169,#1169,#965,.T.);
#1479=EDGE_CURVE('',#1170,#1170,#966,.T.);
#1480=EDGE_CURVE('',#1170,#1168,#260,.T.);
#1481=EDGE_CURVE('',#1170,#1171,#967,.T.);
#1482=EDGE_CURVE('',#1171,#1171,#968,.T.);
#1483=EDGE_CURVE('',#1172,#1172,#969,.T.);
#1484=EDGE_CURVE('',#1172,#1171,#261,.T.);
#1485=EDGE_CURVE('',#1173,#1173,#970,.T.);
#1486=EDGE_CURVE('',#1173,#1169,#262,.T.);
#1487=EDGE_CURVE('',#1174,#1174,#971,.T.);
#1488=EDGE_CURVE('',#1174,#1175,#972,.T.);
#1489=EDGE_CURVE('',#1175,#1176,#973,.T.);
#1490=EDGE_CURVE('',#1176,#1175,#974,.T.);
#1491=EDGE_CURVE('',#1177,#1177,#975,.T.);
#1492=EDGE_CURVE('',#1177,#1176,#263,.T.);
#1493=EDGE_CURVE('',#1178,#1179,#264,.T.);
#1494=EDGE_CURVE('',#1178,#1180,#265,.T.);
#1495=EDGE_CURVE('',#1181,#1180,#266,.T.);
#1496=EDGE_CURVE('',#1182,#1181,#976,.T.);
#1497=EDGE_CURVE('',#1183,#1182,#267,.T.);
#1498=EDGE_CURVE('',#1179,#1183,#977,.T.);
#1499=EDGE_CURVE('',#1184,#1184,#978,.T.);
#1500=EDGE_CURVE('',#1184,#1185,#979,.T.);
#1501=EDGE_CURVE('',#1185,#1185,#980,.T.);
#1502=EDGE_CURVE('',#1185,#1186,#268,.T.);
#1503=EDGE_CURVE('',#1186,#1186,#981,.T.);
#1504=EDGE_CURVE('',#1187,#1188,#269,.T.);
#1505=EDGE_CURVE('',#1187,#1189,#270,.T.);
#1506=EDGE_CURVE('',#1190,#1189,#271,.T.);
#1507=EDGE_CURVE('',#1188,#1190,#272,.T.);
#1508=EDGE_CURVE('',#1191,#1191,#982,.T.);
#1509=EDGE_CURVE('',#1191,#1192,#983,.T.);
#1510=EDGE_CURVE('',#1192,#1193,#984,.T.);
#1511=EDGE_CURVE('',#1193,#1192,#985,.T.);
#1512=EDGE_CURVE('',#1194,#1195,#273,.T.);
#1513=EDGE_CURVE('',#1196,#1194,#986,.T.);
#1514=EDGE_CURVE('',#1197,#1196,#274,.T.);
#1515=EDGE_CURVE('',#1198,#1197,#987,.T.);
#1516=EDGE_CURVE('',#1199,#1198,#275,.T.);
#1517=EDGE_CURVE('',#1195,#1199,#276,.T.);
#1518=EDGE_CURVE('',#1193,#1200,#277,.T.);
#1519=EDGE_CURVE('',#1200,#1200,#988,.T.);
#1520=EDGE_CURVE('',#1182,#1201,#63,.T.);
#1521=EDGE_CURVE('',#1201,#1202,#278,.T.);
#1522=EDGE_CURVE('',#1202,#1183,#64,.T.);
#1523=EDGE_CURVE('',#1195,#1203,#989,.T.);
#1524=EDGE_CURVE('',#1203,#1204,#279,.T.);
#1525=EDGE_CURVE('',#1204,#1194,#65,.T.);
#1526=EDGE_CURVE('',#1180,#1205,#990,.T.);
#1527=EDGE_CURVE('',#1205,#1206,#280,.T.);
#1528=EDGE_CURVE('',#1206,#1181,#66,.T.);
#1529=EDGE_CURVE('',#1190,#1207,#991,.T.);
#1530=EDGE_CURVE('',#1207,#1205,#992,.T.);
#1531=EDGE_CURVE('',#1180,#1190,#993,.T.);
#1532=EDGE_CURVE('',#1189,#1208,#994,.T.);
#1533=EDGE_CURVE('',#1208,#1207,#281,.T.);
#1534=EDGE_CURVE('',#1199,#1209,#995,.T.);
#1535=EDGE_CURVE('',#1209,#1208,#996,.T.);
#1536=EDGE_CURVE('',#1189,#1199,#997,.T.);
#1537=EDGE_CURVE('',#1210,#1209,#282,.T.);
#1538=EDGE_CURVE('',#1198,#1210,#67,.T.);
#1539=EDGE_CURVE('',#1197,#1211,#68,.T.);
#1540=EDGE_CURVE('',#1211,#1210,#998,.T.);
#1541=EDGE_CURVE('',#1212,#1211,#283,.T.);
#1542=EDGE_CURVE('',#1196,#1212,#69,.T.);
#1543=EDGE_CURVE('',#1204,#1212,#999,.T.);
#1544=EDGE_CURVE('',#1206,#1201,#1000,.T.);
#1545=EDGE_CURVE('',#1187,#1213,#1001,.T.);
#1546=EDGE_CURVE('',#1213,#1203,#1002,.T.);
#1547=EDGE_CURVE('',#1195,#1187,#1003,.T.);
#1548=EDGE_CURVE('',#1188,#1214,#1004,.T.);
#1549=EDGE_CURVE('',#1214,#1213,#284,.T.);
#1550=EDGE_CURVE('',#1178,#1215,#1005,.T.);
#1551=EDGE_CURVE('',#1215,#1214,#1006,.T.);
#1552=EDGE_CURVE('',#1188,#1178,#1007,.T.);
#1553=EDGE_CURVE('',#1216,#1215,#285,.T.);
#1554=EDGE_CURVE('',#1179,#1216,#70,.T.);
#1555=EDGE_CURVE('',#1202,#1216,#1008,.T.);
#1556=EDGE_CURVE('',#1216,#1217,#286,.T.);
#1557=EDGE_CURVE('',#1217,#1218,#287,.T.);
#1558=EDGE_CURVE('',#1218,#1219,#1009,.T.);
#1559=EDGE_CURVE('',#1219,#1220,#288,.T.);
#1560=EDGE_CURVE('',#1220,#1221,#1010,.T.);
#1561=EDGE_CURVE('',#1221,#1222,#289,.T.);
#1562=EDGE_CURVE('',#1222,#1204,#290,.T.);
#1563=EDGE_CURVE('',#1223,#1202,#291,.T.);
#1564=EDGE_CURVE('',#1217,#1223,#1011,.T.);
#1565=EDGE_CURVE('',#1201,#1224,#292,.T.);
#1566=EDGE_CURVE('',#1223,#1224,#293,.T.);
#1567=EDGE_CURVE('',#1225,#1206,#294,.T.);
#1568=EDGE_CURVE('',#1224,#1225,#1012,.T.);
#1569=EDGE_CURVE('',#1226,#1211,#295,.T.);
#1570=EDGE_CURVE('',#1227,#1226,#1013,.T.);
#1571=EDGE_CURVE('',#1210,#1227,#296,.T.);
#1572=EDGE_CURVE('',#1228,#1222,#1014,.T.);
#1573=EDGE_CURVE('',#1212,#1228,#297,.T.);
#1574=EDGE_CURVE('',#1228,#1226,#298,.T.);
#1575=EDGE_CURVE('',#1221,#1229,#299,.T.);
#1576=EDGE_CURVE('',#1227,#1229,#300,.T.);
#1577=EDGE_CURVE('',#1230,#1225,#301,.T.);
#1578=EDGE_CURVE('',#1218,#1230,#302,.T.);
#1579=EDGE_CURVE('',#1231,#1230,#1015,.T.);
#1580=EDGE_CURVE('',#1219,#1231,#303,.T.);
#1581=EDGE_CURVE('',#1232,#1231,#304,.T.);
#1582=EDGE_CURVE('',#1220,#1232,#305,.T.);
#1583=EDGE_CURVE('',#1229,#1232,#1016,.T.);
#1584=EDGE_CURVE('',#1233,#1234,#1017,.T.);
#1585=EDGE_CURVE('',#1235,#1233,#71,.T.);
#1586=EDGE_CURVE('',#1236,#1235,#72,.T.);
#1587=EDGE_CURVE('',#1237,#1236,#73,.T.);
#1588=EDGE_CURVE('',#1234,#1237,#1018,.T.);
#1589=EDGE_CURVE('',#1234,#1234,#1019,.T.);
#1590=EDGE_CURVE('',#1238,#1237,#74,.T.);
#1591=EDGE_CURVE('',#1239,#1238,#75,.T.);
#1592=EDGE_CURVE('',#1240,#1239,#76,.T.);
#1593=EDGE_CURVE('',#1241,#1240,#77,.T.);
#1594=EDGE_CURVE('',#1233,#1241,#78,.T.);
#1595=EDGE_CURVE('',#1242,#1242,#1020,.T.);
#1596=EDGE_CURVE('',#1243,#1244,#1021,.T.);
#1597=EDGE_CURVE('',#1244,#1242,#1022,.T.);
#1598=EDGE_CURVE('',#1244,#1243,#1023,.T.);
#1599=EDGE_CURVE('',#1238,#1236,#1024,.T.);
#1600=EDGE_CURVE('',#1235,#1241,#1025,.T.);
#1601=EDGE_CURVE('',#1240,#1245,#1026,.T.);
#1602=EDGE_CURVE('',#1245,#1239,#1027,.T.);
#1603=EDGE_CURVE('',#1245,#1243,#306,.T.);
#1604=ORIENTED_EDGE('',*,*,#1246,.F.);
#1605=ORIENTED_EDGE('',*,*,#1247,.T.);
#1606=ORIENTED_EDGE('',*,*,#1248,.F.);
#1607=ORIENTED_EDGE('',*,*,#1249,.T.);
#1608=ORIENTED_EDGE('',*,*,#1250,.F.);
#1609=ORIENTED_EDGE('',*,*,#1247,.F.);
#1610=ORIENTED_EDGE('',*,*,#1251,.F.);
#1611=ORIENTED_EDGE('',*,*,#1252,.T.);
#1612=ORIENTED_EDGE('',*,*,#1253,.F.);
#1613=ORIENTED_EDGE('',*,*,#1254,.T.);
#1614=ORIENTED_EDGE('',*,*,#1255,.F.);
#1615=ORIENTED_EDGE('',*,*,#1252,.F.);
#1616=ORIENTED_EDGE('',*,*,#1256,.F.);
#1617=ORIENTED_EDGE('',*,*,#1257,.T.);
#1618=ORIENTED_EDGE('',*,*,#1258,.F.);
#1619=ORIENTED_EDGE('',*,*,#1259,.F.);
#1620=ORIENTED_EDGE('',*,*,#1260,.F.);
#1621=ORIENTED_EDGE('',*,*,#1261,.T.);
#1622=ORIENTED_EDGE('',*,*,#1262,.F.);
#1623=ORIENTED_EDGE('',*,*,#1263,.F.);
#1624=ORIENTED_EDGE('',*,*,#1264,.F.);
#1625=ORIENTED_EDGE('',*,*,#1261,.F.);
#1626=ORIENTED_EDGE('',*,*,#1265,.F.);
#1627=ORIENTED_EDGE('',*,*,#1266,.T.);
#1628=ORIENTED_EDGE('',*,*,#1267,.F.);
#1629=ORIENTED_EDGE('',*,*,#1268,.T.);
#1630=ORIENTED_EDGE('',*,*,#1269,.F.);
#1631=ORIENTED_EDGE('',*,*,#1270,.T.);
#1632=ORIENTED_EDGE('',*,*,#1271,.F.);
#1633=ORIENTED_EDGE('',*,*,#1268,.F.);
#1634=ORIENTED_EDGE('',*,*,#1272,.F.);
#1635=ORIENTED_EDGE('',*,*,#1273,.T.);
#1636=ORIENTED_EDGE('',*,*,#1274,.F.);
#1637=ORIENTED_EDGE('',*,*,#1275,.T.);
#1638=ORIENTED_EDGE('',*,*,#1276,.F.);
#1639=ORIENTED_EDGE('',*,*,#1273,.F.);
#1640=ORIENTED_EDGE('',*,*,#1277,.F.);
#1641=ORIENTED_EDGE('',*,*,#1278,.T.);
#1642=ORIENTED_EDGE('',*,*,#1279,.F.);
#1643=ORIENTED_EDGE('',*,*,#1280,.F.);
#1644=ORIENTED_EDGE('',*,*,#1281,.F.);
#1645=ORIENTED_EDGE('',*,*,#1282,.T.);
#1646=ORIENTED_EDGE('',*,*,#1283,.F.);
#1647=ORIENTED_EDGE('',*,*,#1284,.F.);
#1648=ORIENTED_EDGE('',*,*,#1285,.F.);
#1649=ORIENTED_EDGE('',*,*,#1278,.F.);
#1650=ORIENTED_EDGE('',*,*,#1286,.F.);
#1651=ORIENTED_EDGE('',*,*,#1287,.T.);
#1652=ORIENTED_EDGE('',*,*,#1256,.T.);
#1653=ORIENTED_EDGE('',*,*,#1288,.T.);
#1654=ORIENTED_EDGE('',*,*,#1283,.T.);
#1655=ORIENTED_EDGE('',*,*,#1289,.T.);
#1656=ORIENTED_EDGE('',*,*,#1290,.F.);
#1657=ORIENTED_EDGE('',*,*,#1291,.T.);
#1658=ORIENTED_EDGE('',*,*,#1292,.T.);
#1659=ORIENTED_EDGE('',*,*,#1291,.F.);
#1660=ORIENTED_EDGE('',*,*,#1293,.T.);
#1661=ORIENTED_EDGE('',*,*,#1294,.F.);
#1662=ORIENTED_EDGE('',*,*,#1295,.T.);
#1663=ORIENTED_EDGE('',*,*,#1296,.F.);
#1664=ORIENTED_EDGE('',*,*,#1297,.T.);
#1665=ORIENTED_EDGE('',*,*,#1298,.T.);
#1666=ORIENTED_EDGE('',*,*,#1299,.F.);
#1667=ORIENTED_EDGE('',*,*,#1298,.F.);
#1668=ORIENTED_EDGE('',*,*,#1251,.T.);
#1669=ORIENTED_EDGE('',*,*,#1300,.T.);
#1670=ORIENTED_EDGE('',*,*,#1271,.T.);
#1671=ORIENTED_EDGE('',*,*,#1301,.F.);
#1672=ORIENTED_EDGE('',*,*,#1264,.T.);
#1673=ORIENTED_EDGE('',*,*,#1302,.F.);
#1674=ORIENTED_EDGE('',*,*,#1286,.T.);
#1675=ORIENTED_EDGE('',*,*,#1303,.T.);
#1676=ORIENTED_EDGE('',*,*,#1304,.T.);
#1677=ORIENTED_EDGE('',*,*,#1248,.T.);
#1678=ORIENTED_EDGE('',*,*,#1250,.T.);
#1679=ORIENTED_EDGE('',*,*,#1255,.T.);
#1680=ORIENTED_EDGE('',*,*,#1305,.T.);
#1681=ORIENTED_EDGE('',*,*,#1306,.T.);
#1682=ORIENTED_EDGE('',*,*,#1307,.T.);
#1683=ORIENTED_EDGE('',*,*,#1258,.T.);
#1684=ORIENTED_EDGE('',*,*,#1308,.T.);
#1685=ORIENTED_EDGE('',*,*,#1309,.T.);
#1686=ORIENTED_EDGE('',*,*,#1265,.T.);
#1687=ORIENTED_EDGE('',*,*,#1260,.T.);
#1688=ORIENTED_EDGE('',*,*,#1310,.T.);
#1689=ORIENTED_EDGE('',*,*,#1311,.T.);
#1690=ORIENTED_EDGE('',*,*,#1312,.T.);
#1691=ORIENTED_EDGE('',*,*,#1313,.T.);
#1692=ORIENTED_EDGE('',*,*,#1297,.F.);
#1693=ORIENTED_EDGE('',*,*,#1290,.T.);
#1694=ORIENTED_EDGE('',*,*,#1272,.T.);
#1695=ORIENTED_EDGE('',*,*,#1267,.T.);
#1696=ORIENTED_EDGE('',*,*,#1314,.T.);
#1697=ORIENTED_EDGE('',*,*,#1315,.T.);
#1698=ORIENTED_EDGE('',*,*,#1316,.T.);
#1699=ORIENTED_EDGE('',*,*,#1317,.T.);
#1700=ORIENTED_EDGE('',*,*,#1318,.T.);
#1701=ORIENTED_EDGE('',*,*,#1279,.T.);
#1702=ORIENTED_EDGE('',*,*,#1285,.T.);
#1703=ORIENTED_EDGE('',*,*,#1319,.T.);
#1704=ORIENTED_EDGE('',*,*,#1320,.T.);
#1705=ORIENTED_EDGE('',*,*,#1281,.T.);
#1706=ORIENTED_EDGE('',*,*,#1321,.T.);
#1707=ORIENTED_EDGE('',*,*,#1322,.T.);
#1708=ORIENTED_EDGE('',*,*,#1323,.T.);
#1709=ORIENTED_EDGE('',*,*,#1274,.T.);
#1710=ORIENTED_EDGE('',*,*,#1299,.T.);
#1711=ORIENTED_EDGE('',*,*,#1292,.F.);
#1712=ORIENTED_EDGE('',*,*,#1324,.T.);
#1713=ORIENTED_EDGE('',*,*,#1325,.T.);
#1714=ORIENTED_EDGE('',*,*,#1294,.T.);
#1715=ORIENTED_EDGE('',*,*,#1326,.T.);
#1716=ORIENTED_EDGE('',*,*,#1296,.T.);
#1717=ORIENTED_EDGE('',*,*,#1327,.T.);
#1718=ORIENTED_EDGE('',*,*,#1328,.T.);
#1719=ORIENTED_EDGE('',*,*,#1329,.T.);
#1720=ORIENTED_EDGE('',*,*,#1330,.T.);
#1721=ORIENTED_EDGE('',*,*,#1331,.T.);
#1722=ORIENTED_EDGE('',*,*,#1332,.T.);
#1723=ORIENTED_EDGE('',*,*,#1333,.T.);
#1724=ORIENTED_EDGE('',*,*,#1303,.F.);
#1725=ORIENTED_EDGE('',*,*,#1277,.T.);
#1726=ORIENTED_EDGE('',*,*,#1324,.F.);
#1727=ORIENTED_EDGE('',*,*,#1262,.T.);
#1728=ORIENTED_EDGE('',*,*,#1328,.F.);
#1729=ORIENTED_EDGE('',*,*,#1334,.T.);
#1730=ORIENTED_EDGE('',*,*,#1330,.F.);
#1731=ORIENTED_EDGE('',*,*,#1335,.T.);
#1732=ORIENTED_EDGE('',*,*,#1332,.F.);
#1733=ORIENTED_EDGE('',*,*,#1269,.T.);
#1734=ORIENTED_EDGE('',*,*,#1300,.F.);
#1735=ORIENTED_EDGE('',*,*,#1246,.T.);
#1736=ORIENTED_EDGE('',*,*,#1289,.F.);
#1737=ORIENTED_EDGE('',*,*,#1336,.T.);
#1738=ORIENTED_EDGE('',*,*,#1337,.F.);
#1739=ORIENTED_EDGE('',*,*,#1338,.T.);
#1740=ORIENTED_EDGE('',*,*,#1339,.F.);
#1741=ORIENTED_EDGE('',*,*,#1340,.T.);
#1742=ORIENTED_EDGE('',*,*,#1288,.F.);
#1743=ORIENTED_EDGE('',*,*,#1341,.T.);
#1744=ORIENTED_EDGE('',*,*,#1342,.F.);
#1745=ORIENTED_EDGE('',*,*,#1343,.T.);
#1746=ORIENTED_EDGE('',*,*,#1344,.F.);
#1747=ORIENTED_EDGE('',*,*,#1345,.T.);
#1748=ORIENTED_EDGE('',*,*,#1337,.T.);
#1749=ORIENTED_EDGE('',*,*,#1346,.T.);
#1750=ORIENTED_EDGE('',*,*,#1302,.T.);
#1751=ORIENTED_EDGE('',*,*,#1347,.T.);
#1752=ORIENTED_EDGE('',*,*,#1344,.T.);
#1753=ORIENTED_EDGE('',*,*,#1348,.T.);
#1754=ORIENTED_EDGE('',*,*,#1339,.T.);
#1755=ORIENTED_EDGE('',*,*,#1349,.T.);
#1756=ORIENTED_EDGE('',*,*,#1301,.T.);
#1757=ORIENTED_EDGE('',*,*,#1276,.T.);
#1758=ORIENTED_EDGE('',*,*,#1342,.T.);
#1759=ORIENTED_EDGE('',*,*,#1253,.T.);
#1760=ORIENTED_EDGE('',*,*,#1287,.F.);
#1761=ORIENTED_EDGE('',*,*,#1346,.F.);
#1762=ORIENTED_EDGE('',*,*,#1350,.F.);
#1763=ORIENTED_EDGE('',*,*,#1319,.F.);
#1764=ORIENTED_EDGE('',*,*,#1350,.T.);
#1765=ORIENTED_EDGE('',*,*,#1336,.F.);
#1766=ORIENTED_EDGE('',*,*,#1282,.F.);
#1767=ORIENTED_EDGE('',*,*,#1320,.F.);
#1768=ORIENTED_EDGE('',*,*,#1284,.T.);
#1769=ORIENTED_EDGE('',*,*,#1340,.F.);
#1770=ORIENTED_EDGE('',*,*,#1351,.F.);
#1771=ORIENTED_EDGE('',*,*,#1321,.F.);
#1772=ORIENTED_EDGE('',*,*,#1280,.T.);
#1773=ORIENTED_EDGE('',*,*,#1318,.F.);
#1774=ORIENTED_EDGE('',*,*,#1352,.F.);
#1775=ORIENTED_EDGE('',*,*,#1325,.F.);
#1776=ORIENTED_EDGE('',*,*,#1351,.T.);
#1777=ORIENTED_EDGE('',*,*,#1348,.F.);
#1778=ORIENTED_EDGE('',*,*,#1353,.F.);
#1779=ORIENTED_EDGE('',*,*,#1322,.F.);
#1780=ORIENTED_EDGE('',*,*,#1352,.T.);
#1781=ORIENTED_EDGE('',*,*,#1317,.F.);
#1782=ORIENTED_EDGE('',*,*,#1354,.F.);
#1783=ORIENTED_EDGE('',*,*,#1295,.F.);
#1784=ORIENTED_EDGE('',*,*,#1353,.T.);
#1785=ORIENTED_EDGE('',*,*,#1343,.F.);
#1786=ORIENTED_EDGE('',*,*,#1275,.F.);
#1787=ORIENTED_EDGE('',*,*,#1323,.F.);
#1788=ORIENTED_EDGE('',*,*,#1354,.T.);
#1789=ORIENTED_EDGE('',*,*,#1316,.F.);
#1790=ORIENTED_EDGE('',*,*,#1355,.F.);
#1791=ORIENTED_EDGE('',*,*,#1327,.F.);
#1792=ORIENTED_EDGE('',*,*,#1355,.T.);
#1793=ORIENTED_EDGE('',*,*,#1315,.F.);
#1794=ORIENTED_EDGE('',*,*,#1356,.F.);
#1795=ORIENTED_EDGE('',*,*,#1334,.F.);
#1796=ORIENTED_EDGE('',*,*,#1356,.T.);
#1797=ORIENTED_EDGE('',*,*,#1314,.F.);
#1798=ORIENTED_EDGE('',*,*,#1270,.F.);
#1799=ORIENTED_EDGE('',*,*,#1331,.F.);
#1800=ORIENTED_EDGE('',*,*,#1357,.F.);
#1801=ORIENTED_EDGE('',*,*,#1347,.F.);
#1802=ORIENTED_EDGE('',*,*,#1266,.F.);
#1803=ORIENTED_EDGE('',*,*,#1309,.F.);
#1804=ORIENTED_EDGE('',*,*,#1357,.T.);
#1805=ORIENTED_EDGE('',*,*,#1308,.F.);
#1806=ORIENTED_EDGE('',*,*,#1257,.F.);
#1807=ORIENTED_EDGE('',*,*,#1338,.F.);
#1808=ORIENTED_EDGE('',*,*,#1263,.T.);
#1809=ORIENTED_EDGE('',*,*,#1326,.F.);
#1810=ORIENTED_EDGE('',*,*,#1358,.F.);
#1811=ORIENTED_EDGE('',*,*,#1310,.F.);
#1812=ORIENTED_EDGE('',*,*,#1259,.T.);
#1813=ORIENTED_EDGE('',*,*,#1307,.F.);
#1814=ORIENTED_EDGE('',*,*,#1359,.F.);
#1815=ORIENTED_EDGE('',*,*,#1341,.F.);
#1816=ORIENTED_EDGE('',*,*,#1358,.T.);
#1817=ORIENTED_EDGE('',*,*,#1293,.F.);
#1818=ORIENTED_EDGE('',*,*,#1360,.F.);
#1819=ORIENTED_EDGE('',*,*,#1311,.F.);
#1820=ORIENTED_EDGE('',*,*,#1359,.T.);
#1821=ORIENTED_EDGE('',*,*,#1306,.F.);
#1822=ORIENTED_EDGE('',*,*,#1361,.F.);
#1823=ORIENTED_EDGE('',*,*,#1349,.F.);
#1824=ORIENTED_EDGE('',*,*,#1360,.T.);
#1825=ORIENTED_EDGE('',*,*,#1329,.F.);
#1826=ORIENTED_EDGE('',*,*,#1362,.F.);
#1827=ORIENTED_EDGE('',*,*,#1312,.F.);
#1828=ORIENTED_EDGE('',*,*,#1361,.T.);
#1829=ORIENTED_EDGE('',*,*,#1305,.F.);
#1830=ORIENTED_EDGE('',*,*,#1254,.F.);
#1831=ORIENTED_EDGE('',*,*,#1345,.F.);
#1832=ORIENTED_EDGE('',*,*,#1362,.T.);
#1833=ORIENTED_EDGE('',*,*,#1335,.F.);
#1834=ORIENTED_EDGE('',*,*,#1363,.F.);
#1835=ORIENTED_EDGE('',*,*,#1313,.F.);
#1836=ORIENTED_EDGE('',*,*,#1363,.T.);
#1837=ORIENTED_EDGE('',*,*,#1333,.F.);
#1838=ORIENTED_EDGE('',*,*,#1249,.F.);
#1839=ORIENTED_EDGE('',*,*,#1304,.F.);
#1840=ORIENTED_EDGE('',*,*,#1364,.F.);
#1841=ORIENTED_EDGE('',*,*,#1365,.T.);
#1842=ORIENTED_EDGE('',*,*,#1366,.F.);
#1843=ORIENTED_EDGE('',*,*,#1367,.F.);
#1844=ORIENTED_EDGE('',*,*,#1368,.F.);
#1845=ORIENTED_EDGE('',*,*,#1369,.T.);
#1846=ORIENTED_EDGE('',*,*,#1364,.T.);
#1847=ORIENTED_EDGE('',*,*,#1370,.F.);
#1848=ORIENTED_EDGE('',*,*,#1371,.F.);
#1849=ORIENTED_EDGE('',*,*,#1372,.T.);
#1850=ORIENTED_EDGE('',*,*,#1368,.T.);
#1851=ORIENTED_EDGE('',*,*,#1373,.F.);
#1852=ORIENTED_EDGE('',*,*,#1374,.F.);
#1853=ORIENTED_EDGE('',*,*,#1375,.T.);
#1854=ORIENTED_EDGE('',*,*,#1371,.T.);
#1855=ORIENTED_EDGE('',*,*,#1376,.F.);
#1856=ORIENTED_EDGE('',*,*,#1377,.F.);
#1857=ORIENTED_EDGE('',*,*,#1378,.T.);
#1858=ORIENTED_EDGE('',*,*,#1374,.T.);
#1859=ORIENTED_EDGE('',*,*,#1379,.F.);
#1860=ORIENTED_EDGE('',*,*,#1380,.F.);
#1861=ORIENTED_EDGE('',*,*,#1381,.T.);
#1862=ORIENTED_EDGE('',*,*,#1382,.T.);
#1863=ORIENTED_EDGE('',*,*,#1377,.T.);
#1864=ORIENTED_EDGE('',*,*,#1383,.F.);
#1865=ORIENTED_EDGE('',*,*,#1384,.F.);
#1866=ORIENTED_EDGE('',*,*,#1385,.T.);
#1867=ORIENTED_EDGE('',*,*,#1366,.T.);
#1868=ORIENTED_EDGE('',*,*,#1386,.T.);
#1869=ORIENTED_EDGE('',*,*,#1387,.F.);
#1870=ORIENTED_EDGE('',*,*,#1388,.T.);
#1871=ORIENTED_EDGE('',*,*,#1389,.T.);
#1872=ORIENTED_EDGE('',*,*,#1384,.T.);
#1873=ORIENTED_EDGE('',*,*,#1390,.T.);
#1874=ORIENTED_EDGE('',*,*,#1391,.F.);
#1875=ORIENTED_EDGE('',*,*,#1392,.T.);
#1876=ORIENTED_EDGE('',*,*,#1393,.T.);
#1877=ORIENTED_EDGE('',*,*,#1394,.T.);
#1878=ORIENTED_EDGE('',*,*,#1395,.F.);
#1879=ORIENTED_EDGE('',*,*,#1396,.T.);
#1880=ORIENTED_EDGE('',*,*,#1391,.T.);
#1881=ORIENTED_EDGE('',*,*,#1397,.T.);
#1882=ORIENTED_EDGE('',*,*,#1398,.F.);
#1883=ORIENTED_EDGE('',*,*,#1399,.T.);
#1884=ORIENTED_EDGE('',*,*,#1395,.T.);
#1885=ORIENTED_EDGE('',*,*,#1400,.T.);
#1886=ORIENTED_EDGE('',*,*,#1401,.F.);
#1887=ORIENTED_EDGE('',*,*,#1402,.T.);
#1888=ORIENTED_EDGE('',*,*,#1398,.T.);
#1889=ORIENTED_EDGE('',*,*,#1403,.T.);
#1890=ORIENTED_EDGE('',*,*,#1404,.F.);
#1891=ORIENTED_EDGE('',*,*,#1405,.T.);
#1892=ORIENTED_EDGE('',*,*,#1401,.T.);
#1893=ORIENTED_EDGE('',*,*,#1406,.T.);
#1894=ORIENTED_EDGE('',*,*,#1407,.F.);
#1895=ORIENTED_EDGE('',*,*,#1408,.T.);
#1896=ORIENTED_EDGE('',*,*,#1404,.T.);
#1897=ORIENTED_EDGE('',*,*,#1409,.T.);
#1898=ORIENTED_EDGE('',*,*,#1410,.F.);
#1899=ORIENTED_EDGE('',*,*,#1411,.T.);
#1900=ORIENTED_EDGE('',*,*,#1407,.T.);
#1901=ORIENTED_EDGE('',*,*,#1412,.T.);
#1902=ORIENTED_EDGE('',*,*,#1410,.T.);
#1903=ORIENTED_EDGE('',*,*,#1413,.T.);
#1904=ORIENTED_EDGE('',*,*,#1414,.F.);
#1905=ORIENTED_EDGE('',*,*,#1415,.T.);
#1906=ORIENTED_EDGE('',*,*,#1416,.F.);
#1907=ORIENTED_EDGE('',*,*,#1381,.F.);
#1908=ORIENTED_EDGE('',*,*,#1417,.F.);
#1909=ORIENTED_EDGE('',*,*,#1418,.F.);
#1910=ORIENTED_EDGE('',*,*,#1393,.F.);
#1911=ORIENTED_EDGE('',*,*,#1419,.F.);
#1912=ORIENTED_EDGE('',*,*,#1420,.T.);
#1913=ORIENTED_EDGE('',*,*,#1421,.T.);
#1914=ORIENTED_EDGE('',*,*,#1420,.F.);
#1915=ORIENTED_EDGE('',*,*,#1387,.T.);
#1916=ORIENTED_EDGE('',*,*,#1422,.T.);
#1917=ORIENTED_EDGE('',*,*,#1423,.T.);
#1918=ORIENTED_EDGE('',*,*,#1424,.T.);
#1919=ORIENTED_EDGE('',*,*,#1425,.T.);
#1920=ORIENTED_EDGE('',*,*,#1426,.T.);
#1921=ORIENTED_EDGE('',*,*,#1427,.T.);
#1922=ORIENTED_EDGE('',*,*,#1428,.T.);
#1923=ORIENTED_EDGE('',*,*,#1429,.T.);
#1924=ORIENTED_EDGE('',*,*,#1423,.F.);
#1925=ORIENTED_EDGE('',*,*,#1414,.T.);
#1926=ORIENTED_EDGE('',*,*,#1388,.F.);
#1927=ORIENTED_EDGE('',*,*,#1430,.T.);
#1928=ORIENTED_EDGE('',*,*,#1431,.T.);
#1929=ORIENTED_EDGE('',*,*,#1432,.T.);
#1930=ORIENTED_EDGE('',*,*,#1433,.F.);
#1931=ORIENTED_EDGE('',*,*,#1425,.F.);
#1932=ORIENTED_EDGE('',*,*,#1433,.T.);
#1933=ORIENTED_EDGE('',*,*,#1434,.T.);
#1934=ORIENTED_EDGE('',*,*,#1435,.T.);
#1935=ORIENTED_EDGE('',*,*,#1436,.F.);
#1936=ORIENTED_EDGE('',*,*,#1426,.F.);
#1937=ORIENTED_EDGE('',*,*,#1436,.T.);
#1938=ORIENTED_EDGE('',*,*,#1437,.T.);
#1939=ORIENTED_EDGE('',*,*,#1438,.T.);
#1940=ORIENTED_EDGE('',*,*,#1439,.F.);
#1941=ORIENTED_EDGE('',*,*,#1427,.F.);
#1942=ORIENTED_EDGE('',*,*,#1439,.T.);
#1943=ORIENTED_EDGE('',*,*,#1440,.T.);
#1944=ORIENTED_EDGE('',*,*,#1441,.T.);
#1945=ORIENTED_EDGE('',*,*,#1442,.F.);
#1946=ORIENTED_EDGE('',*,*,#1428,.F.);
#1947=ORIENTED_EDGE('',*,*,#1442,.T.);
#1948=ORIENTED_EDGE('',*,*,#1443,.T.);
#1949=ORIENTED_EDGE('',*,*,#1444,.T.);
#1950=ORIENTED_EDGE('',*,*,#1445,.F.);
#1951=ORIENTED_EDGE('',*,*,#1429,.F.);
#1952=ORIENTED_EDGE('',*,*,#1445,.T.);
#1953=ORIENTED_EDGE('',*,*,#1446,.T.);
#1954=ORIENTED_EDGE('',*,*,#1447,.T.);
#1955=ORIENTED_EDGE('',*,*,#1430,.F.);
#1956=ORIENTED_EDGE('',*,*,#1424,.F.);
#1957=ORIENTED_EDGE('',*,*,#1448,.T.);
#1958=ORIENTED_EDGE('',*,*,#1443,.F.);
#1959=ORIENTED_EDGE('',*,*,#1441,.F.);
#1960=ORIENTED_EDGE('',*,*,#1449,.T.);
#1961=ORIENTED_EDGE('',*,*,#1440,.F.);
#1962=ORIENTED_EDGE('',*,*,#1438,.F.);
#1963=ORIENTED_EDGE('',*,*,#1450,.T.);
#1964=ORIENTED_EDGE('',*,*,#1437,.F.);
#1965=ORIENTED_EDGE('',*,*,#1435,.F.);
#1966=ORIENTED_EDGE('',*,*,#1451,.F.);
#1967=ORIENTED_EDGE('',*,*,#1434,.F.);
#1968=ORIENTED_EDGE('',*,*,#1432,.F.);
#1969=ORIENTED_EDGE('',*,*,#1447,.F.);
#1970=ORIENTED_EDGE('',*,*,#1452,.T.);
#1971=ORIENTED_EDGE('',*,*,#1431,.F.);
#1972=ORIENTED_EDGE('',*,*,#1453,.T.);
#1973=ORIENTED_EDGE('',*,*,#1446,.F.);
#1974=ORIENTED_EDGE('',*,*,#1444,.F.);
#1975=ORIENTED_EDGE('',*,*,#1453,.F.);
#1976=ORIENTED_EDGE('',*,*,#1448,.F.);
#1977=ORIENTED_EDGE('',*,*,#1449,.F.);
#1978=ORIENTED_EDGE('',*,*,#1450,.F.);
#1979=ORIENTED_EDGE('',*,*,#1451,.T.);
#1980=ORIENTED_EDGE('',*,*,#1452,.F.);
#1981=ORIENTED_EDGE('',*,*,#1380,.T.);
#1982=ORIENTED_EDGE('',*,*,#1454,.F.);
#1983=ORIENTED_EDGE('',*,*,#1417,.T.);
#1984=ORIENTED_EDGE('',*,*,#1389,.F.);
#1985=ORIENTED_EDGE('',*,*,#1413,.F.);
#1986=ORIENTED_EDGE('',*,*,#1412,.F.);
#1987=ORIENTED_EDGE('',*,*,#1409,.F.);
#1988=ORIENTED_EDGE('',*,*,#1406,.F.);
#1989=ORIENTED_EDGE('',*,*,#1403,.F.);
#1990=ORIENTED_EDGE('',*,*,#1400,.F.);
#1991=ORIENTED_EDGE('',*,*,#1397,.F.);
#1992=ORIENTED_EDGE('',*,*,#1394,.F.);
#1993=ORIENTED_EDGE('',*,*,#1418,.T.);
#1994=ORIENTED_EDGE('',*,*,#1454,.T.);
#1995=ORIENTED_EDGE('',*,*,#1383,.T.);
#1996=ORIENTED_EDGE('',*,*,#1379,.T.);
#1997=ORIENTED_EDGE('',*,*,#1376,.T.);
#1998=ORIENTED_EDGE('',*,*,#1373,.T.);
#1999=ORIENTED_EDGE('',*,*,#1370,.T.);
#2000=ORIENTED_EDGE('',*,*,#1367,.T.);
#2001=ORIENTED_EDGE('',*,*,#1385,.F.);
#2002=ORIENTED_EDGE('',*,*,#1386,.F.);
#2003=ORIENTED_EDGE('',*,*,#1365,.F.);
#2004=ORIENTED_EDGE('',*,*,#1369,.F.);
#2005=ORIENTED_EDGE('',*,*,#1372,.F.);
#2006=ORIENTED_EDGE('',*,*,#1375,.F.);
#2007=ORIENTED_EDGE('',*,*,#1378,.F.);
#2008=ORIENTED_EDGE('',*,*,#1382,.F.);
#2009=ORIENTED_EDGE('',*,*,#1416,.T.);
#2010=ORIENTED_EDGE('',*,*,#1419,.T.);
#2011=ORIENTED_EDGE('',*,*,#1392,.F.);
#2012=ORIENTED_EDGE('',*,*,#1396,.F.);
#2013=ORIENTED_EDGE('',*,*,#1399,.F.);
#2014=ORIENTED_EDGE('',*,*,#1402,.F.);
#2015=ORIENTED_EDGE('',*,*,#1405,.F.);
#2016=ORIENTED_EDGE('',*,*,#1408,.F.);
#2017=ORIENTED_EDGE('',*,*,#1411,.F.);
#2018=ORIENTED_EDGE('',*,*,#1415,.F.);
#2019=ORIENTED_EDGE('',*,*,#1422,.F.);
#2020=ORIENTED_EDGE('',*,*,#1390,.F.);
#2021=ORIENTED_EDGE('',*,*,#1421,.F.);
#2022=ORIENTED_EDGE('',*,*,#1455,.F.);
#2023=ORIENTED_EDGE('',*,*,#1456,.T.);
#2024=ORIENTED_EDGE('',*,*,#1457,.T.);
#2025=ORIENTED_EDGE('',*,*,#1456,.F.);
#2026=ORIENTED_EDGE('',*,*,#1458,.F.);
#2027=ORIENTED_EDGE('',*,*,#1459,.T.);
#2028=ORIENTED_EDGE('',*,*,#1455,.T.);
#2029=ORIENTED_EDGE('',*,*,#1459,.F.);
#2030=ORIENTED_EDGE('',*,*,#1460,.F.);
#2031=ORIENTED_EDGE('',*,*,#1461,.T.);
#2032=ORIENTED_EDGE('',*,*,#1458,.T.);
#2033=ORIENTED_EDGE('',*,*,#1461,.F.);
#2034=ORIENTED_EDGE('',*,*,#1457,.F.);
#2035=ORIENTED_EDGE('',*,*,#1460,.T.);
#2036=ORIENTED_EDGE('',*,*,#1462,.T.);
#2037=ORIENTED_EDGE('',*,*,#1463,.F.);
#2038=ORIENTED_EDGE('',*,*,#1464,.F.);
#2039=ORIENTED_EDGE('',*,*,#1465,.T.);
#2040=ORIENTED_EDGE('',*,*,#1463,.T.);
#2041=ORIENTED_EDGE('',*,*,#1465,.F.);
#2042=ORIENTED_EDGE('',*,*,#1466,.F.);
#2043=ORIENTED_EDGE('',*,*,#1464,.T.);
#2044=ORIENTED_EDGE('',*,*,#1467,.F.);
#2045=ORIENTED_EDGE('',*,*,#1468,.T.);
#2046=ORIENTED_EDGE('',*,*,#1466,.T.);
#2047=ORIENTED_EDGE('',*,*,#1468,.F.);
#2048=ORIENTED_EDGE('',*,*,#1467,.T.);
#2049=ORIENTED_EDGE('',*,*,#1469,.F.);
#2050=ORIENTED_EDGE('',*,*,#1470,.F.);
#2051=ORIENTED_EDGE('',*,*,#1471,.T.);
#2052=ORIENTED_EDGE('',*,*,#1469,.T.);
#2053=ORIENTED_EDGE('',*,*,#1471,.F.);
#2054=ORIENTED_EDGE('',*,*,#1470,.T.);
#2055=ORIENTED_EDGE('',*,*,#1472,.F.);
#2056=ORIENTED_EDGE('',*,*,#1473,.F.);
#2057=ORIENTED_EDGE('',*,*,#1474,.T.);
#2058=ORIENTED_EDGE('',*,*,#1472,.T.);
#2059=ORIENTED_EDGE('',*,*,#1474,.F.);
#2060=ORIENTED_EDGE('',*,*,#1475,.F.);
#2061=ORIENTED_EDGE('',*,*,#1473,.T.);
#2062=ORIENTED_EDGE('',*,*,#1462,.F.);
#2063=ORIENTED_EDGE('',*,*,#1476,.T.);
#2064=ORIENTED_EDGE('',*,*,#1475,.T.);
#2065=ORIENTED_EDGE('',*,*,#1476,.F.);
#2066=ORIENTED_EDGE('',*,*,#1477,.F.);
#2067=ORIENTED_EDGE('',*,*,#1478,.T.);
#2068=ORIENTED_EDGE('',*,*,#1479,.F.);
#2069=ORIENTED_EDGE('',*,*,#1480,.T.);
#2070=ORIENTED_EDGE('',*,*,#1477,.T.);
#2071=ORIENTED_EDGE('',*,*,#1480,.F.);
#2072=ORIENTED_EDGE('',*,*,#1479,.T.);
#2073=ORIENTED_EDGE('',*,*,#1481,.T.);
#2074=ORIENTED_EDGE('',*,*,#1482,.F.);
#2075=ORIENTED_EDGE('',*,*,#1481,.F.);
#2076=ORIENTED_EDGE('',*,*,#1483,.F.);
#2077=ORIENTED_EDGE('',*,*,#1484,.T.);
#2078=ORIENTED_EDGE('',*,*,#1482,.T.);
#2079=ORIENTED_EDGE('',*,*,#1484,.F.);
#2080=ORIENTED_EDGE('',*,*,#1483,.T.);
#2081=ORIENTED_EDGE('',*,*,#1485,.F.);
#2082=ORIENTED_EDGE('',*,*,#1485,.T.);
#2083=ORIENTED_EDGE('',*,*,#1486,.T.);
#2084=ORIENTED_EDGE('',*,*,#1478,.F.);
#2085=ORIENTED_EDGE('',*,*,#1486,.F.);
#2086=ORIENTED_EDGE('',*,*,#1487,.T.);
#2087=ORIENTED_EDGE('',*,*,#1488,.T.);
#2088=ORIENTED_EDGE('',*,*,#1489,.T.);
#2089=ORIENTED_EDGE('',*,*,#1490,.T.);
#2090=ORIENTED_EDGE('',*,*,#1488,.F.);
#2091=ORIENTED_EDGE('',*,*,#1491,.F.);
#2092=ORIENTED_EDGE('',*,*,#1492,.T.);
#2093=ORIENTED_EDGE('',*,*,#1489,.F.);
#2094=ORIENTED_EDGE('',*,*,#1490,.F.);
#2095=ORIENTED_EDGE('',*,*,#1492,.F.);
#2096=ORIENTED_EDGE('',*,*,#1493,.F.);
#2097=ORIENTED_EDGE('',*,*,#1494,.T.);
#2098=ORIENTED_EDGE('',*,*,#1495,.F.);
#2099=ORIENTED_EDGE('',*,*,#1496,.F.);
#2100=ORIENTED_EDGE('',*,*,#1497,.F.);
#2101=ORIENTED_EDGE('',*,*,#1498,.F.);
#2102=ORIENTED_EDGE('',*,*,#1487,.F.);
#2103=ORIENTED_EDGE('',*,*,#1499,.T.);
#2104=ORIENTED_EDGE('',*,*,#1500,.T.);
#2105=ORIENTED_EDGE('',*,*,#1501,.T.);
#2106=ORIENTED_EDGE('',*,*,#1500,.F.);
#2107=ORIENTED_EDGE('',*,*,#1501,.F.);
#2108=ORIENTED_EDGE('',*,*,#1502,.T.);
#2109=ORIENTED_EDGE('',*,*,#1503,.F.);
#2110=ORIENTED_EDGE('',*,*,#1502,.F.);
#2111=ORIENTED_EDGE('',*,*,#1504,.F.);
#2112=ORIENTED_EDGE('',*,*,#1505,.T.);
#2113=ORIENTED_EDGE('',*,*,#1506,.F.);
#2114=ORIENTED_EDGE('',*,*,#1507,.F.);
#2115=ORIENTED_EDGE('',*,*,#1499,.F.);
#2116=ORIENTED_EDGE('',*,*,#1508,.T.);
#2117=ORIENTED_EDGE('',*,*,#1509,.T.);
#2118=ORIENTED_EDGE('',*,*,#1510,.T.);
#2119=ORIENTED_EDGE('',*,*,#1511,.T.);
#2120=ORIENTED_EDGE('',*,*,#1509,.F.);
#2121=ORIENTED_EDGE('',*,*,#1512,.F.);
#2122=ORIENTED_EDGE('',*,*,#1513,.F.);
#2123=ORIENTED_EDGE('',*,*,#1514,.F.);
#2124=ORIENTED_EDGE('',*,*,#1515,.F.);
#2125=ORIENTED_EDGE('',*,*,#1516,.F.);
#2126=ORIENTED_EDGE('',*,*,#1517,.F.);
#2127=ORIENTED_EDGE('',*,*,#1508,.F.);
#2128=ORIENTED_EDGE('',*,*,#1511,.F.);
#2129=ORIENTED_EDGE('',*,*,#1518,.T.);
#2130=ORIENTED_EDGE('',*,*,#1519,.F.);
#2131=ORIENTED_EDGE('',*,*,#1518,.F.);
#2132=ORIENTED_EDGE('',*,*,#1510,.F.);
#2133=ORIENTED_EDGE('',*,*,#1497,.T.);
#2134=ORIENTED_EDGE('',*,*,#1520,.T.);
#2135=ORIENTED_EDGE('',*,*,#1521,.T.);
#2136=ORIENTED_EDGE('',*,*,#1522,.T.);
#2137=ORIENTED_EDGE('',*,*,#1512,.T.);
#2138=ORIENTED_EDGE('',*,*,#1523,.T.);
#2139=ORIENTED_EDGE('',*,*,#1524,.T.);
#2140=ORIENTED_EDGE('',*,*,#1525,.T.);
#2141=ORIENTED_EDGE('',*,*,#1495,.T.);
#2142=ORIENTED_EDGE('',*,*,#1526,.T.);
#2143=ORIENTED_EDGE('',*,*,#1527,.T.);
#2144=ORIENTED_EDGE('',*,*,#1528,.T.);
#2145=ORIENTED_EDGE('',*,*,#1529,.T.);
#2146=ORIENTED_EDGE('',*,*,#1530,.T.);
#2147=ORIENTED_EDGE('',*,*,#1526,.F.);
#2148=ORIENTED_EDGE('',*,*,#1531,.T.);
#2149=ORIENTED_EDGE('',*,*,#1532,.T.);
#2150=ORIENTED_EDGE('',*,*,#1533,.T.);
#2151=ORIENTED_EDGE('',*,*,#1529,.F.);
#2152=ORIENTED_EDGE('',*,*,#1506,.T.);
#2153=ORIENTED_EDGE('',*,*,#1534,.T.);
#2154=ORIENTED_EDGE('',*,*,#1535,.T.);
#2155=ORIENTED_EDGE('',*,*,#1532,.F.);
#2156=ORIENTED_EDGE('',*,*,#1536,.T.);
#2157=ORIENTED_EDGE('',*,*,#1537,.T.);
#2158=ORIENTED_EDGE('',*,*,#1534,.F.);
#2159=ORIENTED_EDGE('',*,*,#1516,.T.);
#2160=ORIENTED_EDGE('',*,*,#1538,.T.);
#2161=ORIENTED_EDGE('',*,*,#1515,.T.);
#2162=ORIENTED_EDGE('',*,*,#1539,.T.);
#2163=ORIENTED_EDGE('',*,*,#1540,.T.);
#2164=ORIENTED_EDGE('',*,*,#1538,.F.);
#2165=ORIENTED_EDGE('',*,*,#1541,.T.);
#2166=ORIENTED_EDGE('',*,*,#1539,.F.);
#2167=ORIENTED_EDGE('',*,*,#1514,.T.);
#2168=ORIENTED_EDGE('',*,*,#1542,.T.);
#2169=ORIENTED_EDGE('',*,*,#1543,.T.);
#2170=ORIENTED_EDGE('',*,*,#1542,.F.);
#2171=ORIENTED_EDGE('',*,*,#1513,.T.);
#2172=ORIENTED_EDGE('',*,*,#1525,.F.);
#2173=ORIENTED_EDGE('',*,*,#1496,.T.);
#2174=ORIENTED_EDGE('',*,*,#1528,.F.);
#2175=ORIENTED_EDGE('',*,*,#1544,.T.);
#2176=ORIENTED_EDGE('',*,*,#1520,.F.);
#2177=ORIENTED_EDGE('',*,*,#1545,.T.);
#2178=ORIENTED_EDGE('',*,*,#1546,.T.);
#2179=ORIENTED_EDGE('',*,*,#1523,.F.);
#2180=ORIENTED_EDGE('',*,*,#1547,.T.);
#2181=ORIENTED_EDGE('',*,*,#1548,.T.);
#2182=ORIENTED_EDGE('',*,*,#1549,.T.);
#2183=ORIENTED_EDGE('',*,*,#1545,.F.);
#2184=ORIENTED_EDGE('',*,*,#1504,.T.);
#2185=ORIENTED_EDGE('',*,*,#1550,.T.);
#2186=ORIENTED_EDGE('',*,*,#1551,.T.);
#2187=ORIENTED_EDGE('',*,*,#1548,.F.);
#2188=ORIENTED_EDGE('',*,*,#1552,.T.);
#2189=ORIENTED_EDGE('',*,*,#1553,.T.);
#2190=ORIENTED_EDGE('',*,*,#1550,.F.);
#2191=ORIENTED_EDGE('',*,*,#1493,.T.);
#2192=ORIENTED_EDGE('',*,*,#1554,.T.);
#2193=ORIENTED_EDGE('',*,*,#1498,.T.);
#2194=ORIENTED_EDGE('',*,*,#1522,.F.);
#2195=ORIENTED_EDGE('',*,*,#1555,.T.);
#2196=ORIENTED_EDGE('',*,*,#1554,.F.);
#2197=ORIENTED_EDGE('',*,*,#1524,.F.);
#2198=ORIENTED_EDGE('',*,*,#1546,.F.);
#2199=ORIENTED_EDGE('',*,*,#1549,.F.);
#2200=ORIENTED_EDGE('',*,*,#1551,.F.);
#2201=ORIENTED_EDGE('',*,*,#1553,.F.);
#2202=ORIENTED_EDGE('',*,*,#1556,.T.);
#2203=ORIENTED_EDGE('',*,*,#1557,.T.);
#2204=ORIENTED_EDGE('',*,*,#1558,.T.);
#2205=ORIENTED_EDGE('',*,*,#1559,.T.);
#2206=ORIENTED_EDGE('',*,*,#1560,.T.);
#2207=ORIENTED_EDGE('',*,*,#1561,.T.);
#2208=ORIENTED_EDGE('',*,*,#1562,.T.);
#2209=ORIENTED_EDGE('',*,*,#1555,.F.);
#2210=ORIENTED_EDGE('',*,*,#1563,.F.);
#2211=ORIENTED_EDGE('',*,*,#1564,.F.);
#2212=ORIENTED_EDGE('',*,*,#1556,.F.);
#2213=ORIENTED_EDGE('',*,*,#1521,.F.);
#2214=ORIENTED_EDGE('',*,*,#1565,.T.);
#2215=ORIENTED_EDGE('',*,*,#1566,.F.);
#2216=ORIENTED_EDGE('',*,*,#1563,.T.);
#2217=ORIENTED_EDGE('',*,*,#1544,.F.);
#2218=ORIENTED_EDGE('',*,*,#1567,.F.);
#2219=ORIENTED_EDGE('',*,*,#1568,.F.);
#2220=ORIENTED_EDGE('',*,*,#1565,.F.);
#2221=ORIENTED_EDGE('',*,*,#1540,.F.);
#2222=ORIENTED_EDGE('',*,*,#1569,.F.);
#2223=ORIENTED_EDGE('',*,*,#1570,.F.);
#2224=ORIENTED_EDGE('',*,*,#1571,.F.);
#2225=ORIENTED_EDGE('',*,*,#1543,.F.);
#2226=ORIENTED_EDGE('',*,*,#1562,.F.);
#2227=ORIENTED_EDGE('',*,*,#1572,.F.);
#2228=ORIENTED_EDGE('',*,*,#1573,.F.);
#2229=ORIENTED_EDGE('',*,*,#1570,.T.);
#2230=ORIENTED_EDGE('',*,*,#1574,.F.);
#2231=ORIENTED_EDGE('',*,*,#1572,.T.);
#2232=ORIENTED_EDGE('',*,*,#1561,.F.);
#2233=ORIENTED_EDGE('',*,*,#1575,.T.);
#2234=ORIENTED_EDGE('',*,*,#1576,.F.);
#2235=ORIENTED_EDGE('',*,*,#1519,.T.);
#2236=ORIENTED_EDGE('',*,*,#1541,.F.);
#2237=ORIENTED_EDGE('',*,*,#1573,.T.);
#2238=ORIENTED_EDGE('',*,*,#1574,.T.);
#2239=ORIENTED_EDGE('',*,*,#1569,.T.);
#2240=ORIENTED_EDGE('',*,*,#1547,.F.);
#2241=ORIENTED_EDGE('',*,*,#1517,.T.);
#2242=ORIENTED_EDGE('',*,*,#1536,.F.);
#2243=ORIENTED_EDGE('',*,*,#1505,.F.);
#2244=ORIENTED_EDGE('',*,*,#1552,.F.);
#2245=ORIENTED_EDGE('',*,*,#1507,.T.);
#2246=ORIENTED_EDGE('',*,*,#1531,.F.);
#2247=ORIENTED_EDGE('',*,*,#1494,.F.);
#2248=ORIENTED_EDGE('',*,*,#1568,.T.);
#2249=ORIENTED_EDGE('',*,*,#1577,.F.);
#2250=ORIENTED_EDGE('',*,*,#1578,.F.);
#2251=ORIENTED_EDGE('',*,*,#1557,.F.);
#2252=ORIENTED_EDGE('',*,*,#1564,.T.);
#2253=ORIENTED_EDGE('',*,*,#1566,.T.);
#2254=ORIENTED_EDGE('',*,*,#1491,.T.);
#2255=ORIENTED_EDGE('',*,*,#1578,.T.);
#2256=ORIENTED_EDGE('',*,*,#1579,.F.);
#2257=ORIENTED_EDGE('',*,*,#1580,.F.);
#2258=ORIENTED_EDGE('',*,*,#1558,.F.);
#2259=ORIENTED_EDGE('',*,*,#1580,.T.);
#2260=ORIENTED_EDGE('',*,*,#1581,.F.);
#2261=ORIENTED_EDGE('',*,*,#1582,.F.);
#2262=ORIENTED_EDGE('',*,*,#1559,.F.);
#2263=ORIENTED_EDGE('',*,*,#1503,.T.);
#2264=ORIENTED_EDGE('',*,*,#1582,.T.);
#2265=ORIENTED_EDGE('',*,*,#1583,.F.);
#2266=ORIENTED_EDGE('',*,*,#1575,.F.);
#2267=ORIENTED_EDGE('',*,*,#1560,.F.);
#2268=ORIENTED_EDGE('',*,*,#1537,.F.);
#2269=ORIENTED_EDGE('',*,*,#1571,.T.);
#2270=ORIENTED_EDGE('',*,*,#1576,.T.);
#2271=ORIENTED_EDGE('',*,*,#1583,.T.);
#2272=ORIENTED_EDGE('',*,*,#1581,.T.);
#2273=ORIENTED_EDGE('',*,*,#1579,.T.);
#2274=ORIENTED_EDGE('',*,*,#1577,.T.);
#2275=ORIENTED_EDGE('',*,*,#1567,.T.);
#2276=ORIENTED_EDGE('',*,*,#1527,.F.);
#2277=ORIENTED_EDGE('',*,*,#1530,.F.);
#2278=ORIENTED_EDGE('',*,*,#1533,.F.);
#2279=ORIENTED_EDGE('',*,*,#1535,.F.);
#2280=ORIENTED_EDGE('',*,*,#1584,.F.);
#2281=ORIENTED_EDGE('',*,*,#1585,.F.);
#2282=ORIENTED_EDGE('',*,*,#1586,.F.);
#2283=ORIENTED_EDGE('',*,*,#1587,.F.);
#2284=ORIENTED_EDGE('',*,*,#1588,.F.);
#2285=ORIENTED_EDGE('',*,*,#1589,.T.);
#2286=ORIENTED_EDGE('',*,*,#1588,.T.);
#2287=ORIENTED_EDGE('',*,*,#1590,.F.);
#2288=ORIENTED_EDGE('',*,*,#1591,.F.);
#2289=ORIENTED_EDGE('',*,*,#1592,.F.);
#2290=ORIENTED_EDGE('',*,*,#1593,.F.);
#2291=ORIENTED_EDGE('',*,*,#1594,.F.);
#2292=ORIENTED_EDGE('',*,*,#1584,.T.);
#2293=ORIENTED_EDGE('',*,*,#1589,.F.);
#2294=ORIENTED_EDGE('',*,*,#1595,.F.);
#2295=ORIENTED_EDGE('',*,*,#1596,.T.);
#2296=ORIENTED_EDGE('',*,*,#1597,.T.);
#2297=ORIENTED_EDGE('',*,*,#1595,.T.);
#2298=ORIENTED_EDGE('',*,*,#1597,.F.);
#2299=ORIENTED_EDGE('',*,*,#1598,.T.);
#2300=ORIENTED_EDGE('',*,*,#1590,.T.);
#2301=ORIENTED_EDGE('',*,*,#1587,.T.);
#2302=ORIENTED_EDGE('',*,*,#1599,.F.);
#2303=ORIENTED_EDGE('',*,*,#1585,.T.);
#2304=ORIENTED_EDGE('',*,*,#1594,.T.);
#2305=ORIENTED_EDGE('',*,*,#1600,.F.);
#2306=ORIENTED_EDGE('',*,*,#1601,.T.);
#2307=ORIENTED_EDGE('',*,*,#1602,.T.);
#2308=ORIENTED_EDGE('',*,*,#1591,.T.);
#2309=ORIENTED_EDGE('',*,*,#1599,.T.);
#2310=ORIENTED_EDGE('',*,*,#1586,.T.);
#2311=ORIENTED_EDGE('',*,*,#1600,.T.);
#2312=ORIENTED_EDGE('',*,*,#1593,.T.);
#2313=ORIENTED_EDGE('',*,*,#1592,.T.);
#2314=ORIENTED_EDGE('',*,*,#1602,.F.);
#2315=ORIENTED_EDGE('',*,*,#1603,.T.);
#2316=ORIENTED_EDGE('',*,*,#1598,.F.);
#2317=ORIENTED_EDGE('',*,*,#1596,.F.);
#2318=ORIENTED_EDGE('',*,*,#1603,.F.);
#2319=ORIENTED_EDGE('',*,*,#1601,.F.);
#2320=(
BOUNDED_SURFACE()
B_SPLINE_SURFACE(2,2,((#3645,#3646,#3647),(#3648,#3649,#3650),(#3651,#3652,
#3653)),.UNSPECIFIED.,.F.,.F.,.F.)
B_SPLINE_SURFACE_WITH_KNOTS((3,3),(3,3),(0.,1.5707963267949),(-0.0436332312998608,
1.4334125471659),.UNSPECIFIED.)
GEOMETRIC_REPRESENTATION_ITEM()
RATIONAL_B_SPLINE_SURFACE(((1.,0.739463750685842,1.),(0.707106781186546,
0.522879832551597,0.707106781186546),(1.,0.739463750685842,1.)))
REPRESENTATION_ITEM('')
SURFACE()
);
#2321=(
BOUNDED_SURFACE()
B_SPLINE_SURFACE(2,2,((#3668,#3669,#3670),(#3671,#3672,#3673),(#3674,#3675,
#3676)),.UNSPECIFIED.,.F.,.F.,.F.)
B_SPLINE_SURFACE_WITH_KNOTS((3,3),(3,3),(0.,1.5707963267949),(-0.738522889232882,
0.738522889232882),.UNSPECIFIED.)
GEOMETRIC_REPRESENTATION_ITEM()
RATIONAL_B_SPLINE_SURFACE(((1.,0.739463750685842,1.),(0.707106781186546,
0.522879832551597,0.707106781186546),(1.,0.739463750685842,1.)))
REPRESENTATION_ITEM('')
SURFACE()
);
#2322=(
BOUNDED_SURFACE()
B_SPLINE_SURFACE(2,2,((#3706,#3707,#3708),(#3709,#3710,#3711),(#3712,#3713,
#3714)),.UNSPECIFIED.,.F.,.F.,.F.)
B_SPLINE_SURFACE_WITH_KNOTS((3,3),(3,3),(-1.5707963267949,0.),(-0.0436332312998608,
1.4334125471659),.UNSPECIFIED.)
GEOMETRIC_REPRESENTATION_ITEM()
RATIONAL_B_SPLINE_SURFACE(((1.,0.739463750685842,1.),(0.707106781186546,
0.522879832551597,0.707106781186546),(1.,0.739463750685842,1.)))
REPRESENTATION_ITEM('')
SURFACE()
);
#2323=(
BOUNDED_SURFACE()
B_SPLINE_SURFACE(2,2,((#3729,#3730,#3731),(#3732,#3733,#3734),(#3735,#3736,
#3737)),.UNSPECIFIED.,.F.,.F.,.F.)
B_SPLINE_SURFACE_WITH_KNOTS((3,3),(3,3),(-1.5707963267949,0.),(-0.738522889232882,
0.738522889232882),.UNSPECIFIED.)
GEOMETRIC_REPRESENTATION_ITEM()
RATIONAL_B_SPLINE_SURFACE(((1.,0.739463750685842,1.),(0.707106781186546,
0.522879832551597,0.707106781186546),(1.,0.739463750685842,1.)))
REPRESENTATION_ITEM('')
SURFACE()
);
#2324=(
BOUNDED_SURFACE()
B_SPLINE_SURFACE(2,2,((#3888,#3889,#3890,#3891,#3892),(#3893,#3894,#3895,
#3896,#3897),(#3898,#3899,#3900,#3901,#3902)),.UNSPECIFIED.,.F.,.F.,.F.)
B_SPLINE_SURFACE_WITH_KNOTS((3,3),(3,2,3),(-1.5707963267949,0.),(-3.09795942228994,
-2.28042462783271,-1.46288983337549),.UNSPECIFIED.)
GEOMETRIC_REPRESENTATION_ITEM()
RATIONAL_B_SPLINE_SURFACE(((1.,0.917611452959424,1.,0.917611452959424,1.),
(0.707106781186546,0.648849280882048,0.707106781186546,0.648849280882048,
0.707106781186546),(1.,0.917611452959424,1.,0.917611452959424,1.)))
REPRESENTATION_ITEM('')
SURFACE()
);
#2325=(
BOUNDED_SURFACE()
B_SPLINE_SURFACE(2,2,((#3909,#3910,#3911,#3912,#3913),(#3914,#3915,#3916,
#3917,#3918),(#3919,#3920,#3921,#3922,#3923)),.UNSPECIFIED.,.F.,.F.,.F.)
B_SPLINE_SURFACE_WITH_KNOTS((3,3),(3,2,3),(-1.5707963267949,0.),(-1.6787028202143,
-0.861168025757079,-0.0436332312998581),.UNSPECIFIED.)
GEOMETRIC_REPRESENTATION_ITEM()
RATIONAL_B_SPLINE_SURFACE(((1.,0.917611452959424,1.,0.917611452959424,1.),
(0.707106781186547,0.648849280882049,0.707106781186547,0.648849280882049,
0.707106781186547),(1.,0.917611452959424,1.,0.917611452959424,1.)))
REPRESENTATION_ITEM('')
SURFACE()
);
#2326=(
BOUNDED_SURFACE()
B_SPLINE_SURFACE(2,2,((#3935,#3936,#3937,#3938,#3939),(#3940,#3941,#3942,
#3943,#3944),(#3945,#3946,#3947,#3948,#3949)),.UNSPECIFIED.,.F.,.F.,.F.)
B_SPLINE_SURFACE_WITH_KNOTS((3,3),(3,2,3),(0.,1.5707963267949),(-3.09795942228994,
-2.28042462783271,-1.46288983337549),.UNSPECIFIED.)
GEOMETRIC_REPRESENTATION_ITEM()
RATIONAL_B_SPLINE_SURFACE(((1.,0.917611452959424,1.,0.917611452959424,1.),
(0.707106781186546,0.648849280882048,0.707106781186546,0.648849280882048,
0.707106781186546),(1.,0.917611452959424,1.,0.917611452959424,1.)))
REPRESENTATION_ITEM('')
SURFACE()
);
#2327=(
BOUNDED_SURFACE()
B_SPLINE_SURFACE(2,2,((#3954,#3955,#3956,#3957,#3958),(#3959,#3960,#3961,
#3962,#3963),(#3964,#3965,#3966,#3967,#3968)),.UNSPECIFIED.,.F.,.F.,.F.)
B_SPLINE_SURFACE_WITH_KNOTS((3,3),(3,2,3),(0.,1.5707963267949),(-1.6787028202143,
-0.861168025757079,-0.0436332312998581),.UNSPECIFIED.)
GEOMETRIC_REPRESENTATION_ITEM()
RATIONAL_B_SPLINE_SURFACE(((1.,0.917611452959424,1.,0.917611452959424,1.),
(0.707106781186547,0.648849280882049,0.707106781186547,0.648849280882049,
0.707106781186547),(1.,0.917611452959424,1.,0.917611452959424,1.)))
REPRESENTATION_ITEM('')
SURFACE()
);
#2328=(
BOUNDED_SURFACE()
B_SPLINE_SURFACE(1,2,((#5036,#5037,#5038,#5039,#5040,#5041,#5042,#5043,
#5044,#5045,#5046,#5047,#5048,#5049,#5050,#5051,#5052,#5053,#5054,#5055,
#5056,#5057,#5058,#5059,#5060,#5061,#5062,#5063,#5064,#5065,#5066,#5067,
#5068,#5069,#5070,#5071,#5072,#5073,#5074,#5075,#5076,#5077,#5078,#5079,
#5080,#5081,#5082,#5083,#5084,#5085,#5086,#5087,#5088,#5089,#5090,#5091,
#5092,#5093,#5094,#5095,#5096,#5097,#5098,#5099,#5100,#5101,#5102,#5103,
#5104,#5105,#5106,#5107,#5108,#5109,#5110,#5111,#5112,#5113,#5114,#5115,
#5116,#5117,#5118,#5119,#5120,#5121,#5122,#5123,#5124,#5125,#5126,#5127,
#5128,#5129,#5130,#5131,#5132,#5133,#5134,#5135,#5136,#5137,#5138,#5139,
#5140,#5141,#5142,#5143,#5144,#5145,#5146,#5147,#5148,#5149,#5150,#5151,
#5152,#5153,#5154,#5155,#5156,#5157,#5158,#5159,#5160,#5161,#5162,#5163,
#5164,#5165,#5166,#5167,#5168,#5169,#5170,#5171,#5172),(#5173,#5174,#5175,
#5176,#5177,#5178,#5179,#5180,#5181,#5182,#5183,#5184,#5185,#5186,#5187,
#5188,#5189,#5190,#5191,#5192,#5193,#5194,#5195,#5196,#5197,#5198,#5199,
#5200,#5201,#5202,#5203,#5204,#5205,#5206,#5207,#5208,#5209,#5210,#5211,
#5212,#5213,#5214,#5215,#5216,#5217,#5218,#5219,#5220,#5221,#5222,#5223,
#5224,#5225,#5226,#5227,#5228,#5229,#5230,#5231,#5232,#5233,#5234,#5235,
#5236,#5237,#5238,#5239,#5240,#5241,#5242,#5243,#5244,#5245,#5246,#5247,
#5248,#5249,#5250,#5251,#5252,#5253,#5254,#5255,#5256,#5257,#5258,#5259,
#5260,#5261,#5262,#5263,#5264,#5265,#5266,#5267,#5268,#5269,#5270,#5271,
#5272,#5273,#5274,#5275,#5276,#5277,#5278,#5279,#5280,#5281,#5282,#5283,
#5284,#5285,#5286,#5287,#5288,#5289,#5290,#5291,#5292,#5293,#5294,#5295,
#5296,#5297,#5298,#5299,#5300,#5301,#5302,#5303,#5304,#5305,#5306,#5307,
#5308,#5309)),.UNSPECIFIED.,.F.,.F.,.F.)
B_SPLINE_SURFACE_WITH_KNOTS((2,2),(3,2,2,2,2,2,2,2,2,2,2,2,2,2,2,2,2,2,
2,2,2,2,2,2,2,2,2,2,2,2,2,2,2,2,2,2,2,2,2,2,2,2,2,2,2,2,2,2,2,2,2,2,2,2,
2,2,2,2,2,2,2,2,2,2,2,2,2,2,3),(0.,1.00000591934906),(0.,0.0138888888888889,
0.0277777777777778,0.0416666666666667,0.0555555555555556,0.0694444444444444,
0.0833333333333333,0.0972222222222222,0.111111111111111,0.125,0.138888888888889,
0.152777777777778,0.166666666666667,0.180555555555556,0.194444444444444,
0.208333333333333,0.222222222222222,0.236111111111111,0.25,0.263888888888889,
0.277777777777778,0.291666666666667,0.305555555555556,0.319444444444444,
0.333333333333333,0.347222222222222,0.361111111111111,0.375,0.388888888888889,
0.402777777777778,0.416666666666667,0.430555555555556,0.444444444444444,
0.458333333333333,0.472222222222222,0.486111111111111,0.5,0.513888888888889,
0.527777777777778,0.541666666666667,0.555555555555556,0.569444444444444,
0.583333333333333,0.597222222222222,0.611111111111111,0.625,0.638888888888889,
0.652777777777778,0.666666666666667,0.680555555555556,0.694444444444444,
0.708333333333333,0.722222222222222,0.736111111111111,0.75,0.763888888888889,
0.777777777777778,0.791666666666667,0.805555555555556,0.819444444444444,
0.833333333333333,0.847222222222222,0.861111111111111,0.875,0.888888888888889,
0.902777777777778,0.916666666666667,0.930555555555556,0.944444444444444),
 .UNSPECIFIED.)
GEOMETRIC_REPRESENTATION_ITEM()
RATIONAL_B_SPLINE_SURFACE(((1.,0.923879532511287,1.,0.923879532511287,1.,
0.923879532511287,1.,0.923879532511287,1.,0.923879532511287,1.,0.923879532511287,
1.,0.923879532511287,1.,0.923879532511287,1.,0.923879532511287,1.,0.923879532511287,
1.,0.923879532511287,1.,0.923879532511287,1.,0.923879532511287,1.,0.923879532511287,
1.,0.923879532511287,1.,0.923879532511287,1.,0.923879532511287,1.,0.923879532511287,
1.,0.923879532511287,1.,0.923879532511287,1.,0.923879532511287,1.,0.923879532511287,
1.,0.923879532511287,1.,0.923879532511287,1.,0.923879532511287,1.,0.923879532511287,
1.,0.923879532511287,1.,0.923879532511287,1.,0.923879532511287,1.,0.923879532511287,
1.,0.923879532511287,1.,0.923879532511287,1.,0.923879532511287,1.,0.923879532511287,
1.,0.923879532511287,1.,0.923879532511287,1.,0.923879532511287,1.,0.923879532511287,
1.,0.923879532511287,1.,0.923879532511287,1.,0.923879532511287,1.,0.923879532511287,
1.,0.923879532511287,1.,0.923879532511287,1.,0.923879532511287,1.,0.923879532511287,
1.,0.923879532511287,1.,0.923879532511287,1.,0.923879532511287,1.,0.923879532511287,
1.,0.923879532511287,1.,0.923879532511287,1.,0.923879532511287,1.,0.923879532511287,
1.,0.923879532511287,1.,0.923879532511287,1.,0.923879532511287,1.,0.923879532511287,
1.,0.923879532511287,1.,0.923879532511287,1.,0.923879532511287,1.,0.923879532511287,
1.,0.923879532511287,1.,0.923879532511287,1.,0.923879532511287,1.,0.923879532511287,
1.,0.923879532511287,1.,0.923879532511287,1.),(1.,0.923879532511287,1.,
0.923879532511287,1.,0.923879532511287,1.,0.923879532511287,1.,0.923879532511287,
1.,0.923879532511287,1.,0.923879532511287,1.,0.923879532511287,1.,0.923879532511287,
1.,0.923879532511287,1.,0.923879532511287,1.,0.923879532511287,1.,0.923879532511287,
1.,0.923879532511287,1.,0.923879532511287,1.,0.923879532511287,1.,0.923879532511287,
1.,0.923879532511287,1.,0.923879532511287,1.,0.923879532511287,1.,0.923879532511287,
1.,0.923879532511287,1.,0.923879532511287,1.,0.923879532511287,1.,0.923879532511287,
1.,0.923879532511287,1.,0.923879532511287,1.,0.923879532511287,1.,0.923879532511287,
1.,0.923879532511287,1.,0.923879532511287,1.,0.923879532511287,1.,0.923879532511287,
1.,0.923879532511287,1.,0.923879532511287,1.,0.923879532511287,1.,0.923879532511287,
1.,0.923879532511287,1.,0.923879532511287,1.,0.923879532511287,1.,0.923879532511287,
1.,0.923879532511287,1.,0.923879532511287,1.,0.923879532511287,1.,0.923879532511287,
1.,0.923879532511287,1.,0.923879532511287,1.,0.923879532511287,1.,0.923879532511287,
1.,0.923879532511287,1.,0.923879532511287,1.,0.923879532511287,1.,0.923879532511287,
1.,0.923879532511287,1.,0.923879532511287,1.,0.923879532511287,1.,0.923879532511287,
1.,0.923879532511287,1.,0.923879532511287,1.,0.923879532511287,1.,0.923879532511287,
1.,0.923879532511287,1.,0.923879532511287,1.,0.923879532511287,1.,0.923879532511287,
1.,0.923879532511287,1.,0.923879532511287,1.,0.923879532511287,1.)))
REPRESENTATION_ITEM('')
SURFACE()
);
#2329=(
BOUNDED_SURFACE()
B_SPLINE_SURFACE(1,2,((#5310,#5311,#5312,#5313,#5314,#5315,#5316,#5317,
#5318,#5319,#5320,#5321,#5322,#5323,#5324,#5325,#5326,#5327,#5328,#5329,
#5330,#5331,#5332,#5333,#5334,#5335,#5336,#5337,#5338,#5339,#5340,#5341,
#5342,#5343,#5344,#5345,#5346,#5347,#5348,#5349,#5350,#5351,#5352,#5353,
#5354,#5355,#5356,#5357,#5358,#5359,#5360,#5361,#5362,#5363,#5364,#5365,
#5366,#5367,#5368,#5369,#5370,#5371,#5372,#5373,#5374,#5375,#5376,#5377,
#5378,#5379,#5380,#5381,#5382,#5383,#5384,#5385,#5386,#5387,#5388,#5389,
#5390,#5391,#5392,#5393,#5394,#5395,#5396,#5397,#5398,#5399,#5400,#5401,
#5402,#5403,#5404,#5405,#5406,#5407,#5408,#5409,#5410,#5411,#5412,#5413,
#5414,#5415,#5416,#5417,#5418,#5419,#5420,#5421,#5422,#5423,#5424,#5425,
#5426,#5427,#5428,#5429,#5430,#5431,#5432,#5433,#5434,#5435,#5436,#5437,
#5438,#5439,#5440,#5441,#5442,#5443,#5444,#5445,#5446),(#5447,#5448,#5449,
#5450,#5451,#5452,#5453,#5454,#5455,#5456,#5457,#5458,#5459,#5460,#5461,
#5462,#5463,#5464,#5465,#5466,#5467,#5468,#5469,#5470,#5471,#5472,#5473,
#5474,#5475,#5476,#5477,#5478,#5479,#5480,#5481,#5482,#5483,#5484,#5485,
#5486,#5487,#5488,#5489,#5490,#5491,#5492,#5493,#5494,#5495,#5496,#5497,
#5498,#5499,#5500,#5501,#5502,#5503,#5504,#5505,#5506,#5507,#5508,#5509,
#5510,#5511,#5512,#5513,#5514,#5515,#5516,#5517,#5518,#5519,#5520,#5521,
#5522,#5523,#5524,#5525,#5526,#5527,#5528,#5529,#5530,#5531,#5532,#5533,
#5534,#5535,#5536,#5537,#5538,#5539,#5540,#5541,#5542,#5543,#5544,#5545,
#5546,#5547,#5548,#5549,#5550,#5551,#5552,#5553,#5554,#5555,#5556,#5557,
#5558,#5559,#5560,#5561,#5562,#5563,#5564,#5565,#5566,#5567,#5568,#5569,
#5570,#5571,#5572,#5573,#5574,#5575,#5576,#5577,#5578,#5579,#5580,#5581,
#5582,#5583)),.UNSPECIFIED.,.F.,.F.,.F.)
B_SPLINE_SURFACE_WITH_KNOTS((2,2),(3,2,2,2,2,2,2,2,2,2,2,2,2,2,2,2,2,2,
2,2,2,2,2,2,2,2,2,2,2,2,2,2,2,2,2,2,2,2,2,2,2,2,2,2,2,2,2,2,2,2,2,2,2,2,
2,2,2,2,2,2,2,2,2,2,2,2,2,2,3),(-1.29975981567685E-10,1.),(0.,0.0138888888888889,
0.0277777777777778,0.0416666666666667,0.0555555555555556,0.0694444444444444,
0.0833333333333333,0.0972222222222222,0.111111111111111,0.125,0.138888888888889,
0.152777777777778,0.166666666666667,0.180555555555556,0.194444444444444,
0.208333333333333,0.222222222222222,0.236111111111111,0.25,0.263888888888889,
0.277777777777778,0.291666666666667,0.305555555555556,0.319444444444444,
0.333333333333333,0.347222222222222,0.361111111111111,0.375,0.388888888888889,
0.402777777777778,0.416666666666667,0.430555555555556,0.444444444444444,
0.458333333333333,0.472222222222222,0.486111111111111,0.5,0.513888888888889,
0.527777777777778,0.541666666666667,0.555555555555556,0.569444444444444,
0.583333333333333,0.597222222222222,0.611111111111111,0.625,0.638888888888889,
0.652777777777778,0.666666666666667,0.680555555555556,0.694444444444444,
0.708333333333333,0.722222222222222,0.736111111111111,0.75,0.763888888888889,
0.777777777777778,0.791666666666667,0.805555555555556,0.819444444444444,
0.833333333333333,0.847222222222222,0.861111111111111,0.875,0.888888888888889,
0.902777777777778,0.916666666666667,0.930555555555556,0.944444444444444),
 .UNSPECIFIED.)
GEOMETRIC_REPRESENTATION_ITEM()
RATIONAL_B_SPLINE_SURFACE(((1.,0.923879532511287,1.,0.923879532511287,1.,
0.923879532511287,1.,0.923879532511287,1.,0.923879532511287,1.,0.923879532511287,
1.,0.923879532511287,1.,0.923879532511287,1.,0.923879532511287,1.,0.923879532511287,
1.,0.923879532511287,1.,0.923879532511287,1.,0.923879532511287,1.,0.923879532511287,
1.,0.923879532511287,1.,0.923879532511287,1.,0.923879532511287,1.,0.923879532511287,
1.,0.923879532511287,1.,0.923879532511287,1.,0.923879532511287,1.,0.923879532511287,
1.,0.923879532511287,1.,0.923879532511287,1.,0.923879532511287,1.,0.923879532511287,
1.,0.923879532511287,1.,0.923879532511287,1.,0.923879532511287,1.,0.923879532511287,
1.,0.923879532511287,1.,0.923879532511287,1.,0.923879532511287,1.,0.923879532511287,
1.,0.923879532511287,1.,0.923879532511287,1.,0.923879532511287,1.,0.923879532511287,
1.,0.923879532511287,1.,0.923879532511287,1.,0.923879532511287,1.,0.923879532511287,
1.,0.923879532511287,1.,0.923879532511287,1.,0.923879532511287,1.,0.923879532511287,
1.,0.923879532511287,1.,0.923879532511287,1.,0.923879532511287,1.,0.923879532511287,
1.,0.923879532511287,1.,0.923879532511287,1.,0.923879532511287,1.,0.923879532511287,
1.,0.923879532511287,1.,0.923879532511287,1.,0.923879532511287,1.,0.923879532511287,
1.,0.923879532511287,1.,0.923879532511287,1.,0.923879532511287,1.,0.923879532511287,
1.,0.923879532511287,1.,0.923879532511287,1.,0.923879532511287,1.,0.923879532511287,
1.,0.923879532511287,1.,0.923879532511287,1.),(1.,0.923879532511287,1.,
0.923879532511287,1.,0.923879532511287,1.,0.923879532511287,1.,0.923879532511287,
1.,0.923879532511287,1.,0.923879532511287,1.,0.923879532511287,1.,0.923879532511287,
1.,0.923879532511287,1.,0.923879532511287,1.,0.923879532511287,1.,0.923879532511287,
1.,0.923879532511287,1.,0.923879532511287,1.,0.923879532511287,1.,0.923879532511287,
1.,0.923879532511287,1.,0.923879532511287,1.,0.923879532511287,1.,0.923879532511287,
1.,0.923879532511287,1.,0.923879532511287,1.,0.923879532511287,1.,0.923879532511287,
1.,0.923879532511287,1.,0.923879532511287,1.,0.923879532511287,1.,0.923879532511287,
1.,0.923879532511287,1.,0.923879532511287,1.,0.923879532511287,1.,0.923879532511287,
1.,0.923879532511287,1.,0.923879532511287,1.,0.923879532511287,1.,0.923879532511287,
1.,0.923879532511287,1.,0.923879532511287,1.,0.923879532511287,1.,0.923879532511287,
1.,0.923879532511287,1.,0.923879532511287,1.,0.923879532511287,1.,0.923879532511287,
1.,0.923879532511287,1.,0.923879532511287,1.,0.923879532511287,1.,0.923879532511287,
1.,0.923879532511287,1.,0.923879532511287,1.,0.923879532511287,1.,0.923879532511287,
1.,0.923879532511287,1.,0.923879532511287,1.,0.923879532511287,1.,0.923879532511287,
1.,0.923879532511287,1.,0.923879532511287,1.,0.923879532511287,1.,0.923879532511287,
1.,0.923879532511287,1.,0.923879532511287,1.,0.923879532511287,1.,0.923879532511287,
1.,0.923879532511287,1.,0.923879532511287,1.,0.923879532511287,1.)))
REPRESENTATION_ITEM('')
SURFACE()
);
#2330=(
BOUNDED_SURFACE()
B_SPLINE_SURFACE(2,2,((#5592,#5593,#5594,#5595,#5596,#5597,#5598,#5599,
#5600),(#5601,#5602,#5603,#5604,#5605,#5606,#5607,#5608,#5609),(#5610,#5611,
#5612,#5613,#5614,#5615,#5616,#5617,#5618)),.UNSPECIFIED.,.F.,.T.,.F.)
B_SPLINE_SURFACE_WITH_KNOTS((3,3),(3,2,2,2,3),(1.41122114633098,1.73037150725882),
(-3.14159265358979,-1.5707963267949,0.,1.5707963267949,3.14159265358979),
 .UNSPECIFIED.)
GEOMETRIC_REPRESENTATION_ITEM()
RATIONAL_B_SPLINE_SURFACE(((1.,0.707106781186548,1.,0.707106781186548,1.,
0.707106781186548,1.,0.707106781186548,1.),(0.987294875776944,0.698122901692607,
0.987294875776944,0.698122901692607,0.987294875776944,0.698122901692607,
0.987294875776944,0.698122901692607,0.987294875776944),(1.,0.707106781186548,
1.,0.707106781186548,1.,0.707106781186548,1.,0.707106781186548,1.)))
REPRESENTATION_ITEM('')
SURFACE()
);
#2331=ADVANCED_FACE('',(#521),#2320,.F.);
#2332=ADVANCED_FACE('',(#522),#490,.T.);
#2333=ADVANCED_FACE('',(#523),#2321,.F.);
#2334=ADVANCED_FACE('',(#524),#491,.T.);
#2335=ADVANCED_FACE('',(#525),#492,.T.);
#2336=ADVANCED_FACE('',(#526),#493,.T.);
#2337=ADVANCED_FACE('',(#527),#2322,.F.);
#2338=ADVANCED_FACE('',(#528),#494,.T.);
#2339=ADVANCED_FACE('',(#529),#2323,.F.);
#2340=ADVANCED_FACE('',(#530),#495,.T.);
#2341=ADVANCED_FACE('',(#531),#496,.T.);
#2342=ADVANCED_FACE('',(#532),#497,.T.);
#2343=ADVANCED_FACE('',(#533),#423,.T.);
#2344=ADVANCED_FACE('',(#534),#424,.F.);
#2345=ADVANCED_FACE('',(#535),#425,.T.);
#2346=ADVANCED_FACE('',(#536),#426,.F.);
#2347=ADVANCED_FACE('',(#537),#427,.F.);
#2348=ADVANCED_FACE('',(#538),#428,.T.);
#2349=ADVANCED_FACE('',(#539,#136,#137),#154,.T.);
#2350=ADVANCED_FACE('',(#540,#138,#139),#155,.F.);
#2351=ADVANCED_FACE('',(#541),#156,.F.);
#2352=ADVANCED_FACE('',(#542),#429,.T.);
#2353=ADVANCED_FACE('',(#543),#157,.F.);
#2354=ADVANCED_FACE('',(#544),#430,.F.);
#2355=ADVANCED_FACE('',(#545),#431,.T.);
#2356=ADVANCED_FACE('',(#546),#432,.T.);
#2357=ADVANCED_FACE('',(#547),#158,.F.);
#2358=ADVANCED_FACE('',(#548),#433,.T.);
#2359=ADVANCED_FACE('',(#549),#159,.F.);
#2360=ADVANCED_FACE('',(#550),#434,.F.);
#2361=ADVANCED_FACE('',(#551),#435,.T.);
#2362=ADVANCED_FACE('',(#552),#436,.T.);
#2363=ADVANCED_FACE('',(#553),#498,.T.);
#2364=ADVANCED_FACE('',(#554),#437,.T.);
#2365=ADVANCED_FACE('',(#555),#499,.T.);
#2366=ADVANCED_FACE('',(#556),#438,.T.);
#2367=ADVANCED_FACE('',(#557),#2324,.F.);
#2368=ADVANCED_FACE('',(#558),#500,.T.);
#2369=ADVANCED_FACE('',(#559),#439,.T.);
#2370=ADVANCED_FACE('',(#560),#501,.T.);
#2371=ADVANCED_FACE('',(#561),#2325,.F.);
#2372=ADVANCED_FACE('',(#562),#440,.T.);
#2373=ADVANCED_FACE('',(#563),#502,.T.);
#2374=ADVANCED_FACE('',(#564),#441,.T.);
#2375=ADVANCED_FACE('',(#565),#442,.T.);
#2376=ADVANCED_FACE('',(#566),#503,.T.);
#2377=ADVANCED_FACE('',(#567),#504,.T.);
#2378=ADVANCED_FACE('',(#568),#2326,.F.);
#2379=ADVANCED_FACE('',(#569),#505,.T.);
#2380=ADVANCED_FACE('',(#570),#443,.T.);
#2381=ADVANCED_FACE('',(#571),#2327,.F.);
#2382=ADVANCED_FACE('',(#572),#444,.T.);
#2383=ADVANCED_FACE('',(#573),#445,.T.);
#2384=ADVANCED_FACE('',(#574),#446,.T.);
#2385=ADVANCED_FACE('',(#575),#447,.T.);
#2386=ADVANCED_FACE('',(#576),#448,.T.);
#2387=ADVANCED_FACE('',(#577),#449,.T.);
#2388=ADVANCED_FACE('',(#578),#450,.T.);
#2389=ADVANCED_FACE('',(#579),#79,.T.);
#2390=ADVANCED_FACE('',(#580),#80,.T.);
#2391=ADVANCED_FACE('',(#581),#451,.T.);
#2392=ADVANCED_FACE('',(#582),#452,.T.);
#2393=ADVANCED_FACE('',(#583),#453,.T.);
#2394=ADVANCED_FACE('',(#584),#454,.T.);
#2395=ADVANCED_FACE('',(#585),#455,.T.);
#2396=ADVANCED_FACE('',(#586),#456,.T.);
#2397=ADVANCED_FACE('',(#587),#457,.T.);
#2398=ADVANCED_FACE('',(#588),#458,.T.);
#2399=ADVANCED_FACE('',(#589),#81,.T.);
#2400=ADVANCED_FACE('',(#590),#82,.T.);
#2401=ADVANCED_FACE('',(#591,#140),#160,.T.);
#2402=ADVANCED_FACE('',(#592),#161,.T.);
#2403=ADVANCED_FACE('',(#593),#162,.T.);
#2404=ADVANCED_FACE('',(#594),#163,.T.);
#2405=ADVANCED_FACE('',(#595),#164,.T.);
#2406=ADVANCED_FACE('',(#596),#165,.T.);
#2407=ADVANCED_FACE('',(#597),#166,.T.);
#2408=ADVANCED_FACE('',(#598),#83,.T.);
#2409=ADVANCED_FACE('',(#599),#84,.T.);
#2410=ADVANCED_FACE('',(#600),#85,.T.);
#2411=ADVANCED_FACE('',(#601),#86,.T.);
#2412=ADVANCED_FACE('',(#602),#87,.T.);
#2413=ADVANCED_FACE('',(#603),#88,.T.);
#2414=ADVANCED_FACE('',(#604),#167,.F.);
#2415=ADVANCED_FACE('',(#605),#459,.T.);
#2416=ADVANCED_FACE('',(#606),#2328,.T.);
#2417=ADVANCED_FACE('',(#607),#2329,.T.);
#2418=ADVANCED_FACE('',(#608),#168,.F.);
#2419=ADVANCED_FACE('',(#609),#460,.T.);
#2420=ADVANCED_FACE('',(#610),#2330,.F.);
#2421=ADVANCED_FACE('',(#611),#461,.F.);
#2422=ADVANCED_FACE('',(#612,#141),#169,.F.);
#2423=ADVANCED_FACE('',(#613,#142),#170,.T.);
#2424=ADVANCED_FACE('',(#614),#462,.T.);
#2425=ADVANCED_FACE('',(#615,#143),#171,.T.);
#2426=ADVANCED_FACE('',(#616),#463,.T.);
#2427=ADVANCED_FACE('',(#617),#172,.T.);
#2428=ADVANCED_FACE('',(#618),#173,.T.);
#2429=ADVANCED_FACE('',(#619),#464,.T.);
#2430=ADVANCED_FACE('',(#620,#144),#174,.T.);
#2431=ADVANCED_FACE('',(#621),#465,.T.);
#2432=ADVANCED_FACE('',(#622,#145),#175,.T.);
#2433=ADVANCED_FACE('',(#623),#466,.T.);
#2434=ADVANCED_FACE('',(#624,#146),#176,.T.);
#2435=ADVANCED_FACE('',(#625),#467,.T.);
#2436=ADVANCED_FACE('',(#626),#506,.F.);
#2437=ADVANCED_FACE('',(#627),#468,.T.);
#2438=ADVANCED_FACE('',(#628,#147),#177,.T.);
#2439=ADVANCED_FACE('',(#629),#469,.F.);
#2440=ADVANCED_FACE('',(#630),#507,.T.);
#2441=ADVANCED_FACE('',(#631),#470,.F.);
#2442=ADVANCED_FACE('',(#632,#148),#178,.T.);
#2443=ADVANCED_FACE('',(#633),#508,.T.);
#2444=ADVANCED_FACE('',(#634),#471,.F.);
#2445=ADVANCED_FACE('',(#635,#149),#179,.T.);
#2446=ADVANCED_FACE('',(#636),#509,.T.);
#2447=ADVANCED_FACE('',(#637,#150),#180,.T.);
#2448=ADVANCED_FACE('',(#638),#472,.F.);
#2449=ADVANCED_FACE('',(#639),#473,.T.);
#2450=ADVANCED_FACE('',(#640),#474,.T.);
#2451=ADVANCED_FACE('',(#641),#475,.T.);
#2452=ADVANCED_FACE('',(#642),#510,.T.);
#2453=ADVANCED_FACE('',(#643),#476,.T.);
#2454=ADVANCED_FACE('',(#644),#511,.T.);
#2455=ADVANCED_FACE('',(#645),#477,.T.);
#2456=ADVANCED_FACE('',(#646),#512,.T.);
#2457=ADVANCED_FACE('',(#647),#478,.T.);
#2458=ADVANCED_FACE('',(#648),#513,.T.);
#2459=ADVANCED_FACE('',(#649),#514,.T.);
#2460=ADVANCED_FACE('',(#650),#515,.T.);
#2461=ADVANCED_FACE('',(#651),#479,.T.);
#2462=ADVANCED_FACE('',(#652),#516,.T.);
#2463=ADVANCED_FACE('',(#653),#480,.T.);
#2464=ADVANCED_FACE('',(#654),#517,.T.);
#2465=ADVANCED_FACE('',(#655),#181,.F.);
#2466=ADVANCED_FACE('',(#656),#481,.T.);
#2467=ADVANCED_FACE('',(#657),#182,.T.);
#2468=ADVANCED_FACE('',(#658),#482,.T.);
#2469=ADVANCED_FACE('',(#659),#483,.T.);
#2470=ADVANCED_FACE('',(#660),#484,.T.);
#2471=ADVANCED_FACE('',(#661,#151),#183,.T.);
#2472=ADVANCED_FACE('',(#662),#184,.T.);
#2473=ADVANCED_FACE('',(#663),#485,.T.);
#2474=ADVANCED_FACE('',(#664),#486,.T.);
#2475=ADVANCED_FACE('',(#665,#152),#185,.T.);
#2476=ADVANCED_FACE('',(#666),#487,.F.);
#2477=ADVANCED_FACE('',(#667,#153),#186,.T.);
#2478=ADVANCED_FACE('',(#668),#488,.F.);
#2479=ADVANCED_FACE('',(#669),#187,.T.);
#2480=ADVANCED_FACE('',(#670),#518,.T.);
#2481=ADVANCED_FACE('',(#671),#188,.F.);
#2482=ADVANCED_FACE('',(#672),#519,.T.);
#2483=ADVANCED_FACE('',(#673),#189,.T.);
#2484=ADVANCED_FACE('',(#674),#190,.T.);
#2485=ADVANCED_FACE('',(#675),#520,.T.);
#2486=ADVANCED_FACE('',(#676),#489,.T.);
#2487=CLOSED_SHELL('',(#2331,#2332,#2333,#2334,#2335,#2336,#2337,#2338,
#2339,#2340,#2341,#2342,#2343,#2344,#2345,#2346,#2347,#2348,#2349,#2350,
#2351,#2352,#2353,#2354,#2355,#2356,#2357,#2358,#2359,#2360,#2361,#2362,
#2363,#2364,#2365,#2366,#2367,#2368,#2369,#2370,#2371,#2372,#2373,#2374,
#2375,#2376,#2377,#2378,#2379,#2380,#2381,#2382));
#2488=CLOSED_SHELL('',(#2383,#2384,#2385,#2386,#2387,#2388,#2389,#2390,
#2391,#2392,#2393,#2394,#2395,#2396,#2397,#2398,#2399,#2400,#2401,#2402,
#2403,#2404,#2405,#2406,#2407,#2408,#2409,#2410,#2411,#2412,#2413,#2414,
#2415,#2416,#2417,#2418));
#2489=CLOSED_SHELL('',(#2419,#2420,#2421,#2422));
#2490=CLOSED_SHELL('',(#2423,#2424,#2425,#2426,#2427,#2428,#2429,#2430,
#2431,#2432,#2433));
#2491=CLOSED_SHELL('',(#2434,#2435,#2436,#2437,#2438,#2439));
#2492=CLOSED_SHELL('',(#2440,#2441,#2442,#2443,#2444,#2445,#2446,#2447,
#2448,#2449,#2450,#2451,#2452,#2453,#2454,#2455,#2456,#2457,#2458,#2459,
#2460,#2461,#2462,#2463,#2464,#2465,#2466,#2467,#2468,#2469,#2470,#2471,
#2472,#2473,#2474,#2475,#2476,#2477,#2478,#2479));
#2493=CLOSED_SHELL('',(#2480,#2481,#2482,#2483,#2484,#2485,#2486));
#2494=DERIVED_UNIT_ELEMENT(#2500,1.);
#2495=DERIVED_UNIT_ELEMENT(#6114,-3.);
#2496=DERIVED_UNIT_ELEMENT(#2500,1.);
#2497=DERIVED_UNIT_ELEMENT(#6114,-3.);
#2498=DERIVED_UNIT_ELEMENT(#2500,1.);
#2499=DERIVED_UNIT_ELEMENT(#6114,-3.);
#2500=(
MASS_UNIT()
NAMED_UNIT(*)
SI_UNIT(.KILO.,.GRAM.)
);
#2501=DERIVED_UNIT((#2494,#2495));
#2502=DERIVED_UNIT((#2496,#2497));
#2503=DERIVED_UNIT((#2498,#2499));
#2504=MEASURE_REPRESENTATION_ITEM('density measure',
POSITIVE_RATIO_MEASURE(7850.),#2501);
#2505=MEASURE_REPRESENTATION_ITEM('density measure',
POSITIVE_RATIO_MEASURE(7850.),#2502);
#2506=MEASURE_REPRESENTATION_ITEM('density measure',
POSITIVE_RATIO_MEASURE(7850.),#2503);
#2507=PROPERTY_DEFINITION_REPRESENTATION(#2522,#2513);
#2508=PROPERTY_DEFINITION_REPRESENTATION(#2523,#2514);
#2509=PROPERTY_DEFINITION_REPRESENTATION(#2524,#2515);
#2510=PROPERTY_DEFINITION_REPRESENTATION(#2525,#2516);
#2511=PROPERTY_DEFINITION_REPRESENTATION(#2526,#2517);
#2512=PROPERTY_DEFINITION_REPRESENTATION(#2527,#2518);
#2513=REPRESENTATION('material name',(#2519),#6109);
#2514=REPRESENTATION('density',(#2504),#6109);
#2515=REPRESENTATION('material name',(#2520),#6110);
#2516=REPRESENTATION('density',(#2505),#6110);
#2517=REPRESENTATION('material name',(#2521),#6111);
#2518=REPRESENTATION('density',(#2506),#6111);
#2519=DESCRIPTIVE_REPRESENTATION_ITEM('Acciaio','Acciaio');
#2520=DESCRIPTIVE_REPRESENTATION_ITEM('Acciaio','Acciaio');
#2521=DESCRIPTIVE_REPRESENTATION_ITEM('Acciaio','Acciaio');
#2522=PROPERTY_DEFINITION('material property','material name',#6138);
#2523=PROPERTY_DEFINITION('material property','density of part',#6138);
#2524=PROPERTY_DEFINITION('material property','material name',#6139);
#2525=PROPERTY_DEFINITION('material property','density of part',#6139);
#2526=PROPERTY_DEFINITION('material property','material name',#6140);
#2527=PROPERTY_DEFINITION('material property','density of part',#6140);
#2528=AXIS2_PLACEMENT_3D('',#3643,#2861,#2862);
#2529=AXIS2_PLACEMENT_3D('',#3644,#2863,#2864);
#2530=AXIS2_PLACEMENT_3D('',#3656,#2865,#2866);
#2531=AXIS2_PLACEMENT_3D('',#3658,#2867,#2868);
#2532=AXIS2_PLACEMENT_3D('',#3660,#2869,#2870);
#2533=AXIS2_PLACEMENT_3D('',#3661,#2871,#2872);
#2534=AXIS2_PLACEMENT_3D('',#3662,#2873,#2874);
#2535=AXIS2_PLACEMENT_3D('',#3664,#2875,#2876);
#2536=AXIS2_PLACEMENT_3D('',#3666,#2877,#2878);
#2537=AXIS2_PLACEMENT_3D('',#3667,#2879,#2880);
#2538=AXIS2_PLACEMENT_3D('',#3678,#2881,#2882);
#2539=AXIS2_PLACEMENT_3D('',#3680,#2883,#2884);
#2540=AXIS2_PLACEMENT_3D('',#3681,#2885,#2886);
#2541=AXIS2_PLACEMENT_3D('',#3682,#2887,#2888);
#2542=AXIS2_PLACEMENT_3D('',#3685,#2889,#2890);
#2543=AXIS2_PLACEMENT_3D('',#3687,#2891,#2892);
#2544=AXIS2_PLACEMENT_3D('',#3689,#2893,#2894);
#2545=AXIS2_PLACEMENT_3D('',#3690,#2895,#2896);
#2546=AXIS2_PLACEMENT_3D('',#3691,#2897,#2898);
#2547=AXIS2_PLACEMENT_3D('',#3694,#2899,#2900);
#2548=AXIS2_PLACEMENT_3D('',#3696,#2901,#2902);
#2549=AXIS2_PLACEMENT_3D('',#3698,#2903,#2904);
#2550=AXIS2_PLACEMENT_3D('',#3699,#2905,#2906);
#2551=AXIS2_PLACEMENT_3D('',#3700,#2907,#2908);
#2552=AXIS2_PLACEMENT_3D('',#3702,#2909,#2910);
#2553=AXIS2_PLACEMENT_3D('',#3704,#2911,#2912);
#2554=AXIS2_PLACEMENT_3D('',#3705,#2913,#2914);
#2555=AXIS2_PLACEMENT_3D('',#3717,#2915,#2916);
#2556=AXIS2_PLACEMENT_3D('',#3719,#2917,#2918);
#2557=AXIS2_PLACEMENT_3D('',#3721,#2919,#2920);
#2558=AXIS2_PLACEMENT_3D('',#3722,#2921,#2922);
#2559=AXIS2_PLACEMENT_3D('',#3723,#2923,#2924);
#2560=AXIS2_PLACEMENT_3D('',#3725,#2925,#2926);
#2561=AXIS2_PLACEMENT_3D('',#3727,#2927,#2928);
#2562=AXIS2_PLACEMENT_3D('',#3728,#2929,#2930);
#2563=AXIS2_PLACEMENT_3D('',#3739,#2931,#2932);
#2564=AXIS2_PLACEMENT_3D('',#3741,#2933,#2934);
#2565=AXIS2_PLACEMENT_3D('',#3742,#2935,#2936);
#2566=AXIS2_PLACEMENT_3D('',#3743,#2937,#2938);
#2567=AXIS2_PLACEMENT_3D('',#3746,#2939,#2940);
#2568=AXIS2_PLACEMENT_3D('',#3748,#2941,#2942);
#2569=AXIS2_PLACEMENT_3D('',#3750,#2943,#2944);
#2570=AXIS2_PLACEMENT_3D('',#3751,#2945,#2946);
#2571=AXIS2_PLACEMENT_3D('',#3752,#2947,#2948);
#2572=AXIS2_PLACEMENT_3D('',#3755,#2949,#2950);
#2573=AXIS2_PLACEMENT_3D('',#3757,#2951,#2952);
#2574=AXIS2_PLACEMENT_3D('',#3759,#2953,#2954);
#2575=AXIS2_PLACEMENT_3D('',#3760,#2955,#2956);
#2576=AXIS2_PLACEMENT_3D('',#3761,#2957,#2958);
#2577=AXIS2_PLACEMENT_3D('',#3763,#2959,#2960);
#2578=AXIS2_PLACEMENT_3D('',#3765,#2961,#2962);
#2579=AXIS2_PLACEMENT_3D('',#3766,#2963,#2964);
#2580=AXIS2_PLACEMENT_3D('',#3767,#2965,#2966);
#2581=AXIS2_PLACEMENT_3D('',#3770,#2969,#2970);
#2582=AXIS2_PLACEMENT_3D('',#3772,#2971,#2972);
#2583=AXIS2_PLACEMENT_3D('',#3775,#2974,#2975);
#2584=AXIS2_PLACEMENT_3D('',#3776,#2976,#2977);
#2585=AXIS2_PLACEMENT_3D('',#3779,#2978,#2979);
#2586=AXIS2_PLACEMENT_3D('',#3783,#2981,#2982);
#2587=AXIS2_PLACEMENT_3D('',#3785,#2984,#2985);
#2588=AXIS2_PLACEMENT_3D('',#3787,#2986,#2987);
#2589=AXIS2_PLACEMENT_3D('',#3790,#2989,#2990);
#2590=AXIS2_PLACEMENT_3D('',#3791,#2991,#2992);
#2591=AXIS2_PLACEMENT_3D('',#3794,#2995,#2996);
#2592=AXIS2_PLACEMENT_3D('',#3797,#2999,#3000);
#2593=AXIS2_PLACEMENT_3D('',#3803,#3003,#3004);
#2594=AXIS2_PLACEMENT_3D('',#3804,#3005,#3006);
#2595=AXIS2_PLACEMENT_3D('',#3807,#3008,#3009);
#2596=AXIS2_PLACEMENT_3D('',#3811,#3011,#3012);
#2597=AXIS2_PLACEMENT_3D('',#3813,#3013,#3014);
#2598=AXIS2_PLACEMENT_3D('',#3814,#3015,#3016);
#2599=AXIS2_PLACEMENT_3D('',#3815,#3017,#3018);
#2600=AXIS2_PLACEMENT_3D('',#3819,#3020,#3021);
#2601=AXIS2_PLACEMENT_3D('',#3821,#3022,#3023);
#2602=AXIS2_PLACEMENT_3D('',#3823,#3024,#3025);
#2603=AXIS2_PLACEMENT_3D('',#3826,#3027,#3028);
#2604=AXIS2_PLACEMENT_3D('',#3829,#3030,#3031);
#2605=AXIS2_PLACEMENT_3D('',#3831,#3032,#3033);
#2606=AXIS2_PLACEMENT_3D('',#3833,#3035,#3036);
#2607=AXIS2_PLACEMENT_3D('',#3837,#3040,#3041);
#2608=AXIS2_PLACEMENT_3D('',#3839,#3042,#3043);
#2609=AXIS2_PLACEMENT_3D('',#3842,#3045,#3046);
#2610=AXIS2_PLACEMENT_3D('',#3843,#3047,#3048);
#2611=AXIS2_PLACEMENT_3D('',#3850,#3053,#3054);
#2612=AXIS2_PLACEMENT_3D('',#3851,#3055,#3056);
#2613=AXIS2_PLACEMENT_3D('',#3852,#3057,#3058);
#2614=AXIS2_PLACEMENT_3D('',#3853,#3059,#3060);
#2615=AXIS2_PLACEMENT_3D('',#3854,#3061,#3062);
#2616=AXIS2_PLACEMENT_3D('',#3855,#3063,#3064);
#2617=AXIS2_PLACEMENT_3D('',#3861,#3068,#3069);
#2618=AXIS2_PLACEMENT_3D('',#3865,#3071,#3072);
#2619=AXIS2_PLACEMENT_3D('',#3866,#3073,#3074);
#2620=AXIS2_PLACEMENT_3D('',#3867,#3075,#3076);
#2621=AXIS2_PLACEMENT_3D('',#3874,#3081,#3082);
#2622=AXIS2_PLACEMENT_3D('',#3875,#3083,#3084);
#2623=AXIS2_PLACEMENT_3D('',#3876,#3085,#3086);
#2624=AXIS2_PLACEMENT_3D('',#3877,#3087,#3088);
#2625=AXIS2_PLACEMENT_3D('',#3878,#3089,#3090);
#2626=AXIS2_PLACEMENT_3D('',#3879,#3091,#3092);
#2627=AXIS2_PLACEMENT_3D('',#3880,#3093,#3094);
#2628=AXIS2_PLACEMENT_3D('',#3881,#3095,#3096);
#2629=AXIS2_PLACEMENT_3D('',#3882,#3097,#3098);
#2630=AXIS2_PLACEMENT_3D('',#3883,#3099,#3100);
#2631=AXIS2_PLACEMENT_3D('',#3884,#3101,#3102);
#2632=AXIS2_PLACEMENT_3D('',#3885,#3103,#3104);
#2633=AXIS2_PLACEMENT_3D('',#3886,#3105,#3106);
#2634=AXIS2_PLACEMENT_3D('',#3887,#3107,#3108);
#2635=AXIS2_PLACEMENT_3D('',#3903,#3109,#3110);
#2636=AXIS2_PLACEMENT_3D('',#3904,#3111,#3112);
#2637=AXIS2_PLACEMENT_3D('',#3905,#3113,#3114);
#2638=AXIS2_PLACEMENT_3D('',#3906,#3115,#3116);
#2639=AXIS2_PLACEMENT_3D('',#3907,#3117,#3118);
#2640=AXIS2_PLACEMENT_3D('',#3908,#3119,#3120);
#2641=AXIS2_PLACEMENT_3D('',#3924,#3121,#3122);
#2642=AXIS2_PLACEMENT_3D('',#3925,#3123,#3124);
#2643=AXIS2_PLACEMENT_3D('',#3926,#3125,#3126);
#2644=AXIS2_PLACEMENT_3D('',#3927,#3127,#3128);
#2645=AXIS2_PLACEMENT_3D('',#3928,#3129,#3130);
#2646=AXIS2_PLACEMENT_3D('',#3929,#3131,#3132);
#2647=AXIS2_PLACEMENT_3D('',#3930,#3133,#3134);
#2648=AXIS2_PLACEMENT_3D('',#3931,#3135,#3136);
#2649=AXIS2_PLACEMENT_3D('',#3932,#3137,#3138);
#2650=AXIS2_PLACEMENT_3D('',#3933,#3139,#3140);
#2651=AXIS2_PLACEMENT_3D('',#3934,#3141,#3142);
#2652=AXIS2_PLACEMENT_3D('',#3950,#3143,#3144);
#2653=AXIS2_PLACEMENT_3D('',#3951,#3145,#3146);
#2654=AXIS2_PLACEMENT_3D('',#3952,#3147,#3148);
#2655=AXIS2_PLACEMENT_3D('',#3953,#3149,#3150);
#2656=AXIS2_PLACEMENT_3D('',#3969,#3151,#3152);
#2657=AXIS2_PLACEMENT_3D('',#3970,#3153,#3154);
#2658=AXIS2_PLACEMENT_3D('',#3971,#3155,#3156);
#2659=AXIS2_PLACEMENT_3D('',#3972,#3157,#3158);
#2660=AXIS2_PLACEMENT_3D('',#3991,#3160,#3161);
#2661=AXIS2_PLACEMENT_3D('',#4003,#3162,#3163);
#2662=AXIS2_PLACEMENT_3D('',#4041,#3165,#3166);
#2663=AXIS2_PLACEMENT_3D('',#4079,#3168,#3169);
#2664=AXIS2_PLACEMENT_3D('',#4117,#3171,#3172);
#2665=AXIS2_PLACEMENT_3D('',#4155,#3174,#3175);
#2666=AXIS2_PLACEMENT_3D('',#4160,#3177,#3178);
#2667=AXIS2_PLACEMENT_3D('',#4195,#3179,#3180);
#2668=AXIS2_PLACEMENT_3D('',#4245,#3182,#3183);
#2669=AXIS2_PLACEMENT_3D('',#4250,#3185,#3186);
#2670=AXIS2_PLACEMENT_3D('',#4319,#3187,#3188);
#2671=AXIS2_PLACEMENT_3D('',#4349,#3190,#3191);
#2672=AXIS2_PLACEMENT_3D('',#4370,#3192,#3193);
#2673=AXIS2_PLACEMENT_3D('',#4446,#3195,#3196);
#2674=AXIS2_PLACEMENT_3D('',#4522,#3198,#3199);
#2675=AXIS2_PLACEMENT_3D('',#4598,#3201,#3202);
#2676=AXIS2_PLACEMENT_3D('',#4674,#3204,#3205);
#2677=AXIS2_PLACEMENT_3D('',#4750,#3207,#3208);
#2678=AXIS2_PLACEMENT_3D('',#4826,#3210,#3211);
#2679=AXIS2_PLACEMENT_3D('',#4840,#3212,#3213);
#2680=AXIS2_PLACEMENT_3D('',#4849,#3214,#3215);
#2681=AXIS2_PLACEMENT_3D('',#4880,#3216,#3217);
#2682=AXIS2_PLACEMENT_3D('',#4913,#3219,#3220);
#2683=AXIS2_PLACEMENT_3D('',#4914,#3221,#3222);
#2684=AXIS2_PLACEMENT_3D('',#4945,#3223,#3224);
#2685=AXIS2_PLACEMENT_3D('',#4946,#3225,#3226);
#2686=AXIS2_PLACEMENT_3D('',#4959,#3233,#3234);
#2687=AXIS2_PLACEMENT_3D('',#4971,#3237,#3238);
#2688=AXIS2_PLACEMENT_3D('',#4981,#3240,#3241);
#2689=AXIS2_PLACEMENT_3D('',#4991,#3243,#3244);
#2690=AXIS2_PLACEMENT_3D('',#5001,#3246,#3247);
#2691=AXIS2_PLACEMENT_3D('',#5011,#3249,#3250);
#2692=AXIS2_PLACEMENT_3D('',#5019,#3251,#3252);
#2693=AXIS2_PLACEMENT_3D('',#5020,#3253,#3254);
#2694=AXIS2_PLACEMENT_3D('',#5021,#3255,#3256);
#2695=AXIS2_PLACEMENT_3D('',#5022,#3257,#3258);
#2696=AXIS2_PLACEMENT_3D('',#5023,#3259,#3260);
#2697=AXIS2_PLACEMENT_3D('',#5024,#3261,#3262);
#2698=AXIS2_PLACEMENT_3D('',#5025,#3263,#3264);
#2699=AXIS2_PLACEMENT_3D('',#5026,#3265,#3266);
#2700=AXIS2_PLACEMENT_3D('',#5027,#3267,#3268);
#2701=AXIS2_PLACEMENT_3D('',#5028,#3269,#3270);
#2702=AXIS2_PLACEMENT_3D('',#5029,#3271,#3272);
#2703=AXIS2_PLACEMENT_3D('',#5030,#3273,#3274);
#2704=AXIS2_PLACEMENT_3D('',#5031,#3275,#3276);
#2705=AXIS2_PLACEMENT_3D('',#5032,#3277,#3278);
#2706=AXIS2_PLACEMENT_3D('',#5584,#3279,#3280);
#2707=AXIS2_PLACEMENT_3D('',#5585,#3281,#3282);
#2708=AXIS2_PLACEMENT_3D('',#5586,#3283,#3284);
#2709=AXIS2_PLACEMENT_3D('',#5588,#3285,#3286);
#2710=AXIS2_PLACEMENT_3D('',#5591,#3288,#3289);
#2711=AXIS2_PLACEMENT_3D('',#5620,#3290,#3291);
#2712=AXIS2_PLACEMENT_3D('',#5621,#3292,#3293);
#2713=AXIS2_PLACEMENT_3D('',#5622,#3294,#3295);
#2714=AXIS2_PLACEMENT_3D('',#5624,#3296,#3297);
#2715=AXIS2_PLACEMENT_3D('',#5626,#3299,#3300);
#2716=AXIS2_PLACEMENT_3D('',#5627,#3301,#3302);
#2717=AXIS2_PLACEMENT_3D('',#5629,#3303,#3304);
#2718=AXIS2_PLACEMENT_3D('',#5631,#3305,#3306);
#2719=AXIS2_PLACEMENT_3D('',#5632,#3307,#3308);
#2720=AXIS2_PLACEMENT_3D('',#5634,#3309,#3310);
#2721=AXIS2_PLACEMENT_3D('',#5636,#3312,#3313);
#2722=AXIS2_PLACEMENT_3D('',#5638,#3314,#3315);
#2723=AXIS2_PLACEMENT_3D('',#5639,#3316,#3317);
#2724=AXIS2_PLACEMENT_3D('',#5641,#3318,#3319);
#2725=AXIS2_PLACEMENT_3D('',#5643,#3321,#3322);
#2726=AXIS2_PLACEMENT_3D('',#5644,#3323,#3324);
#2727=AXIS2_PLACEMENT_3D('',#5646,#3325,#3326);
#2728=AXIS2_PLACEMENT_3D('',#5647,#3327,#3328);
#2729=AXIS2_PLACEMENT_3D('',#5649,#3329,#3330);
#2730=AXIS2_PLACEMENT_3D('',#5651,#3332,#3333);
#2731=AXIS2_PLACEMENT_3D('',#5653,#3334,#3335);
#2732=AXIS2_PLACEMENT_3D('',#5654,#3336,#3337);
#2733=AXIS2_PLACEMENT_3D('',#5656,#3338,#3339);
#2734=AXIS2_PLACEMENT_3D('',#5658,#3341,#3342);
#2735=AXIS2_PLACEMENT_3D('',#5660,#3343,#3344);
#2736=AXIS2_PLACEMENT_3D('',#5661,#3345,#3346);
#2737=AXIS2_PLACEMENT_3D('',#5663,#3348,#3349);
#2738=AXIS2_PLACEMENT_3D('',#5665,#3350,#3351);
#2739=AXIS2_PLACEMENT_3D('',#5667,#3352,#3353);
#2740=AXIS2_PLACEMENT_3D('',#5668,#3354,#3355);
#2741=AXIS2_PLACEMENT_3D('',#5670,#3356,#3357);
#2742=AXIS2_PLACEMENT_3D('',#5672,#3359,#3360);
#2743=AXIS2_PLACEMENT_3D('',#5674,#3361,#3362);
#2744=AXIS2_PLACEMENT_3D('',#5675,#3363,#3364);
#2745=AXIS2_PLACEMENT_3D('',#5676,#3365,#3366);
#2746=AXIS2_PLACEMENT_3D('',#5678,#3367,#3368);
#2747=AXIS2_PLACEMENT_3D('',#5680,#3370,#3371);
#2748=AXIS2_PLACEMENT_3D('',#5682,#3372,#3373);
#2749=AXIS2_PLACEMENT_3D('',#5683,#3374,#3375);
#2750=AXIS2_PLACEMENT_3D('',#5685,#3377,#3378);
#2751=AXIS2_PLACEMENT_3D('',#5687,#3379,#3380);
#2752=AXIS2_PLACEMENT_3D('',#5689,#3381,#3382);
#2753=AXIS2_PLACEMENT_3D('',#5691,#3383,#3384);
#2754=AXIS2_PLACEMENT_3D('',#5692,#3385,#3386);
#2755=AXIS2_PLACEMENT_3D('',#5693,#3387,#3388);
#2756=AXIS2_PLACEMENT_3D('',#5695,#3389,#3390);
#2757=AXIS2_PLACEMENT_3D('',#5697,#3392,#3393);
#2758=AXIS2_PLACEMENT_3D('',#5706,#3397,#3398);
#2759=AXIS2_PLACEMENT_3D('',#5709,#3400,#3401);
#2760=AXIS2_PLACEMENT_3D('',#5710,#3402,#3403);
#2761=AXIS2_PLACEMENT_3D('',#5712,#3404,#3405);
#2762=AXIS2_PLACEMENT_3D('',#5714,#3406,#3407);
#2763=AXIS2_PLACEMENT_3D('',#5715,#3408,#3409);
#2764=AXIS2_PLACEMENT_3D('',#5716,#3410,#3411);
#2765=AXIS2_PLACEMENT_3D('',#5719,#3413,#3414);
#2766=AXIS2_PLACEMENT_3D('',#5720,#3415,#3416);
#2767=AXIS2_PLACEMENT_3D('',#5729,#3421,#3422);
#2768=AXIS2_PLACEMENT_3D('',#5731,#3423,#3424);
#2769=AXIS2_PLACEMENT_3D('',#5733,#3425,#3426);
#2770=AXIS2_PLACEMENT_3D('',#5735,#3427,#3428);
#2771=AXIS2_PLACEMENT_3D('',#5736,#3429,#3430);
#2772=AXIS2_PLACEMENT_3D('',#5737,#3431,#3432);
#2773=AXIS2_PLACEMENT_3D('',#5742,#3434,#3435);
#2774=AXIS2_PLACEMENT_3D('',#5746,#3437,#3438);
#2775=AXIS2_PLACEMENT_3D('',#5750,#3441,#3442);
#2776=AXIS2_PLACEMENT_3D('',#5753,#3444,#3445);
#2777=AXIS2_PLACEMENT_3D('',#5754,#3446,#3447);
#2778=AXIS2_PLACEMENT_3D('',#5782,#3449,#3450);
#2779=AXIS2_PLACEMENT_3D('',#5784,#3451,#3452);
#2780=AXIS2_PLACEMENT_3D('',#5801,#3454,#3455);
#2781=AXIS2_PLACEMENT_3D('',#5803,#3456,#3457);
#2782=AXIS2_PLACEMENT_3D('',#5820,#3459,#3460);
#2783=AXIS2_PLACEMENT_3D('',#5822,#3461,#3462);
#2784=AXIS2_PLACEMENT_3D('',#5823,#3463,#3464);
#2785=AXIS2_PLACEMENT_3D('',#5824,#3465,#3466);
#2786=AXIS2_PLACEMENT_3D('',#5825,#3467,#3468);
#2787=AXIS2_PLACEMENT_3D('',#5827,#3469,#3470);
#2788=AXIS2_PLACEMENT_3D('',#5829,#3472,#3473);
#2789=AXIS2_PLACEMENT_3D('',#5831,#3474,#3475);
#2790=AXIS2_PLACEMENT_3D('',#5832,#3476,#3477);
#2791=AXIS2_PLACEMENT_3D('',#5833,#3478,#3479);
#2792=AXIS2_PLACEMENT_3D('',#5834,#3480,#3481);
#2793=AXIS2_PLACEMENT_3D('',#5851,#3483,#3484);
#2794=AXIS2_PLACEMENT_3D('',#5865,#3485,#3486);
#2795=AXIS2_PLACEMENT_3D('',#5866,#3487,#3488);
#2796=AXIS2_PLACEMENT_3D('',#5881,#3490,#3491);
#2797=AXIS2_PLACEMENT_3D('',#5882,#3492,#3493);
#2798=AXIS2_PLACEMENT_3D('',#5883,#3494,#3495);
#2799=AXIS2_PLACEMENT_3D('',#5884,#3496,#3497);
#2800=AXIS2_PLACEMENT_3D('',#5885,#3498,#3499);
#2801=AXIS2_PLACEMENT_3D('',#5887,#3500,#3501);
#2802=AXIS2_PLACEMENT_3D('',#5888,#3502,#3503);
#2803=AXIS2_PLACEMENT_3D('',#5889,#3504,#3505);
#2804=AXIS2_PLACEMENT_3D('',#5890,#3506,#3507);
#2805=AXIS2_PLACEMENT_3D('',#5892,#3508,#3509);
#2806=AXIS2_PLACEMENT_3D('',#5894,#3511,#3512);
#2807=AXIS2_PLACEMENT_3D('',#5896,#3513,#3514);
#2808=AXIS2_PLACEMENT_3D('',#5897,#3515,#3516);
#2809=AXIS2_PLACEMENT_3D('',#5898,#3517,#3518);
#2810=AXIS2_PLACEMENT_3D('',#5899,#3519,#3520);
#2811=AXIS2_PLACEMENT_3D('',#5916,#3522,#3523);
#2812=AXIS2_PLACEMENT_3D('',#5917,#3524,#3525);
#2813=AXIS2_PLACEMENT_3D('',#5918,#3526,#3527);
#2814=AXIS2_PLACEMENT_3D('',#5924,#3530,#3531);
#2815=AXIS2_PLACEMENT_3D('',#5928,#3533,#3534);
#2816=AXIS2_PLACEMENT_3D('',#5932,#3537,#3538);
#2817=AXIS2_PLACEMENT_3D('',#5935,#3540,#3541);
#2818=AXIS2_PLACEMENT_3D('',#5936,#3542,#3543);
#2819=AXIS2_PLACEMENT_3D('',#5940,#3546,#3547);
#2820=AXIS2_PLACEMENT_3D('',#5943,#3549,#3550);
#2821=AXIS2_PLACEMENT_3D('',#5944,#3551,#3552);
#2822=AXIS2_PLACEMENT_3D('',#5948,#3554,#3555);
#2823=AXIS2_PLACEMENT_3D('',#5950,#3557,#3558);
#2824=AXIS2_PLACEMENT_3D('',#5952,#3559,#3560);
#2825=AXIS2_PLACEMENT_3D('',#5954,#3562,#3563);
#2826=AXIS2_PLACEMENT_3D('',#5959,#3567,#3568);
#2827=AXIS2_PLACEMENT_3D('',#5960,#3569,#3570);
#2828=AXIS2_PLACEMENT_3D('',#5961,#3571,#3572);
#2829=AXIS2_PLACEMENT_3D('',#5962,#3573,#3574);
#2830=AXIS2_PLACEMENT_3D('',#5966,#3577,#3578);
#2831=AXIS2_PLACEMENT_3D('',#5968,#3579,#3580);
#2832=AXIS2_PLACEMENT_3D('',#5970,#3582,#3583);
#2833=AXIS2_PLACEMENT_3D('',#5974,#3586,#3587);
#2834=AXIS2_PLACEMENT_3D('',#5975,#3588,#3589);
#2835=AXIS2_PLACEMENT_3D('',#5976,#3590,#3591);
#2836=AXIS2_PLACEMENT_3D('',#5977,#3592,#3593);
#2837=AXIS2_PLACEMENT_3D('',#5980,#3594,#3595);
#2838=AXIS2_PLACEMENT_3D('',#6022,#3596,#3597);
#2839=AXIS2_PLACEMENT_3D('',#6023,#3598,#3599);
#2840=AXIS2_PLACEMENT_3D('',#6077,#3600,#3601);
#2841=AXIS2_PLACEMENT_3D('',#6079,#3602,#3603);
#2842=AXIS2_PLACEMENT_3D('',#6080,#3604,#3605);
#2843=AXIS2_PLACEMENT_3D('',#6083,#3606,#3607);
#2844=AXIS2_PLACEMENT_3D('',#6084,#3608,#3609);
#2845=AXIS2_PLACEMENT_3D('',#6085,#3610,#3611);
#2846=AXIS2_PLACEMENT_3D('',#6086,#3612,#3613);
#2847=AXIS2_PLACEMENT_3D('',#6087,#3614,#3615);
#2848=AXIS2_PLACEMENT_3D('',#6088,#3616,#3617);
#2849=AXIS2_PLACEMENT_3D('',#6089,#3618,#3619);
#2850=AXIS2_PLACEMENT_3D('',#6090,#3620,#3621);
#2851=AXIS2_PLACEMENT_3D('',#6092,#3622,#3623);
#2852=AXIS2_PLACEMENT_3D('',#6093,#3624,#3625);
#2853=AXIS2_PLACEMENT_3D('',#6094,#3626,#3627);
#2854=AXIS2_PLACEMENT_3D('',#6096,#3629,#3630);
#2855=AXIS2_PLACEMENT_3D('',#6097,#3631,#3632);
#2856=AXIS2_PLACEMENT_3D('',#6098,#3633,#3634);
#2857=AXIS2_PLACEMENT_3D('',#6099,#3635,#3636);
#2858=AXIS2_PLACEMENT_3D('',#6100,#3637,#3638);
#2859=AXIS2_PLACEMENT_3D('',#6101,#3639,#3640);
#2860=AXIS2_PLACEMENT_3D('',#6102,#3641,#3642);
#2861=DIRECTION('axis',(0.,0.,1.));
#2862=DIRECTION('refdir',(1.,0.,0.));
#2863=DIRECTION('axis',(0.,0.,1.));
#2864=DIRECTION('refdir',(1.,0.,0.));
#2865=DIRECTION('center_axis',(0.,0.,-1.));
#2866=DIRECTION('ref_axis',(1.,0.,0.));
#2867=DIRECTION('center_axis',(0.990577682516595,-0.13695201677979,0.));
#2868=DIRECTION('ref_axis',(0.13695201677979,0.990577682516595,0.));
#2869=DIRECTION('center_axis',(0.,0.,1.));
#2870=DIRECTION('ref_axis',(1.,0.,0.));
#2871=DIRECTION('center_axis',(0.043619387365336,0.999048221581858,0.));
#2872=DIRECTION('ref_axis',(-0.999048221581858,0.043619387365336,0.));
#2873=DIRECTION('center_axis',(0.,0.,1.));
#2874=DIRECTION('ref_axis',(6.12323399573677E-17,1.,0.));
#2875=DIRECTION('center_axis',(0.,0.,-1.));
#2876=DIRECTION('ref_axis',(1.,0.,0.));
#2877=DIRECTION('center_axis',(0.,0.,1.));
#2878=DIRECTION('ref_axis',(1.,0.,0.));
#2879=DIRECTION('center_axis',(0.990577682516595,0.136952016779789,0.));
#2880=DIRECTION('ref_axis',(-0.136952016779789,0.990577682516595,0.));
#2881=DIRECTION('center_axis',(0.,0.,-1.));
#2882=DIRECTION('ref_axis',(1.,0.,0.));
#2883=DIRECTION('center_axis',(-0.0436193873653359,0.999048221581858,9.4584469087968E-18));
#2884=DIRECTION('ref_axis',(-0.999048221581858,-0.0436193873653359,-4.81482486096809E-35));
#2885=DIRECTION('center_axis',(0.,0.,1.));
#2886=DIRECTION('ref_axis',(1.,0.,0.));
#2887=DIRECTION('center_axis',(0.,0.,1.));
#2888=DIRECTION('ref_axis',(1.,0.,0.));
#2889=DIRECTION('center_axis',(0.,0.,-1.));
#2890=DIRECTION('ref_axis',(1.,-9.03011742406891E-16,0.));
#2891=DIRECTION('center_axis',(0.0451198856986114,-0.998981579366979,0.));
#2892=DIRECTION('ref_axis',(0.998981579366979,0.0451198856986114,0.));
#2893=DIRECTION('center_axis',(0.,0.,1.));
#2894=DIRECTION('ref_axis',(1.,0.,0.));
#2895=DIRECTION('center_axis',(-0.955792192783072,-0.294042997221371,1.02016658045299E-15));
#2896=DIRECTION('ref_axis',(0.294042997221371,-0.955792192783072,4.93038065763132E-32));
#2897=DIRECTION('center_axis',(0.,0.,1.));
#2898=DIRECTION('ref_axis',(1.,0.,0.));
#2899=DIRECTION('center_axis',(0.,0.,-1.));
#2900=DIRECTION('ref_axis',(1.,0.,0.));
#2901=DIRECTION('center_axis',(0.703690425811359,-0.710506709765241,0.));
#2902=DIRECTION('ref_axis',(0.710506709765241,0.703690425811359,0.));
#2903=DIRECTION('center_axis',(0.,0.,1.));
#2904=DIRECTION('ref_axis',(1.,0.,0.));
#2905=DIRECTION('center_axis',(-0.0451198856986114,-0.998981579366979,0.));
#2906=DIRECTION('ref_axis',(0.998981579366979,-0.0451198856986114,0.));
#2907=DIRECTION('center_axis',(0.,0.,1.));
#2908=DIRECTION('ref_axis',(5.0532154980743E-16,1.,0.));
#2909=DIRECTION('center_axis',(0.,0.,-1.));
#2910=DIRECTION('ref_axis',(1.,0.,0.));
#2911=DIRECTION('center_axis',(0.,0.,1.));
#2912=DIRECTION('ref_axis',(1.,0.,0.));
#2913=DIRECTION('center_axis',(0.703690425811358,0.710506709765242,0.));
#2914=DIRECTION('ref_axis',(-0.710506709765242,0.703690425811358,0.));
#2915=DIRECTION('center_axis',(0.,0.,-1.));
#2916=DIRECTION('ref_axis',(1.,0.,0.));
#2917=DIRECTION('center_axis',(0.990577682516595,-0.13695201677979,0.));
#2918=DIRECTION('ref_axis',(0.13695201677979,0.990577682516595,0.));
#2919=DIRECTION('center_axis',(0.,0.,1.));
#2920=DIRECTION('ref_axis',(1.,0.,0.));
#2921=DIRECTION('center_axis',(0.0436193873653359,0.999048221581858,0.));
#2922=DIRECTION('ref_axis',(-0.999048221581858,0.0436193873653359,0.));
#2923=DIRECTION('center_axis',(0.,0.,1.));
#2924=DIRECTION('ref_axis',(6.12323399573677E-17,1.,0.));
#2925=DIRECTION('center_axis',(0.,0.,-1.));
#2926=DIRECTION('ref_axis',(1.,0.,0.));
#2927=DIRECTION('center_axis',(0.,0.,1.));
#2928=DIRECTION('ref_axis',(1.,0.,0.));
#2929=DIRECTION('center_axis',(0.990577682516595,0.136952016779789,0.));
#2930=DIRECTION('ref_axis',(-0.136952016779789,0.990577682516595,0.));
#2931=DIRECTION('center_axis',(0.,0.,-1.));
#2932=DIRECTION('ref_axis',(1.,0.,0.));
#2933=DIRECTION('center_axis',(-0.0436193873653359,0.999048221581858,0.));
#2934=DIRECTION('ref_axis',(-0.999048221581858,-0.0436193873653359,0.));
#2935=DIRECTION('center_axis',(0.,0.,1.));
#2936=DIRECTION('ref_axis',(1.,0.,0.));
#2937=DIRECTION('center_axis',(0.,0.,1.));
#2938=DIRECTION('ref_axis',(1.,0.,0.));
#2939=DIRECTION('center_axis',(0.,0.,-1.));
#2940=DIRECTION('ref_axis',(1.,0.,0.));
#2941=DIRECTION('center_axis',(0.703690425811358,-0.710506709765242,-1.23253266926881E-15));
#2942=DIRECTION('ref_axis',(0.710506709765242,0.703690425811358,-9.86076131526265E-32));
#2943=DIRECTION('center_axis',(0.,0.,1.));
#2944=DIRECTION('ref_axis',(1.,0.,0.));
#2945=DIRECTION('center_axis',(-0.0451198856986114,-0.998981579366979,0.));
#2946=DIRECTION('ref_axis',(0.998981579366979,-0.0451198856986114,0.));
#2947=DIRECTION('center_axis',(0.,0.,1.));
#2948=DIRECTION('ref_axis',(1.,0.,0.));
#2949=DIRECTION('center_axis',(0.,0.,-1.));
#2950=DIRECTION('ref_axis',(1.,0.,0.));
#2951=DIRECTION('center_axis',(0.0451198856986115,-0.998981579366979,0.));
#2952=DIRECTION('ref_axis',(0.998981579366979,0.0451198856986115,0.));
#2953=DIRECTION('center_axis',(0.,0.,1.));
#2954=DIRECTION('ref_axis',(1.,0.,0.));
#2955=DIRECTION('center_axis',(-0.955792192783072,-0.29404299722137,0.));
#2956=DIRECTION('ref_axis',(0.29404299722137,-0.955792192783072,0.));
#2957=DIRECTION('center_axis',(0.,0.,1.));
#2958=DIRECTION('ref_axis',(5.0532154980743E-16,1.,0.));
#2959=DIRECTION('center_axis',(0.,0.,-1.));
#2960=DIRECTION('ref_axis',(1.,0.,0.));
#2961=DIRECTION('center_axis',(0.,0.,1.));
#2962=DIRECTION('ref_axis',(1.,0.,0.));
#2963=DIRECTION('center_axis',(0.703690425811358,0.710506709765242,0.));
#2964=DIRECTION('ref_axis',(-0.710506709765242,0.703690425811358,0.));
#2965=DIRECTION('center_axis',(0.,0.,-1.));
#2966=DIRECTION('ref_axis',(1.,-4.51505871203445E-16,0.));
#2967=DIRECTION('',(0.,0.,-1.));
#2968=DIRECTION('',(0.,0.,1.));
#2969=DIRECTION('center_axis',(0.,0.,-1.));
#2970=DIRECTION('ref_axis',(1.,0.,0.));
#2971=DIRECTION('center_axis',(0.,0.,-1.));
#2972=DIRECTION('ref_axis',(-1.,0.,0.));
#2973=DIRECTION('',(0.,0.,-1.));
#2974=DIRECTION('center_axis',(0.,0.,-1.));
#2975=DIRECTION('ref_axis',(-1.,0.,0.));
#2976=DIRECTION('center_axis',(0.,0.,-1.));
#2977=DIRECTION('ref_axis',(-1.,0.,0.));
#2978=DIRECTION('center_axis',(0.,0.,-1.));
#2979=DIRECTION('ref_axis',(1.,0.,0.));
#2980=DIRECTION('',(0.,0.,1.));
#2981=DIRECTION('center_axis',(0.,0.,1.));
#2982=DIRECTION('ref_axis',(1.,0.,0.));
#2983=DIRECTION('',(0.,0.,-1.));
#2984=DIRECTION('center_axis',(0.,0.,-1.));
#2985=DIRECTION('ref_axis',(-1.,0.,0.));
#2986=DIRECTION('center_axis',(0.,0.,1.));
#2987=DIRECTION('ref_axis',(1.,0.,0.));
#2988=DIRECTION('',(0.,0.,-1.));
#2989=DIRECTION('center_axis',(0.,0.,1.));
#2990=DIRECTION('ref_axis',(1.,0.,0.));
#2991=DIRECTION('center_axis',(0.,0.,-1.));
#2992=DIRECTION('ref_axis',(-6.12323399573677E-17,1.,0.));
#2993=DIRECTION('',(0.,0.,-1.));
#2994=DIRECTION('',(0.,0.,-1.));
#2995=DIRECTION('center_axis',(0.,0.,-1.));
#2996=DIRECTION('ref_axis',(1.60812264967664E-16,1.,0.));
#2997=DIRECTION('',(0.,0.,1.));
#2998=DIRECTION('',(0.,0.,1.));
#2999=DIRECTION('center_axis',(0.,0.,1.));
#3000=DIRECTION('ref_axis',(1.,0.,0.));
#3001=DIRECTION('',(0.0436193873653375,0.999048221581858,0.));
#3002=DIRECTION('',(0.0436193873653371,-0.999048221581858,0.));
#3003=DIRECTION('center_axis',(0.,0.,1.));
#3004=DIRECTION('ref_axis',(1.,0.,0.));
#3005=DIRECTION('center_axis',(0.,0.,1.));
#3006=DIRECTION('ref_axis',(1.,0.,0.));
#3007=DIRECTION('',(-0.0451198856986111,0.998981579366979,0.));
#3008=DIRECTION('center_axis',(0.,0.,-1.));
#3009=DIRECTION('ref_axis',(1.,1.5980561249137E-15,0.));
#3010=DIRECTION('',(-0.0451198856986115,-0.998981579366979,0.));
#3011=DIRECTION('center_axis',(0.,0.,1.));
#3012=DIRECTION('ref_axis',(1.,0.,0.));
#3013=DIRECTION('center_axis',(0.,0.,1.));
#3014=DIRECTION('ref_axis',(1.,0.,0.));
#3015=DIRECTION('center_axis',(0.,0.,1.));
#3016=DIRECTION('ref_axis',(1.,0.,0.));
#3017=DIRECTION('center_axis',(0.,0.,1.));
#3018=DIRECTION('ref_axis',(1.,0.,0.));
#3019=DIRECTION('',(-0.0436193873653375,-0.999048221581858,0.));
#3020=DIRECTION('center_axis',(0.,0.,-1.));
#3021=DIRECTION('ref_axis',(1.,0.,0.));
#3022=DIRECTION('center_axis',(0.,0.,-1.));
#3023=DIRECTION('ref_axis',(1.,0.,0.));
#3024=DIRECTION('center_axis',(0.,0.,-1.));
#3025=DIRECTION('ref_axis',(1.,0.,0.));
#3026=DIRECTION('',(0.0451198856986115,0.998981579366979,0.));
#3027=DIRECTION('center_axis',(0.,0.,1.));
#3028=DIRECTION('ref_axis',(1.,0.,0.));
#3029=DIRECTION('',(0.0451198856986111,-0.998981579366979,0.));
#3030=DIRECTION('center_axis',(0.,0.,-1.));
#3031=DIRECTION('ref_axis',(1.,0.,0.));
#3032=DIRECTION('center_axis',(0.,0.,-1.));
#3033=DIRECTION('ref_axis',(1.,0.,0.));
#3034=DIRECTION('',(-0.0436193873653371,0.999048221581858,0.));
#3035=DIRECTION('center_axis',(0.998981579366979,-0.0451198856986115,0.));
#3036=DIRECTION('ref_axis',(0.0451198856986115,0.998981579366979,0.));
#3037=DIRECTION('',(0.,0.,-1.));
#3038=DIRECTION('',(-0.0451198856986115,-0.998981579366979,0.));
#3039=DIRECTION('',(0.0451198856986115,0.998981579366979,0.));
#3040=DIRECTION('center_axis',(0.,0.,-1.));
#3041=DIRECTION('ref_axis',(-1.,0.,0.));
#3042=DIRECTION('center_axis',(0.,0.,1.));
#3043=DIRECTION('ref_axis',(1.,0.,0.));
#3044=DIRECTION('',(0.,0.,1.));
#3045=DIRECTION('center_axis',(0.,0.,-1.));
#3046=DIRECTION('ref_axis',(1.,0.,0.));
#3047=DIRECTION('center_axis',(-0.999048221581858,0.0436193873653375,0.));
#3048=DIRECTION('ref_axis',(-0.0436193873653375,-0.999048221581858,0.));
#3049=DIRECTION('',(0.,0.,-1.));
#3050=DIRECTION('',(0.0436193873653375,0.999048221581858,0.));
#3051=DIRECTION('',(0.,0.,1.));
#3052=DIRECTION('',(-0.0436193873653375,-0.999048221581858,0.));
#3053=DIRECTION('center_axis',(0.,0.,-1.));
#3054=DIRECTION('ref_axis',(0.933148848429856,0.359490231680964,0.));
#3055=DIRECTION('center_axis',(0.,0.,-1.));
#3056=DIRECTION('ref_axis',(-1.,0.,0.));
#3057=DIRECTION('center_axis',(0.,0.,1.));
#3058=DIRECTION('ref_axis',(1.,0.,0.));
#3059=DIRECTION('center_axis',(0.,0.,-1.));
#3060=DIRECTION('ref_axis',(1.,0.,0.));
#3061=DIRECTION('center_axis',(0.,0.,-1.));
#3062=DIRECTION('ref_axis',(0.768124358569316,0.640300686999847,0.));
#3063=DIRECTION('center_axis',(-0.998981579366979,-0.0451198856986111,0.));
#3064=DIRECTION('ref_axis',(-0.0451198856986111,0.998981579366979,0.));
#3065=DIRECTION('',(-0.0451198856986111,0.998981579366979,0.));
#3066=DIRECTION('',(0.,0.,-1.));
#3067=DIRECTION('',(0.0451198856986111,-0.998981579366979,0.));
#3068=DIRECTION('center_axis',(0.,0.,-1.));
#3069=DIRECTION('ref_axis',(1.,-4.04337129880713E-16,0.));
#3070=DIRECTION('',(0.,0.,1.));
#3071=DIRECTION('center_axis',(0.,0.,1.));
#3072=DIRECTION('ref_axis',(1.,0.,0.));
#3073=DIRECTION('center_axis',(0.,0.,-1.));
#3074=DIRECTION('ref_axis',(1.,0.,0.));
#3075=DIRECTION('center_axis',(0.999048221581858,0.0436193873653371,0.));
#3076=DIRECTION('ref_axis',(0.0436193873653371,-0.999048221581858,0.));
#3077=DIRECTION('',(0.,0.,1.));
#3078=DIRECTION('',(0.0436193873653371,-0.999048221581858,0.));
#3079=DIRECTION('',(0.,0.,-1.));
#3080=DIRECTION('',(-0.0436193873653371,0.999048221581858,0.));
#3081=DIRECTION('center_axis',(0.,0.,-1.));
#3082=DIRECTION('ref_axis',(-0.933148848429856,0.359490231680964,0.));
#3083=DIRECTION('center_axis',(0.,0.,-1.));
#3084=DIRECTION('ref_axis',(1.,1.80602348481378E-15,0.));
#3085=DIRECTION('center_axis',(0.,0.,1.));
#3086=DIRECTION('ref_axis',(1.,0.,0.));
#3087=DIRECTION('center_axis',(0.,0.,-1.));
#3088=DIRECTION('ref_axis',(1.,0.,0.));
#3089=DIRECTION('center_axis',(0.,0.,1.));
#3090=DIRECTION('ref_axis',(1.,0.,0.));
#3091=DIRECTION('center_axis',(0.,0.,-1.));
#3092=DIRECTION('ref_axis',(1.,0.,0.));
#3093=DIRECTION('center_axis',(0.,0.,-1.));
#3094=DIRECTION('ref_axis',(-0.768124358569316,0.640300686999847,0.));
#3095=DIRECTION('center_axis',(0.,0.,1.));
#3096=DIRECTION('ref_axis',(-0.933148848429856,0.359490231680965,0.));
#3097=DIRECTION('center_axis',(0.0451198856986114,-0.998981579366979,0.));
#3098=DIRECTION('ref_axis',(0.998981579366979,0.0451198856986114,0.));
#3099=DIRECTION('center_axis',(0.0451198856986111,-0.998981579366979,0.));
#3100=DIRECTION('ref_axis',(0.998981579366979,0.0451198856986111,0.));
#3101=DIRECTION('center_axis',(0.,0.,1.));
#3102=DIRECTION('ref_axis',(1.,0.,0.));
#3103=DIRECTION('center_axis',(-0.99418374124444,-0.107697208158838,0.));
#3104=DIRECTION('ref_axis',(0.107697208158838,-0.99418374124444,0.));
#3105=DIRECTION('center_axis',(-0.0451198856986115,-0.998981579366979,0.));
#3106=DIRECTION('ref_axis',(0.998981579366979,-0.0451198856986115,0.));
#3107=DIRECTION('center_axis',(-0.0451198856986114,-0.998981579366979,0.));
#3108=DIRECTION('ref_axis',(0.998981579366979,-0.0451198856986114,0.));
#3109=DIRECTION('center_axis',(-0.0436193873653359,0.999048221581858,0.));
#3110=DIRECTION('ref_axis',(-0.999048221581858,-0.0436193873653359,0.));
#3111=DIRECTION('center_axis',(0.,0.,1.));
#3112=DIRECTION('ref_axis',(-0.817578366964294,-0.575817344191713,0.));
#3113=DIRECTION('center_axis',(0.955792192783072,-0.294042997221371,1.65803515497614E-15));
#3114=DIRECTION('ref_axis',(0.294042997221371,0.955792192783072,9.86076131526265E-32));
#3115=DIRECTION('center_axis',(-0.0436193873653371,0.999048221581858,0.));
#3116=DIRECTION('ref_axis',(-0.999048221581858,-0.0436193873653371,0.));
#3117=DIRECTION('center_axis',(0.,0.,1.));
#3118=DIRECTION('ref_axis',(1.,0.,0.));
#3119=DIRECTION('center_axis',(0.99418374124444,-0.107697208158838,-4.31158468842795E-16));
#3120=DIRECTION('ref_axis',(0.107697208158838,0.99418374124444,0.));
#3121=DIRECTION('center_axis',(0.0436193873653359,0.999048221581858,0.));
#3122=DIRECTION('ref_axis',(-0.999048221581858,0.0436193873653359,0.));
#3123=DIRECTION('center_axis',(0.0436193873653375,0.999048221581858,0.));
#3124=DIRECTION('ref_axis',(-0.999048221581858,0.0436193873653375,0.));
#3125=DIRECTION('center_axis',(0.,0.,1.));
#3126=DIRECTION('ref_axis',(-0.933148848429856,0.359490231680965,0.));
#3127=DIRECTION('center_axis',(0.0451198856986114,-0.998981579366979,0.));
#3128=DIRECTION('ref_axis',(0.998981579366979,0.0451198856986114,0.));
#3129=DIRECTION('center_axis',(-0.0451198856986111,0.998981579366979,0.));
#3130=DIRECTION('ref_axis',(-0.998981579366979,-0.0451198856986111,0.));
#3131=DIRECTION('center_axis',(0.0451198856986115,0.998981579366979,0.));
#3132=DIRECTION('ref_axis',(-0.998981579366979,0.0451198856986115,0.));
#3133=DIRECTION('center_axis',(-0.0451198856986115,-0.998981579366979,0.));
#3134=DIRECTION('ref_axis',(0.998981579366979,-0.0451198856986115,0.));
#3135=DIRECTION('center_axis',(0.,0.,1.));
#3136=DIRECTION('ref_axis',(1.,0.,0.));
#3137=DIRECTION('center_axis',(-0.99418374124444,-0.107697208158838,0.));
#3138=DIRECTION('ref_axis',(0.107697208158838,-0.99418374124444,0.));
#3139=DIRECTION('center_axis',(0.,0.,1.));
#3140=DIRECTION('ref_axis',(-0.817578366964294,-0.575817344191713,0.));
#3141=DIRECTION('center_axis',(0.955792192783071,-0.294042997221373,0.));
#3142=DIRECTION('ref_axis',(0.294042997221373,0.955792192783071,0.));
#3143=DIRECTION('center_axis',(-0.0436193873653359,0.999048221581858,0.));
#3144=DIRECTION('ref_axis',(-0.999048221581858,-0.0436193873653359,0.));
#3145=DIRECTION('center_axis',(0.,0.,1.));
#3146=DIRECTION('ref_axis',(1.,0.,0.));
#3147=DIRECTION('center_axis',(0.99418374124444,-0.107697208158838,0.));
#3148=DIRECTION('ref_axis',(0.107697208158838,0.99418374124444,0.));
#3149=DIRECTION('center_axis',(0.0436193873653371,-0.999048221581858,0.));
#3150=DIRECTION('ref_axis',(0.999048221581858,0.0436193873653371,0.));
#3151=DIRECTION('center_axis',(0.0436193873653359,0.999048221581858,0.));
#3152=DIRECTION('ref_axis',(-0.999048221581858,0.0436193873653359,0.));
#3153=DIRECTION('center_axis',(-0.0436193873653375,-0.999048221581858,0.));
#3154=DIRECTION('ref_axis',(0.999048221581858,-0.0436193873653375,0.));
#3155=DIRECTION('axis',(0.,0.,1.));
#3156=DIRECTION('refdir',(1.,0.,0.));
#3157=DIRECTION('center_axis',(0.,0.,-1.));
#3158=DIRECTION('ref_axis',(-6.86692453827525E-17,1.,0.));
#3159=DIRECTION('',(0.,0.,1.));
#3160=DIRECTION('center_axis',(-3.24148671484479E-11,1.43535750466648E-11,
1.));
#3161=DIRECTION('ref_axis',(-0.975755897843179,0.21886166366966,-3.47704363859909E-11));
#3162=DIRECTION('center_axis',(0.,0.,-1.));
#3163=DIRECTION('ref_axis',(-6.86692453827525E-17,1.,0.));
#3164=DIRECTION('',(0.,0.,1.));
#3165=DIRECTION('center_axis',(0.,0.,-1.));
#3166=DIRECTION('ref_axis',(-6.86692453827525E-17,1.,0.));
#3167=DIRECTION('',(0.,0.,1.));
#3168=DIRECTION('center_axis',(0.,0.,-1.));
#3169=DIRECTION('ref_axis',(-6.86692453827525E-17,1.,0.));
#3170=DIRECTION('',(0.,0.,1.));
#3171=DIRECTION('center_axis',(0.,0.,-1.));
#3172=DIRECTION('ref_axis',(-6.86692453827525E-17,1.,0.));
#3173=DIRECTION('',(0.,0.,1.));
#3174=DIRECTION('center_axis',(0.,0.,-1.));
#3175=DIRECTION('ref_axis',(-6.86692453827525E-17,1.,0.));
#3176=DIRECTION('',(0.,0.,1.));
#3177=DIRECTION('center_axis',(7.16012354244624E-13,-1.55980682365979E-12,
1.));
#3178=DIRECTION('ref_axis',(0.587044189616623,-0.809554889700113,-1.68295050086157E-12));
#3179=DIRECTION('center_axis',(0.,0.,1.));
#3180=DIRECTION('ref_axis',(-1.,0.,0.));
#3181=DIRECTION('',(-0.342020143325669,-4.188538737677E-17,-0.939692620785908));
#3182=DIRECTION('center_axis',(0.,0.,1.));
#3183=DIRECTION('ref_axis',(-1.,0.,0.));
#3184=DIRECTION('',(-0.342020143325669,-4.188538737677E-17,-0.939692620785908));
#3185=DIRECTION('center_axis',(0.,0.,-1.));
#3186=DIRECTION('ref_axis',(-1.,0.,0.));
#3187=DIRECTION('center_axis',(0.,0.,1.));
#3188=DIRECTION('ref_axis',(1.,0.,0.));
#3189=DIRECTION('',(0.,0.,-1.));
#3190=DIRECTION('center_axis',(0.,0.,1.));
#3191=DIRECTION('ref_axis',(1.,0.,0.));
#3192=DIRECTION('center_axis',(0.,0.,1.));
#3193=DIRECTION('ref_axis',(1.,0.,0.));
#3194=DIRECTION('',(0.,0.,-1.));
#3195=DIRECTION('center_axis',(0.,0.,1.));
#3196=DIRECTION('ref_axis',(1.,0.,0.));
#3197=DIRECTION('',(0.,0.,-1.));
#3198=DIRECTION('center_axis',(0.,0.,1.));
#3199=DIRECTION('ref_axis',(1.,0.,0.));
#3200=DIRECTION('',(0.,0.,-1.));
#3201=DIRECTION('center_axis',(0.,0.,1.));
#3202=DIRECTION('ref_axis',(1.,0.,0.));
#3203=DIRECTION('',(0.,0.,-1.));
#3204=DIRECTION('center_axis',(0.,0.,1.));
#3205=DIRECTION('ref_axis',(1.,0.,0.));
#3206=DIRECTION('',(0.,0.,-1.));
#3207=DIRECTION('center_axis',(0.,0.,1.));
#3208=DIRECTION('ref_axis',(1.,0.,0.));
#3209=DIRECTION('',(0.,0.,-1.));
#3210=DIRECTION('center_axis',(0.,0.,1.));
#3211=DIRECTION('ref_axis',(1.,0.,0.));
#3212=DIRECTION('center_axis',(0.,0.,1.));
#3213=DIRECTION('ref_axis',(1.,0.,0.));
#3214=DIRECTION('center_axis',(0.,0.,1.));
#3215=DIRECTION('ref_axis',(1.,0.,0.));
#3216=DIRECTION('center_axis',(7.16012354244624E-13,-1.55980682365979E-12,
1.));
#3217=DIRECTION('ref_axis',(0.587044189616623,-0.809554889700113,-1.68295050086157E-12));
#3218=DIRECTION('',(0.707106781186554,8.65956056235501E-17,-0.707106781186541));
#3219=DIRECTION('center_axis',(0.,0.,1.));
#3220=DIRECTION('ref_axis',(1.,0.,0.));
#3221=DIRECTION('center_axis',(0.,0.,1.));
#3222=DIRECTION('ref_axis',(-1.,0.,0.));
#3223=DIRECTION('center_axis',(0.,0.,-1.));
#3224=DIRECTION('ref_axis',(-1.,0.,0.));
#3225=DIRECTION('center_axis',(0.,0.,-1.));
#3226=DIRECTION('ref_axis',(-1.,0.,0.));
#3227=DIRECTION('',(0.866025403784438,0.500000000000001,0.));
#3228=DIRECTION('',(0.866025403784438,-0.5,0.));
#3229=DIRECTION('',(3.75578649684289E-16,-1.,0.));
#3230=DIRECTION('',(-0.866025403784438,-0.500000000000001,0.));
#3231=DIRECTION('',(-0.866025403784439,0.499999999999999,0.));
#3232=DIRECTION('',(7.5115729936858E-16,1.,0.));
#3233=DIRECTION('center_axis',(0.5,0.866025403784439,0.));
#3234=DIRECTION('ref_axis',(-0.866025403784439,0.5,0.));
#3235=DIRECTION('',(0.,0.,1.));
#3236=DIRECTION('',(0.,0.,1.));
#3237=DIRECTION('center_axis',(1.,3.75578649684289E-16,0.));
#3238=DIRECTION('ref_axis',(-3.75578649684289E-16,1.,0.));
#3239=DIRECTION('',(0.,0.,1.));
#3240=DIRECTION('center_axis',(0.500000000000001,-0.866025403784438,0.));
#3241=DIRECTION('ref_axis',(0.866025403784438,0.500000000000001,0.));
#3242=DIRECTION('',(0.,0.,1.));
#3243=DIRECTION('center_axis',(-0.499999999999999,-0.866025403784439,0.));
#3244=DIRECTION('ref_axis',(0.866025403784439,-0.499999999999999,0.));
#3245=DIRECTION('',(0.,0.,1.));
#3246=DIRECTION('center_axis',(-1.,7.5115729936858E-16,0.));
#3247=DIRECTION('ref_axis',(-7.5115729936858E-16,-1.,0.));
#3248=DIRECTION('',(0.,0.,1.));
#3249=DIRECTION('center_axis',(-0.500000000000001,0.866025403784438,0.));
#3250=DIRECTION('ref_axis',(-0.866025403784438,-0.500000000000001,0.));
#3251=DIRECTION('center_axis',(0.,0.,-1.));
#3252=DIRECTION('ref_axis',(1.,0.,0.));
#3253=DIRECTION('center_axis',(0.,0.,-1.));
#3254=DIRECTION('ref_axis',(-1.,0.,0.));
#3255=DIRECTION('center_axis',(0.,0.,-1.));
#3256=DIRECTION('ref_axis',(1.,0.,0.));
#3257=DIRECTION('center_axis',(0.,0.,-1.));
#3258=DIRECTION('ref_axis',(-1.,0.,0.));
#3259=DIRECTION('center_axis',(0.,0.,-1.));
#3260=DIRECTION('ref_axis',(1.,0.,0.));
#3261=DIRECTION('center_axis',(0.,0.,-1.));
#3262=DIRECTION('ref_axis',(-1.,0.,0.));
#3263=DIRECTION('center_axis',(0.,0.,-1.));
#3264=DIRECTION('ref_axis',(1.,0.,0.));
#3265=DIRECTION('center_axis',(0.,0.,1.));
#3266=DIRECTION('ref_axis',(1.,0.,0.));
#3267=DIRECTION('center_axis',(0.,0.,-1.));
#3268=DIRECTION('ref_axis',(1.,0.,0.));
#3269=DIRECTION('center_axis',(0.,0.,-1.));
#3270=DIRECTION('ref_axis',(-1.,0.,0.));
#3271=DIRECTION('center_axis',(0.,0.,-1.));
#3272=DIRECTION('ref_axis',(1.,0.,0.));
#3273=DIRECTION('center_axis',(0.,0.,-1.));
#3274=DIRECTION('ref_axis',(-1.,0.,0.));
#3275=DIRECTION('center_axis',(0.,0.,-1.));
#3276=DIRECTION('ref_axis',(-1.,0.,0.));
#3277=DIRECTION('center_axis',(0.,0.,-1.));
#3278=DIRECTION('ref_axis',(-6.86692453827525E-17,1.,0.));
#3279=DIRECTION('center_axis',(0.,0.,1.));
#3280=DIRECTION('ref_axis',(1.,0.,0.));
#3281=DIRECTION('axis',(0.,0.,1.));
#3282=DIRECTION('refdir',(1.,0.,0.));
#3283=DIRECTION('center_axis',(0.,0.,1.));
#3284=DIRECTION('ref_axis',(1.,0.,0.));
#3285=DIRECTION('center_axis',(0.,0.,1.));
#3286=DIRECTION('ref_axis',(1.,0.,0.));
#3287=DIRECTION('',(0.,0.,-1.));
#3288=DIRECTION('center_axis',(0.,0.,1.));
#3289=DIRECTION('ref_axis',(1.,0.,0.));
#3290=DIRECTION('center_axis',(0.,0.,1.));
#3291=DIRECTION('ref_axis',(1.,0.,0.));
#3292=DIRECTION('center_axis',(1.22464679914735E-16,-1.,0.));
#3293=DIRECTION('ref_axis',(-1.,-1.22464679914735E-16,0.));
#3294=DIRECTION('center_axis',(0.,0.,1.));
#3295=DIRECTION('ref_axis',(1.,0.,0.));
#3296=DIRECTION('center_axis',(0.,0.,1.));
#3297=DIRECTION('ref_axis',(1.,0.,0.));
#3298=DIRECTION('',(0.,0.,1.));
#3299=DIRECTION('center_axis',(0.,0.,1.));
#3300=DIRECTION('ref_axis',(1.,0.,0.));
#3301=DIRECTION('center_axis',(-1.,0.,0.));
#3302=DIRECTION('ref_axis',(0.,0.,1.));
#3303=DIRECTION('center_axis',(-1.,0.,0.));
#3304=DIRECTION('ref_axis',(0.,0.,1.));
#3305=DIRECTION('center_axis',(-1.,0.,0.));
#3306=DIRECTION('ref_axis',(0.,0.,1.));
#3307=DIRECTION('center_axis',(-1.,0.,0.));
#3308=DIRECTION('ref_axis',(0.,0.,1.));
#3309=DIRECTION('center_axis',(-1.,0.,0.));
#3310=DIRECTION('ref_axis',(0.,0.,1.));
#3311=DIRECTION('',(1.,0.,0.));
#3312=DIRECTION('center_axis',(1.,0.,0.));
#3313=DIRECTION('ref_axis',(0.,0.,-1.));
#3314=DIRECTION('center_axis',(-1.,0.,0.));
#3315=DIRECTION('ref_axis',(0.,0.,1.));
#3316=DIRECTION('center_axis',(-1.,0.,0.));
#3317=DIRECTION('ref_axis',(0.,0.,1.));
#3318=DIRECTION('center_axis',(-1.,0.,0.));
#3319=DIRECTION('ref_axis',(0.,0.,1.));
#3320=DIRECTION('',(1.,0.,0.));
#3321=DIRECTION('center_axis',(-1.,0.,0.));
#3322=DIRECTION('ref_axis',(0.,0.,1.));
#3323=DIRECTION('center_axis',(1.,0.,0.));
#3324=DIRECTION('ref_axis',(0.,0.,-1.));
#3325=DIRECTION('center_axis',(-1.,0.,0.));
#3326=DIRECTION('ref_axis',(0.,0.,1.));
#3327=DIRECTION('center_axis',(-1.,0.,0.));
#3328=DIRECTION('ref_axis',(0.,0.,1.));
#3329=DIRECTION('center_axis',(-1.,0.,0.));
#3330=DIRECTION('ref_axis',(0.,0.,1.));
#3331=DIRECTION('',(1.,0.,0.));
#3332=DIRECTION('center_axis',(-1.,0.,0.));
#3333=DIRECTION('ref_axis',(0.,0.,1.));
#3334=DIRECTION('center_axis',(-1.,0.,0.));
#3335=DIRECTION('ref_axis',(0.,0.,1.));
#3336=DIRECTION('center_axis',(-1.,0.,0.));
#3337=DIRECTION('ref_axis',(0.,0.,1.));
#3338=DIRECTION('center_axis',(-1.,0.,0.));
#3339=DIRECTION('ref_axis',(0.,0.,1.));
#3340=DIRECTION('',(1.,0.,0.));
#3341=DIRECTION('center_axis',(1.,0.,0.));
#3342=DIRECTION('ref_axis',(0.,0.,-1.));
#3343=DIRECTION('center_axis',(-1.,0.,0.));
#3344=DIRECTION('ref_axis',(0.,0.,1.));
#3345=DIRECTION('center_axis',(-1.,0.,0.));
#3346=DIRECTION('ref_axis',(0.,0.,1.));
#3347=DIRECTION('',(1.,0.,0.));
#3348=DIRECTION('center_axis',(1.,0.,0.));
#3349=DIRECTION('ref_axis',(0.,0.,-1.));
#3350=DIRECTION('center_axis',(-1.,0.,0.));
#3351=DIRECTION('ref_axis',(0.,0.,1.));
#3352=DIRECTION('center_axis',(-1.,0.,0.));
#3353=DIRECTION('ref_axis',(0.,0.,1.));
#3354=DIRECTION('center_axis',(-1.,0.,0.));
#3355=DIRECTION('ref_axis',(0.,0.,1.));
#3356=DIRECTION('center_axis',(-1.,0.,0.));
#3357=DIRECTION('ref_axis',(0.,0.,1.));
#3358=DIRECTION('',(1.,0.,0.));
#3359=DIRECTION('center_axis',(-1.,0.,0.));
#3360=DIRECTION('ref_axis',(0.,0.,1.));
#3361=DIRECTION('center_axis',(0.,-1.,1.22464679914735E-16));
#3362=DIRECTION('ref_axis',(0.,-1.22464679914735E-16,-1.));
#3363=DIRECTION('center_axis',(-1.,0.,0.));
#3364=DIRECTION('ref_axis',(0.,0.,1.));
#3365=DIRECTION('center_axis',(-1.,0.,0.));
#3366=DIRECTION('ref_axis',(0.,0.,1.));
#3367=DIRECTION('center_axis',(-1.,0.,0.));
#3368=DIRECTION('ref_axis',(0.,0.,1.));
#3369=DIRECTION('',(1.,0.,0.));
#3370=DIRECTION('center_axis',(-1.,0.,0.));
#3371=DIRECTION('ref_axis',(0.,0.,1.));
#3372=DIRECTION('center_axis',(-1.,0.,0.));
#3373=DIRECTION('ref_axis',(0.,0.,1.));
#3374=DIRECTION('center_axis',(-1.,0.,0.));
#3375=DIRECTION('ref_axis',(0.,0.,1.));
#3376=DIRECTION('',(1.,0.,0.));
#3377=DIRECTION('center_axis',(1.,0.,-3.11277483539763E-17));
#3378=DIRECTION('ref_axis',(0.,0.,-1.));
#3379=DIRECTION('center_axis',(-1.,0.,3.11277483539763E-17));
#3380=DIRECTION('ref_axis',(-2.03986677387048E-34,1.,-6.5532101797845E-18));
#3381=DIRECTION('center_axis',(-3.81204973863614E-33,-1.,-1.22464679914735E-16));
#3382=DIRECTION('ref_axis',(4.11193712824132E-17,-1.22464679914735E-16,
1.));
#3383=DIRECTION('center_axis',(1.,0.,-3.11277483539763E-17));
#3384=DIRECTION('ref_axis',(0.,1.,-6.5532101797845E-18));
#3385=DIRECTION('center_axis',(1.,0.,-3.11277483539763E-17));
#3386=DIRECTION('ref_axis',(0.,1.,-6.5532101797845E-18));
#3387=DIRECTION('center_axis',(-1.,0.,0.));
#3388=DIRECTION('ref_axis',(0.,1.,0.));
#3389=DIRECTION('center_axis',(-1.,0.,-4.66916225309645E-17));
#3390=DIRECTION('ref_axis',(0.,1.,0.));
#3391=DIRECTION('',(-1.,0.,0.));
#3392=DIRECTION('center_axis',(-1.,0.,3.11277483539763E-17));
#3393=DIRECTION('ref_axis',(3.11277483539763E-17,0.,1.));
#3394=DIRECTION('',(-3.11277483539763E-17,0.,-1.));
#3395=DIRECTION('',(0.,1.,0.));
#3396=DIRECTION('',(3.11277483539763E-17,0.,1.));
#3397=DIRECTION('center_axis',(1.,0.,-3.11277483539763E-17));
#3398=DIRECTION('ref_axis',(-2.58724107858823E-17,0.556020284962767,-0.831168720964596));
#3399=DIRECTION('',(0.,1.,0.));
#3400=DIRECTION('center_axis',(1.,0.,-3.11277483539763E-17));
#3401=DIRECTION('ref_axis',(-2.58724107858824E-17,-0.556020284962767,-0.831168720964597));
#3402=DIRECTION('center_axis',(0.,0.,-1.));
#3403=DIRECTION('ref_axis',(-1.,0.,0.));
#3404=DIRECTION('center_axis',(0.,0.,1.));
#3405=DIRECTION('ref_axis',(-1.,0.,0.));
#3406=DIRECTION('center_axis',(-1.22464679914735E-16,-1.,0.));
#3407=DIRECTION('ref_axis',(1.,-1.22464679914735E-16,0.));
#3408=DIRECTION('center_axis',(0.,0.,-1.));
#3409=DIRECTION('ref_axis',(-1.,0.,0.));
#3410=DIRECTION('center_axis',(0.,0.,-1.));
#3411=DIRECTION('ref_axis',(-1.,0.,0.));
#3412=DIRECTION('',(0.,0.,-1.));
#3413=DIRECTION('center_axis',(0.,0.,1.));
#3414=DIRECTION('ref_axis',(-1.,0.,0.));
#3415=DIRECTION('center_axis',(0.,0.,1.));
#3416=DIRECTION('ref_axis',(1.,0.,0.));
#3417=DIRECTION('',(-1.,0.,0.));
#3418=DIRECTION('',(0.,1.,0.));
#3419=DIRECTION('',(1.,0.,0.));
#3420=DIRECTION('',(0.,1.,0.));
#3421=DIRECTION('center_axis',(-1.,0.,0.));
#3422=DIRECTION('ref_axis',(0.,0.,1.));
#3423=DIRECTION('center_axis',(1.,0.,0.));
#3424=DIRECTION('ref_axis',(0.,1.,0.));
#3425=DIRECTION('center_axis',(0.,-1.,1.22464679914735E-16));
#3426=DIRECTION('ref_axis',(0.,-1.22464679914735E-16,-1.));
#3427=DIRECTION('center_axis',(-1.,0.,0.));
#3428=DIRECTION('ref_axis',(0.,1.,0.));
#3429=DIRECTION('center_axis',(-1.,0.,0.));
#3430=DIRECTION('ref_axis',(0.,1.,0.));
#3431=DIRECTION('center_axis',(1.,0.,0.));
#3432=DIRECTION('ref_axis',(0.,0.,-1.));
#3433=DIRECTION('',(0.,0.,1.));
#3434=DIRECTION('center_axis',(-1.,0.,0.));
#3435=DIRECTION('ref_axis',(0.,-0.556020284962767,-0.831168720964597));
#3436=DIRECTION('',(0.,-1.,0.));
#3437=DIRECTION('center_axis',(-1.,0.,0.));
#3438=DIRECTION('ref_axis',(0.,0.556020284962767,-0.831168720964596));
#3439=DIRECTION('',(0.,0.,-1.));
#3440=DIRECTION('',(0.,1.,0.));
#3441=DIRECTION('center_axis',(-1.,0.,0.));
#3442=DIRECTION('ref_axis',(0.,1.,0.));
#3443=DIRECTION('',(-1.,0.,0.));
#3444=DIRECTION('center_axis',(1.,0.,0.));
#3445=DIRECTION('ref_axis',(0.,1.,0.));
#3446=DIRECTION('center_axis',(0.,1.,0.));
#3447=DIRECTION('ref_axis',(-0.707106781186547,0.,-0.707106781186548));
#3448=DIRECTION('',(0.,-1.,0.));
#3449=DIRECTION('center_axis',(0.,0.,1.));
#3450=DIRECTION('ref_axis',(0.707106781186548,-0.707106781186547,0.));
#3451=DIRECTION('center_axis',(0.,0.,-1.));
#3452=DIRECTION('ref_axis',(1.,0.,0.));
#3453=DIRECTION('',(0.,0.,-1.));
#3454=DIRECTION('center_axis',(3.11277483539763E-17,0.,1.));
#3455=DIRECTION('ref_axis',(-0.707106781186548,0.707106781186548,0.));
#3456=DIRECTION('center_axis',(0.,0.,-1.));
#3457=DIRECTION('ref_axis',(-1.,0.,0.));
#3458=DIRECTION('',(-3.11277483539763E-17,0.,-1.));
#3459=DIRECTION('center_axis',(0.,1.,0.));
#3460=DIRECTION('ref_axis',(0.,0.,1.));
#3461=DIRECTION('center_axis',(-1.,0.,2.08166817117218E-16));
#3462=DIRECTION('ref_axis',(2.08166817117218E-16,0.,1.));
#3463=DIRECTION('center_axis',(0.,-1.,0.));
#3464=DIRECTION('ref_axis',(-0.707106781186548,0.,0.707106781186547));
#3465=DIRECTION('center_axis',(0.,1.,0.));
#3466=DIRECTION('ref_axis',(-0.707106781186548,0.,0.707106781186547));
#3467=DIRECTION('center_axis',(1.,0.,0.));
#3468=DIRECTION('ref_axis',(0.,0.707106781186548,0.707106781186547));
#3469=DIRECTION('center_axis',(-1.,0.,0.));
#3470=DIRECTION('ref_axis',(0.,0.,1.));
#3471=DIRECTION('',(-1.,0.,0.));
#3472=DIRECTION('center_axis',(0.,1.,0.));
#3473=DIRECTION('ref_axis',(0.,0.,1.));
#3474=DIRECTION('center_axis',(0.,0.,1.));
#3475=DIRECTION('ref_axis',(1.,0.,0.));
#3476=DIRECTION('center_axis',(0.,-1.,0.));
#3477=DIRECTION('ref_axis',(0.707106781186546,0.,0.707106781186549));
#3478=DIRECTION('center_axis',(0.,1.,0.));
#3479=DIRECTION('ref_axis',(0.707106781186546,0.,0.707106781186549));
#3480=DIRECTION('center_axis',(0.,0.,-1.));
#3481=DIRECTION('ref_axis',(0.707106781186548,0.707106781186547,0.));
#3482=DIRECTION('',(0.,0.,1.));
#3483=DIRECTION('center_axis',(1.,0.,0.));
#3484=DIRECTION('ref_axis',(0.,0.,-1.));
#3485=DIRECTION('center_axis',(1.,0.,0.));
#3486=DIRECTION('ref_axis',(0.,0.556020284962767,-0.831168720964596));
#3487=DIRECTION('center_axis',(0.,1.,0.));
#3488=DIRECTION('ref_axis',(0.707106781186548,0.,-0.707106781186548));
#3489=DIRECTION('',(0.,1.,0.));
#3490=DIRECTION('center_axis',(1.,0.,0.));
#3491=DIRECTION('ref_axis',(0.,0.,-1.));
#3492=DIRECTION('center_axis',(1.,0.,0.));
#3493=DIRECTION('ref_axis',(0.,-0.556020284962766,-0.831168720964597));
#3494=DIRECTION('center_axis',(-1.,0.,3.11277483539763E-17));
#3495=DIRECTION('ref_axis',(3.59992945685017E-17,0.,1.));
#3496=DIRECTION('center_axis',(-1.,0.,3.11277483539763E-17));
#3497=DIRECTION('ref_axis',(-2.24995591053135E-17,0.556020284962767,-0.831168720964596));
#3498=DIRECTION('center_axis',(0.,-1.,0.));
#3499=DIRECTION('ref_axis',(0.,0.,-1.));
#3500=DIRECTION('center_axis',(1.,0.,2.22044604925032E-15));
#3501=DIRECTION('ref_axis',(-2.22044604925032E-15,0.,1.));
#3502=DIRECTION('center_axis',(0.,1.,0.));
#3503=DIRECTION('ref_axis',(0.707106781186546,0.,0.707106781186549));
#3504=DIRECTION('center_axis',(0.,-1.,0.));
#3505=DIRECTION('ref_axis',(0.707106781186546,0.,0.707106781186549));
#3506=DIRECTION('center_axis',(-1.,0.,0.));
#3507=DIRECTION('ref_axis',(0.,-0.707106781186548,0.707106781186547));
#3508=DIRECTION('center_axis',(1.,0.,2.08166817117218E-16));
#3509=DIRECTION('ref_axis',(-2.08166817117218E-16,0.,1.));
#3510=DIRECTION('',(1.,0.,0.));
#3511=DIRECTION('center_axis',(0.,-1.,0.));
#3512=DIRECTION('ref_axis',(0.,0.,-1.));
#3513=DIRECTION('center_axis',(0.,0.,1.));
#3514=DIRECTION('ref_axis',(-1.,0.,0.));
#3515=DIRECTION('center_axis',(0.,1.,0.));
#3516=DIRECTION('ref_axis',(-0.707106781186548,0.,0.707106781186547));
#3517=DIRECTION('center_axis',(0.,-1.,0.));
#3518=DIRECTION('ref_axis',(-0.707106781186548,0.,0.707106781186547));
#3519=DIRECTION('center_axis',(-3.11277483539763E-17,0.,-1.));
#3520=DIRECTION('ref_axis',(-0.707106781186548,-0.707106781186548,0.));
#3521=DIRECTION('',(3.11277483539763E-17,0.,1.));
#3522=DIRECTION('center_axis',(-1.,0.,3.11277483539763E-17));
#3523=DIRECTION('ref_axis',(3.59992945685017E-17,0.,1.));
#3524=DIRECTION('center_axis',(-1.,0.,3.11277483539763E-17));
#3525=DIRECTION('ref_axis',(-2.24995591053135E-17,-0.556020284962767,-0.831168720964597));
#3526=DIRECTION('center_axis',(0.,1.,0.));
#3527=DIRECTION('ref_axis',(1.,0.,0.));
#3528=DIRECTION('',(1.,0.,0.));
#3529=DIRECTION('',(-4.66916225309645E-17,0.,1.));
#3530=DIRECTION('center_axis',(0.,1.,0.));
#3531=DIRECTION('ref_axis',(-1.,0.,0.));
#3532=DIRECTION('',(1.,0.,0.));
#3533=DIRECTION('center_axis',(0.,1.,0.));
#3534=DIRECTION('ref_axis',(0.,0.,1.));
#3535=DIRECTION('',(0.,0.,-1.));
#3536=DIRECTION('',(1.,0.,0.));
#3537=DIRECTION('center_axis',(-1.,0.,0.));
#3538=DIRECTION('ref_axis',(0.,-0.810632048021524,-0.585555874977298));
#3539=DIRECTION('',(-1.,0.,0.));
#3540=DIRECTION('center_axis',(1.,0.,4.66916225309645E-17));
#3541=DIRECTION('ref_axis',(0.,-0.810632048021524,-0.585555874977298));
#3542=DIRECTION('center_axis',(0.,0.,-1.));
#3543=DIRECTION('ref_axis',(-1.,0.,0.));
#3544=DIRECTION('',(1.,0.,0.));
#3545=DIRECTION('',(0.,1.,0.));
#3546=DIRECTION('center_axis',(-1.,0.,0.));
#3547=DIRECTION('ref_axis',(0.,-0.810632048021524,-0.585555874977298));
#3548=DIRECTION('',(-1.,0.,0.));
#3549=DIRECTION('center_axis',(1.,0.,4.66916225309645E-17));
#3550=DIRECTION('ref_axis',(0.,-0.810632048021524,-0.585555874977298));
#3551=DIRECTION('center_axis',(-1.,0.,0.));
#3552=DIRECTION('ref_axis',(0.,-0.810632048021524,-0.585555874977298));
#3553=DIRECTION('',(1.,0.,0.));
#3554=DIRECTION('center_axis',(-1.,0.,0.));
#3555=DIRECTION('ref_axis',(0.,-0.810632048021524,-0.585555874977298));
#3556=DIRECTION('',(-1.,0.,0.));
#3557=DIRECTION('center_axis',(-1.,0.,0.));
#3558=DIRECTION('ref_axis',(0.,-0.810632048021524,-0.585555874977298));
#3559=DIRECTION('center_axis',(-1.,0.,0.));
#3560=DIRECTION('ref_axis',(0.,-0.810632048021524,-0.585555874977298));
#3561=DIRECTION('',(-1.,0.,0.));
#3562=DIRECTION('center_axis',(-1.,0.,0.));
#3563=DIRECTION('ref_axis',(0.,0.,1.));
#3564=DIRECTION('',(0.,1.,0.));
#3565=DIRECTION('',(0.,1.,0.));
#3566=DIRECTION('',(0.,0.,1.));
#3567=DIRECTION('center_axis',(0.,0.,-1.));
#3568=DIRECTION('ref_axis',(-1.,0.,0.));
#3569=DIRECTION('center_axis',(0.,1.,0.));
#3570=DIRECTION('ref_axis',(-2.22044604925031E-15,0.,1.));
#3571=DIRECTION('center_axis',(0.,1.,0.));
#3572=DIRECTION('ref_axis',(-1.,0.,0.));
#3573=DIRECTION('center_axis',(1.,0.,4.66916225309645E-17));
#3574=DIRECTION('ref_axis',(4.66916225309645E-17,0.,-1.));
#3575=DIRECTION('',(4.66916225309645E-17,0.,-1.));
#3576=DIRECTION('',(0.,1.,0.));
#3577=DIRECTION('center_axis',(0.,1.,0.));
#3578=DIRECTION('ref_axis',(-1.,0.,0.));
#3579=DIRECTION('center_axis',(0.,-1.,0.));
#3580=DIRECTION('ref_axis',(-1.,0.,0.));
#3581=DIRECTION('',(0.,1.,0.));
#3582=DIRECTION('center_axis',(0.,0.,-1.));
#3583=DIRECTION('ref_axis',(-1.,0.,0.));
#3584=DIRECTION('',(-1.,0.,0.));
#3585=DIRECTION('',(0.,1.,0.));
#3586=DIRECTION('center_axis',(0.,1.,0.));
#3587=DIRECTION('ref_axis',(0.,0.,1.));
#3588=DIRECTION('center_axis',(0.,-1.,0.));
#3589=DIRECTION('ref_axis',(0.,0.,1.));
#3590=DIRECTION('center_axis',(0.,1.,0.));
#3591=DIRECTION('ref_axis',(1.,0.,0.));
#3592=DIRECTION('center_axis',(2.22044604925031E-16,1.,0.));
#3593=DIRECTION('ref_axis',(0.,0.,1.));
#3594=DIRECTION('center_axis',(-1.,2.22044604925031E-16,1.53134210293125E-16));
#3595=DIRECTION('ref_axis',(-1.53134210293125E-16,2.71926214689378E-32,
-1.));
#3596=DIRECTION('center_axis',(-1.,2.22044604925031E-16,1.53134210293125E-16));
#3597=DIRECTION('ref_axis',(-1.53134210293125E-16,2.71926214689378E-32,
-1.));
#3598=DIRECTION('center_axis',(-2.22044604925031E-16,-1.,0.));
#3599=DIRECTION('ref_axis',(7.15595301814153E-33,0.,1.));
#3600=DIRECTION('center_axis',(0.,0.,1.));
#3601=DIRECTION('ref_axis',(-1.,0.,0.));
#3602=DIRECTION('center_axis',(0.,0.,1.));
#3603=DIRECTION('ref_axis',(-1.,0.,0.));
#3604=DIRECTION('center_axis',(0.,0.,1.));
#3605=DIRECTION('ref_axis',(1.,0.,0.));
#3606=DIRECTION('center_axis',(0.,0.,-1.));
#3607=DIRECTION('ref_axis',(-1.,0.,0.));
#3608=DIRECTION('center_axis',(1.22464679914735E-16,-1.,0.));
#3609=DIRECTION('ref_axis',(-1.,-1.22464679914735E-16,0.));
#3610=DIRECTION('center_axis',(0.,0.,-1.));
#3611=DIRECTION('ref_axis',(-1.,0.,0.));
#3612=DIRECTION('center_axis',(0.,0.,1.));
#3613=DIRECTION('ref_axis',(-1.,0.,0.));
#3614=DIRECTION('center_axis',(0.,0.,-1.));
#3615=DIRECTION('ref_axis',(-1.,0.,0.));
#3616=DIRECTION('center_axis',(0.,0.,1.));
#3617=DIRECTION('ref_axis',(-1.,0.,0.));
#3618=DIRECTION('center_axis',(0.,0.,-1.));
#3619=DIRECTION('ref_axis',(-1.,0.,0.));
#3620=DIRECTION('center_axis',(0.,0.,1.));
#3621=DIRECTION('ref_axis',(1.,0.,0.));
#3622=DIRECTION('center_axis',(0.,0.,1.));
#3623=DIRECTION('ref_axis',(-1.,0.,0.));
#3624=DIRECTION('center_axis',(0.,0.,1.));
#3625=DIRECTION('ref_axis',(-1.,0.,0.));
#3626=DIRECTION('center_axis',(0.,0.,1.));
#3627=DIRECTION('ref_axis',(-1.,0.,0.));
#3628=DIRECTION('',(0.,0.,-1.));
#3629=DIRECTION('',(1.,0.,-4.16333634234433E-16));
#3630=DIRECTION('',(-3.60822483003175E-16,0.,-1.));
#3631=DIRECTION('',(1.,0.,-4.16333634234434E-16));
#3632=DIRECTION('',(-3.60822483003176E-16,0.,-1.));
#3633=DIRECTION('',(-1.,0.,-1.38777878078145E-16));
#3634=DIRECTION('',(-1.38777878078144E-16,0.,1.));
#3635=DIRECTION('',(-1.,0.,-1.38777878078145E-16));
#3636=DIRECTION('',(-1.38777878078144E-16,0.,1.));
#3637=DIRECTION('',(7.12769975015425E-24,-1.22813212844658E-16,-1.));
#3638=DIRECTION('',(1.,5.44269490587723E-17,-1.23259487053424E-32));
#3639=DIRECTION('',(1.,0.,-4.16333634234434E-16));
#3640=DIRECTION('',(-3.60822483003176E-16,0.,-1.));
#3641=DIRECTION('',(1.,0.,-4.16333634234433E-16));
#3642=DIRECTION('',(-3.60822483003175E-16,0.,-1.));
#3643=CARTESIAN_POINT('',(0.,0.,0.));
#3644=CARTESIAN_POINT('',(0.,0.,0.));
#3645=CARTESIAN_POINT('Ctrl Pts',(-0.222796125492687,-5.10287022338327,
0.25));
#3646=CARTESIAN_POINT('Ctrl Pts',(-0.203724781096227,-4.66606462263339,
0.25));
#3647=CARTESIAN_POINT('Ctrl Pts',(-0.636826878026023,-4.60618622370217,
0.25));
#3648=CARTESIAN_POINT('Ctrl Pts',(-0.222796125492687,-5.10287022338327,
0.500000000000001));
#3649=CARTESIAN_POINT('Ctrl Pts',(-0.203724781096227,-4.66606462263339,
0.500000000000001));
#3650=CARTESIAN_POINT('Ctrl Pts',(-0.636826878026023,-4.60618622370217,
0.500000000000001));
#3651=CARTESIAN_POINT('Ctrl Pts',(-0.472558180888152,-5.09196537654193,
0.5));
#3652=CARTESIAN_POINT('Ctrl Pts',(-0.463414440615336,-4.88253929309762,
0.5));
#3653=CARTESIAN_POINT('Ctrl Pts',(-0.671064882220971,-4.85383064433132,
0.5));
#3654=CARTESIAN_POINT('',(-0.636826878026023,-4.60618622370217,0.25));
#3655=CARTESIAN_POINT('',(-0.222796125492687,-5.10287022338327,0.25));
#3656=CARTESIAN_POINT('Origin',(-0.702599521789503,-5.08192155469024,0.25));
#3657=CARTESIAN_POINT('',(-0.671064882220971,-4.85383064433132,0.5));
#3658=CARTESIAN_POINT('Origin',(-0.671064882220971,-4.85383064433132,0.25));
#3659=CARTESIAN_POINT('',(-0.472558180888151,-5.09196537654193,0.5));
#3660=CARTESIAN_POINT('Origin',(-0.702599521789503,-5.08192155469024,0.5));
#3661=CARTESIAN_POINT('Origin',(-0.472558180888151,-5.09196537654193,0.25));
#3662=CARTESIAN_POINT('Origin',(0.,0.,0.25));
#3663=CARTESIAN_POINT('',(0.671064882220969,-4.85383064433132,0.5));
#3664=CARTESIAN_POINT('Origin',(0.,0.,0.5));
#3665=CARTESIAN_POINT('',(0.636826878026022,-4.60618622370217,0.25));
#3666=CARTESIAN_POINT('Origin',(0.,0.,0.25));
#3667=CARTESIAN_POINT('Origin',(0.671064882220969,-4.85383064433132,0.25));
#3668=CARTESIAN_POINT('Ctrl Pts',(0.636826878026022,-4.60618622370217,0.25));
#3669=CARTESIAN_POINT('Ctrl Pts',(0.203724781096225,-4.66606462263339,0.25));
#3670=CARTESIAN_POINT('Ctrl Pts',(0.222796125492685,-5.10287022338327,0.25));
#3671=CARTESIAN_POINT('Ctrl Pts',(0.636826878026022,-4.60618622370217,0.500000000000001));
#3672=CARTESIAN_POINT('Ctrl Pts',(0.203724781096225,-4.66606462263339,0.500000000000001));
#3673=CARTESIAN_POINT('Ctrl Pts',(0.222796125492685,-5.10287022338327,0.500000000000001));
#3674=CARTESIAN_POINT('Ctrl Pts',(0.671064882220969,-4.85383064433132,0.5));
#3675=CARTESIAN_POINT('Ctrl Pts',(0.463414440615334,-4.88253929309762,0.5));
#3676=CARTESIAN_POINT('Ctrl Pts',(0.47255818088815,-5.09196537654193,0.5));
#3677=CARTESIAN_POINT('',(0.222796125492685,-5.10287022338327,0.25));
#3678=CARTESIAN_POINT('Origin',(0.702599521789501,-5.08192155469024,0.25));
#3679=CARTESIAN_POINT('',(0.472558180888149,-5.09196537654193,0.5));
#3680=CARTESIAN_POINT('Origin',(0.472558180888149,-5.09196537654193,0.25));
#3681=CARTESIAN_POINT('Origin',(0.702599521789501,-5.08192155469024,0.5));
#3682=CARTESIAN_POINT('Origin',(1.77499991962917,-5.76967001902414,0.25));
#3683=CARTESIAN_POINT('',(3.69408548232325,-5.68299282394564,0.25));
#3684=CARTESIAN_POINT('',(2.3398688645965,-7.60578695650361,0.25));
#3685=CARTESIAN_POINT('Origin',(1.77499991962917,-5.76967001902414,0.25));
#3686=CARTESIAN_POINT('',(3.4443400874815,-5.6942727953703,0.5));
#3687=CARTESIAN_POINT('Origin',(3.4443400874815,-5.6942727953703,0.25));
#3688=CARTESIAN_POINT('',(2.26635811529116,-7.36683890830784,0.5));
#3689=CARTESIAN_POINT('Origin',(1.77499991962917,-5.76967001902414,0.5));
#3690=CARTESIAN_POINT('Origin',(2.26635811529116,-7.36683890830784,0.25));
#3691=CARTESIAN_POINT('Origin',(-5.58745019762344,-5.02684049934594,0.25));
#3692=CARTESIAN_POINT('',(-4.04491029548407,-3.49909903589641,0.5));
#3693=CARTESIAN_POINT('',(-3.41861924008762,-5.12479766584909,0.5));
#3694=CARTESIAN_POINT('Origin',(-5.58745019762344,-5.02684049934594,0.5));
#3695=CARTESIAN_POINT('',(-4.22253697292538,-3.67502164234925,0.25));
#3696=CARTESIAN_POINT('Origin',(-4.04491029548407,-3.49909903589641,0.25));
#3697=CARTESIAN_POINT('',(-3.66836463492937,-5.11351769442444,0.25));
#3698=CARTESIAN_POINT('Origin',(-5.58745019762344,-5.02684049934594,0.25));
#3699=CARTESIAN_POINT('Origin',(-3.41861924008762,-5.12479766584909,0.25));
#3700=CARTESIAN_POINT('Origin',(0.,0.507006197280619,0.25));
#3701=CARTESIAN_POINT('',(4.22253697292538,-3.67502164234925,0.25));
#3702=CARTESIAN_POINT('Origin',(0.,0.507006197280619,0.25));
#3703=CARTESIAN_POINT('',(4.04491029548407,-3.49909903589641,0.5));
#3704=CARTESIAN_POINT('Origin',(0.,0.507006197280619,0.5));
#3705=CARTESIAN_POINT('Origin',(4.04491029548407,-3.49909903589641,0.25));
#3706=CARTESIAN_POINT('Ctrl Pts',(-0.472558180888152,-5.09196537654193,
-0.5));
#3707=CARTESIAN_POINT('Ctrl Pts',(-0.463414440615336,-4.88253929309762,
-0.5));
#3708=CARTESIAN_POINT('Ctrl Pts',(-0.671064882220971,-4.85383064433132,
-0.5));
#3709=CARTESIAN_POINT('Ctrl Pts',(-0.222796125492687,-5.10287022338327,
-0.500000000000001));
#3710=CARTESIAN_POINT('Ctrl Pts',(-0.203724781096227,-4.66606462263339,
-0.500000000000001));
#3711=CARTESIAN_POINT('Ctrl Pts',(-0.636826878026023,-4.60618622370217,
-0.500000000000001));
#3712=CARTESIAN_POINT('Ctrl Pts',(-0.222796125492687,-5.10287022338327,
-0.25));
#3713=CARTESIAN_POINT('Ctrl Pts',(-0.203724781096227,-4.66606462263339,
-0.25));
#3714=CARTESIAN_POINT('Ctrl Pts',(-0.636826878026023,-4.60618622370217,
-0.25));
#3715=CARTESIAN_POINT('',(-0.671064882220971,-4.85383064433132,-0.5));
#3716=CARTESIAN_POINT('',(-0.472558180888151,-5.09196537654193,-0.5));
#3717=CARTESIAN_POINT('Origin',(-0.702599521789503,-5.08192155469024,-0.5));
#3718=CARTESIAN_POINT('',(-0.636826878026023,-4.60618622370217,-0.25));
#3719=CARTESIAN_POINT('Origin',(-0.671064882220971,-4.85383064433132,-0.25));
#3720=CARTESIAN_POINT('',(-0.222796125492687,-5.10287022338327,-0.25));
#3721=CARTESIAN_POINT('Origin',(-0.702599521789503,-5.08192155469024,-0.25));
#3722=CARTESIAN_POINT('Origin',(-0.472558180888151,-5.09196537654193,-0.25));
#3723=CARTESIAN_POINT('Origin',(0.,0.,-0.25));
#3724=CARTESIAN_POINT('',(0.636826878026022,-4.60618622370217,-0.25));
#3725=CARTESIAN_POINT('Origin',(0.,0.,-0.25));
#3726=CARTESIAN_POINT('',(0.671064882220969,-4.85383064433132,-0.5));
#3727=CARTESIAN_POINT('Origin',(0.,0.,-0.5));
#3728=CARTESIAN_POINT('Origin',(0.671064882220969,-4.85383064433132,-0.25));
#3729=CARTESIAN_POINT('Ctrl Pts',(0.671064882220969,-4.85383064433132,-0.5));
#3730=CARTESIAN_POINT('Ctrl Pts',(0.463414440615334,-4.88253929309762,-0.5));
#3731=CARTESIAN_POINT('Ctrl Pts',(0.47255818088815,-5.09196537654193,-0.5));
#3732=CARTESIAN_POINT('Ctrl Pts',(0.636826878026022,-4.60618622370217,-0.500000000000001));
#3733=CARTESIAN_POINT('Ctrl Pts',(0.203724781096225,-4.66606462263339,-0.500000000000001));
#3734=CARTESIAN_POINT('Ctrl Pts',(0.222796125492685,-5.10287022338327,-0.500000000000001));
#3735=CARTESIAN_POINT('Ctrl Pts',(0.636826878026022,-4.60618622370217,-0.25));
#3736=CARTESIAN_POINT('Ctrl Pts',(0.203724781096225,-4.66606462263339,-0.25));
#3737=CARTESIAN_POINT('Ctrl Pts',(0.222796125492685,-5.10287022338327,-0.25));
#3738=CARTESIAN_POINT('',(0.472558180888149,-5.09196537654193,-0.5));
#3739=CARTESIAN_POINT('Origin',(0.702599521789501,-5.08192155469024,-0.5));
#3740=CARTESIAN_POINT('',(0.222796125492685,-5.10287022338327,-0.25));
#3741=CARTESIAN_POINT('Origin',(0.472558180888149,-5.09196537654193,-0.25));
#3742=CARTESIAN_POINT('Origin',(0.702599521789501,-5.08192155469024,-0.25));
#3743=CARTESIAN_POINT('Origin',(-5.58745019762344,-5.02684049934594,-0.25));
#3744=CARTESIAN_POINT('',(-4.22253697292538,-3.67502164234925,-0.25));
#3745=CARTESIAN_POINT('',(-3.66836463492937,-5.11351769442444,-0.25));
#3746=CARTESIAN_POINT('Origin',(-5.58745019762344,-5.02684049934594,-0.25));
#3747=CARTESIAN_POINT('',(-4.04491029548407,-3.49909903589641,-0.5));
#3748=CARTESIAN_POINT('Origin',(-4.04491029548407,-3.49909903589641,-0.25));
#3749=CARTESIAN_POINT('',(-3.41861924008762,-5.12479766584909,-0.5));
#3750=CARTESIAN_POINT('Origin',(-5.58745019762344,-5.02684049934594,-0.5));
#3751=CARTESIAN_POINT('Origin',(-3.41861924008762,-5.12479766584909,-0.25));
#3752=CARTESIAN_POINT('Origin',(1.77499991962917,-5.76967001902414,-0.25));
#3753=CARTESIAN_POINT('',(3.4443400874815,-5.6942727953703,-0.5));
#3754=CARTESIAN_POINT('',(2.26635811529116,-7.36683890830784,-0.5));
#3755=CARTESIAN_POINT('Origin',(1.77499991962917,-5.76967001902414,-0.5));
#3756=CARTESIAN_POINT('',(3.69408548232325,-5.68299282394564,-0.25));
#3757=CARTESIAN_POINT('Origin',(3.4443400874815,-5.6942727953703,-0.25));
#3758=CARTESIAN_POINT('',(2.3398688645965,-7.60578695650361,-0.25));
#3759=CARTESIAN_POINT('Origin',(1.77499991962917,-5.76967001902414,-0.25));
#3760=CARTESIAN_POINT('Origin',(2.26635811529116,-7.36683890830784,-0.25));
#3761=CARTESIAN_POINT('Origin',(0.,0.507006197280619,-0.25));
#3762=CARTESIAN_POINT('',(4.04491029548407,-3.49909903589641,-0.5));
#3763=CARTESIAN_POINT('Origin',(0.,0.507006197280619,-0.5));
#3764=CARTESIAN_POINT('',(4.22253697292538,-3.67502164234925,-0.25));
#3765=CARTESIAN_POINT('Origin',(0.,0.507006197280619,-0.25));
#3766=CARTESIAN_POINT('Origin',(4.04491029548407,-3.49909903589641,-0.25));
#3767=CARTESIAN_POINT('Origin',(1.77499991962917,-5.76967001902414,0.5));
#3768=CARTESIAN_POINT('',(2.3398688645965,-7.60578695650361,0.5));
#3769=CARTESIAN_POINT('',(3.69408548232325,-5.68299282394564,0.5));
#3770=CARTESIAN_POINT('Origin',(1.66608202090013,-6.07962994571446,0.5));
#3771=CARTESIAN_POINT('',(0.803582020900126,-6.07962994571446,0.5));
#3772=CARTESIAN_POINT('Origin',(1.66608202090013,-6.07962994571446,0.5));
#3773=CARTESIAN_POINT('',(0.803582020900126,-6.07962994571446,-0.5));
#3774=CARTESIAN_POINT('',(0.803582020900126,-6.07962994571446,0.5));
#3775=CARTESIAN_POINT('Origin',(1.66608202090013,-6.07962994571446,-0.5));
#3776=CARTESIAN_POINT('Origin',(-1.77499991962917,-5.76967001902413,0.5));
#3777=CARTESIAN_POINT('',(-2.33986886459651,-7.60578695650361,0.25));
#3778=CARTESIAN_POINT('',(-3.69408548232325,-5.68299282394564,0.25));
#3779=CARTESIAN_POINT('Origin',(-1.77499991962917,-5.76967001902413,0.25));
#3780=CARTESIAN_POINT('',(-3.69408548232325,-5.68299282394564,-0.25));
#3781=CARTESIAN_POINT('',(-3.69408548232325,-5.68299282394564,0.5));
#3782=CARTESIAN_POINT('',(-2.33986886459651,-7.60578695650361,-0.25));
#3783=CARTESIAN_POINT('Origin',(-1.77499991962917,-5.76967001902413,-0.25));
#3784=CARTESIAN_POINT('',(-2.33986886459651,-7.60578695650361,0.5));
#3785=CARTESIAN_POINT('Origin',(-1.66608202090013,-6.07962994571446,0.5));
#3786=CARTESIAN_POINT('',(-0.803582020900128,-6.07962994571446,0.5));
#3787=CARTESIAN_POINT('Origin',(-1.66608202090013,-6.07962994571446,0.5));
#3788=CARTESIAN_POINT('',(-0.803582020900128,-6.07962994571446,-0.5));
#3789=CARTESIAN_POINT('',(-0.803582020900128,-6.07962994571446,0.5));
#3790=CARTESIAN_POINT('Origin',(-1.66608202090013,-6.07962994571446,-0.5));
#3791=CARTESIAN_POINT('Origin',(0.,0.,0.5));
#3792=CARTESIAN_POINT('',(-0.636826878026023,-4.60618622370217,0.5));
#3793=CARTESIAN_POINT('',(0.636826878026022,-4.60618622370217,0.5));
#3794=CARTESIAN_POINT('Origin',(0.,0.507006197280619,0.5));
#3795=CARTESIAN_POINT('',(4.22253697292538,-3.67502164234925,0.5));
#3796=CARTESIAN_POINT('',(-4.22253697292538,-3.67502164234925,0.5));
#3797=CARTESIAN_POINT('Origin',(0.,0.507006197280619,0.5));
#3798=CARTESIAN_POINT('',(-0.575244431333566,-7.44386718179111,0.5));
#3799=CARTESIAN_POINT('',(-0.472558180888151,-5.09196537654193,0.5));
#3800=CARTESIAN_POINT('',(0.575244431333563,-7.44386718179111,0.5));
#3801=CARTESIAN_POINT('',(0.575244431333563,-7.44386718179111,0.5));
#3802=CARTESIAN_POINT('',(0.830084185005184,-7.66274460317638,0.5));
#3803=CARTESIAN_POINT('Origin',(0.805285772234914,-7.43382335993942,0.5));
#3804=CARTESIAN_POINT('Origin',(0.,0.,0.5));
#3805=CARTESIAN_POINT('',(3.41861924008762,-5.12479766584909,0.5));
#3806=CARTESIAN_POINT('',(3.41861924008762,-5.12479766584909,0.5));
#3807=CARTESIAN_POINT('Origin',(5.58745019762344,-5.02684049934595,0.5));
#3808=CARTESIAN_POINT('',(-3.4443400874815,-5.6942727953703,0.5));
#3809=CARTESIAN_POINT('',(-3.4443400874815,-5.6942727953703,0.5));
#3810=CARTESIAN_POINT('',(-2.26635811529116,-7.36683890830784,0.5));
#3811=CARTESIAN_POINT('Origin',(-1.77499991962917,-5.76967001902413,0.5));
#3812=CARTESIAN_POINT('',(-0.830084185005187,-7.66274460317638,0.5));
#3813=CARTESIAN_POINT('Origin',(0.,0.,0.5));
#3814=CARTESIAN_POINT('Origin',(-0.805285772234917,-7.43382335993942,0.5));
#3815=CARTESIAN_POINT('Origin',(0.,0.507006197280619,-0.5));
#3816=CARTESIAN_POINT('',(-0.575244431333566,-7.44386718179111,-0.5));
#3817=CARTESIAN_POINT('',(-0.227667804544631,0.516946388296949,-0.5));
#3818=CARTESIAN_POINT('',(-0.830084185005187,-7.66274460317638,-0.5));
#3819=CARTESIAN_POINT('Origin',(-0.805285772234917,-7.43382335993942,-0.5));
#3820=CARTESIAN_POINT('',(-2.26635811529116,-7.36683890830784,-0.5));
#3821=CARTESIAN_POINT('Origin',(0.,0.,-0.5));
#3822=CARTESIAN_POINT('',(-3.4443400874815,-5.6942727953703,-0.5));
#3823=CARTESIAN_POINT('Origin',(-1.77499991962917,-5.76967001902413,-0.5));
#3824=CARTESIAN_POINT('',(-3.15781204163696,0.649631568277593,-0.5));
#3825=CARTESIAN_POINT('',(3.41861924008762,-5.12479766584909,-0.5));
#3826=CARTESIAN_POINT('Origin',(5.58745019762344,-5.02684049934595,-0.5));
#3827=CARTESIAN_POINT('',(3.15781204163696,0.649631568277592,-0.5));
#3828=CARTESIAN_POINT('',(0.830084185005184,-7.66274460317638,-0.5));
#3829=CARTESIAN_POINT('Origin',(0.,0.,-0.5));
#3830=CARTESIAN_POINT('',(0.575244431333562,-7.44386718179111,-0.5));
#3831=CARTESIAN_POINT('Origin',(0.805285772234914,-7.43382335993942,-0.5));
#3832=CARTESIAN_POINT('',(0.227667804544631,0.516946388296949,-0.5));
#3833=CARTESIAN_POINT('Origin',(-3.75430455570833,-7.01627955787227,0.5));
#3834=CARTESIAN_POINT('',(-3.66836463492937,-5.11351769442444,-0.5));
#3835=CARTESIAN_POINT('',(-3.75430455570833,-7.01627955787227,-0.25));
#3836=CARTESIAN_POINT('',(-3.66836463492937,-5.11351769442444,0.25));
#3837=CARTESIAN_POINT('Origin',(0.,0.,0.5));
#3838=CARTESIAN_POINT('',(-0.857008487044897,-7.91129053848749,-0.25));
#3839=CARTESIAN_POINT('Origin',(0.,0.,-0.25));
#3840=CARTESIAN_POINT('',(-0.857008487044897,-7.91129053848749,0.25));
#3841=CARTESIAN_POINT('',(-0.857008487044897,-7.91129053848749,0.5));
#3842=CARTESIAN_POINT('Origin',(0.,0.,0.25));
#3843=CARTESIAN_POINT('Origin',(-0.347104496122679,-7.95,0.5));
#3844=CARTESIAN_POINT('',(-0.325482375938101,-7.45477202863244,0.25));
#3845=CARTESIAN_POINT('',(-0.325482375938101,-7.45477202863244,-0.25));
#3846=CARTESIAN_POINT('',(-0.325482375938101,-7.45477202863244,0.5));
#3847=CARTESIAN_POINT('',(-0.347104496122679,-7.95,-0.25));
#3848=CARTESIAN_POINT('',(-0.222796125492687,-5.10287022338327,0.5));
#3849=CARTESIAN_POINT('',(-0.325482375938101,-7.45477202863244,0.25));
#3850=CARTESIAN_POINT('Origin',(-5.58745019762344,-5.02684049934594,0.5));
#3851=CARTESIAN_POINT('Origin',(-0.805285772234917,-7.43382335993942,0.5));
#3852=CARTESIAN_POINT('Origin',(-0.805285772234917,-7.43382335993942,-0.25));
#3853=CARTESIAN_POINT('Origin',(-0.805285772234917,-7.43382335993942,0.25));
#3854=CARTESIAN_POINT('Origin',(-0.702599521789503,-5.08192155469024,0.5));
#3855=CARTESIAN_POINT('Origin',(3.75430455570833,-7.01627955787227,0.5));
#3856=CARTESIAN_POINT('',(3.66836463492936,-5.11351769442444,-0.25));
#3857=CARTESIAN_POINT('',(3.75430455570833,-7.01627955787227,-0.25));
#3858=CARTESIAN_POINT('',(3.66836463492936,-5.11351769442444,0.25));
#3859=CARTESIAN_POINT('',(3.66836463492936,-5.11351769442444,-0.5));
#3860=CARTESIAN_POINT('',(3.69408548232325,-5.68299282394564,0.25));
#3861=CARTESIAN_POINT('Origin',(0.,0.,0.5));
#3862=CARTESIAN_POINT('',(0.857008487044894,-7.91129053848749,-0.25));
#3863=CARTESIAN_POINT('',(0.857008487044894,-7.91129053848749,0.25));
#3864=CARTESIAN_POINT('',(0.857008487044894,-7.91129053848749,0.5));
#3865=CARTESIAN_POINT('Origin',(0.,0.,-0.25));
#3866=CARTESIAN_POINT('Origin',(0.,0.,0.25));
#3867=CARTESIAN_POINT('Origin',(0.347104496122676,-7.95,0.5));
#3868=CARTESIAN_POINT('',(0.222796125492685,-5.10287022338327,0.5));
#3869=CARTESIAN_POINT('',(0.325482375938098,-7.45477202863244,-0.25));
#3870=CARTESIAN_POINT('',(0.347104496122676,-7.95,-0.25));
#3871=CARTESIAN_POINT('',(0.325482375938098,-7.45477202863244,0.25));
#3872=CARTESIAN_POINT('',(0.325482375938098,-7.45477202863244,0.5));
#3873=CARTESIAN_POINT('',(0.222796125492685,-5.10287022338327,0.25));
#3874=CARTESIAN_POINT('Origin',(5.58745019762344,-5.02684049934595,0.5));
#3875=CARTESIAN_POINT('Origin',(5.58745019762344,-5.02684049934595,-0.25));
#3876=CARTESIAN_POINT('Origin',(5.58745019762344,-5.02684049934595,0.25));
#3877=CARTESIAN_POINT('Origin',(0.805285772234914,-7.43382335993942,0.5));
#3878=CARTESIAN_POINT('Origin',(0.805285772234914,-7.43382335993942,-0.25));
#3879=CARTESIAN_POINT('Origin',(0.805285772234914,-7.43382335993942,0.25));
#3880=CARTESIAN_POINT('Origin',(0.702599521789501,-5.08192155469024,0.5));
#3881=CARTESIAN_POINT('Origin',(5.58745019762344,-5.02684049934595,-0.25));
#3882=CARTESIAN_POINT('Origin',(3.41861924008762,-5.12479766584909,-0.25));
#3883=CARTESIAN_POINT('Origin',(3.15781204163696,0.649631568277592,-0.25));
#3884=CARTESIAN_POINT('Origin',(0.,0.,-0.25));
#3885=CARTESIAN_POINT('Origin',(0.830084185005184,-7.66274460317638,-0.25));
#3886=CARTESIAN_POINT('Origin',(-3.50455916086659,-7.02755952929692,-0.25));
#3887=CARTESIAN_POINT('Origin',(-3.4443400874815,-5.6942727953703,-0.25));
#3888=CARTESIAN_POINT('Ctrl Pts',(0.575244431333563,-7.44386718179111,-0.5));
#3889=CARTESIAN_POINT('Ctrl Pts',(0.579595078911546,-7.54351339390109,-0.5));
#3890=CARTESIAN_POINT('Ctrl Pts',(0.655259120319259,-7.60849991988968,-0.5));
#3891=CARTESIAN_POINT('Ctrl Pts',(0.730923161726972,-7.67348644587828,-0.5));
#3892=CARTESIAN_POINT('Ctrl Pts',(0.830084185005184,-7.66274460317638,-0.5));
#3893=CARTESIAN_POINT('Ctrl Pts',(0.325482375938098,-7.45477202863244,-0.500000000000001));
#3894=CARTESIAN_POINT('Ctrl Pts',(0.334556638311234,-7.6626068065517,-0.500000000000001));
#3895=CARTESIAN_POINT('Ctrl Pts',(0.492371159399997,-7.79815094727305,-0.500000000000001));
#3896=CARTESIAN_POINT('Ctrl Pts',(0.650185680488759,-7.93369508799439,-0.500000000000001));
#3897=CARTESIAN_POINT('Ctrl Pts',(0.857008487044894,-7.91129053848749,-0.500000000000001));
#3898=CARTESIAN_POINT('Ctrl Pts',(0.325482375938098,-7.45477202863244,-0.25));
#3899=CARTESIAN_POINT('Ctrl Pts',(0.334556638311234,-7.6626068065517,-0.25));
#3900=CARTESIAN_POINT('Ctrl Pts',(0.492371159399997,-7.79815094727305,-0.25));
#3901=CARTESIAN_POINT('Ctrl Pts',(0.650185680488759,-7.93369508799439,-0.25));
#3902=CARTESIAN_POINT('Ctrl Pts',(0.857008487044894,-7.91129053848749,-0.25));
#3903=CARTESIAN_POINT('Origin',(0.575244431333563,-7.44386718179111,-0.25));
#3904=CARTESIAN_POINT('Origin',(-1.77499991962917,-5.76967001902413,-0.25));
#3905=CARTESIAN_POINT('Origin',(-2.26635811529116,-7.36683890830784,-0.25));
#3906=CARTESIAN_POINT('Origin',(0.227667804544631,0.516946388296949,-0.25));
#3907=CARTESIAN_POINT('Origin',(0.,0.,-0.25));
#3908=CARTESIAN_POINT('Origin',(-0.830084185005187,-7.66274460317638,-0.25));
#3909=CARTESIAN_POINT('Ctrl Pts',(-0.830084185005187,-7.66274460317638,
-0.5));
#3910=CARTESIAN_POINT('Ctrl Pts',(-0.730923161726975,-7.67348644587828,
-0.5));
#3911=CARTESIAN_POINT('Ctrl Pts',(-0.655259120319262,-7.60849991988968,
-0.5));
#3912=CARTESIAN_POINT('Ctrl Pts',(-0.579595078911549,-7.54351339390109,
-0.5));
#3913=CARTESIAN_POINT('Ctrl Pts',(-0.575244431333566,-7.44386718179111,
-0.5));
#3914=CARTESIAN_POINT('Ctrl Pts',(-0.857008487044897,-7.91129053848749,
-0.5));
#3915=CARTESIAN_POINT('Ctrl Pts',(-0.650185680488762,-7.93369508799439,
-0.5));
#3916=CARTESIAN_POINT('Ctrl Pts',(-0.4923711594,-7.79815094727305,-0.5));
#3917=CARTESIAN_POINT('Ctrl Pts',(-0.334556638311237,-7.6626068065517,-0.5));
#3918=CARTESIAN_POINT('Ctrl Pts',(-0.325482375938101,-7.45477202863244,
-0.5));
#3919=CARTESIAN_POINT('Ctrl Pts',(-0.857008487044897,-7.91129053848749,
-0.25));
#3920=CARTESIAN_POINT('Ctrl Pts',(-0.650185680488762,-7.93369508799439,
-0.25));
#3921=CARTESIAN_POINT('Ctrl Pts',(-0.4923711594,-7.79815094727305,-0.25));
#3922=CARTESIAN_POINT('Ctrl Pts',(-0.334556638311237,-7.6626068065517,-0.25));
#3923=CARTESIAN_POINT('Ctrl Pts',(-0.325482375938101,-7.45477202863244,
-0.25));
#3924=CARTESIAN_POINT('Origin',(-0.575244431333566,-7.44386718179111,-0.25));
#3925=CARTESIAN_POINT('Origin',(-0.596866551518143,-7.93909515315867,-0.25));
#3926=CARTESIAN_POINT('Origin',(5.58745019762344,-5.02684049934595,0.25));
#3927=CARTESIAN_POINT('Origin',(3.41861924008762,-5.12479766584909,0.25));
#3928=CARTESIAN_POINT('Origin',(3.50455916086658,-7.02755952929692,0.25));
#3929=CARTESIAN_POINT('Origin',(-3.15781204163696,0.649631568277593,0.25));
#3930=CARTESIAN_POINT('Origin',(-3.4443400874815,-5.6942727953703,0.25));
#3931=CARTESIAN_POINT('Origin',(0.,0.,0.25));
#3932=CARTESIAN_POINT('Origin',(0.830084185005184,-7.66274460317638,0.25));
#3933=CARTESIAN_POINT('Origin',(-1.77499991962917,-5.76967001902413,0.25));
#3934=CARTESIAN_POINT('Origin',(-2.26635811529116,-7.36683890830784,0.25));
#3935=CARTESIAN_POINT('Ctrl Pts',(0.325482375938098,-7.45477202863244,0.25));
#3936=CARTESIAN_POINT('Ctrl Pts',(0.334556638311234,-7.6626068065517,0.25));
#3937=CARTESIAN_POINT('Ctrl Pts',(0.492371159399997,-7.79815094727305,0.25));
#3938=CARTESIAN_POINT('Ctrl Pts',(0.650185680488759,-7.93369508799439,0.25));
#3939=CARTESIAN_POINT('Ctrl Pts',(0.857008487044894,-7.91129053848749,0.25));
#3940=CARTESIAN_POINT('Ctrl Pts',(0.325482375938098,-7.45477202863244,0.500000000000001));
#3941=CARTESIAN_POINT('Ctrl Pts',(0.334556638311234,-7.6626068065517,0.500000000000001));
#3942=CARTESIAN_POINT('Ctrl Pts',(0.492371159399997,-7.79815094727305,0.500000000000001));
#3943=CARTESIAN_POINT('Ctrl Pts',(0.650185680488759,-7.93369508799439,0.500000000000001));
#3944=CARTESIAN_POINT('Ctrl Pts',(0.857008487044894,-7.91129053848749,0.500000000000001));
#3945=CARTESIAN_POINT('Ctrl Pts',(0.575244431333563,-7.44386718179111,0.5));
#3946=CARTESIAN_POINT('Ctrl Pts',(0.579595078911546,-7.54351339390109,0.5));
#3947=CARTESIAN_POINT('Ctrl Pts',(0.655259120319259,-7.60849991988968,0.5));
#3948=CARTESIAN_POINT('Ctrl Pts',(0.730923161726972,-7.67348644587828,0.5));
#3949=CARTESIAN_POINT('Ctrl Pts',(0.830084185005184,-7.66274460317638,0.5));
#3950=CARTESIAN_POINT('Origin',(0.575244431333563,-7.44386718179111,0.25));
#3951=CARTESIAN_POINT('Origin',(0.,0.,0.25));
#3952=CARTESIAN_POINT('Origin',(-0.830084185005187,-7.66274460317638,0.25));
#3953=CARTESIAN_POINT('Origin',(0.59686655151814,-7.93909515315867,0.25));
#3954=CARTESIAN_POINT('Ctrl Pts',(-0.857008487044897,-7.91129053848749,
0.25));
#3955=CARTESIAN_POINT('Ctrl Pts',(-0.650185680488762,-7.93369508799439,
0.25));
#3956=CARTESIAN_POINT('Ctrl Pts',(-0.4923711594,-7.79815094727305,0.25));
#3957=CARTESIAN_POINT('Ctrl Pts',(-0.334556638311237,-7.6626068065517,0.25));
#3958=CARTESIAN_POINT('Ctrl Pts',(-0.325482375938101,-7.45477202863244,
0.25));
#3959=CARTESIAN_POINT('Ctrl Pts',(-0.857008487044897,-7.91129053848749,
0.5));
#3960=CARTESIAN_POINT('Ctrl Pts',(-0.650185680488762,-7.93369508799439,
0.5));
#3961=CARTESIAN_POINT('Ctrl Pts',(-0.4923711594,-7.79815094727305,0.5));
#3962=CARTESIAN_POINT('Ctrl Pts',(-0.334556638311237,-7.6626068065517,0.5));
#3963=CARTESIAN_POINT('Ctrl Pts',(-0.325482375938101,-7.45477202863244,
0.5));
#3964=CARTESIAN_POINT('Ctrl Pts',(-0.830084185005187,-7.66274460317638,
0.5));
#3965=CARTESIAN_POINT('Ctrl Pts',(-0.730923161726975,-7.67348644587828,
0.5));
#3966=CARTESIAN_POINT('Ctrl Pts',(-0.655259120319262,-7.60849991988968,
0.5));
#3967=CARTESIAN_POINT('Ctrl Pts',(-0.579595078911549,-7.54351339390109,
0.5));
#3968=CARTESIAN_POINT('Ctrl Pts',(-0.575244431333566,-7.44386718179111,
0.5));
#3969=CARTESIAN_POINT('Origin',(-0.575244431333566,-7.44386718179111,0.25));
#3970=CARTESIAN_POINT('Origin',(-0.227667804544631,0.516946388296949,0.25));
#3971=CARTESIAN_POINT('',(0.,0.,0.));
#3972=CARTESIAN_POINT('Origin',(1.35991526880775E-16,2.77555756156289E-16,
-5.10000000000001));
#3973=CARTESIAN_POINT('',(-1.06535658582562E-16,-1.98038475772928,-0.749999999999988));
#3974=CARTESIAN_POINT('',(-1.06535658582562E-16,-1.98038475772928,-0.650000000000027));
#3975=CARTESIAN_POINT('',(2.94558682982124E-17,-1.98038475772928,-5.10000000000001));
#3976=CARTESIAN_POINT('',(-1.93237210735417,0.433430302777807,-0.177631144943247));
#3977=CARTESIAN_POINT('Ctrl Pts',(-2.42527185463337E-16,-1.98038475772928,
-0.749999999999988));
#3978=CARTESIAN_POINT('Ctrl Pts',(0.820302225368423,-1.98038475772928,-0.699999999999988));
#3979=CARTESIAN_POINT('Ctrl Pts',(1.40034349154885,-1.40034349154885,-0.649999999999987));
#3980=CARTESIAN_POINT('Ctrl Pts',(1.98038475772928,-0.820302225368424,-0.599999999999988));
#3981=CARTESIAN_POINT('Ctrl Pts',(1.98038475772928,-3.63790778195005E-16,
-0.549999999999988));
#3982=CARTESIAN_POINT('Ctrl Pts',(1.98038475772928,0.820302225368424,-0.499999999999987));
#3983=CARTESIAN_POINT('Ctrl Pts',(1.40034349154885,1.40034349154885,-0.449999999999988));
#3984=CARTESIAN_POINT('Ctrl Pts',(0.820302225368425,1.98038475772928,-0.399999999999988));
#3985=CARTESIAN_POINT('Ctrl Pts',(0.,1.98038475772928,-0.349999999999987));
#3986=CARTESIAN_POINT('Ctrl Pts',(-0.820302225368423,1.98038475772928,-0.299999999999988));
#3987=CARTESIAN_POINT('Ctrl Pts',(-1.40034349154885,1.40034349154885,-0.249999999999988));
#3988=CARTESIAN_POINT('Ctrl Pts',(-1.80662196044326,0.994065022654438,-0.214978485792063));
#3989=CARTESIAN_POINT('Ctrl Pts',(-1.93237210735417,0.433430302777807,-0.177631144943247));
#3990=CARTESIAN_POINT('',(-1.05991191477484,1.67287492705366,-0.177631144931367));
#3991=CARTESIAN_POINT('Origin',(2.3365753776261E-11,-1.03450581434572E-11,
-0.177631144874388));
#3992=CARTESIAN_POINT('Ctrl Pts',(-2.42527185463337E-16,-1.98038475772928,
-0.650000000000027));
#3993=CARTESIAN_POINT('Ctrl Pts',(0.820302225368423,-1.98038475772928,-0.600000000000027));
#3994=CARTESIAN_POINT('Ctrl Pts',(1.40034349154885,-1.40034349154885,-0.550000000000026));
#3995=CARTESIAN_POINT('Ctrl Pts',(1.98038475772928,-0.820302225368424,-0.500000000000026));
#3996=CARTESIAN_POINT('Ctrl Pts',(1.98038475772928,-3.63790778195005E-16,
-0.450000000000027));
#3997=CARTESIAN_POINT('Ctrl Pts',(1.98038475772928,0.820302225368424,-0.400000000000026));
#3998=CARTESIAN_POINT('Ctrl Pts',(1.40034349154885,1.40034349154885,-0.350000000000027));
#3999=CARTESIAN_POINT('Ctrl Pts',(0.820302225368425,1.98038475772928,-0.300000000000027));
#4000=CARTESIAN_POINT('Ctrl Pts',(0.,1.98038475772928,-0.250000000000026));
#4001=CARTESIAN_POINT('Ctrl Pts',(-0.574564520910054,1.98038475772928,-0.214978485786043));
#4002=CARTESIAN_POINT('Ctrl Pts',(-1.05991191477484,1.67287492705366,-0.177631144931367));
#4003=CARTESIAN_POINT('Origin',(1.35991526880775E-16,2.77555756156289E-16,
-5.10000000000001));
#4004=CARTESIAN_POINT('',(-1.06535658582562E-16,-1.98038475772928,-1.54999999999999));
#4005=CARTESIAN_POINT('',(-1.06535658582562E-16,-1.98038475772928,-1.45000000000003));
#4006=CARTESIAN_POINT('',(2.94558682982124E-17,-1.98038475772928,-5.10000000000001));
#4007=CARTESIAN_POINT('Ctrl Pts',(-2.42527185463337E-16,-1.98038475772928,
-1.54999999999999));
#4008=CARTESIAN_POINT('Ctrl Pts',(0.820302225368423,-1.98038475772928,-1.49999999999999));
#4009=CARTESIAN_POINT('Ctrl Pts',(1.40034349154885,-1.40034349154885,-1.44999999999999));
#4010=CARTESIAN_POINT('Ctrl Pts',(1.98038475772928,-0.820302225368424,-1.39999999999999));
#4011=CARTESIAN_POINT('Ctrl Pts',(1.98038475772928,-3.63790778195005E-16,
-1.34999999999999));
#4012=CARTESIAN_POINT('Ctrl Pts',(1.98038475772928,0.820302225368424,-1.29999999999999));
#4013=CARTESIAN_POINT('Ctrl Pts',(1.40034349154885,1.40034349154885,-1.24999999999999));
#4014=CARTESIAN_POINT('Ctrl Pts',(0.820302225368425,1.98038475772928,-1.19999999999999));
#4015=CARTESIAN_POINT('Ctrl Pts',(0.,1.98038475772928,-1.14999999999999));
#4016=CARTESIAN_POINT('Ctrl Pts',(-0.820302225368423,1.98038475772928,-1.09999999999999));
#4017=CARTESIAN_POINT('Ctrl Pts',(-1.40034349154885,1.40034349154885,-1.04999999999999));
#4018=CARTESIAN_POINT('Ctrl Pts',(-1.98038475772928,0.820302225368424,-0.999999999999988));
#4019=CARTESIAN_POINT('Ctrl Pts',(-1.98038475772928,1.21263592731668E-16,
-0.949999999999987));
#4020=CARTESIAN_POINT('Ctrl Pts',(-1.98038475772928,-0.820302225368423,
-0.899999999999988));
#4021=CARTESIAN_POINT('Ctrl Pts',(-1.40034349154885,-1.40034349154885,-0.849999999999988));
#4022=CARTESIAN_POINT('Ctrl Pts',(-0.820302225368424,-1.98038475772928,
-0.799999999999987));
#4023=CARTESIAN_POINT('Ctrl Pts',(-2.42527185463337E-16,-1.98038475772928,
-0.749999999999988));
#4024=CARTESIAN_POINT('Ctrl Pts',(-2.42527185463337E-16,-1.98038475772928,
-1.45000000000003));
#4025=CARTESIAN_POINT('Ctrl Pts',(0.820302225368423,-1.98038475772928,-1.40000000000003));
#4026=CARTESIAN_POINT('Ctrl Pts',(1.40034349154885,-1.40034349154885,-1.35000000000003));
#4027=CARTESIAN_POINT('Ctrl Pts',(1.98038475772928,-0.820302225368424,-1.30000000000003));
#4028=CARTESIAN_POINT('Ctrl Pts',(1.98038475772928,-3.63790778195005E-16,
-1.25000000000003));
#4029=CARTESIAN_POINT('Ctrl Pts',(1.98038475772928,0.820302225368424,-1.20000000000003));
#4030=CARTESIAN_POINT('Ctrl Pts',(1.40034349154885,1.40034349154885,-1.15000000000003));
#4031=CARTESIAN_POINT('Ctrl Pts',(0.820302225368425,1.98038475772928,-1.10000000000003));
#4032=CARTESIAN_POINT('Ctrl Pts',(0.,1.98038475772928,-1.05000000000003));
#4033=CARTESIAN_POINT('Ctrl Pts',(-0.820302225368423,1.98038475772928,-1.00000000000003));
#4034=CARTESIAN_POINT('Ctrl Pts',(-1.40034349154885,1.40034349154885,-0.950000000000026));
#4035=CARTESIAN_POINT('Ctrl Pts',(-1.98038475772928,0.820302225368424,-0.900000000000027));
#4036=CARTESIAN_POINT('Ctrl Pts',(-1.98038475772928,1.21263592731668E-16,
-0.850000000000026));
#4037=CARTESIAN_POINT('Ctrl Pts',(-1.98038475772928,-0.820302225368423,
-0.800000000000026));
#4038=CARTESIAN_POINT('Ctrl Pts',(-1.40034349154885,-1.40034349154885,-0.750000000000027));
#4039=CARTESIAN_POINT('Ctrl Pts',(-0.820302225368424,-1.98038475772928,
-0.700000000000026));
#4040=CARTESIAN_POINT('Ctrl Pts',(-2.42527185463337E-16,-1.98038475772928,
-0.650000000000027));
#4041=CARTESIAN_POINT('Origin',(1.35991526880775E-16,2.77555756156289E-16,
-5.10000000000001));
#4042=CARTESIAN_POINT('',(-1.06535658582562E-16,-1.98038475772928,-2.34999999999999));
#4043=CARTESIAN_POINT('',(-1.06535658582562E-16,-1.98038475772928,-2.25000000000003));
#4044=CARTESIAN_POINT('',(2.94558682982124E-17,-1.98038475772928,-5.10000000000001));
#4045=CARTESIAN_POINT('Ctrl Pts',(-2.42527185463337E-16,-1.98038475772928,
-2.34999999999999));
#4046=CARTESIAN_POINT('Ctrl Pts',(0.820302225368423,-1.98038475772928,-2.29999999999999));
#4047=CARTESIAN_POINT('Ctrl Pts',(1.40034349154885,-1.40034349154885,-2.24999999999999));
#4048=CARTESIAN_POINT('Ctrl Pts',(1.98038475772928,-0.820302225368424,-2.19999999999999));
#4049=CARTESIAN_POINT('Ctrl Pts',(1.98038475772928,-3.63790778195005E-16,
-2.14999999999999));
#4050=CARTESIAN_POINT('Ctrl Pts',(1.98038475772928,0.820302225368424,-2.09999999999999));
#4051=CARTESIAN_POINT('Ctrl Pts',(1.40034349154885,1.40034349154885,-2.04999999999999));
#4052=CARTESIAN_POINT('Ctrl Pts',(0.820302225368425,1.98038475772928,-1.99999999999999));
#4053=CARTESIAN_POINT('Ctrl Pts',(0.,1.98038475772928,-1.94999999999999));
#4054=CARTESIAN_POINT('Ctrl Pts',(-0.820302225368423,1.98038475772928,-1.89999999999999));
#4055=CARTESIAN_POINT('Ctrl Pts',(-1.40034349154885,1.40034349154885,-1.84999999999999));
#4056=CARTESIAN_POINT('Ctrl Pts',(-1.98038475772928,0.820302225368424,-1.79999999999999));
#4057=CARTESIAN_POINT('Ctrl Pts',(-1.98038475772928,1.21263592731668E-16,
-1.74999999999999));
#4058=CARTESIAN_POINT('Ctrl Pts',(-1.98038475772928,-0.820302225368423,
-1.69999999999999));
#4059=CARTESIAN_POINT('Ctrl Pts',(-1.40034349154885,-1.40034349154885,-1.64999999999999));
#4060=CARTESIAN_POINT('Ctrl Pts',(-0.820302225368424,-1.98038475772928,
-1.59999999999999));
#4061=CARTESIAN_POINT('Ctrl Pts',(-2.42527185463337E-16,-1.98038475772928,
-1.54999999999999));
#4062=CARTESIAN_POINT('Ctrl Pts',(-2.42527185463337E-16,-1.98038475772928,
-2.25000000000003));
#4063=CARTESIAN_POINT('Ctrl Pts',(0.820302225368423,-1.98038475772928,-2.20000000000003));
#4064=CARTESIAN_POINT('Ctrl Pts',(1.40034349154885,-1.40034349154885,-2.15000000000003));
#4065=CARTESIAN_POINT('Ctrl Pts',(1.98038475772928,-0.820302225368424,-2.10000000000003));
#4066=CARTESIAN_POINT('Ctrl Pts',(1.98038475772928,-3.63790778195005E-16,
-2.05000000000003));
#4067=CARTESIAN_POINT('Ctrl Pts',(1.98038475772928,0.820302225368424,-2.00000000000003));
#4068=CARTESIAN_POINT('Ctrl Pts',(1.40034349154885,1.40034349154885,-1.95000000000003));
#4069=CARTESIAN_POINT('Ctrl Pts',(0.820302225368425,1.98038475772928,-1.90000000000003));
#4070=CARTESIAN_POINT('Ctrl Pts',(0.,1.98038475772928,-1.85000000000003));
#4071=CARTESIAN_POINT('Ctrl Pts',(-0.820302225368423,1.98038475772928,-1.80000000000003));
#4072=CARTESIAN_POINT('Ctrl Pts',(-1.40034349154885,1.40034349154885,-1.75000000000003));
#4073=CARTESIAN_POINT('Ctrl Pts',(-1.98038475772928,0.820302225368424,-1.70000000000003));
#4074=CARTESIAN_POINT('Ctrl Pts',(-1.98038475772928,1.21263592731668E-16,
-1.65000000000003));
#4075=CARTESIAN_POINT('Ctrl Pts',(-1.98038475772928,-0.820302225368423,
-1.60000000000003));
#4076=CARTESIAN_POINT('Ctrl Pts',(-1.40034349154885,-1.40034349154885,-1.55000000000003));
#4077=CARTESIAN_POINT('Ctrl Pts',(-0.820302225368424,-1.98038475772928,
-1.50000000000003));
#4078=CARTESIAN_POINT('Ctrl Pts',(-2.42527185463337E-16,-1.98038475772928,
-1.45000000000003));
#4079=CARTESIAN_POINT('Origin',(1.35991526880775E-16,2.77555756156289E-16,
-5.10000000000001));
#4080=CARTESIAN_POINT('',(-1.06535658582562E-16,-1.98038475772928,-3.14999999999999));
#4081=CARTESIAN_POINT('',(-1.06535658582562E-16,-1.98038475772928,-3.05000000000003));
#4082=CARTESIAN_POINT('',(2.94558682982124E-17,-1.98038475772928,-5.10000000000001));
#4083=CARTESIAN_POINT('Ctrl Pts',(-2.42527185463337E-16,-1.98038475772928,
-3.14999999999999));
#4084=CARTESIAN_POINT('Ctrl Pts',(0.820302225368423,-1.98038475772928,-3.09999999999999));
#4085=CARTESIAN_POINT('Ctrl Pts',(1.40034349154885,-1.40034349154885,-3.04999999999999));
#4086=CARTESIAN_POINT('Ctrl Pts',(1.98038475772928,-0.820302225368424,-2.99999999999999));
#4087=CARTESIAN_POINT('Ctrl Pts',(1.98038475772928,-3.63790778195005E-16,
-2.94999999999999));
#4088=CARTESIAN_POINT('Ctrl Pts',(1.98038475772928,0.820302225368424,-2.89999999999999));
#4089=CARTESIAN_POINT('Ctrl Pts',(1.40034349154885,1.40034349154885,-2.84999999999999));
#4090=CARTESIAN_POINT('Ctrl Pts',(0.820302225368425,1.98038475772928,-2.79999999999999));
#4091=CARTESIAN_POINT('Ctrl Pts',(0.,1.98038475772928,-2.74999999999999));
#4092=CARTESIAN_POINT('Ctrl Pts',(-0.820302225368423,1.98038475772928,-2.69999999999999));
#4093=CARTESIAN_POINT('Ctrl Pts',(-1.40034349154885,1.40034349154885,-2.64999999999999));
#4094=CARTESIAN_POINT('Ctrl Pts',(-1.98038475772928,0.820302225368424,-2.59999999999999));
#4095=CARTESIAN_POINT('Ctrl Pts',(-1.98038475772928,1.21263592731668E-16,
-2.54999999999999));
#4096=CARTESIAN_POINT('Ctrl Pts',(-1.98038475772928,-0.820302225368423,
-2.49999999999999));
#4097=CARTESIAN_POINT('Ctrl Pts',(-1.40034349154885,-1.40034349154885,-2.44999999999999));
#4098=CARTESIAN_POINT('Ctrl Pts',(-0.820302225368424,-1.98038475772928,
-2.39999999999999));
#4099=CARTESIAN_POINT('Ctrl Pts',(-2.42527185463337E-16,-1.98038475772928,
-2.34999999999999));
#4100=CARTESIAN_POINT('Ctrl Pts',(-2.42527185463337E-16,-1.98038475772928,
-3.05000000000003));
#4101=CARTESIAN_POINT('Ctrl Pts',(0.820302225368423,-1.98038475772928,-3.00000000000003));
#4102=CARTESIAN_POINT('Ctrl Pts',(1.40034349154885,-1.40034349154885,-2.95000000000003));
#4103=CARTESIAN_POINT('Ctrl Pts',(1.98038475772928,-0.820302225368424,-2.90000000000003));
#4104=CARTESIAN_POINT('Ctrl Pts',(1.98038475772928,-3.63790778195005E-16,
-2.85000000000003));
#4105=CARTESIAN_POINT('Ctrl Pts',(1.98038475772928,0.820302225368424,-2.80000000000003));
#4106=CARTESIAN_POINT('Ctrl Pts',(1.40034349154885,1.40034349154885,-2.75000000000003));
#4107=CARTESIAN_POINT('Ctrl Pts',(0.820302225368425,1.98038475772928,-2.70000000000003));
#4108=CARTESIAN_POINT('Ctrl Pts',(0.,1.98038475772928,-2.65000000000003));
#4109=CARTESIAN_POINT('Ctrl Pts',(-0.820302225368423,1.98038475772928,-2.60000000000003));
#4110=CARTESIAN_POINT('Ctrl Pts',(-1.40034349154885,1.40034349154885,-2.55000000000003));
#4111=CARTESIAN_POINT('Ctrl Pts',(-1.98038475772928,0.820302225368424,-2.50000000000003));
#4112=CARTESIAN_POINT('Ctrl Pts',(-1.98038475772928,1.21263592731668E-16,
-2.45000000000003));
#4113=CARTESIAN_POINT('Ctrl Pts',(-1.98038475772928,-0.820302225368423,
-2.40000000000003));
#4114=CARTESIAN_POINT('Ctrl Pts',(-1.40034349154885,-1.40034349154885,-2.35000000000003));
#4115=CARTESIAN_POINT('Ctrl Pts',(-0.820302225368424,-1.98038475772928,
-2.30000000000003));
#4116=CARTESIAN_POINT('Ctrl Pts',(-2.42527185463337E-16,-1.98038475772928,
-2.25000000000003));
#4117=CARTESIAN_POINT('Origin',(1.35991526880775E-16,2.77555756156289E-16,
-5.10000000000001));
#4118=CARTESIAN_POINT('',(-1.06535658582562E-16,-1.98038475772928,-3.94999999999999));
#4119=CARTESIAN_POINT('',(-1.06535658582562E-16,-1.98038475772928,-3.85000000000003));
#4120=CARTESIAN_POINT('',(2.94558682982124E-17,-1.98038475772928,-5.10000000000001));
#4121=CARTESIAN_POINT('Ctrl Pts',(-2.42527185463337E-16,-1.98038475772928,
-3.94999999999999));
#4122=CARTESIAN_POINT('Ctrl Pts',(0.820302225368423,-1.98038475772928,-3.89999999999999));
#4123=CARTESIAN_POINT('Ctrl Pts',(1.40034349154885,-1.40034349154885,-3.84999999999999));
#4124=CARTESIAN_POINT('Ctrl Pts',(1.98038475772928,-0.820302225368424,-3.79999999999999));
#4125=CARTESIAN_POINT('Ctrl Pts',(1.98038475772928,-3.63790778195005E-16,
-3.74999999999999));
#4126=CARTESIAN_POINT('Ctrl Pts',(1.98038475772928,0.820302225368424,-3.69999999999999));
#4127=CARTESIAN_POINT('Ctrl Pts',(1.40034349154885,1.40034349154885,-3.64999999999999));
#4128=CARTESIAN_POINT('Ctrl Pts',(0.820302225368425,1.98038475772928,-3.59999999999999));
#4129=CARTESIAN_POINT('Ctrl Pts',(0.,1.98038475772928,-3.54999999999999));
#4130=CARTESIAN_POINT('Ctrl Pts',(-0.820302225368423,1.98038475772928,-3.49999999999999));
#4131=CARTESIAN_POINT('Ctrl Pts',(-1.40034349154885,1.40034349154885,-3.44999999999999));
#4132=CARTESIAN_POINT('Ctrl Pts',(-1.98038475772928,0.820302225368424,-3.39999999999999));
#4133=CARTESIAN_POINT('Ctrl Pts',(-1.98038475772928,1.21263592731668E-16,
-3.34999999999999));
#4134=CARTESIAN_POINT('Ctrl Pts',(-1.98038475772928,-0.820302225368423,
-3.29999999999999));
#4135=CARTESIAN_POINT('Ctrl Pts',(-1.40034349154885,-1.40034349154885,-3.24999999999999));
#4136=CARTESIAN_POINT('Ctrl Pts',(-0.820302225368424,-1.98038475772928,
-3.19999999999999));
#4137=CARTESIAN_POINT('Ctrl Pts',(-2.42527185463337E-16,-1.98038475772928,
-3.14999999999999));
#4138=CARTESIAN_POINT('Ctrl Pts',(-2.42527185463337E-16,-1.98038475772928,
-3.85000000000003));
#4139=CARTESIAN_POINT('Ctrl Pts',(0.820302225368423,-1.98038475772928,-3.80000000000003));
#4140=CARTESIAN_POINT('Ctrl Pts',(1.40034349154885,-1.40034349154885,-3.75000000000003));
#4141=CARTESIAN_POINT('Ctrl Pts',(1.98038475772928,-0.820302225368424,-3.70000000000003));
#4142=CARTESIAN_POINT('Ctrl Pts',(1.98038475772928,-3.63790778195005E-16,
-3.65000000000003));
#4143=CARTESIAN_POINT('Ctrl Pts',(1.98038475772928,0.820302225368424,-3.60000000000003));
#4144=CARTESIAN_POINT('Ctrl Pts',(1.40034349154885,1.40034349154885,-3.55000000000003));
#4145=CARTESIAN_POINT('Ctrl Pts',(0.820302225368425,1.98038475772928,-3.50000000000003));
#4146=CARTESIAN_POINT('Ctrl Pts',(0.,1.98038475772928,-3.45000000000003));
#4147=CARTESIAN_POINT('Ctrl Pts',(-0.820302225368423,1.98038475772928,-3.40000000000003));
#4148=CARTESIAN_POINT('Ctrl Pts',(-1.40034349154885,1.40034349154885,-3.35000000000003));
#4149=CARTESIAN_POINT('Ctrl Pts',(-1.98038475772928,0.820302225368424,-3.30000000000003));
#4150=CARTESIAN_POINT('Ctrl Pts',(-1.98038475772928,1.21263592731668E-16,
-3.25000000000003));
#4151=CARTESIAN_POINT('Ctrl Pts',(-1.98038475772928,-0.820302225368423,
-3.20000000000003));
#4152=CARTESIAN_POINT('Ctrl Pts',(-1.40034349154885,-1.40034349154885,-3.15000000000003));
#4153=CARTESIAN_POINT('Ctrl Pts',(-0.820302225368424,-1.98038475772928,
-3.10000000000003));
#4154=CARTESIAN_POINT('Ctrl Pts',(-2.42527185463337E-16,-1.98038475772928,
-3.05000000000003));
#4155=CARTESIAN_POINT('Origin',(1.35991526880775E-16,2.77555756156289E-16,
-5.10000000000001));
#4156=CARTESIAN_POINT('',(2.94558682982124E-17,-1.98038475772928,-4.66961524227078));
#4157=CARTESIAN_POINT('',(-1.06535658582562E-16,-1.98038475772928,-4.65000000000003));
#4158=CARTESIAN_POINT('',(2.94558682982124E-17,-1.98038475772928,-5.10000000000001));
#4159=CARTESIAN_POINT('',(1.16257336523083,-1.60323016410692,-4.66961524227071));
#4160=CARTESIAN_POINT('Origin',(-1.41792827479392E-12,3.08642000845794E-12,
-4.66961524226738));
#4161=CARTESIAN_POINT('Ctrl Pts',(1.16257336523083,-1.60323016410692,-4.66961524227071));
#4162=CARTESIAN_POINT('Ctrl Pts',(1.28948892727099,-1.51119805582671,-4.659555748077));
#4163=CARTESIAN_POINT('Ctrl Pts',(1.40034349154885,-1.40034349154885,-4.64999999999999));
#4164=CARTESIAN_POINT('Ctrl Pts',(1.98038475772928,-0.820302225368424,-4.59999999999999));
#4165=CARTESIAN_POINT('Ctrl Pts',(1.98038475772928,-3.63790778195005E-16,
-4.54999999999999));
#4166=CARTESIAN_POINT('Ctrl Pts',(1.98038475772928,0.820302225368424,-4.49999999999999));
#4167=CARTESIAN_POINT('Ctrl Pts',(1.40034349154885,1.40034349154885,-4.44999999999999));
#4168=CARTESIAN_POINT('Ctrl Pts',(0.820302225368425,1.98038475772928,-4.39999999999999));
#4169=CARTESIAN_POINT('Ctrl Pts',(0.,1.98038475772928,-4.34999999999999));
#4170=CARTESIAN_POINT('Ctrl Pts',(-0.820302225368423,1.98038475772928,-4.29999999999999));
#4171=CARTESIAN_POINT('Ctrl Pts',(-1.40034349154885,1.40034349154885,-4.24999999999999));
#4172=CARTESIAN_POINT('Ctrl Pts',(-1.98038475772928,0.820302225368424,-4.19999999999999));
#4173=CARTESIAN_POINT('Ctrl Pts',(-1.98038475772928,1.21263592731668E-16,
-4.14999999999999));
#4174=CARTESIAN_POINT('Ctrl Pts',(-1.98038475772928,-0.820302225368423,
-4.09999999999999));
#4175=CARTESIAN_POINT('Ctrl Pts',(-1.40034349154885,-1.40034349154885,-4.04999999999999));
#4176=CARTESIAN_POINT('Ctrl Pts',(-0.820302225368424,-1.98038475772928,
-3.99999999999999));
#4177=CARTESIAN_POINT('Ctrl Pts',(-2.42527185463337E-16,-1.98038475772928,
-3.94999999999999));
#4178=CARTESIAN_POINT('Ctrl Pts',(-2.42527185463337E-16,-1.98038475772928,
-4.65000000000003));
#4179=CARTESIAN_POINT('Ctrl Pts',(0.820302225368423,-1.98038475772928,-4.60000000000003));
#4180=CARTESIAN_POINT('Ctrl Pts',(1.40034349154885,-1.40034349154885,-4.55000000000003));
#4181=CARTESIAN_POINT('Ctrl Pts',(1.98038475772928,-0.820302225368424,-4.50000000000003));
#4182=CARTESIAN_POINT('Ctrl Pts',(1.98038475772928,-3.63790778195005E-16,
-4.45000000000003));
#4183=CARTESIAN_POINT('Ctrl Pts',(1.98038475772928,0.820302225368424,-4.40000000000003));
#4184=CARTESIAN_POINT('Ctrl Pts',(1.40034349154885,1.40034349154885,-4.35000000000003));
#4185=CARTESIAN_POINT('Ctrl Pts',(0.820302225368425,1.98038475772928,-4.30000000000003));
#4186=CARTESIAN_POINT('Ctrl Pts',(0.,1.98038475772928,-4.25000000000003));
#4187=CARTESIAN_POINT('Ctrl Pts',(-0.820302225368423,1.98038475772928,-4.20000000000003));
#4188=CARTESIAN_POINT('Ctrl Pts',(-1.40034349154885,1.40034349154885,-4.15000000000003));
#4189=CARTESIAN_POINT('Ctrl Pts',(-1.98038475772928,0.820302225368424,-4.10000000000003));
#4190=CARTESIAN_POINT('Ctrl Pts',(-1.98038475772928,1.21263592731668E-16,
-4.05000000000003));
#4191=CARTESIAN_POINT('Ctrl Pts',(-1.98038475772928,-0.820302225368423,
-4.00000000000003));
#4192=CARTESIAN_POINT('Ctrl Pts',(-1.40034349154885,-1.40034349154885,-3.95000000000003));
#4193=CARTESIAN_POINT('Ctrl Pts',(-0.820302225368424,-1.98038475772928,
-3.90000000000003));
#4194=CARTESIAN_POINT('Ctrl Pts',(-2.42527185463337E-16,-1.98038475772928,
-3.85000000000003));
#4195=CARTESIAN_POINT('Origin',(0.,0.,1.25));
#4196=CARTESIAN_POINT('',(2.22351850446793,-2.11239904306807E-13,0.490373334128595));
#4197=CARTESIAN_POINT('',(2.10900229373086,5.95260709628665E-14,0.175742630966992));
#4198=CARTESIAN_POINT('',(2.5,3.06161699786838E-16,1.25));
#4199=CARTESIAN_POINT('Ctrl Pts',(2.22351850446793,-4.22242714631973E-13,
0.490373334128595));
#4200=CARTESIAN_POINT('Ctrl Pts',(2.21970984095883,-0.152248437332452,0.479909117139056));
#4201=CARTESIAN_POINT('Ctrl Pts',(2.19996915389425,-0.310632427691357,0.46852552950695));
#4202=CARTESIAN_POINT('Ctrl Pts',(2.092317655314,-0.746869233634973,0.435451316979016));
#4203=CARTESIAN_POINT('Ctrl Pts',(1.97208811212109,-1.00602552312066,0.413977925670328));
#4204=CARTESIAN_POINT('Ctrl Pts',(1.6513599095065,-1.44888067106778,0.373539527866775));
#4205=CARTESIAN_POINT('Ctrl Pts',(1.44346884039784,-1.65526864414162,0.353836910917645));
#4206=CARTESIAN_POINT('Ctrl Pts',(0.939391955327004,-1.96209167064983,0.309511238795025));
#4207=CARTESIAN_POINT('Ctrl Pts',(0.677277423231626,-2.05910456170553,0.288056035075428));
#4208=CARTESIAN_POINT('Ctrl Pts',(0.149715530553868,-2.14543171479289,0.247640830700896));
#4209=CARTESIAN_POINT('Ctrl Pts',(-0.137198642456235,-2.14565348302906,
0.227931438792036));
#4210=CARTESIAN_POINT('Ctrl Pts',(-0.699268764906051,-2.01103952910912,
0.183613968556154));
#4211=CARTESIAN_POINT('Ctrl Pts',(-0.947998173160359,-1.89780288199354,
0.162178556635495));
#4212=CARTESIAN_POINT('Ctrl Pts',(-1.37340224211619,-1.59451699195823,0.121781243612553));
#4213=CARTESIAN_POINT('Ctrl Pts',(-1.57307599308536,-1.39696053999225,0.102062570113487));
#4214=CARTESIAN_POINT('Ctrl Pts',(-1.87076264744393,-0.915882824878737,
0.0577621935038507));
#4215=CARTESIAN_POINT('Ctrl Pts',(-1.96538304952448,-0.666114385630073,
0.036348336632379));
#4216=CARTESIAN_POINT('Ctrl Pts',(-2.05181280688182,-0.163065124064605,
-0.00403791794549486));
#4217=CARTESIAN_POINT('Ctrl Pts',(-2.05456961890059,0.111783376361966,-0.0237687555535122));
#4218=CARTESIAN_POINT('Ctrl Pts',(-1.92990313041875,0.650958539800264,-0.0680412376955953));
#4219=CARTESIAN_POINT('Ctrl Pts',(-1.8237495603743,0.889270210470294,-0.08943159982518));
#4220=CARTESIAN_POINT('Ctrl Pts',(-1.59351076033998,1.21808732884752,-0.121949160742274));
#4221=CARTESIAN_POINT('Ctrl Pts',(-1.49978290657532,1.32544234038104,-0.133154474907692));
#4222=CARTESIAN_POINT('Ctrl Pts',(-1.29359636342872,1.51698044513074,-0.154807801208059));
#4223=CARTESIAN_POINT('Ctrl Pts',(-1.18074771711634,1.6012927422661,-0.166078353986718));
#4224=CARTESIAN_POINT('Ctrl Pts',(-1.05991191477684,1.67287492705883,-0.177631144928295));
#4225=CARTESIAN_POINT('Ctrl Pts',(-1.93237210646367,0.433430306413612,-0.177631145144273));
#4226=CARTESIAN_POINT('Ctrl Pts',(-1.99369448660592,0.183057056814015,-0.163787794268098));
#4227=CARTESIAN_POINT('Ctrl Pts',(-2.00498866622379,-0.0766773698889064,
-0.151232481074014));
#4228=CARTESIAN_POINT('Ctrl Pts',(-1.93066351478993,-0.577905981208146,
-0.124512659040484));
#4229=CARTESIAN_POINT('Ctrl Pts',(-1.84793744761529,-0.816319164814345,
-0.110916783874371));
#4230=CARTESIAN_POINT('Ctrl Pts',(-1.59007031694722,-1.26590506324668,-0.083376932911017));
#4231=CARTESIAN_POINT('Ctrl Pts',(-1.41131619530958,-1.46880374055994,-0.0704717265766523));
#4232=CARTESIAN_POINT('Ctrl Pts',(-0.990032440801323,-1.79096262134042,
-0.0430112442314391));
#4233=CARTESIAN_POINT('Ctrl Pts',(-0.751765473126225,-1.90877450975683,
-0.028905334499857));
#4234=CARTESIAN_POINT('Ctrl Pts',(-0.235222201495829,-2.04926682781706,
-0.00087479734232727));
#4235=CARTESIAN_POINT('Ctrl Pts',(0.0385123090782405,-2.06687633047846,
0.0120286217073598));
#4236=CARTESIAN_POINT('Ctrl Pts',(0.572053403202005,-1.99632890344006,0.0394786303702062));
#4237=CARTESIAN_POINT('Ctrl Pts',(0.827717222951544,-1.91013899143961,0.0535874948918908));
#4238=CARTESIAN_POINT('Ctrl Pts',(1.29936315708052,-1.6408172506491,0.0816200224367764));
#4239=CARTESIAN_POINT('Ctrl Pts',(1.50849919660402,-1.45738542065643,0.0945217510509845));
#4240=CARTESIAN_POINT('Ctrl Pts',(1.8411593498675,-1.0243995600841,0.121960651492228));
#4241=CARTESIAN_POINT('Ctrl Pts',(1.96304913756794,-0.779221155993489,0.136072586303983));
#4242=CARTESIAN_POINT('Ctrl Pts',(2.08120862978082,-0.348306726060556,0.158809293175358));
#4243=CARTESIAN_POINT('Ctrl Pts',(2.10600020382481,-0.174391052713043,0.167494456738904));
#4244=CARTESIAN_POINT('Ctrl Pts',(2.10900229373086,1.13450915328883E-13,
0.175742630966992));
#4245=CARTESIAN_POINT('Origin',(0.,0.,1.25));
#4246=CARTESIAN_POINT('',(2.50000000000012,3.06161699786852E-16,1.25000000000032));
#4247=CARTESIAN_POINT('',(2.34961626681956,1.00568979455442E-13,0.836824088833439));
#4248=CARTESIAN_POINT('',(2.5,3.06161699786838E-16,1.25));
#4249=CARTESIAN_POINT('',(-3.06161699786838E-16,-2.5,1.25000000000001));
#4250=CARTESIAN_POINT('Origin',(0.,0.,1.25));
#4251=CARTESIAN_POINT('Ctrl Pts',(4.95110896725492E-12,-2.50000000000012,
1.25000000000032));
#4252=CARTESIAN_POINT('Ctrl Pts',(-0.140440808806538,-2.49687526046334,
1.24141484868059));
#4253=CARTESIAN_POINT('Ctrl Pts',(-0.277649297995024,-2.48207242206564,
1.23270093069658));
#4254=CARTESIAN_POINT('Ctrl Pts',(-0.544881005557104,-2.4305438285161,1.21508788210052));
#4255=CARTESIAN_POINT('Ctrl Pts',(-0.673698571112867,-2.39471069899917,
1.20628691019572));
#4256=CARTESIAN_POINT('Ctrl Pts',(-1.04785879457611,-2.25723185223608,1.17977171994158));
#4257=CARTESIAN_POINT('Ctrl Pts',(-1.2804415031882,-2.12640725340696,1.16199356614462));
#4258=CARTESIAN_POINT('Ctrl Pts',(-1.74127220877048,-1.75931108043314,1.12370742830309));
#4259=CARTESIAN_POINT('Ctrl Pts',(-1.95328417104857,-1.50912251346044,1.1038884080569));
#4260=CARTESIAN_POINT('Ctrl Pts',(-2.25924430110778,-0.950610869695426,
1.06108928920822));
#4261=CARTESIAN_POINT('Ctrl Pts',(-2.3549779139654,-0.651281935346087,1.03971425787797));
#4262=CARTESIAN_POINT('Ctrl Pts',(-2.42679356909431,-0.0450540900512083,
0.999234301013688));
#4263=CARTESIAN_POINT('Ctrl Pts',(-2.40949861120289,0.276262403339557,0.979501836755557));
#4264=CARTESIAN_POINT('Ctrl Pts',(-2.23196333830468,0.895770164223261,0.935396904019428));
#4265=CARTESIAN_POINT('Ctrl Pts',(-2.09191238666055,1.17084167113246,0.913993055217068));
#4266=CARTESIAN_POINT('Ctrl Pts',(-1.81050570157987,1.53134846504258,0.8830412653681));
#4267=CARTESIAN_POINT('Ctrl Pts',(-1.70570253333142,1.64215620537564,0.873226898228427));
#4268=CARTESIAN_POINT('Ctrl Pts',(-1.35629677042302,1.94635575863526,0.84269648416727));
#4269=CARTESIAN_POINT('Ctrl Pts',(-1.08269122942442,2.10192905729749,0.820786048670955));
#4270=CARTESIAN_POINT('Ctrl Pts',(-0.483842551420088,2.29890929303265,0.776209409643206));
#4271=CARTESIAN_POINT('Ctrl Pts',(-0.189456100722409,2.32709461557724,0.75629308927158));
#4272=CARTESIAN_POINT('Ctrl Pts',(0.375943736444677,2.29622042740391,0.718456267566592));
#4273=CARTESIAN_POINT('Ctrl Pts',(0.675449614559497,2.2183148577333,0.696540821069721));
#4274=CARTESIAN_POINT('Ctrl Pts',(1.24368716521372,1.94081479881456,0.65091595299888));
#4275=CARTESIAN_POINT('Ctrl Pts',(1.46576603808288,1.75497535250095,0.630834411891201));
#4276=CARTESIAN_POINT('Ctrl Pts',(1.82722632096956,1.36551250582298,0.594870780911719));
#4277=CARTESIAN_POINT('Ctrl Pts',(1.98442447899582,1.10894829951989,0.573213345363577));
#4278=CARTESIAN_POINT('Ctrl Pts',(2.13756466418059,0.69125957654552,0.540459010128452));
#4279=CARTESIAN_POINT('Ctrl Pts',(2.17449210493725,0.548622799506993,0.529649581484191));
#4280=CARTESIAN_POINT('Ctrl Pts',(2.21717883755836,0.275838067124609,0.509665777837942));
#4281=CARTESIAN_POINT('Ctrl Pts',(2.22703483755934,0.14056275043081,0.500034379896513));
#4282=CARTESIAN_POINT('Ctrl Pts',(2.22351850446793,-4.22242714631973E-13,
0.490373334128595));
#4283=CARTESIAN_POINT('Ctrl Pts',(2.10900229373086,1.14838694109665E-13,
0.175742630966992));
#4284=CARTESIAN_POINT('Ctrl Pts',(2.11078254686257,0.103414696911237,0.180633836247293));
#4285=CARTESIAN_POINT('Ctrl Pts',(2.10500737562605,0.20698050954243,0.18566878143008));
#4286=CARTESIAN_POINT('Ctrl Pts',(2.05624491813402,0.582779129714789,0.20443448695058));
#4287=CARTESIAN_POINT('Ctrl Pts',(1.96810697641594,0.846243423292792,0.21854960925646));
#4288=CARTESIAN_POINT('Ctrl Pts',(1.69212095787391,1.33206647300099,0.246586467507415));
#4289=CARTESIAN_POINT('Ctrl Pts',(1.50413671948976,1.5474899430493,0.259485146111016));
#4290=CARTESIAN_POINT('Ctrl Pts',(1.05962136078064,1.89084990035267,0.286899757183947));
#4291=CARTESIAN_POINT('Ctrl Pts',(0.807569148531044,2.01694185829646,0.301018186319388));
#4292=CARTESIAN_POINT('Ctrl Pts',(0.261554845079994,2.16806517417613,0.32905735568854));
#4293=CARTESIAN_POINT('Ctrl Pts',(-0.0275073035275769,2.18813198112505,
0.341954698666819));
#4294=CARTESIAN_POINT('Ctrl Pts',(-0.5924852333816,2.11641934611793,0.369356030695551));
#4295=CARTESIAN_POINT('Ctrl Pts',(-0.86381459173279,2.02645482298658,0.383477888552209));
#4296=CARTESIAN_POINT('Ctrl Pts',(-1.36392071640625,1.74404436802157,0.41151944486635));
#4297=CARTESIAN_POINT('Ctrl Pts',(-1.58568565820268,1.55164953652657,0.424415597452672));
#4298=CARTESIAN_POINT('Ctrl Pts',(-1.93996666972038,1.09580084060398,0.451802818695512));
#4299=CARTESIAN_POINT('Ctrl Pts',(-2.07040037162425,0.836917884614207,0.465928230143676));
#4300=CARTESIAN_POINT('Ctrl Pts',(-2.22721382147117,0.276314164525651,0.493972231300267));
#4301=CARTESIAN_POINT('Ctrl Pts',(-2.24872157500865,-0.0203158031487392,
0.506867355670688));
#4302=CARTESIAN_POINT('Ctrl Pts',(-2.17687944359945,-0.601038471167431,
0.53423956880812));
#4303=CARTESIAN_POINT('Ctrl Pts',(-2.08522600064947,-0.880305152465359,
0.548368662115896));
#4304=CARTESIAN_POINT('Ctrl Pts',(-1.79666348122398,-1.39481060349989,0.576415146071679));
#4305=CARTESIAN_POINT('Ctrl Pts',(-1.60002015421474,-1.62297560527778,0.589309423971572));
#4306=CARTESIAN_POINT('Ctrl Pts',(-1.13646846656241,-1.98576142904597,0.616466168078095));
#4307=CARTESIAN_POINT('Ctrl Pts',(-0.87514418108861,-2.11942131589245,0.630386552378138));
#4308=CARTESIAN_POINT('Ctrl Pts',(-0.304368404035475,-2.28449097120294,
0.658294398984544));
#4309=CARTESIAN_POINT('Ctrl Pts',(0.000431160530636153,-2.30923712687302,
0.671243641965109));
#4310=CARTESIAN_POINT('Ctrl Pts',(0.593286239643279,-2.2407709013031,0.698371594834395));
#4311=CARTESIAN_POINT('Ctrl Pts',(0.876515383553484,-2.15128852273219,0.712269739935036));
#4312=CARTESIAN_POINT('Ctrl Pts',(1.40525946404147,-1.86446573739403,0.740183577595859));
#4313=CARTESIAN_POINT('Ctrl Pts',(1.64263074062642,-1.66558647026307,0.753162267347552));
#4314=CARTESIAN_POINT('Ctrl Pts',(2.02129043695352,-1.19471890430918,0.780224072381104));
#4315=CARTESIAN_POINT('Ctrl Pts',(2.16178351331435,-0.929084353886556,0.794097736017181));
#4316=CARTESIAN_POINT('Ctrl Pts',(2.31242342793195,-0.434629382845016,0.817799847064551));
#4317=CARTESIAN_POINT('Ctrl Pts',(2.34625039508595,-0.217830132212769,0.827576432248537));
#4318=CARTESIAN_POINT('Ctrl Pts',(2.34961626681956,2.02615701994091E-13,
0.836824088833439));
#4319=CARTESIAN_POINT('Origin',(0.,0.,4.75));
#4320=CARTESIAN_POINT('',(-2.5,9.16940744499828E-14,-3.65000000000006));
#4321=CARTESIAN_POINT('',(-2.5,9.48289862452518E-15,-3.74999999999999));
#4322=CARTESIAN_POINT('',(-2.5,-3.06161699786838E-16,4.75));
#4323=CARTESIAN_POINT('',(1.76776695296637,-1.76776695296637,-4.15000000000005));
#4324=CARTESIAN_POINT('Ctrl Pts',(-2.5,1.83694310599752E-13,-3.65000000000006));
#4325=CARTESIAN_POINT('Ctrl Pts',(-2.5,0.0865734578099209,-3.65418013631978));
#4326=CARTESIAN_POINT('Ctrl Pts',(-2.49550324792778,0.173240132153458,-3.65845470857335));
#4327=CARTESIAN_POINT('Ctrl Pts',(-2.45209438637686,0.588930547768154,-3.67939419458688));
#4328=CARTESIAN_POINT('Ctrl Pts',(-2.3526433641626,0.908105390799009,-3.69679433972743));
#4329=CARTESIAN_POINT('Ctrl Pts',(-2.0404043943165,1.47962336403205,-3.73063444796674));
#4330=CARTESIAN_POINT('Ctrl Pts',(-1.83432559122078,1.72851885674606,-3.74600130273232));
#4331=CARTESIAN_POINT('Ctrl Pts',(-1.33092430178918,2.14205162177121,-3.77857832243806));
#4332=CARTESIAN_POINT('Ctrl Pts',(-1.03569507960634,2.29936058351956,-3.79597942951708));
#4333=CARTESIAN_POINT('Ctrl Pts',(-0.411717536432206,2.48656863440918,-3.82985189148182));
#4334=CARTESIAN_POINT('Ctrl Pts',(-0.0901938124872805,2.51880733990832,
-3.84526891069492));
#4335=CARTESIAN_POINT('Ctrl Pts',(0.558749220823097,2.45920261751096,-3.87779474658738));
#4336=CARTESIAN_POINT('Ctrl Pts',(0.879517827061775,2.36353633497725,-3.89519615062935));
#4337=CARTESIAN_POINT('Ctrl Pts',(1.45510089490014,2.05796582816996,-3.92909916973845));
#4338=CARTESIAN_POINT('Ctrl Pts',(1.7064516082276,1.85487280983231,-3.94456785028514));
#4339=CARTESIAN_POINT('Ctrl Pts',(2.12623307491325,1.3561487811743,-3.9770440058962));
#4340=CARTESIAN_POINT('Ctrl Pts',(2.28718743463491,1.06242946706949,-3.99444511612349));
#4341=CARTESIAN_POINT('Ctrl Pts',(2.48168166128724,0.440240607735034,-4.02837693630779));
#4342=CARTESIAN_POINT('Ctrl Pts',(2.51761049347522,0.119075604832842,-4.04389831132786));
#4343=CARTESIAN_POINT('Ctrl Pts',(2.46830709399958,-0.494877027794695,-4.07452863476426));
#4344=CARTESIAN_POINT('Ctrl Pts',(2.39252745145145,-0.783092732425764,-4.0899605128754));
#4345=CARTESIAN_POINT('Ctrl Pts',(2.14471059581469,-1.31773452053016,-4.1207316391052));
#4346=CARTESIAN_POINT('Ctrl Pts',(1.97529799047653,-1.56023591545621,-4.13582889434244));
#4347=CARTESIAN_POINT('Ctrl Pts',(1.76776695296637,-1.76776695296637,-4.15000000000005));
#4348=CARTESIAN_POINT('',(2.5,-4.59242549680258E-16,-4.14999999999999));
#4349=CARTESIAN_POINT('Origin',(0.,0.,-4.15));
#4350=CARTESIAN_POINT('Ctrl Pts',(2.5,-8.74300631892311E-15,-4.14999999999999));
#4351=CARTESIAN_POINT('Ctrl Pts',(2.5,0.305811538095956,-4.13523411274396));
#4352=CARTESIAN_POINT('Ctrl Pts',(2.44388889148655,0.609100217545659,-4.11946781770885));
#4353=CARTESIAN_POINT('Ctrl Pts',(2.21491922725697,1.20646690842306,-4.08604500908773));
#4354=CARTESIAN_POINT('Ctrl Pts',(2.03420783769928,1.49112921133177,-4.06868606944901));
#4355=CARTESIAN_POINT('Ctrl Pts',(1.580497979198,1.96344252297372,-4.03680656822587));
#4356=CARTESIAN_POINT('Ctrl Pts',(1.31551061782945,2.15001644900311,-4.02051814252011));
#4357=CARTESIAN_POINT('Ctrl Pts',(0.717890127243299,2.41785394248431,-3.98630572277998));
#4358=CARTESIAN_POINT('Ctrl Pts',(0.389038093075498,2.49200142531972,-3.96894439230524));
#4359=CARTESIAN_POINT('Ctrl Pts',(-0.265613509524515,2.50649133281474,-3.93704521860281));
#4360=CARTESIAN_POINT('Ctrl Pts',(-0.584978664804529,2.45171483169738,-3.92078902810853));
#4361=CARTESIAN_POINT('Ctrl Pts',(-1.19732194334134,2.2198547658986,-3.88658527783512));
#4362=CARTESIAN_POINT('Ctrl Pts',(-1.48260734766388,2.0404038350047,-3.86922146137199));
#4363=CARTESIAN_POINT('Ctrl Pts',(-1.95666223142648,1.58886436097006,-3.83730127729752));
#4364=CARTESIAN_POINT('Ctrl Pts',(-2.14431014063089,1.32476605019721,-3.82107916049451));
#4365=CARTESIAN_POINT('Ctrl Pts',(-2.41464168531962,0.728552141151644,-3.78688477549487));
#4366=CARTESIAN_POINT('Ctrl Pts',(-2.49021500222797,0.400185905236203,-3.76951838475326));
#4367=CARTESIAN_POINT('Ctrl Pts',(-2.49970403244204,0.0444314504707346,
-3.75215125955759));
#4368=CARTESIAN_POINT('Ctrl Pts',(-2.5,0.0222099302965767,-3.75107239029882));
#4369=CARTESIAN_POINT('Ctrl Pts',(-2.5,1.92719589488372E-14,-3.74999999999999));
#4370=CARTESIAN_POINT('Origin',(0.,0.,4.75));
#4371=CARTESIAN_POINT('',(-2.5,8.32971694763317E-15,-2.85000000000005));
#4372=CARTESIAN_POINT('',(-2.5,4.38968792026238E-14,-2.94999999999999));
#4373=CARTESIAN_POINT('',(-2.5,-3.06161699786838E-16,4.75));
#4374=CARTESIAN_POINT('Ctrl Pts',(-2.5,1.52655665885959E-14,-2.85000000000005));
#4375=CARTESIAN_POINT('Ctrl Pts',(-2.5,0.135137674656279,-2.85652502413891));
#4376=CARTESIAN_POINT('Ctrl Pts',(-2.48904378860577,0.270345625547929,-2.86327256574247));
#4377=CARTESIAN_POINT('Ctrl Pts',(-2.41385950008628,0.729129731227982,-2.88692830771554));
#4378=CARTESIAN_POINT('Ctrl Pts',(-2.29699579830551,1.04026483043814,-2.90428851327602));
#4379=CARTESIAN_POINT('Ctrl Pts',(-1.95386759465197,1.59226818133908,-2.9378041568735));
#4380=CARTESIAN_POINT('Ctrl Pts',(-1.73365382126389,1.82957959234032,-2.95288338049177));
#4381=CARTESIAN_POINT('Ctrl Pts',(-1.20858306906845,2.21310716728017,-2.98590659061368));
#4382=CARTESIAN_POINT('Ctrl Pts',(-0.906776943836066,2.35292647848605,-3.00327546565266));
#4383=CARTESIAN_POINT('Ctrl Pts',(-0.274855144958008,2.5054500009012,-3.03683781964517));
#4384=CARTESIAN_POINT('Ctrl Pts',(0.0484157229179535,2.52001611685338,-3.05193739556101));
#4385=CARTESIAN_POINT('Ctrl Pts',(0.691757036799909,2.4249030333516,-3.08490292373522));
#4386=CARTESIAN_POINT('Ctrl Pts',(1.00513898944797,2.31265378543732,-3.10227932789922));
#4387=CARTESIAN_POINT('Ctrl Pts',(1.56244987524982,1.97775067682055,-3.13588674005078));
#4388=CARTESIAN_POINT('Ctrl Pts',(1.80288234742847,1.76135243221779,-3.15101202834905));
#4389=CARTESIAN_POINT('Ctrl Pts',(2.19457467926417,1.24204984326939,-3.18392002205006));
#4390=CARTESIAN_POINT('Ctrl Pts',(2.33914790523586,0.941923920616789,-3.20130284802725));
#4391=CARTESIAN_POINT('Ctrl Pts',(2.5010600234752,0.312060390704223,-3.23495359191922));
#4392=CARTESIAN_POINT('Ctrl Pts',(2.52042990432397,-0.0107310514972091,
-3.25010954291485));
#4393=CARTESIAN_POINT('Ctrl Pts',(2.43496832278293,-0.655694404809804,-3.28296036004169));
#4394=CARTESIAN_POINT('Ctrl Pts',(2.32719058682477,-0.971172491668736,-3.30034854427937));
#4395=CARTESIAN_POINT('Ctrl Pts',(2.00022869992767,-1.53353067120005,-3.33404083689604));
#4396=CARTESIAN_POINT('Ctrl Pts',(1.78747771930884,-1.77695042549305,-3.34923194946202));
#4397=CARTESIAN_POINT('Ctrl Pts',(1.27374645142965,-2.17640351207541,-3.38202615108025));
#4398=CARTESIAN_POINT('Ctrl Pts',(0.975293104902848,-2.32549999125497,-3.39941868300226));
#4399=CARTESIAN_POINT('Ctrl Pts',(0.347456948716581,-2.4963703719912,-3.43315070188124));
#4400=CARTESIAN_POINT('Ctrl Pts',(0.0251184742066828,-2.52030901875693,
-3.44838099240301));
#4401=CARTESIAN_POINT('Ctrl Pts',(-0.621318549703726,-2.44402902837114,
-3.48111933281762));
#4402=CARTESIAN_POINT('Ctrl Pts',(-0.938729666829481,-2.34053077208742,
-3.49851526241955));
#4403=CARTESIAN_POINT('Ctrl Pts',(-1.5058334080715,-2.02114533361955,-3.53228516205649));
#4404=CARTESIAN_POINT('Ctrl Pts',(-1.75208076540338,-1.81184201295365,-3.54755814409713));
#4405=CARTESIAN_POINT('Ctrl Pts',(-2.1588286546369,-1.30342682781285,-3.58024155858747));
#4406=CARTESIAN_POINT('Ctrl Pts',(-2.31217948685424,-1.00661325372906,-3.5976400023528));
#4407=CARTESIAN_POINT('Ctrl Pts',(-2.4675696238419,-0.464271316705548,-3.62693439028867));
#4408=CARTESIAN_POINT('Ctrl Pts',(-2.5,-0.232503215186104,-3.63877375169209));
#4409=CARTESIAN_POINT('Ctrl Pts',(-2.5,1.8471335572201E-13,-3.65000000000006));
#4410=CARTESIAN_POINT('Ctrl Pts',(-2.5,1.9220736113823E-14,-3.74999999999999));
#4411=CARTESIAN_POINT('Ctrl Pts',(-2.5,-0.298336135508861,-3.73559505711016));
#4412=CARTESIAN_POINT('Ctrl Pts',(-2.44659890198338,-0.59447921845231,-3.72022798220492));
#4413=CARTESIAN_POINT('Ctrl Pts',(-2.225470309064,-1.18680607599348,-3.68720533968986));
#4414=CARTESIAN_POINT('Ctrl Pts',(-2.04746773805946,-1.47279967913612,-3.66983629556059));
#4415=CARTESIAN_POINT('Ctrl Pts',(-1.59842085924717,-1.94884579243022,-3.63786981832375));
#4416=CARTESIAN_POINT('Ctrl Pts',(-1.33534060639147,-2.13772397264289,-3.62172146859388));
#4417=CARTESIAN_POINT('Ctrl Pts',(-0.740742826560346,-2.41090586745236,
-3.58754811021319));
#4418=CARTESIAN_POINT('Ctrl Pts',(-0.412940114483254,-2.48810835471562,
-3.57017634540234));
#4419=CARTESIAN_POINT('Ctrl Pts',(0.241000442283384,-2.50895050510799,-3.53818445917185));
#4420=CARTESIAN_POINT('Ctrl Pts',(0.560666264936775,-2.45735910646225,-3.52207582011372));
#4421=CARTESIAN_POINT('Ctrl Pts',(1.17475715198727,-2.23182637680825,-3.4879142345597));
#4422=CARTESIAN_POINT('Ctrl Pts',(1.46155136030345,-2.05548194375041,-3.470539696552));
#4423=CARTESIAN_POINT('Ctrl Pts',(1.93986418206,-1.60928705124342,-3.43852081267503));
#4424=CARTESIAN_POINT('Ctrl Pts',(2.13014596869754,-1.34736778881157,-3.4224537524111));
#4425=CARTESIAN_POINT('Ctrl Pts',(2.40657102259329,-0.754620041767963,-3.38830485833361));
#4426=CARTESIAN_POINT('Ctrl Pts',(2.48562664981857,-0.427469342620246,-3.37092751269266));
#4427=CARTESIAN_POINT('Ctrl Pts',(2.5103295398102,0.226024385607158,-3.33887998646058));
#4428=CARTESIAN_POINT('Ctrl Pts',(2.46067164378115,0.545873358564527,-3.32285633556391));
#4429=CARTESIAN_POINT('Ctrl Pts',(2.23897804808714,1.16100844787274,-3.28872111414404));
#4430=CARTESIAN_POINT('Ctrl Pts',(2.06452389966884,1.44870219715113,-3.27134094814932));
#4431=CARTESIAN_POINT('Ctrl Pts',(1.62157833952205,1.92958246939084,-3.23926308344401));
#4432=CARTESIAN_POINT('Ctrl Pts',(1.36097688512954,2.12145827514871,-3.22328461158013));
#4433=CARTESIAN_POINT('Ctrl Pts',(0.770337968179887,2.40155492382181,-3.18916410893136));
#4434=CARTESIAN_POINT('Ctrl Pts',(0.443939370526002,2.4827076720685,-3.17178113554252));
#4435=CARTESIAN_POINT('Ctrl Pts',(-0.209034387792112,2.51178681385754,-3.13967119064263));
#4436=CARTESIAN_POINT('Ctrl Pts',(-0.529091392614017,2.46431863684366,-3.12373958042118));
#4437=CARTESIAN_POINT('Ctrl Pts',(-1.1453938665338,2.2469708917871,-3.08963490969883));
#4438=CARTESIAN_POINT('Ctrl Pts',(-1.43409131651407,2.07466129730606,-3.07224917182591));
#4439=CARTESIAN_POINT('Ctrl Pts',(-1.91786329656954,1.6353999040068,-3.040105366453));
#4440=CARTESIAN_POINT('Ctrl Pts',(-2.11153999219859,1.37628636950891,-3.02422218453557));
#4441=CARTESIAN_POINT('Ctrl Pts',(-2.39576972872036,0.788039691919414,-2.99013452766398));
#4442=CARTESIAN_POINT('Ctrl Pts',(-2.47928196094149,0.46250551888469,-2.97274610270843));
#4443=CARTESIAN_POINT('Ctrl Pts',(-2.49887168113122,0.0867682353578299,
-2.95421210738904));
#4444=CARTESIAN_POINT('Ctrl Pts',(-2.5,0.0433653884263327,-2.95209386617752));
#4445=CARTESIAN_POINT('Ctrl Pts',(-2.5,8.80999201050345E-14,-2.94999999999999));
#4446=CARTESIAN_POINT('Origin',(0.,0.,4.75));
#4447=CARTESIAN_POINT('',(-2.5,-1.15328668523013E-14,-2.05000000000005));
#4448=CARTESIAN_POINT('',(-2.5,9.93416256895602E-14,-2.15));
#4449=CARTESIAN_POINT('',(-2.5,-3.06161699786838E-16,4.75));
#4450=CARTESIAN_POINT('Ctrl Pts',(-2.5,-2.26207941267376E-14,-2.05000000000005));
#4451=CARTESIAN_POINT('Ctrl Pts',(-2.5,0.189354080876408,-2.0591428238029));
#4452=CARTESIAN_POINT('Ctrl Pts',(-2.47848998523352,0.378503229316645,-2.06870595288775));
#4453=CARTESIAN_POINT('Ctrl Pts',(-2.36183246553381,0.88245351192468,-2.09537197542242));
#4454=CARTESIAN_POINT('Ctrl Pts',(-2.22624835644334,1.18355461240192,-2.11262210481259));
#4455=CARTESIAN_POINT('Ctrl Pts',(-1.84935630628762,1.71290280655108,-2.14571913760635));
#4456=CARTESIAN_POINT('Ctrl Pts',(-1.613044504676,1.93707034437707,-2.16085672848959));
#4457=CARTESIAN_POINT('Ctrl Pts',(-1.06435852350088,2.28566978494248,-2.19432162004564));
#4458=CARTESIAN_POINT('Ctrl Pts',(-0.756266586547468,2.40524657308507,-2.21158915046151));
#4459=CARTESIAN_POINT('Ctrl Pts',(-0.116371385886331,2.51801730115964,-2.24474143846167));
#4460=CARTESIAN_POINT('Ctrl Pts',(0.208974082669571,2.51202760990037,-2.25984960909336));
#4461=CARTESIAN_POINT('Ctrl Pts',(0.844531436716805,2.37572779405803,-2.29326302908634));
#4462=CARTESIAN_POINT('Ctrl Pts',(1.1482388493708,2.24474197672328,-2.31054703652549));
#4463=CARTESIAN_POINT('Ctrl Pts',(1.68332884816575,1.87621110604339,-2.3437540845827));
#4464=CARTESIAN_POINT('Ctrl Pts',(1.91080624233575,1.64395355605925,-2.35883902542778));
#4465=CARTESIAN_POINT('Ctrl Pts',(2.26827288868146,1.10110207931058,-2.39219954630511));
#4466=CARTESIAN_POINT('Ctrl Pts',(2.39297042405152,0.794469395679234,-2.40949903268231));
#4467=CARTESIAN_POINT('Ctrl Pts',(2.51577092978394,0.15647454586195,-2.44276015918002));
#4468=CARTESIAN_POINT('Ctrl Pts',(2.51500460420384,-0.168343153568484,-2.45782823440554));
#4469=CARTESIAN_POINT('Ctrl Pts',(2.38914468223021,-0.806007419504599,-2.49113458722628));
#4470=CARTESIAN_POINT('Ctrl Pts',(2.2628517149684,-1.11227786473969,-2.50844849182433));
#4471=CARTESIAN_POINT('Ctrl Pts',(1.90280545997257,-1.65310507208071,-2.54176286450151));
#4472=CARTESIAN_POINT('Ctrl Pts',(1.67461522378973,-1.88390260736234,-2.55682047644671));
#4473=CARTESIAN_POINT('Ctrl Pts',(1.13769500344394,-2.2502184814892,-2.59007159548667));
#4474=CARTESIAN_POINT('Ctrl Pts',(0.832610570473499,-2.38004006312846,-2.60739880663438));
#4475=CARTESIAN_POINT('Ctrl Pts',(0.196594716938587,-2.51289214723067,-2.64076541030619));
#4476=CARTESIAN_POINT('Ctrl Pts',(-0.127695509491896,-2.51733404512575,
-2.65581900371493));
#4477=CARTESIAN_POINT('Ctrl Pts',(-0.76737363492814,-2.4019041228801,-2.68901399427948));
#4478=CARTESIAN_POINT('Ctrl Pts',(-1.07612994526459,-2.28033906487525,-2.70635336887723));
#4479=CARTESIAN_POINT('Ctrl Pts',(-1.62261809979606,-1.92879563536167,-2.73977101975442));
#4480=CARTESIAN_POINT('Ctrl Pts',(-1.85670599302207,-1.70463647817835,-2.75482698976982));
#4481=CARTESIAN_POINT('Ctrl Pts',(-2.23174365970686,-1.17366847850467,-2.78796514602348));
#4482=CARTESIAN_POINT('Ctrl Pts',(-2.36662679188808,-0.87020087516798,-2.80531552074143));
#4483=CARTESIAN_POINT('Ctrl Pts',(-2.4795993818662,-0.368641982281571,-2.8317923781717));
#4484=CARTESIAN_POINT('Ctrl Pts',(-2.5,-0.184406265282323,-2.84109607786743));
#4485=CARTESIAN_POINT('Ctrl Pts',(-2.5,1.53002610581154E-14,-2.85000000000005));
#4486=CARTESIAN_POINT('Ctrl Pts',(-2.5,8.85402862138562E-14,-2.94999999999999));
#4487=CARTESIAN_POINT('Ctrl Pts',(-2.5,-0.276432543726552,-2.93665265607708));
#4488=CARTESIAN_POINT('Ctrl Pts',(-2.45415441397971,-0.551255289584623,
-2.92246612835068));
#4489=CARTESIAN_POINT('Ctrl Pts',(-2.25583619979923,-1.12775489192887,-2.89066390089342));
#4490=CARTESIAN_POINT('Ctrl Pts',(-2.08594632935132,-1.41756351105592,-2.87327290550868));
#4491=CARTESIAN_POINT('Ctrl Pts',(-1.65083933361827,-1.90457175948299,-2.84105592722722));
#4492=CARTESIAN_POINT('Ctrl Pts',(-1.39339584602971,-2.10027123730831,-2.8252736782386));
#4493=CARTESIAN_POINT('Ctrl Pts',(-0.807848067093414,-2.38912398277004,
-2.79122387554286));
#4494=CARTESIAN_POINT('Ctrl Pts',(-0.483303187874712,-2.47527358362556,
-2.77383047054558));
#4495=CARTESIAN_POINT('Ctrl Pts',(0.168369322938234,-2.51481300310648,-2.74157414987936));
#4496=CARTESIAN_POINT('Ctrl Pts',(0.488925647952211,-2.47257128034912,-2.7258440070014));
#4497=CARTESIAN_POINT('Ctrl Pts',(1.10794939073759,-2.26558574010321,-2.69181518589122));
#4498=CARTESIAN_POINT('Ctrl Pts',(1.39897737819455,-2.09840922162963,-2.67441958123477));
#4499=CARTESIAN_POINT('Ctrl Pts',(1.88958184001078,-1.66795814171388,-2.6421220807269));
#4500=CARTESIAN_POINT('Ctrl Pts',(2.08753860110179,-1.41237674971568,-2.62644481006483));
#4501=CARTESIAN_POINT('Ctrl Pts',(2.38152569369182,-0.829855070207682,-2.59243843343214));
#4502=CARTESIAN_POINT('Ctrl Pts',(2.47060178847823,-0.506436739578504,-2.57504089313391));
#4503=CARTESIAN_POINT('Ctrl Pts',(2.51629048585055,0.144432090949212,-2.54270039202675));
#4504=CARTESIAN_POINT('Ctrl Pts',(2.47711700399316,0.465283469995073,-2.52707646680765));
#4505=CARTESIAN_POINT('Ctrl Pts',(2.27620641524122,1.0858621572612,-2.49309406536626));
#4506=CARTESIAN_POINT('Ctrl Pts',(2.11205144507321,1.37821520180899,-2.47569491225993));
#4507=CARTESIAN_POINT('Ctrl Pts',(1.68678260871348,1.87278441635139,-2.44330962142713));
#4508=CARTESIAN_POINT('Ctrl Pts',(1.43326227968846,2.07324205388945,-2.42773918360343));
#4509=CARTESIAN_POINT('Ctrl Pts',(0.854110145045857,2.37288664990861,-2.39378235292042));
#4510=CARTESIAN_POINT('Ctrl Pts',(0.53196720398684,2.46518378434052,-2.37638197308523));
#4511=CARTESIAN_POINT('Ctrl Pts',(-0.117980709692018,2.51766181879581,-2.34395015103533));
#4512=CARTESIAN_POINT('Ctrl Pts',(-0.439159281644303,2.48187297845264,-2.32843297369329));
#4513=CARTESIAN_POINT('Ctrl Pts',(-1.06141682363315,2.28765539104617,-2.29450337000199));
#4514=CARTESIAN_POINT('Ctrl Pts',(-1.35519427390427,2.1268392309067,-2.27710221670392));
#4515=CARTESIAN_POINT('Ctrl Pts',(-1.85409667949481,1.70729467296775,-2.2446221864676));
#4516=CARTESIAN_POINT('Ctrl Pts',(-2.05730318994316,1.45603734033407,-2.22915763808825));
#4517=CARTESIAN_POINT('Ctrl Pts',(-2.36312805718893,0.880608380695638,-2.19525697277251));
#4518=CARTESIAN_POINT('Ctrl Pts',(-2.45893883736983,0.559899648229151,-2.17785556973905));
#4519=CARTESIAN_POINT('Ctrl Pts',(-2.49647865895615,0.153303834072949,-2.15747259072852));
#4520=CARTESIAN_POINT('Ctrl Pts',(-2.5,0.0766103035274798,-2.15369907267586));
#4521=CARTESIAN_POINT('Ctrl Pts',(-2.5,1.98989413078907E-13,-2.15));
#4522=CARTESIAN_POINT('Origin',(0.,0.,4.75));
#4523=CARTESIAN_POINT('',(-2.5,-1.07172175291165E-13,-1.25000000000004));
#4524=CARTESIAN_POINT('',(-2.5,1.89288773858515E-14,-1.34999999999999));
#4525=CARTESIAN_POINT('',(-2.5,-3.06161699786838E-16,4.75));
#4526=CARTESIAN_POINT('Ctrl Pts',(-2.5,-2.14203654813616E-13,-1.25000000000004));
#4527=CARTESIAN_POINT('Ctrl Pts',(-2.50000000000002,0.239242065162885,-1.26155162876818));
#4528=CARTESIAN_POINT('Ctrl Pts',(-2.46566225827249,0.477667714542755,-1.27375059232974));
#4529=CARTESIAN_POINT('Ctrl Pts',(-2.30557819942999,1.01983044962764,-1.30313020606769));
#4530=CARTESIAN_POINT('Ctrl Pts',(-2.1535161190662,1.31077527759537,-1.32021950666661));
#4531=CARTESIAN_POINT('Ctrl Pts',(-1.74620381162815,1.81847138542641,-1.35287948939717));
#4532=CARTESIAN_POINT('Ctrl Pts',(-1.49472607296199,2.03023753817488,-1.368432991616));
#4533=CARTESIAN_POINT('Ctrl Pts',(-0.924941909880339,2.34528608015473,-1.40224557553834));
#4534=CARTESIAN_POINT('Ctrl Pts',(-0.612142129287426,2.44564583019214,-1.41935607999138));
#4535=CARTESIAN_POINT('Ctrl Pts',(0.0342076958768299,2.52084103786508,-1.45206851442382));
#4536=CARTESIAN_POINT('Ctrl Pts',(0.361547307520323,2.49501430671101,-1.46755676213093));
#4537=CARTESIAN_POINT('Ctrl Pts',(0.988298922696113,2.31933043213461,-1.50133268461439));
#4538=CARTESIAN_POINT('Ctrl Pts',(1.28167620875891,2.17102517083548,-1.51846429829848));
#4539=CARTESIAN_POINT('Ctrl Pts',(1.7944667345054,1.77071875239599,-1.55123014350554));
#4540=CARTESIAN_POINT('Ctrl Pts',(2.00914354356788,1.52279346449987,-1.56665589817764));
#4541=CARTESIAN_POINT('Ctrl Pts',(2.33210365224105,0.9578463099389,-1.6003931620024));
#4542=CARTESIAN_POINT('Ctrl Pts',(2.43696942958341,0.646042827002168,-1.61754568149527));
#4543=CARTESIAN_POINT('Ctrl Pts',(2.52097286916764,0.0011125002683781,-1.65036574111868));
#4544=CARTESIAN_POINT('Ctrl Pts',(2.49983745675395,-0.325759315322787,-1.66573230200741));
#4545=CARTESIAN_POINT('Ctrl Pts',(2.33342296305341,-0.954707860615535,-1.69942891404303));
#4546=CARTESIAN_POINT('Ctrl Pts',(2.18913661668231,-1.25060926801142,-1.71660202478766));
#4547=CARTESIAN_POINT('Ctrl Pts',(1.79627633243281,-1.76874290019192,-1.74947693531129));
#4548=CARTESIAN_POINT('Ctrl Pts',(1.55208697187747,-1.98647587694713,-1.76478812918921));
#4549=CARTESIAN_POINT('Ctrl Pts',(0.992296573790363,-2.31772174632499,-1.79844211799973));
#4550=CARTESIAN_POINT('Ctrl Pts',(0.681611116382811,-2.4273244894578,-1.8156353937605));
#4551=CARTESIAN_POINT('Ctrl Pts',(0.038234542133561,-2.52058707812302,-1.84856561455911));
#4552=CARTESIAN_POINT('Ctrl Pts',(-0.288145019363061,-2.50435486757549,
-1.86382577492207));
#4553=CARTESIAN_POINT('Ctrl Pts',(-0.919314147651737,-2.347660202933,-1.89743520960824));
#4554=CARTESIAN_POINT('Ctrl Pts',(-1.2178013695052,-2.20762688986895,-1.91464811385339));
#4555=CARTESIAN_POINT('Ctrl Pts',(-1.74147468952592,-1.82259584822823,-1.94763391931515));
#4556=CARTESIAN_POINT('Ctrl Pts',(-1.96238201968942,-1.58229136775448,-1.96284785480067));
#4557=CARTESIAN_POINT('Ctrl Pts',(-2.30220613023885,-1.02793842714775,-1.99641086476274));
#4558=CARTESIAN_POINT('Ctrl Pts',(-2.41673081805868,-0.718491993627207,
-2.0136427540518));
#4559=CARTESIAN_POINT('Ctrl Pts',(-2.4895051495278,-0.264602756727895,-2.03701395171193));
#4560=CARTESIAN_POINT('Ctrl Pts',(-2.5,-0.132261594212568,-2.04361384530947));
#4561=CARTESIAN_POINT('Ctrl Pts',(-2.5,-2.27248775352962E-14,-2.05000000000005));
#4562=CARTESIAN_POINT('Ctrl Pts',(-2.5,1.99840144432528E-13,-2.15));
#4563=CARTESIAN_POINT('Ctrl Pts',(-2.5,-0.242537003176498,-2.13828927755108));
#4564=CARTESIAN_POINT('Ctrl Pts',(-2.46470981950723,-0.484171686350424,
-2.12591631935605));
#4565=CARTESIAN_POINT('Ctrl Pts',(-2.29985641509889,-1.03458841194772,-2.09604278079));
#4566=CARTESIAN_POINT('Ctrl Pts',(-2.14269821382992,-1.32987902655448,-2.07864172463212));
#4567=CARTESIAN_POINT('Ctrl Pts',(-1.72942386388074,-1.83347251108409,-2.04606059322765));
#4568=CARTESIAN_POINT('Ctrl Pts',(-1.48062956358446,-2.03967445332765,-2.03069763039856));
#4569=CARTESIAN_POINT('Ctrl Pts',(-0.909279713064643,-2.35218739440837,
-1.99686016041725));
#4570=CARTESIAN_POINT('Ctrl Pts',(-0.59017142126944,-2.45179374880684,-1.97946012201093));
#4571=CARTESIAN_POINT('Ctrl Pts',(0.057541147686454,-2.5197676097806,-1.94682631542159));
#4572=CARTESIAN_POINT('Ctrl Pts',(0.379472514405008,-2.49169541933564,-1.93151135464415));
#4573=CARTESIAN_POINT('Ctrl Pts',(1.00027026185098,-2.31416945573755,-1.89798606854105));
#4574=CARTESIAN_POINT('Ctrl Pts',(1.29273128726835,-2.1644360725073,-1.88087013332559));
#4575=CARTESIAN_POINT('Ctrl Pts',(1.80359681823746,-1.76147176536038,-1.84814407731436));
#4576=CARTESIAN_POINT('Ctrl Pts',(2.01717351329503,-1.51220305991576,-1.8326721524603));
#4577=CARTESIAN_POINT('Ctrl Pts',(2.33714546935549,-0.945419050502564,-1.79890596048986));
#4578=CARTESIAN_POINT('Ctrl Pts',(2.44030732860673,-0.633231145801641,-1.78176895783408));
#4579=CARTESIAN_POINT('Ctrl Pts',(2.52098021402799,0.0122426248759097,-1.74898926949914));
#4580=CARTESIAN_POINT('Ctrl Pts',(2.49807408408012,0.339291434132833,-1.73357904204398));
#4581=CARTESIAN_POINT('Ctrl Pts',(2.32815725578912,0.967419049746232,-1.69985202130786));
#4582=CARTESIAN_POINT('Ctrl Pts',(2.18234809687433,1.26237338678069,-1.68269418291458));
#4583=CARTESIAN_POINT('Ctrl Pts',(1.78667206284942,1.77849512055407,-1.64986010044386));
#4584=CARTESIAN_POINT('Ctrl Pts',(1.54107472991293,1.99507679539077,-1.6345081343639));
#4585=CARTESIAN_POINT('Ctrl Pts',(0.979332520947766,2.32320414621453,-1.6008222741586));
#4586=CARTESIAN_POINT('Ctrl Pts',(0.668217247311355,2.43102197764058,-1.58364394326859));
#4587=CARTESIAN_POINT('Ctrl Pts',(0.0242477633686612,2.52079554121688,-1.55075487475929));
#4588=CARTESIAN_POINT('Ctrl Pts',(-0.302317280532531,2.50271902009924,-1.53545721082595));
#4589=CARTESIAN_POINT('Ctrl Pts',(-0.932660231489036,2.34236468116759,-1.5018144740244));
#4590=CARTESIAN_POINT('Ctrl Pts',(-1.23018121624609,2.20072544594794,-1.48461610539019));
#4591=CARTESIAN_POINT('Ctrl Pts',(-1.75177628924727,1.81274398969973,-1.4516716382791));
#4592=CARTESIAN_POINT('Ctrl Pts',(-1.97149191850568,1.57098065323569,-1.43642381761522));
#4593=CARTESIAN_POINT('Ctrl Pts',(-2.30809928044255,1.01457691912464,-1.40282612155557));
#4594=CARTESIAN_POINT('Ctrl Pts',(-2.42077627037914,0.704656072837149,-1.38560827954945));
#4595=CARTESIAN_POINT('Ctrl Pts',(-2.49023741660972,0.255215447493551,-1.36251814356111));
#4596=CARTESIAN_POINT('Ctrl Pts',(-2.5,0.127563671132341,-1.35615931889826));
#4597=CARTESIAN_POINT('Ctrl Pts',(-2.5,3.83026943495679E-14,-1.34999999999999));
#4598=CARTESIAN_POINT('Origin',(0.,0.,4.75));
#4599=CARTESIAN_POINT('',(-2.5,-4.58857292874407E-14,-0.450000000000047));
#4600=CARTESIAN_POINT('',(-2.5,-4.64601465267335E-15,-0.549999999999988));
#4601=CARTESIAN_POINT('',(-2.5,-3.06161699786838E-16,4.75));
#4602=CARTESIAN_POINT('Ctrl Pts',(-2.5,-8.90953977261688E-14,-0.450000000000047));
#4603=CARTESIAN_POINT('Ctrl Pts',(-2.50000000000001,0.275664032690186,-0.463310236927633));
#4604=CARTESIAN_POINT('Ctrl Pts',(-2.45440903489436,0.549736870131449,-0.477455463454321));
#4605=CARTESIAN_POINT('Ctrl Pts',(-2.25687456530197,1.12566618151916,-0.509214479936577));
#4606=CARTESIAN_POINT('Ctrl Pts',(-2.08727102565997,1.41560480111356,-0.526606025683028));
#4607=CARTESIAN_POINT('Ctrl Pts',(-1.65265547325076,1.90299416938864,-0.558831577192136));
#4608=CARTESIAN_POINT('Ctrl Pts',(-1.39540900673998,2.09893238612397,-0.574602340739945));
#4609=CARTESIAN_POINT('Ctrl Pts',(-0.810180575692573,2.38832939558162,-0.608647609235517));
#4610=CARTESIAN_POINT('Ctrl Pts',(-0.485753725934479,2.47478935371601,-0.626041522411884));
#4611=CARTESIAN_POINT('Ctrl Pts',(0.165835025798965,2.51498007451385,-0.658306824858334));
#4612=CARTESIAN_POINT('Ctrl Pts',(0.486422545664983,2.47306346008772,-0.674025288934065));
#4613=CARTESIAN_POINT('Ctrl Pts',(1.10561253969622,2.26672193227466,-0.708049257115844));
#4614=CARTESIAN_POINT('Ctrl Pts',(1.39678244585938,2.09986531495979,-0.725445316190422));
#4615=CARTESIAN_POINT('Ctrl Pts',(1.88780864573571,1.6699630080149,-0.757752204553759));
#4616=CARTESIAN_POINT('Ctrl Pts',(2.08603080601992,1.41460044069416,-0.773417664735193));
#4617=CARTESIAN_POINT('Ctrl Pts',(2.38061983905406,0.832435517469862,-0.807418854459595));
#4618=CARTESIAN_POINT('Ctrl Pts',(2.47003883311886,0.509151184545905,-0.824816782761847));
#4619=CARTESIAN_POINT('Ctrl Pts',(2.51644922085217,-0.141621433124,-0.857167072108508));
#4620=CARTESIAN_POINT('Ctrl Pts',(2.47763565606853,-0.462507519294242,-0.872779125394274));
#4621=CARTESIAN_POINT('Ctrl Pts',(2.27975160726829,-1.07609030742457,-0.906363204145137));
#4622=CARTESIAN_POINT('Ctrl Pts',(2.12102475388685,-1.36253994552581,-0.923368753237584));
#4623=CARTESIAN_POINT('Ctrl Pts',(1.70116581030065,-1.86094685488639,-0.955831146512483));
#4624=CARTESIAN_POINT('Ctrl Pts',(1.44323334626429,-2.06740857792414,-0.971662701194127));
#4625=CARTESIAN_POINT('Ctrl Pts',(0.86482849654212,-2.36800095074097,-1.0056024053053));
#4626=CARTESIAN_POINT('Ctrl Pts',(0.550384835769406,-2.46017389685418,-1.02262854723636));
#4627=CARTESIAN_POINT('Ctrl Pts',(-0.098399879984688,-2.51935565897335,
-1.05513827967542));
#4628=CARTESIAN_POINT('Ctrl Pts',(-0.426585296083693,-2.48492869289836,
-1.07089878628837));
#4629=CARTESIAN_POINT('Ctrl Pts',(-1.04912682532196,-2.29233811138165,-1.10480956197925));
#4630=CARTESIAN_POINT('Ctrl Pts',(-1.33775594367546,-2.13679928919642,-1.12185658506345));
#4631=CARTESIAN_POINT('Ctrl Pts',(-1.84064758675636,-1.72296155013304,-1.15441509634732));
#4632=CARTESIAN_POINT('Ctrl Pts',(-2.04967018968099,-1.46814176258879,-1.17010524869911));
#4633=CARTESIAN_POINT('Ctrl Pts',(-2.35724681834637,-0.89386686064878,-1.2039852264083));
#4634=CARTESIAN_POINT('Ctrl Pts',(-2.45336724966996,-0.580189177298682,
-1.22105333338192));
#4635=CARTESIAN_POINT('Ctrl Pts',(-2.49559869052673,-0.171395627648799,
-1.24163626083456));
#4636=CARTESIAN_POINT('Ctrl Pts',(-2.49999999999999,-0.0856497531958165,
-1.24586446408447));
#4637=CARTESIAN_POINT('Ctrl Pts',(-2.5,-2.14038188882542E-13,-1.25000000000004));
#4638=CARTESIAN_POINT('Ctrl Pts',(-2.5,3.85802501057242E-14,-1.34999999999999));
#4639=CARTESIAN_POINT('Ctrl Pts',(-2.5,-0.194320774970216,-1.34061736299231));
#4640=CARTESIAN_POINT('Ctrl Pts',(-2.47734681841763,-0.388393039829243,
-1.3307936614826));
#4641=CARTESIAN_POINT('Ctrl Pts',(-2.35658599709452,-0.896300926567454,
-1.30385448288414));
#4642=CARTESIAN_POINT('Ctrl Pts',(-2.21932809056811,-1.19642945264694,-1.28661783759129));
#4643=CARTESIAN_POINT('Ctrl Pts',(-1.83938002282138,-1.72365681900847,-1.25356208706987));
#4644=CARTESIAN_POINT('Ctrl Pts',(-1.60157446522752,-1.94660479507971,-1.23839876000045));
#4645=CARTESIAN_POINT('Ctrl Pts',(-1.05075909110152,-2.2919260905111,-1.20489661516025));
#4646=CARTESIAN_POINT('Ctrl Pts',(-0.7421507926023,-2.40961368581259,-1.18764193646026));
#4647=CARTESIAN_POINT('Ctrl Pts',(-0.101574042516586,-2.51868710149938,
-1.15453068659057));
#4648=CARTESIAN_POINT('Ctrl Pts',(0.22396679467996,-2.51076486769168,-1.13940122388907));
#4649=CARTESIAN_POINT('Ctrl Pts',(0.858722186261871,-2.37060862063754,-1.10594939744505));
#4650=CARTESIAN_POINT('Ctrl Pts',(1.16146404545484,-2.23789960855015,-1.08867754715607));
#4651=CARTESIAN_POINT('Ctrl Pts',(1.69441662026374,-1.86624113686133,-1.05551115103819));
#4652=CARTESIAN_POINT('Ctrl Pts',(1.92066041420079,-1.63247258393777,-1.04040954076287));
#4653=CARTESIAN_POINT('Ctrl Pts',(2.27482748126514,-1.08743726760878,-1.0070095663685));
#4654=CARTESIAN_POINT('Ctrl Pts',(2.39761780126056,-0.780250869517354,-0.989721488599618));
#4655=CARTESIAN_POINT('Ctrl Pts',(2.51668119933568,-0.141539131424986,-0.956500489827126));
#4656=CARTESIAN_POINT('Ctrl Pts',(2.51397181994793,0.183474797666611,-0.941420489501336));
#4657=CARTESIAN_POINT('Ctrl Pts',(2.38422568366738,0.820365657451339,-0.90807375574685));
#4658=CARTESIAN_POINT('Ctrl Pts',(2.25618111834622,1.12569073301966,-0.890770465673034));
#4659=CARTESIAN_POINT('Ctrl Pts',(1.89297358682146,1.66439043359152,-0.857495592579201));
#4660=CARTESIAN_POINT('Ctrl Pts',(1.66327287152599,1.89395561218258,-0.842430806243639));
#4661=CARTESIAN_POINT('Ctrl Pts',(1.12414175214292,2.25699134994407,-0.80913853828217));
#4662=CARTESIAN_POINT('Ctrl Pts',(0.818472661897243,2.3849122310747,-0.791821111394169));
#4663=CARTESIAN_POINT('Ctrl Pts',(0.181713522427569,2.51403375474586,-0.758493229911292));
#4664=CARTESIAN_POINT('Ctrl Pts',(-0.142772121167048,2.5165456270141,-0.743437264715262));
#4665=CARTESIAN_POINT('Ctrl Pts',(-0.781714163498134,2.39724851440663,-0.710200471579791));
#4666=CARTESIAN_POINT('Ctrl Pts',(-1.08955752028407,2.27392598116501,-0.692870028774178));
#4667=CARTESIAN_POINT('Ctrl Pts',(-1.63395506864947,1.91922677666524,-0.659490205792453));
#4668=CARTESIAN_POINT('Ctrl Pts',(-1.86682579023427,1.69357684067808,-0.644436607749018));
#4669=CARTESIAN_POINT('Ctrl Pts',(-2.23864343266395,1.16039884070941,-0.611256143726758));
#4670=CARTESIAN_POINT('Ctrl Pts',(-2.37165665606653,0.856323741039625,-0.593913834666651));
#4671=CARTESIAN_POINT('Ctrl Pts',(-2.48065253853724,0.35903275371164,-0.567722584096175));
#4672=CARTESIAN_POINT('Ctrl Pts',(-2.5,0.17958309545685,-0.558671038892486));
#4673=CARTESIAN_POINT('Ctrl Pts',(-2.5,-1.61676227961038E-14,-0.549999999999987));
#4674=CARTESIAN_POINT('Origin',(0.,0.,4.75));
#4675=CARTESIAN_POINT('',(-2.5,-1.53972969957426E-14,0.34999999999995));
#4676=CARTESIAN_POINT('',(-2.5,-8.41857634411934E-14,0.250000000000019));
#4677=CARTESIAN_POINT('',(-2.5,-3.06161699786838E-16,4.75));
#4678=CARTESIAN_POINT('Ctrl Pts',(-2.5,-3.06005221162309E-14,0.349999999999951));
#4679=CARTESIAN_POINT('Ctrl Pts',(-2.5,0.297865654027576,0.335617773965579));
#4680=CARTESIAN_POINT('Ctrl Pts',(-2.44676725246842,0.593551886170682,0.320276124778008));
#4681=CARTESIAN_POINT('Ctrl Pts',(-2.2261380923609,1.18554756564661,0.287279461610716));
#4682=CARTESIAN_POINT('Ctrl Pts',(-2.04830878217608,1.47162533172251,0.269909818951943));
#4683=CARTESIAN_POINT('Ctrl Pts',(-1.59955999009383,1.94790893891257,0.237937836230013));
#4684=CARTESIAN_POINT('Ctrl Pts',(-1.33660127432384,2.13693402331132,0.221798138012876));
#4685=CARTESIAN_POINT('Ctrl Pts',(-0.742196815202832,2.41045579433807,0.187627316457442));
#4686=CARTESIAN_POINT('Ctrl Pts',(-0.414461891426353,2.48785251565487,0.170254940074216));
#4687=CARTESIAN_POINT('Ctrl Pts',(0.239432384514202,2.5090990506182,0.138257200788273));
#4688=CARTESIAN_POINT('Ctrl Pts',(0.559117375314065,2.45771025182817,0.122157630027678));
#4689=CARTESIAN_POINT('Ctrl Pts',(1.17331826837186,2.23257987296706,0.0879987799296197));
#4690=CARTESIAN_POINT('Ctrl Pts',(1.46020731613784,2.05643335762418,0.0706236210225036));
#4691=CARTESIAN_POINT('Ctrl Pts',(1.93878978178972,1.61057877243364,0.0385985237328783));
#4692=CARTESIAN_POINT('Ctrl Pts',(2.12923876680719,1.34879777089126,0.0225409420914895));
#4693=CARTESIAN_POINT('Ctrl Pts',(2.40604951714255,0.756270834371853,-0.0116050042395484));
#4694=CARTESIAN_POINT('Ctrl Pts',(2.48532548789045,0.429198445159609,-0.0289829756127859));
#4695=CARTESIAN_POINT('Ctrl Pts',(2.51048782307617,-0.22424136731551,-0.061037087465939));
#4696=CARTESIAN_POINT('Ctrl Pts',(2.46105991215105,-0.54411215874173,-0.0770508608187586));
#4697=CARTESIAN_POINT('Ctrl Pts',(2.2398228649583,-1.15937061574812,-0.111182907988005));
#4698=CARTESIAN_POINT('Ctrl Pts',(2.06559377410723,-1.44717053562833,-0.12856369920152));
#4699=CARTESIAN_POINT('Ctrl Pts',(1.62303495154697,-1.92835532208152,-0.160648532401983));
#4700=CARTESIAN_POINT('Ctrl Pts',(1.36258999775504,-2.12042049091191,-0.176616744767607));
#4701=CARTESIAN_POINT('Ctrl Pts',(0.77220214383879,-2.40095248612156,-0.210733831951499));
#4702=CARTESIAN_POINT('Ctrl Pts',(0.445893708939728,-2.4823538283412,-0.228117423776893));
#4703=CARTESIAN_POINT('Ctrl Pts',(-0.207017396356649,-2.51195225693316,
-0.260234729257342));
#4704=CARTESIAN_POINT('Ctrl Pts',(-0.527099118268897,-2.46474378143527,
-0.276155721172139));
#4705=CARTESIAN_POINT('Ctrl Pts',(-1.14353897536879,-2.24791129916379,-0.310256720085526));
#4706=CARTESIAN_POINT('Ctrl Pts',(-1.43235440057625,-2.07585630210106,-0.327643062357949));
#4707=CARTESIAN_POINT('Ctrl Pts',(-1.91646820610205,-1.63703214156805,-0.359794627869258));
#4708=CARTESIAN_POINT('Ctrl Pts',(-2.11035818395095,-1.37809475775629,-0.375666862590859));
#4709=CARTESIAN_POINT('Ctrl Pts',(-2.39507634137924,-0.790132065453574,
-0.409750575857958));
#4710=CARTESIAN_POINT('Ctrl Pts',(-2.47886730618162,-0.464701292214505,
-0.427139582881352));
#4711=CARTESIAN_POINT('Ctrl Pts',(-2.49883248215811,-0.088263005732676,
-0.4457149347333));
#4712=CARTESIAN_POINT('Ctrl Pts',(-2.5,-0.0441122468925312,-0.447870072305757));
#4713=CARTESIAN_POINT('Ctrl Pts',(-2.5,-9.14652968750945E-14,-0.450000000000047));
#4714=CARTESIAN_POINT('Ctrl Pts',(-2.5,-1.59247615094671E-14,-0.549999999999988));
#4715=CARTESIAN_POINT('Ctrl Pts',(-2.5,-0.140083099904556,-0.543236189607011));
#4716=CARTESIAN_POINT('Ctrl Pts',(-2.48822727300865,-0.280224487500638,
-0.536234110295494));
#4717=CARTESIAN_POINT('Ctrl Pts',(-2.40951750423422,-0.743267606961544,
-0.512302215340685));
#4718=CARTESIAN_POINT('Ctrl Pts',(-2.29091337823675,-1.05353275541487,-0.494949206234181));
#4719=CARTESIAN_POINT('Ctrl Pts',(-1.94467425118941,-1.60350732534991,-0.461469302379284));
#4720=CARTESIAN_POINT('Ctrl Pts',(-1.72300696023391,-1.83963075202898,-0.446401520388602));
#4721=CARTESIAN_POINT('Ctrl Pts',(-1.19575552185949,-2.22003604235718,-0.413335463115952));
#4722=CARTESIAN_POINT('Ctrl Pts',(-0.893328257157531,-2.35803906872215,
-0.395972922507156));
#4723=CARTESIAN_POINT('Ctrl Pts',(-0.260639309067904,-2.50698202542349,
-0.362445138588298));
#4724=CARTESIAN_POINT('Ctrl Pts',(0.0628156396919469,-2.51971156840533,
-0.347361223982619));
#4725=CARTESIAN_POINT('Ctrl Pts',(0.705517104811757,-2.42090992571446,-0.314352819255815));
#4726=CARTESIAN_POINT('Ctrl Pts',(1.01808067552191,-2.30695939084945,-0.296981904328271));
#4727=CARTESIAN_POINT('Ctrl Pts',(1.57344665013514,-1.96902754131797,-0.263407825977804));
#4728=CARTESIAN_POINT('Ctrl Pts',(1.81273313475774,-1.7512288705565,-0.24830214710716));
#4729=CARTESIAN_POINT('Ctrl Pts',(2.20143408038574,-1.2298018986122,-0.2153514068455));
#4730=CARTESIAN_POINT('Ctrl Pts',(2.34426491610797,-0.929050967017968,-0.197973250572032));
#4731=CARTESIAN_POINT('Ctrl Pts',(2.50273298243775,-0.298424518560571,-0.164354550752296));
#4732=CARTESIAN_POINT('Ctrl Pts',(2.52034261546913,0.0245422398499377,-0.149221848143427));
#4733=CARTESIAN_POINT('Ctrl Pts',(2.43134395678873,0.668919877314849,-0.116328570336664));
#4734=CARTESIAN_POINT('Ctrl Pts',(2.3219242161801,0.98363739023954,-0.0989442697641094));
#4735=CARTESIAN_POINT('Ctrl Pts',(1.99204930680943,1.54415284989326,-0.0652826910843802));
#4736=CARTESIAN_POINT('Ctrl Pts',(1.77796450012127,1.78647967348801,-0.050118126722431));
#4737=CARTESIAN_POINT('Ctrl Pts',(1.26218938633508,2.18309970838262,-0.0172819005277966));
#4738=CARTESIAN_POINT('Ctrl Pts',(0.963116901145001,2.33054456343189,0.000107493570758765));
#4739=CARTESIAN_POINT('Ctrl Pts',(0.334532563877841,2.49814087077863,0.0338101563602076));
#4740=CARTESIAN_POINT('Ctrl Pts',(0.0120290504125003,2.52041130050075,0.0490109600570408));
#4741=CARTESIAN_POINT('Ctrl Pts',(-0.633877666802935,2.44077874290377,0.0817907463435677));
#4742=CARTESIAN_POINT('Ctrl Pts',(-0.950589876911963,2.33571505915343,0.0991842382788619));
#4743=CARTESIAN_POINT('Ctrl Pts',(-1.51596714447466,2.01356067662302,0.132926155273616));
#4744=CARTESIAN_POINT('Ctrl Pts',(-1.7611835676812,1.80300089325094,0.148167087164502));
#4745=CARTESIAN_POINT('Ctrl Pts',(-2.16527769350542,1.29264285677941,0.1808912355473));
#4746=CARTESIAN_POINT('Ctrl Pts',(-2.31708062651748,0.995225140768918,0.198287891881192));
#4747=CARTESIAN_POINT('Ctrl Pts',(-2.46869429233587,0.456200306309608,0.227346586513711));
#4748=CARTESIAN_POINT('Ctrl Pts',(-2.50000000000002,0.228436412646963,0.238970114288969));
#4749=CARTESIAN_POINT('Ctrl Pts',(-2.5,-1.66672231571852E-13,0.250000000000019));
#4750=CARTESIAN_POINT('Origin',(0.,0.,4.75));
#4751=CARTESIAN_POINT('',(-2.5,-1.43029718152747E-17,1.14999999999995));
#4752=CARTESIAN_POINT('',(-2.5,-6.89041824723571E-14,1.05000000000002));
#4753=CARTESIAN_POINT('',(-2.5,-3.06161699786838E-16,4.75));
#4754=CARTESIAN_POINT('Ctrl Pts',(-2.5,-1.17961196366423E-15,1.14999999999995));
#4755=CARTESIAN_POINT('Ctrl Pts',(-2.5,0.311008693865465,1.13498317186503));
#4756=CARTESIAN_POINT('Ctrl Pts',(-2.44196423823379,0.619438311203715,1.11893015732539));
#4757=CARTESIAN_POINT('Ctrl Pts',(-2.20722998085311,1.22053745369876,1.08521183813493));
#4758=CARTESIAN_POINT('Ctrl Pts',(-2.02457755928567,1.50422779828158,1.06786100815546));
#4759=CARTESIAN_POINT('Ctrl Pts',(-1.56752316133433,1.97384320234966,1.03604488264442));
#4760=CARTESIAN_POINT('Ctrl Pts',(-1.3011609876272,2.15875701366243,1.0196504697899));
#4761=CARTESIAN_POINT('Ctrl Pts',(-0.701374223536255,2.42272885140474,0.985410766227052));
#4762=CARTESIAN_POINT('Ctrl Pts',(-0.371782619985468,2.49466589528894,0.968057934962635));
#4763=CARTESIAN_POINT('Ctrl Pts',(0.283363853194427,2.50456877383359,0.936226607373907));
#4764=CARTESIAN_POINT('Ctrl Pts',(0.602512341069584,2.44748907797779,0.919857912253353));
#4765=CARTESIAN_POINT('Ctrl Pts',(1.21357056756351,2.21105173929609,0.885624664323693));
#4766=CARTESIAN_POINT('Ctrl Pts',(1.49774418312655,2.02936065488874,0.868269726700329));
#4767=CARTESIAN_POINT('Ctrl Pts',(1.96869822150935,1.57396306733022,0.836422102414796));
#4768=CARTESIAN_POINT('Ctrl Pts',(2.15443520100199,1.30828267679211,0.820080771614491));
#4769=CARTESIAN_POINT('Ctrl Pts',(2.42032540075906,0.709568839168062,0.785854506283901));
#4770=CARTESIAN_POINT('Ctrl Pts',(2.49335945522526,0.380342220583772,0.768497357840969));
#4771=CARTESIAN_POINT('Ctrl Pts',(2.50553788767133,-0.274560697722177,0.736632279043808));
#4772=CARTESIAN_POINT('Ctrl Pts',(2.44960112025424,-0.593816628902919,0.720320019223828));
#4773=CARTESIAN_POINT('Ctrl Pts',(2.21543535794737,-1.20551478420488,0.686101304325518));
#4774=CARTESIAN_POINT('Ctrl Pts',(2.03485524038478,-1.49024227614944,0.668741842521606));
#4775=CARTESIAN_POINT('Ctrl Pts',(1.58137147178837,-1.96273734512461,0.636858087076192));
#4776=CARTESIAN_POINT('Ctrl Pts',(1.31647683677603,-2.14942326920998,0.62057665929364));
#4777=CARTESIAN_POINT('Ctrl Pts',(0.719002841561578,-2.41752109969765,0.586366106235648));
#4778=CARTESIAN_POINT('Ctrl Pts',(0.390201199306666,-2.49181742784042,0.569004231991545));
#4779=CARTESIAN_POINT('Ctrl Pts',(-0.264416491450414,-2.50661648297802,
0.537100512744891));
#4780=CARTESIAN_POINT('Ctrl Pts',(-0.58379626179373,-2.45199510883255,0.520851725118894));
#4781=CARTESIAN_POINT('Ctrl Pts',(-1.19622544849929,-2.22044328497211,0.486649991670932));
#4782=CARTESIAN_POINT('Ctrl Pts',(-1.48158511110727,-2.04114342768459,0.469285611172733));
#4783=CARTESIAN_POINT('Ctrl Pts',(-1.95584818926208,-1.58986401322408,0.437360575775239));
#4784=CARTESIAN_POINT('Ctrl Pts',(-2.14362461260248,-1.32587206751851,0.421146274295393));
#4785=CARTESIAN_POINT('Ctrl Pts',(-2.41425423810981,-0.729826738309126,
0.386954067433919));
#4786=CARTESIAN_POINT('Ctrl Pts',(-2.48999794752975,-0.401519017849682,
0.369587094218221));
#4787=CARTESIAN_POINT('Ctrl Pts',(-2.49969186925779,-0.0453354483769281,
0.352195151701349));
#4788=CARTESIAN_POINT('Ctrl Pts',(-2.5,-0.0226617105370197,0.35109420417845));
#4789=CARTESIAN_POINT('Ctrl Pts',(-2.5,-3.04884322916983E-14,0.349999999999951));
#4790=CARTESIAN_POINT('Ctrl Pts',(-2.5,-1.680653651826E-13,0.250000000000019));
#4791=CARTESIAN_POINT('Ctrl Pts',(-2.49999999999999,-0.0906278542387082,
0.254375899896649));
#4792=CARTESIAN_POINT('Ctrl Pts',(-2.49507222363227,-0.181352013097886,
0.25885500531907));
#4793=CARTESIAN_POINT('Ctrl Pts',(-2.4492109796336,-0.600720806523484,0.280021146773525));
#4794=CARTESIAN_POINT('Ctrl Pts',(-2.34828492944146,-0.919260024940603,
0.297420101802375));
#4795=CARTESIAN_POINT('Ctrl Pts',(-2.03344337322523,-1.48917737107124,0.331234976655905));
#4796=CARTESIAN_POINT('Ctrl Pts',(-1.82619328726981,-1.73711054331568,0.346565798833508));
#4797=CARTESIAN_POINT('Ctrl Pts',(-1.32096616503961,-2.14818306804907,0.379181772739513));
#4798=CARTESIAN_POINT('Ctrl Pts',(-1.0251558307155,-2.30405672566012,0.396582232312043));
#4799=CARTESIAN_POINT('Ctrl Pts',(-0.40048701449317,-2.48840202666906,0.430430816894531));
#4800=CARTESIAN_POINT('Ctrl Pts',(-0.078821576708341,-2.51918907273945,
0.445810376155297));
#4801=CARTESIAN_POINT('Ctrl Pts',(0.569699028793559,-2.45666896931449,0.478374123049418));
#4802=CARTESIAN_POINT('Ctrl Pts',(0.889894944497743,-2.35962810460014,0.495775366789895));
#4803=CARTESIAN_POINT('Ctrl Pts',(1.4640085142217,-2.05163717613641,0.52965584068657));
#4804=CARTESIAN_POINT('Ctrl Pts',(1.71446978210833,-1.84746293458663,0.545085994188978));
#4805=CARTESIAN_POINT('Ctrl Pts',(2.13199228177229,-1.34704141164908,0.577598932733842));
#4806=CARTESIAN_POINT('Ctrl Pts',(2.29162884328122,-1.05277061799744,0.595000314784902));
#4807=CARTESIAN_POINT('Ctrl Pts',(2.48348653690435,-0.429929649271698,0.62891089093535));
#4808=CARTESIAN_POINT('Ctrl Pts',(2.51808081034994,-0.108635163800801,0.644393014077056));
#4809=CARTESIAN_POINT('Ctrl Pts',(2.46320529891886,0.540979082987902,0.676856674803839));
#4810=CARTESIAN_POINT('Ctrl Pts',(2.36977335997949,0.862663748672364,0.694257623236684));
#4811=CARTESIAN_POINT('Ctrl Pts',(2.06813378670264,1.44061888695184,0.728196557367772));
#4812=CARTESIAN_POINT('Ctrl Pts',(1.86679078133023,1.693410059489,0.743731568741796));
#4813=CARTESIAN_POINT('Ctrl Pts',(1.3708230372188,2.11683837310455,0.776147576100775));
#4814=CARTESIAN_POINT('Ctrl Pts',(1.07800751826601,2.27991992911734,0.793547591163613));
#4815=CARTESIAN_POINT('Ctrl Pts',(0.456884621041228,2.47867653397843,0.827513189708445));
#4816=CARTESIAN_POINT('Ctrl Pts',(0.13592819008847,2.51676126236339,0.84310158115235));
#4817=CARTESIAN_POINT('Ctrl Pts',(-0.514648346195343,2.46888923191314,0.875471635706517));
#4818=CARTESIAN_POINT('Ctrl Pts',(-0.837660145896916,2.37877613012393,0.892870287095222));
#4819=CARTESIAN_POINT('Ctrl Pts',(-1.41910149504781,2.08296839353954,0.926860913643803));
#4820=CARTESIAN_POINT('Ctrl Pts',(-1.67402068766949,1.88420840345824,0.942502784114095));
#4821=CARTESIAN_POINT('Ctrl Pts',(-2.10281004517118,1.39232826701579,0.974828645193353));
#4822=CARTESIAN_POINT('Ctrl Pts',(-2.26901782955122,1.10087170594777,0.992225568532413));
#4823=CARTESIAN_POINT('Ctrl Pts',(-2.4573673588578,0.531764498677512,1.02347148588327));
#4824=CARTESIAN_POINT('Ctrl Pts',(-2.50000000000001,0.266572441394077,1.03712874393264));
#4825=CARTESIAN_POINT('Ctrl Pts',(-2.5,-1.38777878078145E-13,1.05000000000002));
#4826=CARTESIAN_POINT('Origin',(0.,0.,4.75));
#4827=CARTESIAN_POINT('Ctrl Pts',(-2.5,-1.37502203244927E-13,1.05000000000002));
#4828=CARTESIAN_POINT('Ctrl Pts',(-2.5,-0.0529717027786167,1.05255770006541));
#4829=CARTESIAN_POINT('Ctrl Pts',(-2.4983164330007,-0.105994683755713,1.05515154740126));
#4830=CARTESIAN_POINT('Ctrl Pts',(-2.47379967335549,-0.49072302198538,1.07421821003383));
#4831=CARTESIAN_POINT('Ctrl Pts',(-2.38671061793692,-0.814909578090565,
1.09161310275197));
#4832=CARTESIAN_POINT('Ctrl Pts',(-2.09621021258095,-1.39948954824009,1.12564912870362));
#4833=CARTESIAN_POINT('Ctrl Pts',(-1.8997876040563,-1.65633632359955,1.1413968664852));
#4834=CARTESIAN_POINT('Ctrl Pts',(-1.4327431318332,-2.07119597840163,1.17224496156269));
#4835=CARTESIAN_POINT('Ctrl Pts',(-1.17024497898792,-2.23004630531375,1.18809650011487));
#4836=CARTESIAN_POINT('Ctrl Pts',(-0.602667140282907,-2.44507777376972,
1.21980221180207));
#4837=CARTESIAN_POINT('Ctrl Pts',(-0.302554557830058,-2.49999999999999,
1.23539137366259));
#4838=CARTESIAN_POINT('Ctrl Pts',(-6.19643225618915E-14,-2.5,1.25000000000001));
#4839=CARTESIAN_POINT('',(-1.76776695296637,-1.76776695296637,1.24999999999995));
#4840=CARTESIAN_POINT('Origin',(0.,0.,1.25));
#4841=CARTESIAN_POINT('Ctrl Pts',(-1.76776695296573,-1.767766952967,1.24999999999999));
#4842=CARTESIAN_POINT('Ctrl Pts',(-1.98856162021192,-1.54697228572098,1.23492319705177));
#4843=CARTESIAN_POINT('Ctrl Pts',(-2.16609052221472,-1.28671319476755,1.21880619846949));
#4844=CARTESIAN_POINT('Ctrl Pts',(-2.42478608928258,-0.694277193299813,
1.18502694653651));
#4845=CARTESIAN_POINT('Ctrl Pts',(-2.49577262955964,-0.364372607954158,
1.16767801324635));
#4846=CARTESIAN_POINT('Ctrl Pts',(-2.49993898972061,-0.0201702787400289,
1.15097512741535));
#4847=CARTESIAN_POINT('Ctrl Pts',(-2.5,-0.0100838420953849,1.1504868909669));
#4848=CARTESIAN_POINT('Ctrl Pts',(-2.5,2.77555756156289E-16,1.14999999999995));
#4849=CARTESIAN_POINT('Origin',(0.,0.,-4.74999999999999));
#4850=CARTESIAN_POINT('',(-2.30980762113524,9.3158721763903E-13,-4.34019237886475));
#4851=CARTESIAN_POINT('Ctrl Pts',(-2.30980762113524,1.86199146379185E-12,
-4.34019237886475));
#4852=CARTESIAN_POINT('Ctrl Pts',(-2.30675268122288,0.0922063725653252,
-4.34324731877712));
#4853=CARTESIAN_POINT('Ctrl Pts',(-2.29804790805808,0.185762661351756,-4.34643481554375));
#4854=CARTESIAN_POINT('Ctrl Pts',(-2.23835149146725,0.56340972834428,-4.35969384326205));
#4855=CARTESIAN_POINT('Ctrl Pts',(-2.14046259794764,0.835665856977344,-4.3701336640553));
#4856=CARTESIAN_POINT('Ctrl Pts',(-1.91982575962448,1.20919268262687,-4.38587087739296));
#4857=CARTESIAN_POINT('Ctrl Pts',(-1.83294135099296,1.32826761508191,-4.39115781516038));
#4858=CARTESIAN_POINT('Ctrl Pts',(-1.63638812806473,1.54915634126741,-4.40153553289722));
#4859=CARTESIAN_POINT('Ctrl Pts',(-1.52598886732969,1.65133778478307,-4.40655455994778));
#4860=CARTESIAN_POINT('Ctrl Pts',(-1.18358839242338,1.90824589439726,-4.42174196377072));
#4861=CARTESIAN_POINT('Ctrl Pts',(-0.931850593568818,2.03168801761661,-4.43212425950097));
#4862=CARTESIAN_POINT('Ctrl Pts',(-0.52609464683442,2.14315319998688,-4.44784263988008));
#4863=CARTESIAN_POINT('Ctrl Pts',(-0.384982601049888,2.1675706623084,-4.45314161269741));
#4864=CARTESIAN_POINT('Ctrl Pts',(0.0431635846271319,2.19956383366363,-4.4687177935049));
#4865=CARTESIAN_POINT('Ctrl Pts',(0.330183746295101,2.1652444791826,-4.47865818038353));
#4866=CARTESIAN_POINT('Ctrl Pts',(0.867908630570313,1.98645137231328,-4.50023872322962));
#4867=CARTESIAN_POINT('Ctrl Pts',(1.11307498990652,1.84765915989843,-4.51107709507023));
#4868=CARTESIAN_POINT('Ctrl Pts',(1.53611399339329,1.48459131445963,-4.53191750622517));
#4869=CARTESIAN_POINT('Ctrl Pts',(1.71019015809467,1.26394518357114,-4.5418590558987));
#4870=CARTESIAN_POINT('Ctrl Pts',(1.95718594346568,0.772213242574379,-4.5634407696795));
#4871=CARTESIAN_POINT('Ctrl Pts',(2.03045505817058,0.50898084601636,-4.57427338651919));
#4872=CARTESIAN_POINT('Ctrl Pts',(2.07092426383538,-0.0123880415347594,
-4.59443425342847));
#4873=CARTESIAN_POINT('Ctrl Pts',(2.04638695770398,-0.284285569210765,-4.60433894637631));
#4874=CARTESIAN_POINT('Ctrl Pts',(1.88658873254301,-0.768042038505933,-4.6249352549515));
#4875=CARTESIAN_POINT('Ctrl Pts',(1.78411274298802,-0.964091407060703,-4.63398628985836));
#4876=CARTESIAN_POINT('Ctrl Pts',(1.55630714381477,-1.26735972530904,-4.64927914176298));
#4877=CARTESIAN_POINT('Ctrl Pts',(1.40055043076097,-1.44501058570764,-4.65799962228789));
#4878=CARTESIAN_POINT('Ctrl Pts',(1.16257336373183,-1.60323016510354,-4.66961524234388));
#4879=CARTESIAN_POINT('',(-0.311591410645081,-1.95571843102699,-4.6696152422697));
#4880=CARTESIAN_POINT('Origin',(-1.41792827479392E-12,3.08642000845794E-12,
-4.66961524226738));
#4881=CARTESIAN_POINT('Ctrl Pts',(2.50000000000002,-4.28301816946906E-15,
-4.14999999999998));
#4882=CARTESIAN_POINT('Ctrl Pts',(2.48722850934579,-0.11179348776739,-4.16277149065421));
#4883=CARTESIAN_POINT('Ctrl Pts',(2.45649734381204,-0.317769091168494,-4.18673554462711));
#4884=CARTESIAN_POINT('Ctrl Pts',(2.30063715160548,-0.733356937664848,-4.24204227759928));
#4885=CARTESIAN_POINT('Ctrl Pts',(2.21750545326521,-0.895452111616842,-4.26530654765616));
#4886=CARTESIAN_POINT('Ctrl Pts',(1.92060572995025,-1.33981371450975,-4.33453294235453));
#4887=CARTESIAN_POINT('Ctrl Pts',(1.6992430384894,-1.53015734539911,-4.37112066101661));
#4888=CARTESIAN_POINT('Ctrl Pts',(1.33337568075078,-1.79562816531254,-4.42859917878878));
#4889=CARTESIAN_POINT('Ctrl Pts',(1.09505431540033,-1.90899540628714,-4.46449975668009));
#4890=CARTESIAN_POINT('Ctrl Pts',(0.653776326912119,-2.02638782295218,-4.52953541350138));
#4891=CARTESIAN_POINT('Ctrl Pts',(0.459258615598598,-2.05031532543047,-4.55777060496184));
#4892=CARTESIAN_POINT('Ctrl Pts',(0.0938672097839154,-2.04474954626151,
-4.6100504288804));
#4893=CARTESIAN_POINT('Ctrl Pts',(-0.103342997860003,-2.02211950347786,
-4.63680677700954));
#4894=CARTESIAN_POINT('Ctrl Pts',(-0.311591410645987,-1.95571843102919,
-4.6696152422684));
#4895=CARTESIAN_POINT('Ctrl Pts',(1.76776695298399,-1.76776695294975,-4.14999999999929));
#4896=CARTESIAN_POINT('Ctrl Pts',(1.56505802948321,-1.95843423683218,-4.15851472503273));
#4897=CARTESIAN_POINT('Ctrl Pts',(1.37233073469247,-2.07746737454233,-4.16591852204373));
#4898=CARTESIAN_POINT('Ctrl Pts',(1.03237816622794,-2.25564587125554,-4.17864172164553));
#4899=CARTESIAN_POINT('Ctrl Pts',(0.829819242462261,-2.3301097344755,-4.18588118944622));
#4900=CARTESIAN_POINT('Ctrl Pts',(0.331162775651599,-2.44256112215997,-4.20294270907314));
#4901=CARTESIAN_POINT('Ctrl Pts',(0.00925044906548135,-2.46070082786292,
-4.21275060070654));
#4902=CARTESIAN_POINT('Ctrl Pts',(-0.635955424893397,-2.35163252915105,
-4.23433979924898));
#4903=CARTESIAN_POINT('Ctrl Pts',(-0.933323128623973,-2.2385159263388,-4.24524177888823));
#4904=CARTESIAN_POINT('Ctrl Pts',(-1.44569847194141,-1.91761907798819,-4.26596465930373));
#4905=CARTESIAN_POINT('Ctrl Pts',(-1.67998815885281,-1.70944146581705,-4.27577186471599));
#4906=CARTESIAN_POINT('Ctrl Pts',(-2.05072461470323,-1.19339340136413,-4.29725994371579));
#4907=CARTESIAN_POINT('Ctrl Pts',(-2.17909283290499,-0.911035250146307,
-4.30816831078546));
#4908=CARTESIAN_POINT('Ctrl Pts',(-2.29437303784014,-0.419585159149819,
-4.32595044491998));
#4909=CARTESIAN_POINT('Ctrl Pts',(-2.31687902313811,-0.213434092427854,
-4.33312097686189));
#4910=CARTESIAN_POINT('Ctrl Pts',(-2.30980762113524,1.86187870676591E-12,
-4.34019237886476));
#4911=CARTESIAN_POINT('',(-1.9,-2.32682891837997E-16,-4.74999999999999));
#4912=CARTESIAN_POINT('',(-1.9,-2.32682891837997E-16,-4.74999999999999));
#4913=CARTESIAN_POINT('Origin',(0.,0.,-4.74999999999999));
#4914=CARTESIAN_POINT('Origin',(0.,0.,1.25));
#4915=CARTESIAN_POINT('Ctrl Pts',(2.34961626681955,2.00850213906845E-13,
0.836824088833439));
#4916=CARTESIAN_POINT('Ctrl Pts',(2.35102876951594,0.091413361369111,0.840704908096702));
#4917=CARTESIAN_POINT('Ctrl Pts',(2.34714115366115,0.182999269115501,0.844679836951488));
#4918=CARTESIAN_POINT('Ctrl Pts',(2.30762334435849,0.573975878244478,0.862020111947032));
#4919=CARTESIAN_POINT('Ctrl Pts',(2.2203490700496,0.865109384227797,0.875866790359621));
#4920=CARTESIAN_POINT('Ctrl Pts',(2.00944860805869,1.26848489122261,0.896495423399079));
#4921=CARTESIAN_POINT('Ctrl Pts',(1.92493129794077,1.39766331316682,0.903374623527512));
#4922=CARTESIAN_POINT('Ctrl Pts',(1.73061936040146,1.63943100077586,0.91683618481017));
#4923=CARTESIAN_POINT('Ctrl Pts',(1.62088615932734,1.75112105082693,0.923267024545354));
#4924=CARTESIAN_POINT('Ctrl Pts',(1.26847072617453,2.04639988945491,0.943227689112912));
#4925=CARTESIAN_POINT('Ctrl Pts',(1.00008795661562,2.19558621203468,0.957027240684042));
#4926=CARTESIAN_POINT('Ctrl Pts',(0.563083267224531,2.33909017971074,0.977644087078689));
#4927=CARTESIAN_POINT('Ctrl Pts',(0.410795112453397,2.37312043591752,0.98453150293625));
#4928=CARTESIAN_POINT('Ctrl Pts',(0.0986876248102299,2.41151335830413,0.998069025267654));
#4929=CARTESIAN_POINT('Ctrl Pts',(-0.0603704163191302,2.41507508227094,
1.00452360078226));
#4930=CARTESIAN_POINT('Ctrl Pts',(-0.524528039118747,2.38023687338043,1.02440310365445));
#4931=CARTESIAN_POINT('Ctrl Pts',(-0.823892785879026,2.29914494789365,1.03815194250298));
#4932=CARTESIAN_POINT('Ctrl Pts',(-1.24154458292834,2.09526578822438,1.05875517070964));
#4933=CARTESIAN_POINT('Ctrl Pts',(-1.37592433722995,2.01261421909411,1.06565206989384));
#4934=CARTESIAN_POINT('Ctrl Pts',(-1.75508159164659,1.72514109218908,1.08597123085719));
#4935=CARTESIAN_POINT('Ctrl Pts',(-1.96871901912887,1.48422057163109,1.09879232390561));
#4936=CARTESIAN_POINT('Ctrl Pts',(-2.29321178237344,0.933819516923109,1.1267289688816));
#4937=CARTESIAN_POINT('Ctrl Pts',(-2.40046036409496,0.627743050544019,1.14093612532219));
#4938=CARTESIAN_POINT('Ctrl Pts',(-2.49119456050647,-0.00995903674027142,
1.16814542278128));
#4939=CARTESIAN_POINT('Ctrl Pts',(-2.47302721487858,-0.335926474860657,
1.18096354859345));
#4940=CARTESIAN_POINT('Ctrl Pts',(-2.3413827173475,-0.854308724946526,1.20405435996025));
#4941=CARTESIAN_POINT('Ctrl Pts',(-2.26274861648816,-1.05293559925475,1.21333481416639));
#4942=CARTESIAN_POINT('Ctrl Pts',(-2.05328342994613,-1.43164672139214,1.23194431094329));
#4943=CARTESIAN_POINT('Ctrl Pts',(-1.92241227297142,-1.60856381966413,1.24114526302866));
#4944=CARTESIAN_POINT('Ctrl Pts',(-1.76776695296636,-1.76776695296636,1.24999999999996));
#4945=CARTESIAN_POINT('Origin',(0.,0.,1.25));
#4946=CARTESIAN_POINT('Origin',(9.41027789619126E-17,4.61880215351701,1.25));
#4947=CARTESIAN_POINT('',(-4.,2.3094010767585,1.25));
#4948=CARTESIAN_POINT('',(9.41027789619126E-17,4.61880215351701,1.25));
#4949=CARTESIAN_POINT('',(9.41027789619126E-17,4.61880215351701,1.25));
#4950=CARTESIAN_POINT('',(3.99999999999999,2.30940107675851,1.25));
#4951=CARTESIAN_POINT('',(3.99999999999999,2.30940107675851,1.25));
#4952=CARTESIAN_POINT('',(3.99999999999999,-2.3094010767585,1.25));
#4953=CARTESIAN_POINT('',(3.99999999999999,-2.3094010767585,1.25));
#4954=CARTESIAN_POINT('',(4.33680868994202E-15,-4.618802153517,1.25));
#4955=CARTESIAN_POINT('',(4.27400959765353E-15,-4.618802153517,1.25));
#4956=CARTESIAN_POINT('',(-4.,-2.3094010767585,1.25));
#4957=CARTESIAN_POINT('',(-4.,-2.3094010767585,1.25));
#4958=CARTESIAN_POINT('',(-4.,2.3094010767585,1.25));
#4959=CARTESIAN_POINT('Origin',(3.99999999999999,2.30940107675851,-10.9702018532156));
#4960=CARTESIAN_POINT('',(9.41027789619126E-17,4.61880215351701,4.39273441009184));
#4961=CARTESIAN_POINT('',(9.41027789619126E-17,4.61880215351701,-10.9702018532156));
#4962=CARTESIAN_POINT('',(2.,3.46410161513776,4.75));
#4963=CARTESIAN_POINT('Ctrl Pts',(-1.40412152976471E-11,4.61880215352512,
4.39273441008716));
#4964=CARTESIAN_POINT('Ctrl Pts',(1.07179676971885,4.00000000000326,4.75));
#4965=CARTESIAN_POINT('Ctrl Pts',(2.,3.46410161513776,4.75));
#4966=CARTESIAN_POINT('',(3.99999999999999,2.30940107675851,4.39273441009184));
#4967=CARTESIAN_POINT('Ctrl Pts',(2.,3.46410161513776,4.75));
#4968=CARTESIAN_POINT('Ctrl Pts',(2.92820323028115,2.92820323027226,4.75));
#4969=CARTESIAN_POINT('Ctrl Pts',(4.00000000001404,2.3094010767504,4.39273441008716));
#4970=CARTESIAN_POINT('',(3.99999999999999,2.30940107675851,-10.9702018532156));
#4971=CARTESIAN_POINT('Origin',(3.99999999999999,-2.3094010767585,-10.9702018532156));
#4972=CARTESIAN_POINT('',(4.,1.50231459873716E-15,4.75));
#4973=CARTESIAN_POINT('Ctrl Pts',(3.99999999999999,2.30940107677473,4.39273441008716));
#4974=CARTESIAN_POINT('Ctrl Pts',(3.99999999999999,1.07179676973102,4.75000000000001));
#4975=CARTESIAN_POINT('Ctrl Pts',(3.99999999999999,8.32268603685701E-15,
4.75000000000001));
#4976=CARTESIAN_POINT('',(3.99999999999999,-2.3094010767585,4.39273441009185));
#4977=CARTESIAN_POINT('Ctrl Pts',(3.99999999999999,8.32268603685701E-15,
4.75000000000001));
#4978=CARTESIAN_POINT('Ctrl Pts',(3.99999999999999,-1.071796769731,4.75000000000001));
#4979=CARTESIAN_POINT('Ctrl Pts',(4.,-2.30940107677471,4.39273441008717));
#4980=CARTESIAN_POINT('',(3.99999999999999,-2.3094010767585,-10.9702018532156));
#4981=CARTESIAN_POINT('Origin',(4.27400959765353E-15,-4.618802153517,-10.9702018532156));
#4982=CARTESIAN_POINT('',(2.,-3.46410161513776,4.75));
#4983=CARTESIAN_POINT('Ctrl Pts',(4.00000000001403,-2.3094010767504,4.39273441008717));
#4984=CARTESIAN_POINT('Ctrl Pts',(2.92820323028116,-2.92820323027225,4.75000000000001));
#4985=CARTESIAN_POINT('Ctrl Pts',(2.00000000000001,-3.46410161513775,4.75000000000001));
#4986=CARTESIAN_POINT('',(4.16401358661578E-15,-4.618802153517,4.39273441009185));
#4987=CARTESIAN_POINT('Ctrl Pts',(2.00000000000001,-3.46410161513775,4.75000000000001));
#4988=CARTESIAN_POINT('Ctrl Pts',(1.07179676971886,-4.00000000000325,4.75000000000001));
#4989=CARTESIAN_POINT('Ctrl Pts',(-1.40278867938005E-11,-4.61880215352511,
4.39273441008717));
#4990=CARTESIAN_POINT('',(4.27400959765353E-15,-4.618802153517,-10.9702018532156));
#4991=CARTESIAN_POINT('Origin',(-4.,-2.3094010767585,-10.9702018532156));
#4992=CARTESIAN_POINT('',(-2.,-3.46410161513776,4.75));
#4993=CARTESIAN_POINT('Ctrl Pts',(1.40436386619828E-11,-4.61880215352511,
4.39273441008717));
#4994=CARTESIAN_POINT('Ctrl Pts',(-1.07179676971884,-4.00000000000326,4.75000000000001));
#4995=CARTESIAN_POINT('Ctrl Pts',(-2.,-3.46410161513775,4.75000000000001));
#4996=CARTESIAN_POINT('',(-4.,-2.30940107675864,4.39273441009193));
#4997=CARTESIAN_POINT('Ctrl Pts',(-2.,-3.46410161513775,4.75000000000001));
#4998=CARTESIAN_POINT('Ctrl Pts',(-2.92820323028112,-2.92820323027227,4.75000000000001));
#4999=CARTESIAN_POINT('Ctrl Pts',(-4.00000000001396,-2.30940107675044,4.39273441008719));
#5000=CARTESIAN_POINT('',(-4.,-2.3094010767585,-10.9702018532156));
#5001=CARTESIAN_POINT('Origin',(-4.,2.3094010767585,-10.9702018532156));
#5002=CARTESIAN_POINT('',(-4.,3.00462919747432E-15,4.75));
#5003=CARTESIAN_POINT('Ctrl Pts',(-4.,-2.30940107677481,4.39273441008713));
#5004=CARTESIAN_POINT('Ctrl Pts',(-4.,-1.07179676973105,4.75000000000001));
#5005=CARTESIAN_POINT('Ctrl Pts',(-4.,2.69924952546715E-15,4.75));
#5006=CARTESIAN_POINT('',(-4.,2.3094010767585,4.39273441009184));
#5007=CARTESIAN_POINT('Ctrl Pts',(-4.,2.69924952546715E-15,4.75));
#5008=CARTESIAN_POINT('Ctrl Pts',(-4.,1.07179676973101,4.75));
#5009=CARTESIAN_POINT('Ctrl Pts',(-4.,2.30940107677472,4.39273441008716));
#5010=CARTESIAN_POINT('',(-4.,2.3094010767585,-10.9702018532156));
#5011=CARTESIAN_POINT('Origin',(9.41027789619126E-17,4.61880215351701,-10.9702018532156));
#5012=CARTESIAN_POINT('',(-2.,3.46410161513775,4.75));
#5013=CARTESIAN_POINT('Ctrl Pts',(-4.00000000001404,2.3094010767504,4.39273441008716));
#5014=CARTESIAN_POINT('Ctrl Pts',(-2.92820323028115,2.92820323027225,4.75000000000001));
#5015=CARTESIAN_POINT('Ctrl Pts',(-2.,3.46410161513776,4.75));
#5016=CARTESIAN_POINT('Ctrl Pts',(-2.,3.46410161513776,4.75));
#5017=CARTESIAN_POINT('Ctrl Pts',(-1.07179676971884,4.00000000000326,4.75));
#5018=CARTESIAN_POINT('Ctrl Pts',(1.40465466991857E-11,4.61880215352512,
4.39273441008716));
#5019=CARTESIAN_POINT('Origin',(0.,0.,4.75));
#5020=CARTESIAN_POINT('Origin',(0.,0.,4.75));
#5021=CARTESIAN_POINT('Origin',(0.,0.,4.75));
#5022=CARTESIAN_POINT('Origin',(0.,0.,4.75));
#5023=CARTESIAN_POINT('Origin',(0.,0.,4.75));
#5024=CARTESIAN_POINT('Origin',(0.,0.,4.75));
#5025=CARTESIAN_POINT('Origin',(0.,0.,4.75));
#5026=CARTESIAN_POINT('Origin',(0.,0.,4.75));
#5027=CARTESIAN_POINT('Origin',(0.,0.,4.75));
#5028=CARTESIAN_POINT('Origin',(0.,0.,4.75));
#5029=CARTESIAN_POINT('Origin',(0.,0.,4.75));
#5030=CARTESIAN_POINT('Origin',(0.,0.,4.75));
#5031=CARTESIAN_POINT('Origin',(0.,4.,4.75));
#5032=CARTESIAN_POINT('Origin',(1.35991526880775E-16,2.77555756156289E-16,
-5.10000000000001));
#5033=CARTESIAN_POINT('Ctrl Pts',(-0.311591410645081,-1.95571843102699,
-4.6696152422697));
#5034=CARTESIAN_POINT('Ctrl Pts',(-0.15677202824448,-1.98038475772928,-4.65955574807654));
#5035=CARTESIAN_POINT('Ctrl Pts',(-2.42527185463337E-16,-1.98038475772928,
-4.65000000000003));
#5036=CARTESIAN_POINT('Ctrl Pts',(0.,2.54330127018919,-4.72500000000001));
#5037=CARTESIAN_POINT('Ctrl Pts',(-1.05346987931308,2.54330127018919,-4.67500000000001));
#5038=CARTESIAN_POINT('Ctrl Pts',(-1.79838557475114,1.79838557475114,-4.62500000000001));
#5039=CARTESIAN_POINT('Ctrl Pts',(-2.54330127018919,1.05346987931308,-4.57500000000001));
#5040=CARTESIAN_POINT('Ctrl Pts',(-2.54330127018919,1.55732287990229E-16,
-4.52500000000001));
#5041=CARTESIAN_POINT('Ctrl Pts',(-2.54330127018919,-1.05346987931308,-4.47500000000001));
#5042=CARTESIAN_POINT('Ctrl Pts',(-1.79838557475114,-1.79838557475114,-4.42500000000001));
#5043=CARTESIAN_POINT('Ctrl Pts',(-1.05346987931308,-2.54330127018919,-4.37500000000001));
#5044=CARTESIAN_POINT('Ctrl Pts',(-3.11464575980459E-16,-2.54330127018919,
-4.32500000000001));
#5045=CARTESIAN_POINT('Ctrl Pts',(1.05346987931308,-2.54330127018919,-4.27500000000001));
#5046=CARTESIAN_POINT('Ctrl Pts',(1.79838557475114,-1.79838557475114,-4.22500000000001));
#5047=CARTESIAN_POINT('Ctrl Pts',(2.54330127018919,-1.05346987931308,-4.17500000000001));
#5048=CARTESIAN_POINT('Ctrl Pts',(2.54330127018919,-4.67196863970689E-16,
-4.12500000000001));
#5049=CARTESIAN_POINT('Ctrl Pts',(2.54330127018919,1.05346987931308,-4.07500000000001));
#5050=CARTESIAN_POINT('Ctrl Pts',(1.79838557475114,1.79838557475114,-4.02500000000001));
#5051=CARTESIAN_POINT('Ctrl Pts',(1.05346987931308,2.54330127018919,-3.97500000000001));
#5052=CARTESIAN_POINT('Ctrl Pts',(0.,2.54330127018919,-3.92500000000001));
#5053=CARTESIAN_POINT('Ctrl Pts',(-1.05346987931308,2.54330127018919,-3.87500000000001));
#5054=CARTESIAN_POINT('Ctrl Pts',(-1.79838557475114,1.79838557475114,-3.82500000000001));
#5055=CARTESIAN_POINT('Ctrl Pts',(-2.54330127018919,1.05346987931308,-3.77500000000001));
#5056=CARTESIAN_POINT('Ctrl Pts',(-2.54330127018919,1.55732287990229E-16,
-3.72500000000001));
#5057=CARTESIAN_POINT('Ctrl Pts',(-2.54330127018919,-1.05346987931308,-3.67500000000001));
#5058=CARTESIAN_POINT('Ctrl Pts',(-1.79838557475114,-1.79838557475114,-3.62500000000001));
#5059=CARTESIAN_POINT('Ctrl Pts',(-1.05346987931308,-2.54330127018919,-3.57500000000001));
#5060=CARTESIAN_POINT('Ctrl Pts',(-3.11464575980459E-16,-2.54330127018919,
-3.52500000000001));
#5061=CARTESIAN_POINT('Ctrl Pts',(1.05346987931308,-2.54330127018919,-3.47500000000001));
#5062=CARTESIAN_POINT('Ctrl Pts',(1.79838557475114,-1.79838557475114,-3.42500000000001));
#5063=CARTESIAN_POINT('Ctrl Pts',(2.54330127018919,-1.05346987931308,-3.37500000000001));
#5064=CARTESIAN_POINT('Ctrl Pts',(2.54330127018919,-4.67196863970689E-16,
-3.32500000000001));
#5065=CARTESIAN_POINT('Ctrl Pts',(2.54330127018919,1.05346987931308,-3.27500000000001));
#5066=CARTESIAN_POINT('Ctrl Pts',(1.79838557475114,1.79838557475114,-3.22500000000001));
#5067=CARTESIAN_POINT('Ctrl Pts',(1.05346987931308,2.54330127018919,-3.17500000000001));
#5068=CARTESIAN_POINT('Ctrl Pts',(0.,2.54330127018919,-3.12500000000001));
#5069=CARTESIAN_POINT('Ctrl Pts',(-1.05346987931308,2.54330127018919,-3.07500000000001));
#5070=CARTESIAN_POINT('Ctrl Pts',(-1.79838557475114,1.79838557475114,-3.02500000000001));
#5071=CARTESIAN_POINT('Ctrl Pts',(-2.54330127018919,1.05346987931308,-2.97500000000001));
#5072=CARTESIAN_POINT('Ctrl Pts',(-2.54330127018919,1.55732287990229E-16,
-2.92500000000001));
#5073=CARTESIAN_POINT('Ctrl Pts',(-2.54330127018919,-1.05346987931308,-2.87500000000001));
#5074=CARTESIAN_POINT('Ctrl Pts',(-1.79838557475114,-1.79838557475114,-2.82500000000001));
#5075=CARTESIAN_POINT('Ctrl Pts',(-1.05346987931308,-2.54330127018919,-2.77500000000001));
#5076=CARTESIAN_POINT('Ctrl Pts',(-3.11464575980459E-16,-2.54330127018919,
-2.72500000000001));
#5077=CARTESIAN_POINT('Ctrl Pts',(1.05346987931308,-2.54330127018919,-2.67500000000001));
#5078=CARTESIAN_POINT('Ctrl Pts',(1.79838557475114,-1.79838557475114,-2.62500000000001));
#5079=CARTESIAN_POINT('Ctrl Pts',(2.54330127018919,-1.05346987931308,-2.57500000000001));
#5080=CARTESIAN_POINT('Ctrl Pts',(2.54330127018919,-4.67196863970689E-16,
-2.52500000000001));
#5081=CARTESIAN_POINT('Ctrl Pts',(2.54330127018919,1.05346987931308,-2.47500000000001));
#5082=CARTESIAN_POINT('Ctrl Pts',(1.79838557475114,1.79838557475114,-2.42500000000001));
#5083=CARTESIAN_POINT('Ctrl Pts',(1.05346987931308,2.54330127018919,-2.37500000000001));
#5084=CARTESIAN_POINT('Ctrl Pts',(0.,2.54330127018919,-2.32500000000001));
#5085=CARTESIAN_POINT('Ctrl Pts',(-1.05346987931308,2.54330127018919,-2.27500000000001));
#5086=CARTESIAN_POINT('Ctrl Pts',(-1.79838557475114,1.79838557475114,-2.22500000000001));
#5087=CARTESIAN_POINT('Ctrl Pts',(-2.54330127018919,1.05346987931308,-2.17500000000001));
#5088=CARTESIAN_POINT('Ctrl Pts',(-2.54330127018919,1.55732287990229E-16,
-2.12500000000001));
#5089=CARTESIAN_POINT('Ctrl Pts',(-2.54330127018919,-1.05346987931308,-2.07500000000001));
#5090=CARTESIAN_POINT('Ctrl Pts',(-1.79838557475114,-1.79838557475114,-2.02500000000001));
#5091=CARTESIAN_POINT('Ctrl Pts',(-1.05346987931308,-2.54330127018919,-1.97500000000001));
#5092=CARTESIAN_POINT('Ctrl Pts',(-3.11464575980459E-16,-2.54330127018919,
-1.92500000000001));
#5093=CARTESIAN_POINT('Ctrl Pts',(1.05346987931308,-2.54330127018919,-1.87500000000001));
#5094=CARTESIAN_POINT('Ctrl Pts',(1.79838557475114,-1.79838557475114,-1.82500000000001));
#5095=CARTESIAN_POINT('Ctrl Pts',(2.54330127018919,-1.05346987931308,-1.77500000000001));
#5096=CARTESIAN_POINT('Ctrl Pts',(2.54330127018919,-4.67196863970689E-16,
-1.72500000000001));
#5097=CARTESIAN_POINT('Ctrl Pts',(2.54330127018919,1.05346987931308,-1.67500000000001));
#5098=CARTESIAN_POINT('Ctrl Pts',(1.79838557475114,1.79838557475114,-1.62500000000001));
#5099=CARTESIAN_POINT('Ctrl Pts',(1.05346987931308,2.54330127018919,-1.57500000000001));
#5100=CARTESIAN_POINT('Ctrl Pts',(0.,2.54330127018919,-1.52500000000001));
#5101=CARTESIAN_POINT('Ctrl Pts',(-1.05346987931308,2.54330127018919,-1.47500000000001));
#5102=CARTESIAN_POINT('Ctrl Pts',(-1.79838557475114,1.79838557475114,-1.42500000000001));
#5103=CARTESIAN_POINT('Ctrl Pts',(-2.54330127018919,1.05346987931308,-1.37500000000001));
#5104=CARTESIAN_POINT('Ctrl Pts',(-2.54330127018919,1.55732287990229E-16,
-1.32500000000001));
#5105=CARTESIAN_POINT('Ctrl Pts',(-2.54330127018919,-1.05346987931308,-1.27500000000001));
#5106=CARTESIAN_POINT('Ctrl Pts',(-1.79838557475114,-1.79838557475114,-1.22500000000001));
#5107=CARTESIAN_POINT('Ctrl Pts',(-1.05346987931308,-2.54330127018919,-1.17500000000001));
#5108=CARTESIAN_POINT('Ctrl Pts',(-3.11464575980459E-16,-2.54330127018919,
-1.12500000000001));
#5109=CARTESIAN_POINT('Ctrl Pts',(1.05346987931308,-2.54330127018919,-1.07500000000001));
#5110=CARTESIAN_POINT('Ctrl Pts',(1.79838557475114,-1.79838557475114,-1.02500000000001));
#5111=CARTESIAN_POINT('Ctrl Pts',(2.54330127018919,-1.05346987931308,-0.975000000000007));
#5112=CARTESIAN_POINT('Ctrl Pts',(2.54330127018919,-4.67196863970689E-16,
-0.925000000000007));
#5113=CARTESIAN_POINT('Ctrl Pts',(2.54330127018919,1.05346987931308,-0.875000000000007));
#5114=CARTESIAN_POINT('Ctrl Pts',(1.79838557475114,1.79838557475114,-0.825000000000007));
#5115=CARTESIAN_POINT('Ctrl Pts',(1.05346987931308,2.54330127018919,-0.775000000000007));
#5116=CARTESIAN_POINT('Ctrl Pts',(0.,2.54330127018919,-0.725000000000007));
#5117=CARTESIAN_POINT('Ctrl Pts',(-1.05346987931308,2.54330127018919,-0.675000000000007));
#5118=CARTESIAN_POINT('Ctrl Pts',(-1.79838557475114,1.79838557475114,-0.625000000000007));
#5119=CARTESIAN_POINT('Ctrl Pts',(-2.54330127018919,1.05346987931308,-0.575000000000007));
#5120=CARTESIAN_POINT('Ctrl Pts',(-2.54330127018919,1.55732287990229E-16,
-0.525000000000006));
#5121=CARTESIAN_POINT('Ctrl Pts',(-2.54330127018919,-1.05346987931308,-0.475000000000007));
#5122=CARTESIAN_POINT('Ctrl Pts',(-1.79838557475114,-1.79838557475114,-0.425000000000007));
#5123=CARTESIAN_POINT('Ctrl Pts',(-1.05346987931308,-2.54330127018919,-0.375000000000006));
#5124=CARTESIAN_POINT('Ctrl Pts',(-3.11464575980459E-16,-2.54330127018919,
-0.325000000000007));
#5125=CARTESIAN_POINT('Ctrl Pts',(1.05346987931308,-2.54330127018919,-0.275000000000007));
#5126=CARTESIAN_POINT('Ctrl Pts',(1.79838557475114,-1.79838557475114,-0.225000000000006));
#5127=CARTESIAN_POINT('Ctrl Pts',(2.54330127018919,-1.05346987931308,-0.175000000000007));
#5128=CARTESIAN_POINT('Ctrl Pts',(2.54330127018919,-4.67196863970689E-16,
-0.125000000000007));
#5129=CARTESIAN_POINT('Ctrl Pts',(2.54330127018919,1.05346987931308,-0.0750000000000065));
#5130=CARTESIAN_POINT('Ctrl Pts',(1.79838557475114,1.79838557475114,-0.0250000000000068));
#5131=CARTESIAN_POINT('Ctrl Pts',(1.05346987931308,2.54330127018919,0.0249999999999929));
#5132=CARTESIAN_POINT('Ctrl Pts',(0.,2.54330127018919,0.0749999999999935));
#5133=CARTESIAN_POINT('Ctrl Pts',(-1.05346987931308,2.54330127018919,0.124999999999993));
#5134=CARTESIAN_POINT('Ctrl Pts',(-1.79838557475114,1.79838557475114,0.174999999999993));
#5135=CARTESIAN_POINT('Ctrl Pts',(-2.54330127018919,1.05346987931308,0.224999999999993));
#5136=CARTESIAN_POINT('Ctrl Pts',(-2.54330127018919,1.55732287990229E-16,
0.274999999999993));
#5137=CARTESIAN_POINT('Ctrl Pts',(-2.54330127018919,-1.05346987931308,0.324999999999994));
#5138=CARTESIAN_POINT('Ctrl Pts',(-1.79838557475114,-1.79838557475114,0.374999999999993));
#5139=CARTESIAN_POINT('Ctrl Pts',(-1.05346987931308,-2.54330127018919,0.424999999999993));
#5140=CARTESIAN_POINT('Ctrl Pts',(-3.11464575980459E-16,-2.54330127018919,
0.474999999999994));
#5141=CARTESIAN_POINT('Ctrl Pts',(1.05346987931308,-2.54330127018919,0.524999999999993));
#5142=CARTESIAN_POINT('Ctrl Pts',(1.79838557475114,-1.79838557475114,0.574999999999993));
#5143=CARTESIAN_POINT('Ctrl Pts',(2.54330127018919,-1.05346987931308,0.624999999999994));
#5144=CARTESIAN_POINT('Ctrl Pts',(2.54330127018919,-4.67196863970689E-16,
0.674999999999993));
#5145=CARTESIAN_POINT('Ctrl Pts',(2.54330127018919,1.05346987931308,0.724999999999993));
#5146=CARTESIAN_POINT('Ctrl Pts',(1.79838557475114,1.79838557475114,0.774999999999994));
#5147=CARTESIAN_POINT('Ctrl Pts',(1.05346987931308,2.54330127018919,0.824999999999993));
#5148=CARTESIAN_POINT('Ctrl Pts',(0.,2.54330127018919,0.874999999999993));
#5149=CARTESIAN_POINT('Ctrl Pts',(-1.05346987931308,2.54330127018919,0.924999999999994));
#5150=CARTESIAN_POINT('Ctrl Pts',(-1.79838557475114,1.79838557475114,0.974999999999993));
#5151=CARTESIAN_POINT('Ctrl Pts',(-2.54330127018919,1.05346987931308,1.02499999999999));
#5152=CARTESIAN_POINT('Ctrl Pts',(-2.54330127018919,1.55732287990229E-16,
1.07499999999999));
#5153=CARTESIAN_POINT('Ctrl Pts',(-2.54330127018919,-1.05346987931308,1.12499999999999));
#5154=CARTESIAN_POINT('Ctrl Pts',(-1.79838557475114,-1.79838557475114,1.17499999999999));
#5155=CARTESIAN_POINT('Ctrl Pts',(-1.05346987931308,-2.54330127018919,1.22499999999999));
#5156=CARTESIAN_POINT('Ctrl Pts',(-3.11464575980459E-16,-2.54330127018919,
1.27499999999999));
#5157=CARTESIAN_POINT('Ctrl Pts',(1.05346987931308,-2.54330127018919,1.32499999999999));
#5158=CARTESIAN_POINT('Ctrl Pts',(1.79838557475114,-1.79838557475114,1.37499999999999));
#5159=CARTESIAN_POINT('Ctrl Pts',(2.54330127018919,-1.05346987931308,1.42499999999999));
#5160=CARTESIAN_POINT('Ctrl Pts',(2.54330127018919,-4.67196863970689E-16,
1.47499999999999));
#5161=CARTESIAN_POINT('Ctrl Pts',(2.54330127018919,1.05346987931308,1.52499999999999));
#5162=CARTESIAN_POINT('Ctrl Pts',(1.79838557475114,1.79838557475114,1.57499999999999));
#5163=CARTESIAN_POINT('Ctrl Pts',(1.05346987931308,2.54330127018919,1.62499999999999));
#5164=CARTESIAN_POINT('Ctrl Pts',(0.,2.54330127018919,1.67499999999999));
#5165=CARTESIAN_POINT('Ctrl Pts',(-1.05346987931308,2.54330127018919,1.72499999999999));
#5166=CARTESIAN_POINT('Ctrl Pts',(-1.79838557475114,1.79838557475114,1.77499999999999));
#5167=CARTESIAN_POINT('Ctrl Pts',(-2.54330127018919,1.05346987931308,1.82499999999999));
#5168=CARTESIAN_POINT('Ctrl Pts',(-2.54330127018919,1.55732287990229E-16,
1.87499999999999));
#5169=CARTESIAN_POINT('Ctrl Pts',(-2.54330127018919,-1.05346987931308,1.92499999999999));
#5170=CARTESIAN_POINT('Ctrl Pts',(-1.79838557475114,-1.79838557475114,1.97499999999999));
#5171=CARTESIAN_POINT('Ctrl Pts',(-1.05346987931308,-2.54330127018919,2.02499999999999));
#5172=CARTESIAN_POINT('Ctrl Pts',(-3.11464575980459E-16,-2.54330127018919,
2.07499999999999));
#5173=CARTESIAN_POINT('Ctrl Pts',(0.,1.98038142562995,-5.05000192378847));
#5174=CARTESIAN_POINT('Ctrl Pts',(-0.820300845167691,1.98038142562995,-5.00000192378847));
#5175=CARTESIAN_POINT('Ctrl Pts',(-1.40034113539882,1.40034113539882,-4.95000192378847));
#5176=CARTESIAN_POINT('Ctrl Pts',(-1.98038142562995,0.820300845167691,-4.90000192378847));
#5177=CARTESIAN_POINT('Ctrl Pts',(-1.98038142562995,1.2126338869943E-16,
-4.85000192378847));
#5178=CARTESIAN_POINT('Ctrl Pts',(-1.98038142562995,-0.820300845167691,
-4.80000192378847));
#5179=CARTESIAN_POINT('Ctrl Pts',(-1.40034113539882,-1.40034113539882,-4.75000192378847));
#5180=CARTESIAN_POINT('Ctrl Pts',(-0.820300845167691,-1.98038142562995,
-4.70000192378847));
#5181=CARTESIAN_POINT('Ctrl Pts',(-2.42526777398859E-16,-1.98038142562995,
-4.65000192378847));
#5182=CARTESIAN_POINT('Ctrl Pts',(0.820300845167691,-1.98038142562995,-4.60000192378847));
#5183=CARTESIAN_POINT('Ctrl Pts',(1.40034113539882,-1.40034113539882,-4.55000192378847));
#5184=CARTESIAN_POINT('Ctrl Pts',(1.98038142562995,-0.820300845167692,-4.50000192378847));
#5185=CARTESIAN_POINT('Ctrl Pts',(1.98038142562995,-3.63790166098289E-16,
-4.45000192378847));
#5186=CARTESIAN_POINT('Ctrl Pts',(1.98038142562995,0.820300845167691,-4.40000192378847));
#5187=CARTESIAN_POINT('Ctrl Pts',(1.40034113539882,1.40034113539882,-4.35000192378847));
#5188=CARTESIAN_POINT('Ctrl Pts',(0.820300845167692,1.98038142562995,-4.30000192378847));
#5189=CARTESIAN_POINT('Ctrl Pts',(0.,1.98038142562995,-4.25000192378847));
#5190=CARTESIAN_POINT('Ctrl Pts',(-0.820300845167691,1.98038142562995,-4.20000192378847));
#5191=CARTESIAN_POINT('Ctrl Pts',(-1.40034113539882,1.40034113539882,-4.15000192378847));
#5192=CARTESIAN_POINT('Ctrl Pts',(-1.98038142562995,0.820300845167691,-4.10000192378847));
#5193=CARTESIAN_POINT('Ctrl Pts',(-1.98038142562995,1.2126338869943E-16,
-4.05000192378847));
#5194=CARTESIAN_POINT('Ctrl Pts',(-1.98038142562995,-0.820300845167691,
-4.00000192378847));
#5195=CARTESIAN_POINT('Ctrl Pts',(-1.40034113539882,-1.40034113539882,-3.95000192378847));
#5196=CARTESIAN_POINT('Ctrl Pts',(-0.820300845167691,-1.98038142562995,
-3.90000192378847));
#5197=CARTESIAN_POINT('Ctrl Pts',(-2.42526777398859E-16,-1.98038142562995,
-3.85000192378847));
#5198=CARTESIAN_POINT('Ctrl Pts',(0.820300845167691,-1.98038142562995,-3.80000192378847));
#5199=CARTESIAN_POINT('Ctrl Pts',(1.40034113539882,-1.40034113539882,-3.75000192378847));
#5200=CARTESIAN_POINT('Ctrl Pts',(1.98038142562995,-0.820300845167692,-3.70000192378847));
#5201=CARTESIAN_POINT('Ctrl Pts',(1.98038142562995,-3.63790166098289E-16,
-3.65000192378847));
#5202=CARTESIAN_POINT('Ctrl Pts',(1.98038142562995,0.820300845167691,-3.60000192378847));
#5203=CARTESIAN_POINT('Ctrl Pts',(1.40034113539882,1.40034113539882,-3.55000192378847));
#5204=CARTESIAN_POINT('Ctrl Pts',(0.820300845167692,1.98038142562995,-3.50000192378847));
#5205=CARTESIAN_POINT('Ctrl Pts',(0.,1.98038142562995,-3.45000192378847));
#5206=CARTESIAN_POINT('Ctrl Pts',(-0.820300845167691,1.98038142562995,-3.40000192378847));
#5207=CARTESIAN_POINT('Ctrl Pts',(-1.40034113539882,1.40034113539882,-3.35000192378847));
#5208=CARTESIAN_POINT('Ctrl Pts',(-1.98038142562995,0.820300845167691,-3.30000192378847));
#5209=CARTESIAN_POINT('Ctrl Pts',(-1.98038142562995,1.2126338869943E-16,
-3.25000192378847));
#5210=CARTESIAN_POINT('Ctrl Pts',(-1.98038142562995,-0.820300845167691,
-3.20000192378847));
#5211=CARTESIAN_POINT('Ctrl Pts',(-1.40034113539882,-1.40034113539882,-3.15000192378847));
#5212=CARTESIAN_POINT('Ctrl Pts',(-0.820300845167691,-1.98038142562995,
-3.10000192378847));
#5213=CARTESIAN_POINT('Ctrl Pts',(-2.42526777398859E-16,-1.98038142562995,
-3.05000192378847));
#5214=CARTESIAN_POINT('Ctrl Pts',(0.820300845167691,-1.98038142562995,-3.00000192378847));
#5215=CARTESIAN_POINT('Ctrl Pts',(1.40034113539882,-1.40034113539882,-2.95000192378847));
#5216=CARTESIAN_POINT('Ctrl Pts',(1.98038142562995,-0.820300845167692,-2.90000192378847));
#5217=CARTESIAN_POINT('Ctrl Pts',(1.98038142562995,-3.63790166098289E-16,
-2.85000192378847));
#5218=CARTESIAN_POINT('Ctrl Pts',(1.98038142562995,0.820300845167691,-2.80000192378847));
#5219=CARTESIAN_POINT('Ctrl Pts',(1.40034113539882,1.40034113539882,-2.75000192378847));
#5220=CARTESIAN_POINT('Ctrl Pts',(0.820300845167692,1.98038142562995,-2.70000192378847));
#5221=CARTESIAN_POINT('Ctrl Pts',(0.,1.98038142562995,-2.65000192378847));
#5222=CARTESIAN_POINT('Ctrl Pts',(-0.820300845167691,1.98038142562995,-2.60000192378847));
#5223=CARTESIAN_POINT('Ctrl Pts',(-1.40034113539882,1.40034113539882,-2.55000192378847));
#5224=CARTESIAN_POINT('Ctrl Pts',(-1.98038142562995,0.820300845167691,-2.50000192378847));
#5225=CARTESIAN_POINT('Ctrl Pts',(-1.98038142562995,1.2126338869943E-16,
-2.45000192378847));
#5226=CARTESIAN_POINT('Ctrl Pts',(-1.98038142562995,-0.820300845167691,
-2.40000192378847));
#5227=CARTESIAN_POINT('Ctrl Pts',(-1.40034113539882,-1.40034113539882,-2.35000192378847));
#5228=CARTESIAN_POINT('Ctrl Pts',(-0.820300845167691,-1.98038142562995,
-2.30000192378847));
#5229=CARTESIAN_POINT('Ctrl Pts',(-2.42526777398859E-16,-1.98038142562995,
-2.25000192378847));
#5230=CARTESIAN_POINT('Ctrl Pts',(0.820300845167691,-1.98038142562995,-2.20000192378847));
#5231=CARTESIAN_POINT('Ctrl Pts',(1.40034113539882,-1.40034113539882,-2.15000192378847));
#5232=CARTESIAN_POINT('Ctrl Pts',(1.98038142562995,-0.820300845167692,-2.10000192378847));
#5233=CARTESIAN_POINT('Ctrl Pts',(1.98038142562995,-3.63790166098289E-16,
-2.05000192378847));
#5234=CARTESIAN_POINT('Ctrl Pts',(1.98038142562995,0.820300845167691,-2.00000192378847));
#5235=CARTESIAN_POINT('Ctrl Pts',(1.40034113539882,1.40034113539882,-1.95000192378847));
#5236=CARTESIAN_POINT('Ctrl Pts',(0.820300845167692,1.98038142562995,-1.90000192378847));
#5237=CARTESIAN_POINT('Ctrl Pts',(0.,1.98038142562995,-1.85000192378847));
#5238=CARTESIAN_POINT('Ctrl Pts',(-0.820300845167691,1.98038142562995,-1.80000192378847));
#5239=CARTESIAN_POINT('Ctrl Pts',(-1.40034113539882,1.40034113539882,-1.75000192378847));
#5240=CARTESIAN_POINT('Ctrl Pts',(-1.98038142562995,0.820300845167691,-1.70000192378847));
#5241=CARTESIAN_POINT('Ctrl Pts',(-1.98038142562995,1.2126338869943E-16,
-1.65000192378847));
#5242=CARTESIAN_POINT('Ctrl Pts',(-1.98038142562995,-0.820300845167691,
-1.60000192378847));
#5243=CARTESIAN_POINT('Ctrl Pts',(-1.40034113539882,-1.40034113539882,-1.55000192378847));
#5244=CARTESIAN_POINT('Ctrl Pts',(-0.820300845167691,-1.98038142562995,
-1.50000192378847));
#5245=CARTESIAN_POINT('Ctrl Pts',(-2.42526777398859E-16,-1.98038142562995,
-1.45000192378847));
#5246=CARTESIAN_POINT('Ctrl Pts',(0.820300845167691,-1.98038142562995,-1.40000192378847));
#5247=CARTESIAN_POINT('Ctrl Pts',(1.40034113539882,-1.40034113539882,-1.35000192378847));
#5248=CARTESIAN_POINT('Ctrl Pts',(1.98038142562995,-0.820300845167692,-1.30000192378847));
#5249=CARTESIAN_POINT('Ctrl Pts',(1.98038142562995,-3.63790166098289E-16,
-1.25000192378847));
#5250=CARTESIAN_POINT('Ctrl Pts',(1.98038142562995,0.820300845167691,-1.20000192378847));
#5251=CARTESIAN_POINT('Ctrl Pts',(1.40034113539882,1.40034113539882,-1.15000192378847));
#5252=CARTESIAN_POINT('Ctrl Pts',(0.820300845167692,1.98038142562995,-1.10000192378847));
#5253=CARTESIAN_POINT('Ctrl Pts',(0.,1.98038142562995,-1.05000192378847));
#5254=CARTESIAN_POINT('Ctrl Pts',(-0.820300845167691,1.98038142562995,-1.00000192378847));
#5255=CARTESIAN_POINT('Ctrl Pts',(-1.40034113539882,1.40034113539882,-0.95000192378847));
#5256=CARTESIAN_POINT('Ctrl Pts',(-1.98038142562995,0.820300845167691,-0.90000192378847));
#5257=CARTESIAN_POINT('Ctrl Pts',(-1.98038142562995,1.2126338869943E-16,
-0.85000192378847));
#5258=CARTESIAN_POINT('Ctrl Pts',(-1.98038142562995,-0.820300845167691,
-0.80000192378847));
#5259=CARTESIAN_POINT('Ctrl Pts',(-1.40034113539882,-1.40034113539882,-0.75000192378847));
#5260=CARTESIAN_POINT('Ctrl Pts',(-0.820300845167691,-1.98038142562995,
-0.70000192378847));
#5261=CARTESIAN_POINT('Ctrl Pts',(-2.42526777398859E-16,-1.98038142562995,
-0.65000192378847));
#5262=CARTESIAN_POINT('Ctrl Pts',(0.820300845167691,-1.98038142562995,-0.60000192378847));
#5263=CARTESIAN_POINT('Ctrl Pts',(1.40034113539882,-1.40034113539882,-0.55000192378847));
#5264=CARTESIAN_POINT('Ctrl Pts',(1.98038142562995,-0.820300845167692,-0.50000192378847));
#5265=CARTESIAN_POINT('Ctrl Pts',(1.98038142562995,-3.63790166098289E-16,
-0.45000192378847));
#5266=CARTESIAN_POINT('Ctrl Pts',(1.98038142562995,0.820300845167691,-0.40000192378847));
#5267=CARTESIAN_POINT('Ctrl Pts',(1.40034113539882,1.40034113539882,-0.35000192378847));
#5268=CARTESIAN_POINT('Ctrl Pts',(0.820300845167692,1.98038142562995,-0.30000192378847));
#5269=CARTESIAN_POINT('Ctrl Pts',(0.,1.98038142562995,-0.25000192378847));
#5270=CARTESIAN_POINT('Ctrl Pts',(-0.820300845167691,1.98038142562995,-0.20000192378847));
#5271=CARTESIAN_POINT('Ctrl Pts',(-1.40034113539882,1.40034113539882,-0.15000192378847));
#5272=CARTESIAN_POINT('Ctrl Pts',(-1.98038142562995,0.820300845167691,-0.10000192378847));
#5273=CARTESIAN_POINT('Ctrl Pts',(-1.98038142562995,1.2126338869943E-16,
-0.0500019237884701));
#5274=CARTESIAN_POINT('Ctrl Pts',(-1.98038142562995,-0.820300845167691,
-1.92378846951847E-6));
#5275=CARTESIAN_POINT('Ctrl Pts',(-1.40034113539882,-1.40034113539882,0.0499980762115302));
#5276=CARTESIAN_POINT('Ctrl Pts',(-0.820300845167691,-1.98038142562995,
0.0999980762115299));
#5277=CARTESIAN_POINT('Ctrl Pts',(-2.42526777398859E-16,-1.98038142562995,
0.14999807621153));
#5278=CARTESIAN_POINT('Ctrl Pts',(0.820300845167691,-1.98038142562995,0.19999807621153));
#5279=CARTESIAN_POINT('Ctrl Pts',(1.40034113539882,-1.40034113539882,0.24999807621153));
#5280=CARTESIAN_POINT('Ctrl Pts',(1.98038142562995,-0.820300845167692,0.29999807621153));
#5281=CARTESIAN_POINT('Ctrl Pts',(1.98038142562995,-3.63790166098289E-16,
0.34999807621153));
#5282=CARTESIAN_POINT('Ctrl Pts',(1.98038142562995,0.820300845167691,0.39999807621153));
#5283=CARTESIAN_POINT('Ctrl Pts',(1.40034113539882,1.40034113539882,0.44999807621153));
#5284=CARTESIAN_POINT('Ctrl Pts',(0.820300845167692,1.98038142562995,0.49999807621153));
#5285=CARTESIAN_POINT('Ctrl Pts',(0.,1.98038142562995,0.54999807621153));
#5286=CARTESIAN_POINT('Ctrl Pts',(-0.820300845167691,1.98038142562995,0.59999807621153));
#5287=CARTESIAN_POINT('Ctrl Pts',(-1.40034113539882,1.40034113539882,0.64999807621153));
#5288=CARTESIAN_POINT('Ctrl Pts',(-1.98038142562995,0.820300845167691,0.69999807621153));
#5289=CARTESIAN_POINT('Ctrl Pts',(-1.98038142562995,1.2126338869943E-16,
0.74999807621153));
#5290=CARTESIAN_POINT('Ctrl Pts',(-1.98038142562995,-0.820300845167691,
0.79999807621153));
#5291=CARTESIAN_POINT('Ctrl Pts',(-1.40034113539882,-1.40034113539882,0.84999807621153));
#5292=CARTESIAN_POINT('Ctrl Pts',(-0.820300845167691,-1.98038142562995,
0.89999807621153));
#5293=CARTESIAN_POINT('Ctrl Pts',(-2.42526777398859E-16,-1.98038142562995,
0.94999807621153));
#5294=CARTESIAN_POINT('Ctrl Pts',(0.820300845167691,-1.98038142562995,0.999998076211531));
#5295=CARTESIAN_POINT('Ctrl Pts',(1.40034113539882,-1.40034113539882,1.04999807621153));
#5296=CARTESIAN_POINT('Ctrl Pts',(1.98038142562995,-0.820300845167692,1.09999807621153));
#5297=CARTESIAN_POINT('Ctrl Pts',(1.98038142562995,-3.63790166098289E-16,
1.14999807621153));
#5298=CARTESIAN_POINT('Ctrl Pts',(1.98038142562995,0.820300845167691,1.19999807621153));
#5299=CARTESIAN_POINT('Ctrl Pts',(1.40034113539882,1.40034113539882,1.24999807621153));
#5300=CARTESIAN_POINT('Ctrl Pts',(0.820300845167692,1.98038142562995,1.29999807621153));
#5301=CARTESIAN_POINT('Ctrl Pts',(0.,1.98038142562995,1.34999807621153));
#5302=CARTESIAN_POINT('Ctrl Pts',(-0.820300845167691,1.98038142562995,1.39999807621153));
#5303=CARTESIAN_POINT('Ctrl Pts',(-1.40034113539882,1.40034113539882,1.44999807621153));
#5304=CARTESIAN_POINT('Ctrl Pts',(-1.98038142562995,0.820300845167691,1.49999807621153));
#5305=CARTESIAN_POINT('Ctrl Pts',(-1.98038142562995,1.2126338869943E-16,
1.54999807621153));
#5306=CARTESIAN_POINT('Ctrl Pts',(-1.98038142562995,-0.820300845167691,
1.59999807621153));
#5307=CARTESIAN_POINT('Ctrl Pts',(-1.40034113539882,-1.40034113539882,1.64999807621153));
#5308=CARTESIAN_POINT('Ctrl Pts',(-0.820300845167691,-1.98038142562995,
1.69999807621153));
#5309=CARTESIAN_POINT('Ctrl Pts',(-2.42526777398859E-16,-1.98038142562995,
1.74999807621153));
#5310=CARTESIAN_POINT('Ctrl Pts',(0.,1.98038475765611,-5.14999999995775));
#5311=CARTESIAN_POINT('Ctrl Pts',(-0.820302225338117,1.98038475765611,-5.09999999995775));
#5312=CARTESIAN_POINT('Ctrl Pts',(-1.40034349149711,1.40034349149711,-5.04999999995775));
#5313=CARTESIAN_POINT('Ctrl Pts',(-1.98038475765611,0.820302225338117,-4.99999999995775));
#5314=CARTESIAN_POINT('Ctrl Pts',(-1.98038475765611,1.21263592727188E-16,
-4.94999999995775));
#5315=CARTESIAN_POINT('Ctrl Pts',(-1.98038475765611,-0.820302225338117,
-4.89999999995774));
#5316=CARTESIAN_POINT('Ctrl Pts',(-1.40034349149711,-1.40034349149711,-4.84999999995775));
#5317=CARTESIAN_POINT('Ctrl Pts',(-0.820302225338118,-1.98038475765611,
-4.79999999995775));
#5318=CARTESIAN_POINT('Ctrl Pts',(-2.42527185454377E-16,-1.98038475765611,
-4.74999999995775));
#5319=CARTESIAN_POINT('Ctrl Pts',(0.820302225338117,-1.98038475765611,-4.69999999995775));
#5320=CARTESIAN_POINT('Ctrl Pts',(1.40034349149711,-1.40034349149712,-4.64999999995775));
#5321=CARTESIAN_POINT('Ctrl Pts',(1.98038475765611,-0.820302225338118,-4.59999999995775));
#5322=CARTESIAN_POINT('Ctrl Pts',(1.98038475765611,-3.63790778181565E-16,
-4.54999999995775));
#5323=CARTESIAN_POINT('Ctrl Pts',(1.98038475765611,0.820302225338118,-4.49999999995775));
#5324=CARTESIAN_POINT('Ctrl Pts',(1.40034349149712,1.40034349149711,-4.44999999995775));
#5325=CARTESIAN_POINT('Ctrl Pts',(0.820302225338119,1.98038475765611,-4.39999999995775));
#5326=CARTESIAN_POINT('Ctrl Pts',(0.,1.98038475765611,-4.34999999995774));
#5327=CARTESIAN_POINT('Ctrl Pts',(-0.820302225338117,1.98038475765611,-4.29999999995775));
#5328=CARTESIAN_POINT('Ctrl Pts',(-1.40034349149711,1.40034349149711,-4.24999999995775));
#5329=CARTESIAN_POINT('Ctrl Pts',(-1.98038475765611,0.820302225338117,-4.19999999995775));
#5330=CARTESIAN_POINT('Ctrl Pts',(-1.98038475765611,1.21263592727188E-16,
-4.14999999995775));
#5331=CARTESIAN_POINT('Ctrl Pts',(-1.98038475765611,-0.820302225338117,
-4.09999999995775));
#5332=CARTESIAN_POINT('Ctrl Pts',(-1.40034349149711,-1.40034349149711,-4.04999999995774));
#5333=CARTESIAN_POINT('Ctrl Pts',(-0.820302225338118,-1.98038475765611,
-3.99999999995775));
#5334=CARTESIAN_POINT('Ctrl Pts',(-2.42527185454377E-16,-1.98038475765611,
-3.94999999995775));
#5335=CARTESIAN_POINT('Ctrl Pts',(0.820302225338117,-1.98038475765611,-3.89999999995775));
#5336=CARTESIAN_POINT('Ctrl Pts',(1.40034349149711,-1.40034349149712,-3.84999999995775));
#5337=CARTESIAN_POINT('Ctrl Pts',(1.98038475765611,-0.820302225338118,-3.79999999995775));
#5338=CARTESIAN_POINT('Ctrl Pts',(1.98038475765611,-3.63790778181565E-16,
-3.74999999995775));
#5339=CARTESIAN_POINT('Ctrl Pts',(1.98038475765611,0.820302225338118,-3.69999999995775));
#5340=CARTESIAN_POINT('Ctrl Pts',(1.40034349149712,1.40034349149711,-3.64999999995775));
#5341=CARTESIAN_POINT('Ctrl Pts',(0.820302225338119,1.98038475765611,-3.59999999995775));
#5342=CARTESIAN_POINT('Ctrl Pts',(0.,1.98038475765611,-3.54999999995775));
#5343=CARTESIAN_POINT('Ctrl Pts',(-0.820302225338117,1.98038475765611,-3.49999999995775));
#5344=CARTESIAN_POINT('Ctrl Pts',(-1.40034349149711,1.40034349149711,-3.44999999995775));
#5345=CARTESIAN_POINT('Ctrl Pts',(-1.98038475765611,0.820302225338117,-3.39999999995775));
#5346=CARTESIAN_POINT('Ctrl Pts',(-1.98038475765611,1.21263592727188E-16,
-3.34999999995775));
#5347=CARTESIAN_POINT('Ctrl Pts',(-1.98038475765611,-0.820302225338117,
-3.29999999995775));
#5348=CARTESIAN_POINT('Ctrl Pts',(-1.40034349149711,-1.40034349149711,-3.24999999995775));
#5349=CARTESIAN_POINT('Ctrl Pts',(-0.820302225338118,-1.98038475765611,
-3.19999999995775));
#5350=CARTESIAN_POINT('Ctrl Pts',(-2.42527185454377E-16,-1.98038475765611,
-3.14999999995775));
#5351=CARTESIAN_POINT('Ctrl Pts',(0.820302225338117,-1.98038475765611,-3.09999999995775));
#5352=CARTESIAN_POINT('Ctrl Pts',(1.40034349149711,-1.40034349149712,-3.04999999995775));
#5353=CARTESIAN_POINT('Ctrl Pts',(1.98038475765611,-0.820302225338118,-2.99999999995775));
#5354=CARTESIAN_POINT('Ctrl Pts',(1.98038475765611,-3.63790778181565E-16,
-2.94999999995775));
#5355=CARTESIAN_POINT('Ctrl Pts',(1.98038475765611,0.820302225338118,-2.89999999995775));
#5356=CARTESIAN_POINT('Ctrl Pts',(1.40034349149712,1.40034349149711,-2.84999999995775));
#5357=CARTESIAN_POINT('Ctrl Pts',(0.820302225338119,1.98038475765611,-2.79999999995775));
#5358=CARTESIAN_POINT('Ctrl Pts',(0.,1.98038475765611,-2.74999999995774));
#5359=CARTESIAN_POINT('Ctrl Pts',(-0.820302225338117,1.98038475765611,-2.69999999995775));
#5360=CARTESIAN_POINT('Ctrl Pts',(-1.40034349149711,1.40034349149711,-2.64999999995775));
#5361=CARTESIAN_POINT('Ctrl Pts',(-1.98038475765611,0.820302225338117,-2.59999999995775));
#5362=CARTESIAN_POINT('Ctrl Pts',(-1.98038475765611,1.21263592727188E-16,
-2.54999999995774));
#5363=CARTESIAN_POINT('Ctrl Pts',(-1.98038475765611,-0.820302225338117,
-2.49999999995775));
#5364=CARTESIAN_POINT('Ctrl Pts',(-1.40034349149711,-1.40034349149711,-2.44999999995775));
#5365=CARTESIAN_POINT('Ctrl Pts',(-0.820302225338118,-1.98038475765611,
-2.39999999995775));
#5366=CARTESIAN_POINT('Ctrl Pts',(-2.42527185454377E-16,-1.98038475765611,
-2.34999999995775));
#5367=CARTESIAN_POINT('Ctrl Pts',(0.820302225338117,-1.98038475765611,-2.29999999995775));
#5368=CARTESIAN_POINT('Ctrl Pts',(1.40034349149711,-1.40034349149712,-2.24999999995775));
#5369=CARTESIAN_POINT('Ctrl Pts',(1.98038475765611,-0.820302225338118,-2.19999999995775));
#5370=CARTESIAN_POINT('Ctrl Pts',(1.98038475765611,-3.63790778181565E-16,
-2.14999999995775));
#5371=CARTESIAN_POINT('Ctrl Pts',(1.98038475765611,0.820302225338118,-2.09999999995775));
#5372=CARTESIAN_POINT('Ctrl Pts',(1.40034349149712,1.40034349149711,-2.04999999995775));
#5373=CARTESIAN_POINT('Ctrl Pts',(0.820302225338119,1.98038475765611,-1.99999999995775));
#5374=CARTESIAN_POINT('Ctrl Pts',(0.,1.98038475765611,-1.94999999995775));
#5375=CARTESIAN_POINT('Ctrl Pts',(-0.820302225338117,1.98038475765611,-1.89999999995775));
#5376=CARTESIAN_POINT('Ctrl Pts',(-1.40034349149711,1.40034349149711,-1.84999999995775));
#5377=CARTESIAN_POINT('Ctrl Pts',(-1.98038475765611,0.820302225338117,-1.79999999995775));
#5378=CARTESIAN_POINT('Ctrl Pts',(-1.98038475765611,1.21263592727188E-16,
-1.74999999995775));
#5379=CARTESIAN_POINT('Ctrl Pts',(-1.98038475765611,-0.820302225338117,
-1.69999999995775));
#5380=CARTESIAN_POINT('Ctrl Pts',(-1.40034349149711,-1.40034349149711,-1.64999999995775));
#5381=CARTESIAN_POINT('Ctrl Pts',(-0.820302225338118,-1.98038475765611,
-1.59999999995775));
#5382=CARTESIAN_POINT('Ctrl Pts',(-2.42527185454377E-16,-1.98038475765611,
-1.54999999995775));
#5383=CARTESIAN_POINT('Ctrl Pts',(0.820302225338117,-1.98038475765611,-1.49999999995775));
#5384=CARTESIAN_POINT('Ctrl Pts',(1.40034349149711,-1.40034349149712,-1.44999999995775));
#5385=CARTESIAN_POINT('Ctrl Pts',(1.98038475765611,-0.820302225338118,-1.39999999995775));
#5386=CARTESIAN_POINT('Ctrl Pts',(1.98038475765611,-3.63790778181565E-16,
-1.34999999995775));
#5387=CARTESIAN_POINT('Ctrl Pts',(1.98038475765611,0.820302225338118,-1.29999999995775));
#5388=CARTESIAN_POINT('Ctrl Pts',(1.40034349149712,1.40034349149711,-1.24999999995775));
#5389=CARTESIAN_POINT('Ctrl Pts',(0.820302225338119,1.98038475765611,-1.19999999995775));
#5390=CARTESIAN_POINT('Ctrl Pts',(0.,1.98038475765611,-1.14999999995775));
#5391=CARTESIAN_POINT('Ctrl Pts',(-0.820302225338117,1.98038475765611,-1.09999999995775));
#5392=CARTESIAN_POINT('Ctrl Pts',(-1.40034349149711,1.40034349149711,-1.04999999995775));
#5393=CARTESIAN_POINT('Ctrl Pts',(-1.98038475765611,0.820302225338117,-0.999999999957746));
#5394=CARTESIAN_POINT('Ctrl Pts',(-1.98038475765611,1.21263592727188E-16,
-0.949999999957745));
#5395=CARTESIAN_POINT('Ctrl Pts',(-1.98038475765611,-0.820302225338117,
-0.899999999957745));
#5396=CARTESIAN_POINT('Ctrl Pts',(-1.40034349149711,-1.40034349149711,-0.849999999957746));
#5397=CARTESIAN_POINT('Ctrl Pts',(-0.820302225338118,-1.98038475765611,
-0.799999999957745));
#5398=CARTESIAN_POINT('Ctrl Pts',(-2.42527185454377E-16,-1.98038475765611,
-0.749999999957746));
#5399=CARTESIAN_POINT('Ctrl Pts',(0.820302225338117,-1.98038475765611,-0.699999999957746));
#5400=CARTESIAN_POINT('Ctrl Pts',(1.40034349149711,-1.40034349149712,-0.649999999957745));
#5401=CARTESIAN_POINT('Ctrl Pts',(1.98038475765611,-0.820302225338118,-0.599999999957745));
#5402=CARTESIAN_POINT('Ctrl Pts',(1.98038475765611,-3.63790778181565E-16,
-0.549999999957746));
#5403=CARTESIAN_POINT('Ctrl Pts',(1.98038475765611,0.820302225338118,-0.499999999957745));
#5404=CARTESIAN_POINT('Ctrl Pts',(1.40034349149712,1.40034349149711,-0.449999999957746));
#5405=CARTESIAN_POINT('Ctrl Pts',(0.820302225338119,1.98038475765611,-0.399999999957746));
#5406=CARTESIAN_POINT('Ctrl Pts',(0.,1.98038475765611,-0.349999999957745));
#5407=CARTESIAN_POINT('Ctrl Pts',(-0.820302225338117,1.98038475765611,-0.299999999957746));
#5408=CARTESIAN_POINT('Ctrl Pts',(-1.40034349149711,1.40034349149711,-0.249999999957746));
#5409=CARTESIAN_POINT('Ctrl Pts',(-1.98038475765611,0.820302225338117,-0.199999999957745));
#5410=CARTESIAN_POINT('Ctrl Pts',(-1.98038475765611,1.21263592727188E-16,
-0.149999999957746));
#5411=CARTESIAN_POINT('Ctrl Pts',(-1.98038475765611,-0.820302225338117,
-0.0999999999577451));
#5412=CARTESIAN_POINT('Ctrl Pts',(-1.40034349149711,-1.40034349149711,-0.0499999999577454));
#5413=CARTESIAN_POINT('Ctrl Pts',(-0.820302225338118,-1.98038475765611,
4.22543370738357E-11));
#5414=CARTESIAN_POINT('Ctrl Pts',(-2.42527185454377E-16,-1.98038475765611,
0.0500000000422549));
#5415=CARTESIAN_POINT('Ctrl Pts',(0.820302225338117,-1.98038475765611,0.100000000042255));
#5416=CARTESIAN_POINT('Ctrl Pts',(1.40034349149711,-1.40034349149712,0.150000000042254));
#5417=CARTESIAN_POINT('Ctrl Pts',(1.98038475765611,-0.820302225338118,0.200000000042255));
#5418=CARTESIAN_POINT('Ctrl Pts',(1.98038475765611,-3.63790778181565E-16,
0.250000000042255));
#5419=CARTESIAN_POINT('Ctrl Pts',(1.98038475765611,0.820302225338118,0.300000000042254));
#5420=CARTESIAN_POINT('Ctrl Pts',(1.40034349149712,1.40034349149711,0.350000000042255));
#5421=CARTESIAN_POINT('Ctrl Pts',(0.820302225338119,1.98038475765611,0.400000000042255));
#5422=CARTESIAN_POINT('Ctrl Pts',(0.,1.98038475765611,0.450000000042254));
#5423=CARTESIAN_POINT('Ctrl Pts',(-0.820302225338117,1.98038475765611,0.500000000042255));
#5424=CARTESIAN_POINT('Ctrl Pts',(-1.40034349149711,1.40034349149711,0.550000000042255));
#5425=CARTESIAN_POINT('Ctrl Pts',(-1.98038475765611,0.820302225338117,0.600000000042254));
#5426=CARTESIAN_POINT('Ctrl Pts',(-1.98038475765611,1.21263592727188E-16,
0.650000000042255));
#5427=CARTESIAN_POINT('Ctrl Pts',(-1.98038475765611,-0.820302225338117,
0.700000000042255));
#5428=CARTESIAN_POINT('Ctrl Pts',(-1.40034349149711,-1.40034349149711,0.750000000042254));
#5429=CARTESIAN_POINT('Ctrl Pts',(-0.820302225338118,-1.98038475765611,
0.800000000042255));
#5430=CARTESIAN_POINT('Ctrl Pts',(-2.42527185454377E-16,-1.98038475765611,
0.850000000042255));
#5431=CARTESIAN_POINT('Ctrl Pts',(0.820302225338117,-1.98038475765611,0.900000000042255));
#5432=CARTESIAN_POINT('Ctrl Pts',(1.40034349149711,-1.40034349149712,0.950000000042255));
#5433=CARTESIAN_POINT('Ctrl Pts',(1.98038475765611,-0.820302225338118,1.00000000004225));
#5434=CARTESIAN_POINT('Ctrl Pts',(1.98038475765611,-3.63790778181565E-16,
1.05000000004226));
#5435=CARTESIAN_POINT('Ctrl Pts',(1.98038475765611,0.820302225338118,1.10000000004226));
#5436=CARTESIAN_POINT('Ctrl Pts',(1.40034349149712,1.40034349149711,1.15000000004225));
#5437=CARTESIAN_POINT('Ctrl Pts',(0.820302225338119,1.98038475765611,1.20000000004226));
#5438=CARTESIAN_POINT('Ctrl Pts',(0.,1.98038475765611,1.25000000004225));
#5439=CARTESIAN_POINT('Ctrl Pts',(-0.820302225338117,1.98038475765611,1.30000000004225));
#5440=CARTESIAN_POINT('Ctrl Pts',(-1.40034349149711,1.40034349149711,1.35000000004226));
#5441=CARTESIAN_POINT('Ctrl Pts',(-1.98038475765611,0.820302225338117,1.40000000004225));
#5442=CARTESIAN_POINT('Ctrl Pts',(-1.98038475765611,1.21263592727188E-16,
1.45000000004225));
#5443=CARTESIAN_POINT('Ctrl Pts',(-1.98038475765611,-0.820302225338117,
1.50000000004226));
#5444=CARTESIAN_POINT('Ctrl Pts',(-1.40034349149711,-1.40034349149711,1.55000000004225));
#5445=CARTESIAN_POINT('Ctrl Pts',(-0.820302225338118,-1.98038475765611,
1.60000000004225));
#5446=CARTESIAN_POINT('Ctrl Pts',(-2.42527185454377E-16,-1.98038475765611,
1.65000000004225));
#5447=CARTESIAN_POINT('Ctrl Pts',(0.,2.54330127018919,-5.47500000000004));
#5448=CARTESIAN_POINT('Ctrl Pts',(-1.05346987931308,2.54330127018919,-5.42500000000004));
#5449=CARTESIAN_POINT('Ctrl Pts',(-1.79838557475114,1.79838557475114,-5.37500000000004));
#5450=CARTESIAN_POINT('Ctrl Pts',(-2.54330127018919,1.05346987931308,-5.32500000000004));
#5451=CARTESIAN_POINT('Ctrl Pts',(-2.54330127018919,1.55732287990229E-16,
-5.27500000000004));
#5452=CARTESIAN_POINT('Ctrl Pts',(-2.54330127018919,-1.05346987931308,-5.22500000000004));
#5453=CARTESIAN_POINT('Ctrl Pts',(-1.79838557475114,-1.79838557475114,-5.17500000000004));
#5454=CARTESIAN_POINT('Ctrl Pts',(-1.05346987931308,-2.54330127018919,-5.12500000000004));
#5455=CARTESIAN_POINT('Ctrl Pts',(-3.11464575980459E-16,-2.54330127018919,
-5.07500000000003));
#5456=CARTESIAN_POINT('Ctrl Pts',(1.05346987931308,-2.54330127018919,-5.02500000000003));
#5457=CARTESIAN_POINT('Ctrl Pts',(1.79838557475114,-1.79838557475114,-4.97500000000004));
#5458=CARTESIAN_POINT('Ctrl Pts',(2.54330127018919,-1.05346987931308,-4.92500000000003));
#5459=CARTESIAN_POINT('Ctrl Pts',(2.54330127018919,-4.67196863970689E-16,
-4.87500000000004));
#5460=CARTESIAN_POINT('Ctrl Pts',(2.54330127018919,1.05346987931308,-4.82500000000003));
#5461=CARTESIAN_POINT('Ctrl Pts',(1.79838557475114,1.79838557475114,-4.77500000000003));
#5462=CARTESIAN_POINT('Ctrl Pts',(1.05346987931308,2.54330127018919,-4.72500000000004));
#5463=CARTESIAN_POINT('Ctrl Pts',(0.,2.54330127018919,-4.67500000000004));
#5464=CARTESIAN_POINT('Ctrl Pts',(-1.05346987931308,2.54330127018919,-4.62500000000004));
#5465=CARTESIAN_POINT('Ctrl Pts',(-1.79838557475114,1.79838557475114,-4.57500000000004));
#5466=CARTESIAN_POINT('Ctrl Pts',(-2.54330127018919,1.05346987931308,-4.52500000000004));
#5467=CARTESIAN_POINT('Ctrl Pts',(-2.54330127018919,1.55732287990229E-16,
-4.47500000000004));
#5468=CARTESIAN_POINT('Ctrl Pts',(-2.54330127018919,-1.05346987931308,-4.42500000000003));
#5469=CARTESIAN_POINT('Ctrl Pts',(-1.79838557475114,-1.79838557475114,-4.37500000000004));
#5470=CARTESIAN_POINT('Ctrl Pts',(-1.05346987931308,-2.54330127018919,-4.32500000000004));
#5471=CARTESIAN_POINT('Ctrl Pts',(-3.11464575980459E-16,-2.54330127018919,
-4.27500000000004));
#5472=CARTESIAN_POINT('Ctrl Pts',(1.05346987931308,-2.54330127018919,-4.22500000000004));
#5473=CARTESIAN_POINT('Ctrl Pts',(1.79838557475114,-1.79838557475114,-4.17500000000004));
#5474=CARTESIAN_POINT('Ctrl Pts',(2.54330127018919,-1.05346987931308,-4.12500000000003));
#5475=CARTESIAN_POINT('Ctrl Pts',(2.54330127018919,-4.67196863970689E-16,
-4.07500000000003));
#5476=CARTESIAN_POINT('Ctrl Pts',(2.54330127018919,1.05346987931308,-4.02500000000004));
#5477=CARTESIAN_POINT('Ctrl Pts',(1.79838557475114,1.79838557475114,-3.97500000000004));
#5478=CARTESIAN_POINT('Ctrl Pts',(1.05346987931308,2.54330127018919,-3.92500000000004));
#5479=CARTESIAN_POINT('Ctrl Pts',(0.,2.54330127018919,-3.87500000000004));
#5480=CARTESIAN_POINT('Ctrl Pts',(-1.05346987931308,2.54330127018919,-3.82500000000004));
#5481=CARTESIAN_POINT('Ctrl Pts',(-1.79838557475114,1.79838557475114,-3.77500000000004));
#5482=CARTESIAN_POINT('Ctrl Pts',(-2.54330127018919,1.05346987931308,-3.72500000000004));
#5483=CARTESIAN_POINT('Ctrl Pts',(-2.54330127018919,1.55732287990229E-16,
-3.67500000000003));
#5484=CARTESIAN_POINT('Ctrl Pts',(-2.54330127018919,-1.05346987931308,-3.62500000000004));
#5485=CARTESIAN_POINT('Ctrl Pts',(-1.79838557475114,-1.79838557475114,-3.57500000000004));
#5486=CARTESIAN_POINT('Ctrl Pts',(-1.05346987931308,-2.54330127018919,-3.52500000000004));
#5487=CARTESIAN_POINT('Ctrl Pts',(-3.11464575980459E-16,-2.54330127018919,
-3.47500000000004));
#5488=CARTESIAN_POINT('Ctrl Pts',(1.05346987931308,-2.54330127018919,-3.42500000000004));
#5489=CARTESIAN_POINT('Ctrl Pts',(1.79838557475114,-1.79838557475114,-3.37500000000004));
#5490=CARTESIAN_POINT('Ctrl Pts',(2.54330127018919,-1.05346987931308,-3.32500000000004));
#5491=CARTESIAN_POINT('Ctrl Pts',(2.54330127018919,-4.67196863970689E-16,
-3.27500000000004));
#5492=CARTESIAN_POINT('Ctrl Pts',(2.54330127018919,1.05346987931308,-3.22500000000004));
#5493=CARTESIAN_POINT('Ctrl Pts',(1.79838557475114,1.79838557475114,-3.17500000000004));
#5494=CARTESIAN_POINT('Ctrl Pts',(1.05346987931308,2.54330127018919,-3.12500000000004));
#5495=CARTESIAN_POINT('Ctrl Pts',(0.,2.54330127018919,-3.07500000000004));
#5496=CARTESIAN_POINT('Ctrl Pts',(-1.05346987931308,2.54330127018919,-3.02500000000004));
#5497=CARTESIAN_POINT('Ctrl Pts',(-1.79838557475114,1.79838557475114,-2.97500000000004));
#5498=CARTESIAN_POINT('Ctrl Pts',(-2.54330127018919,1.05346987931308,-2.92500000000004));
#5499=CARTESIAN_POINT('Ctrl Pts',(-2.54330127018919,1.55732287990229E-16,
-2.87500000000004));
#5500=CARTESIAN_POINT('Ctrl Pts',(-2.54330127018919,-1.05346987931308,-2.82500000000004));
#5501=CARTESIAN_POINT('Ctrl Pts',(-1.79838557475114,-1.79838557475114,-2.77500000000004));
#5502=CARTESIAN_POINT('Ctrl Pts',(-1.05346987931308,-2.54330127018919,-2.72500000000004));
#5503=CARTESIAN_POINT('Ctrl Pts',(-3.11464575980459E-16,-2.54330127018919,
-2.67500000000004));
#5504=CARTESIAN_POINT('Ctrl Pts',(1.05346987931308,-2.54330127018919,-2.62500000000004));
#5505=CARTESIAN_POINT('Ctrl Pts',(1.79838557475114,-1.79838557475114,-2.57500000000004));
#5506=CARTESIAN_POINT('Ctrl Pts',(2.54330127018919,-1.05346987931308,-2.52500000000004));
#5507=CARTESIAN_POINT('Ctrl Pts',(2.54330127018919,-4.67196863970689E-16,
-2.47500000000004));
#5508=CARTESIAN_POINT('Ctrl Pts',(2.54330127018919,1.05346987931308,-2.42500000000003));
#5509=CARTESIAN_POINT('Ctrl Pts',(1.79838557475114,1.79838557475114,-2.37500000000004));
#5510=CARTESIAN_POINT('Ctrl Pts',(1.05346987931308,2.54330127018919,-2.32500000000004));
#5511=CARTESIAN_POINT('Ctrl Pts',(0.,2.54330127018919,-2.27500000000004));
#5512=CARTESIAN_POINT('Ctrl Pts',(-1.05346987931308,2.54330127018919,-2.22500000000004));
#5513=CARTESIAN_POINT('Ctrl Pts',(-1.79838557475114,1.79838557475114,-2.17500000000004));
#5514=CARTESIAN_POINT('Ctrl Pts',(-2.54330127018919,1.05346987931308,-2.12500000000004));
#5515=CARTESIAN_POINT('Ctrl Pts',(-2.54330127018919,1.55732287990229E-16,
-2.07500000000004));
#5516=CARTESIAN_POINT('Ctrl Pts',(-2.54330127018919,-1.05346987931308,-2.02500000000003));
#5517=CARTESIAN_POINT('Ctrl Pts',(-1.79838557475114,-1.79838557475114,-1.97500000000004));
#5518=CARTESIAN_POINT('Ctrl Pts',(-1.05346987931308,-2.54330127018919,-1.92500000000004));
#5519=CARTESIAN_POINT('Ctrl Pts',(-3.11464575980459E-16,-2.54330127018919,
-1.87500000000004));
#5520=CARTESIAN_POINT('Ctrl Pts',(1.05346987931308,-2.54330127018919,-1.82500000000004));
#5521=CARTESIAN_POINT('Ctrl Pts',(1.79838557475114,-1.79838557475114,-1.77500000000004));
#5522=CARTESIAN_POINT('Ctrl Pts',(2.54330127018919,-1.05346987931308,-1.72500000000004));
#5523=CARTESIAN_POINT('Ctrl Pts',(2.54330127018919,-4.67196863970689E-16,
-1.67500000000004));
#5524=CARTESIAN_POINT('Ctrl Pts',(2.54330127018919,1.05346987931308,-1.62500000000004));
#5525=CARTESIAN_POINT('Ctrl Pts',(1.79838557475114,1.79838557475114,-1.57500000000004));
#5526=CARTESIAN_POINT('Ctrl Pts',(1.05346987931308,2.54330127018919,-1.52500000000004));
#5527=CARTESIAN_POINT('Ctrl Pts',(0.,2.54330127018919,-1.47500000000004));
#5528=CARTESIAN_POINT('Ctrl Pts',(-1.05346987931308,2.54330127018919,-1.42500000000004));
#5529=CARTESIAN_POINT('Ctrl Pts',(-1.79838557475114,1.79838557475114,-1.37500000000004));
#5530=CARTESIAN_POINT('Ctrl Pts',(-2.54330127018919,1.05346987931308,-1.32500000000004));
#5531=CARTESIAN_POINT('Ctrl Pts',(-2.54330127018919,1.55732287990229E-16,
-1.27500000000003));
#5532=CARTESIAN_POINT('Ctrl Pts',(-2.54330127018919,-1.05346987931308,-1.22500000000004));
#5533=CARTESIAN_POINT('Ctrl Pts',(-1.79838557475114,-1.79838557475114,-1.17500000000004));
#5534=CARTESIAN_POINT('Ctrl Pts',(-1.05346987931308,-2.54330127018919,-1.12500000000003));
#5535=CARTESIAN_POINT('Ctrl Pts',(-3.11464575980459E-16,-2.54330127018919,
-1.07500000000004));
#5536=CARTESIAN_POINT('Ctrl Pts',(1.05346987931308,-2.54330127018919,-1.02500000000004));
#5537=CARTESIAN_POINT('Ctrl Pts',(1.79838557475114,-1.79838557475114,-0.975000000000035));
#5538=CARTESIAN_POINT('Ctrl Pts',(2.54330127018919,-1.05346987931308,-0.925000000000035));
#5539=CARTESIAN_POINT('Ctrl Pts',(2.54330127018919,-4.67196863970689E-16,
-0.875000000000036));
#5540=CARTESIAN_POINT('Ctrl Pts',(2.54330127018919,1.05346987931308,-0.825000000000035));
#5541=CARTESIAN_POINT('Ctrl Pts',(1.79838557475114,1.79838557475114,-0.775000000000035));
#5542=CARTESIAN_POINT('Ctrl Pts',(1.05346987931308,2.54330127018919,-0.725000000000036));
#5543=CARTESIAN_POINT('Ctrl Pts',(0.,2.54330127018919,-0.675000000000035));
#5544=CARTESIAN_POINT('Ctrl Pts',(-1.05346987931308,2.54330127018919,-0.625000000000035));
#5545=CARTESIAN_POINT('Ctrl Pts',(-1.79838557475114,1.79838557475114,-0.575000000000036));
#5546=CARTESIAN_POINT('Ctrl Pts',(-2.54330127018919,1.05346987931308,-0.525000000000035));
#5547=CARTESIAN_POINT('Ctrl Pts',(-2.54330127018919,1.55732287990229E-16,
-0.475000000000035));
#5548=CARTESIAN_POINT('Ctrl Pts',(-2.54330127018919,-1.05346987931308,-0.425000000000035));
#5549=CARTESIAN_POINT('Ctrl Pts',(-1.79838557475114,-1.79838557475114,-0.375000000000035));
#5550=CARTESIAN_POINT('Ctrl Pts',(-1.05346987931308,-2.54330127018919,-0.325000000000035));
#5551=CARTESIAN_POINT('Ctrl Pts',(-3.11464575980459E-16,-2.54330127018919,
-0.275000000000035));
#5552=CARTESIAN_POINT('Ctrl Pts',(1.05346987931308,-2.54330127018919,-0.225000000000035));
#5553=CARTESIAN_POINT('Ctrl Pts',(1.79838557475114,-1.79838557475114,-0.175000000000035));
#5554=CARTESIAN_POINT('Ctrl Pts',(2.54330127018919,-1.05346987931308,-0.125000000000035));
#5555=CARTESIAN_POINT('Ctrl Pts',(2.54330127018919,-4.67196863970689E-16,
-0.0750000000000351));
#5556=CARTESIAN_POINT('Ctrl Pts',(2.54330127018919,1.05346987931308,-0.0250000000000354));
#5557=CARTESIAN_POINT('Ctrl Pts',(1.79838557475114,1.79838557475114,0.0249999999999652));
#5558=CARTESIAN_POINT('Ctrl Pts',(1.05346987931308,2.54330127018919,0.0749999999999649));
#5559=CARTESIAN_POINT('Ctrl Pts',(0.,2.54330127018919,0.124999999999965));
#5560=CARTESIAN_POINT('Ctrl Pts',(-1.05346987931308,2.54330127018919,0.174999999999965));
#5561=CARTESIAN_POINT('Ctrl Pts',(-1.79838557475114,1.79838557475114,0.224999999999965));
#5562=CARTESIAN_POINT('Ctrl Pts',(-2.54330127018919,1.05346987931308,0.274999999999964));
#5563=CARTESIAN_POINT('Ctrl Pts',(-2.54330127018919,1.55732287990229E-16,
0.324999999999965));
#5564=CARTESIAN_POINT('Ctrl Pts',(-2.54330127018919,-1.05346987931308,0.374999999999965));
#5565=CARTESIAN_POINT('Ctrl Pts',(-1.79838557475114,-1.79838557475114,0.424999999999965));
#5566=CARTESIAN_POINT('Ctrl Pts',(-1.05346987931308,-2.54330127018919,0.474999999999965));
#5567=CARTESIAN_POINT('Ctrl Pts',(-3.11464575980459E-16,-2.54330127018919,
0.524999999999965));
#5568=CARTESIAN_POINT('Ctrl Pts',(1.05346987931308,-2.54330127018919,0.574999999999965));
#5569=CARTESIAN_POINT('Ctrl Pts',(1.79838557475114,-1.79838557475114,0.624999999999965));
#5570=CARTESIAN_POINT('Ctrl Pts',(2.54330127018919,-1.05346987931308,0.674999999999965));
#5571=CARTESIAN_POINT('Ctrl Pts',(2.54330127018919,-4.67196863970689E-16,
0.724999999999965));
#5572=CARTESIAN_POINT('Ctrl Pts',(2.54330127018919,1.05346987931308,0.774999999999965));
#5573=CARTESIAN_POINT('Ctrl Pts',(1.79838557475114,1.79838557475114,0.824999999999965));
#5574=CARTESIAN_POINT('Ctrl Pts',(1.05346987931308,2.54330127018919,0.874999999999965));
#5575=CARTESIAN_POINT('Ctrl Pts',(0.,2.54330127018919,0.924999999999965));
#5576=CARTESIAN_POINT('Ctrl Pts',(-1.05346987931308,2.54330127018919,0.974999999999965));
#5577=CARTESIAN_POINT('Ctrl Pts',(-1.79838557475114,1.79838557475114,1.02499999999997));
#5578=CARTESIAN_POINT('Ctrl Pts',(-2.54330127018919,1.05346987931308,1.07499999999997));
#5579=CARTESIAN_POINT('Ctrl Pts',(-2.54330127018919,1.55732287990229E-16,
1.12499999999996));
#5580=CARTESIAN_POINT('Ctrl Pts',(-2.54330127018919,-1.05346987931308,1.17499999999997));
#5581=CARTESIAN_POINT('Ctrl Pts',(-1.79838557475114,-1.79838557475114,1.22499999999996));
#5582=CARTESIAN_POINT('Ctrl Pts',(-1.05346987931308,-2.54330127018919,1.27499999999996));
#5583=CARTESIAN_POINT('Ctrl Pts',(-3.11464575980459E-16,-2.54330127018919,
1.32499999999997));
#5584=CARTESIAN_POINT('Origin',(0.,0.,-4.75));
#5585=CARTESIAN_POINT('',(0.,0.,0.));
#5586=CARTESIAN_POINT('Origin',(0.,0.,0.8));
#5587=CARTESIAN_POINT('',(-9.,-1.10218211923262E-15,0.650080000000001));
#5588=CARTESIAN_POINT('Origin',(0.,0.,0.650080000000001));
#5589=CARTESIAN_POINT('',(-9.,-1.10218211923262E-15,-0.799999999999999));
#5590=CARTESIAN_POINT('',(-9.,-1.10218211923262E-15,0.8));
#5591=CARTESIAN_POINT('Origin',(0.,0.,-0.799999999999999));
#5592=CARTESIAN_POINT('Ctrl Pts',(-9.,0.,0.650080000000002));
#5593=CARTESIAN_POINT('Ctrl Pts',(-9.,-9.,0.650080000000002));
#5594=CARTESIAN_POINT('Ctrl Pts',(0.,-9.,0.650080000000002));
#5595=CARTESIAN_POINT('Ctrl Pts',(9.,-9.,0.650080000000002));
#5596=CARTESIAN_POINT('Ctrl Pts',(9.,0.,0.650080000000002));
#5597=CARTESIAN_POINT('Ctrl Pts',(9.,9.,0.650080000000002));
#5598=CARTESIAN_POINT('Ctrl Pts',(0.,9.,0.650080000000002));
#5599=CARTESIAN_POINT('Ctrl Pts',(-9.,9.,0.650080000000002));
#5600=CARTESIAN_POINT('Ctrl Pts',(-9.,0.,0.650080000000002));
#5601=CARTESIAN_POINT('Ctrl Pts',(-7.125,0.,0.951849263759242));
#5602=CARTESIAN_POINT('Ctrl Pts',(-7.125,-7.125,0.951849263759242));
#5603=CARTESIAN_POINT('Ctrl Pts',(0.,-7.125,0.951849263759241));
#5604=CARTESIAN_POINT('Ctrl Pts',(7.125,-7.125,0.95184926375924));
#5605=CARTESIAN_POINT('Ctrl Pts',(7.125,0.,0.95184926375924));
#5606=CARTESIAN_POINT('Ctrl Pts',(7.125,7.125,0.95184926375924));
#5607=CARTESIAN_POINT('Ctrl Pts',(0.,7.125,0.951849263759241));
#5608=CARTESIAN_POINT('Ctrl Pts',(-7.125,7.125,0.951849263759242));
#5609=CARTESIAN_POINT('Ctrl Pts',(-7.125,0.,0.951849263759242));
#5610=CARTESIAN_POINT('Ctrl Pts',(-5.25,0.,0.650080000000002));
#5611=CARTESIAN_POINT('Ctrl Pts',(-5.25,-5.25,0.650080000000002));
#5612=CARTESIAN_POINT('Ctrl Pts',(0.,-5.25,0.650080000000002));
#5613=CARTESIAN_POINT('Ctrl Pts',(5.25,-5.25,0.650080000000002));
#5614=CARTESIAN_POINT('Ctrl Pts',(5.25,0.,0.650080000000002));
#5615=CARTESIAN_POINT('Ctrl Pts',(5.25,5.25,0.650080000000002));
#5616=CARTESIAN_POINT('Ctrl Pts',(0.,5.25,0.650080000000002));
#5617=CARTESIAN_POINT('Ctrl Pts',(-5.25,5.25,0.650080000000002));
#5618=CARTESIAN_POINT('Ctrl Pts',(-5.25,0.,0.650080000000002));
#5619=CARTESIAN_POINT('',(-5.25,-6.42939569552361E-16,0.650080000000002));
#5620=CARTESIAN_POINT('Origin',(0.,0.,0.650080000000001));
#5621=CARTESIAN_POINT('Origin',(-7.125,-8.72560844392489E-16,-10.9999633351121));
#5622=CARTESIAN_POINT('Origin',(0.,0.,0.8));
#5623=CARTESIAN_POINT('',(-5.25,-6.42939569552361E-16,-0.799999999999999));
#5624=CARTESIAN_POINT('Origin',(0.,0.,-0.799999999999999));
#5625=CARTESIAN_POINT('',(-5.25,-6.42939569552361E-16,0.8));
#5626=CARTESIAN_POINT('Origin',(0.,5.25,-0.799999999999999));
#5627=CARTESIAN_POINT('Origin',(-5.3,0.,21.5758064516129));
#5628=CARTESIAN_POINT('',(-5.3,-5.81707229594993E-16,12.75));
#5629=CARTESIAN_POINT('Origin',(-5.3,0.,17.5));
#5630=CARTESIAN_POINT('',(-5.3,-4.99142332491187E-16,13.4241935483871));
#5631=CARTESIAN_POINT('Origin',(-5.3,0.,17.5));
#5632=CARTESIAN_POINT('Origin',(-5.8,0.,17.5));
#5633=CARTESIAN_POINT('',(-6.3,-4.99142332491187E-16,13.4241935483871));
#5634=CARTESIAN_POINT('Origin',(-6.3,0.,17.5));
#5635=CARTESIAN_POINT('',(-5.8,-4.99142332491187E-16,13.4241935483871));
#5636=CARTESIAN_POINT('Origin',(-6.3,0.,22.25));
#5637=CARTESIAN_POINT('',(-6.3,-5.81707229594993E-16,12.75));
#5638=CARTESIAN_POINT('Origin',(-6.3,0.,17.5));
#5639=CARTESIAN_POINT('Origin',(-6.9,0.,17.5));
#5640=CARTESIAN_POINT('',(-7.5,-5.81707229594993E-16,12.75));
#5641=CARTESIAN_POINT('Origin',(-7.5,0.,17.5));
#5642=CARTESIAN_POINT('',(-6.9,-5.81707229594993E-16,12.75));
#5643=CARTESIAN_POINT('Origin',(-7.5,0.,17.5));
#5644=CARTESIAN_POINT('Origin',(23.5,0.,22.25));
#5645=CARTESIAN_POINT('',(23.5,-5.81707229594993E-16,12.75));
#5646=CARTESIAN_POINT('Origin',(23.5,0.,17.5));
#5647=CARTESIAN_POINT('Origin',(22.9,0.,17.5));
#5648=CARTESIAN_POINT('',(22.3,-5.81707229594993E-16,12.75));
#5649=CARTESIAN_POINT('Origin',(22.3,0.,17.5));
#5650=CARTESIAN_POINT('',(22.9,-5.81707229594993E-16,12.75));
#5651=CARTESIAN_POINT('Origin',(22.3,0.,21.5758064516129));
#5652=CARTESIAN_POINT('',(22.3,-4.99142332491187E-16,13.4241935483871));
#5653=CARTESIAN_POINT('Origin',(22.3,0.,17.5));
#5654=CARTESIAN_POINT('Origin',(21.8,0.,17.5));
#5655=CARTESIAN_POINT('',(21.3,-4.99142332491187E-16,13.4241935483871));
#5656=CARTESIAN_POINT('Origin',(21.3,0.,17.5));
#5657=CARTESIAN_POINT('',(21.8,-4.99142332491187E-16,13.4241935483871));
#5658=CARTESIAN_POINT('Origin',(21.3,0.,22.25));
#5659=CARTESIAN_POINT('',(21.3,-5.81707229594993E-16,12.75));
#5660=CARTESIAN_POINT('Origin',(21.3,0.,17.5));
#5661=CARTESIAN_POINT('Origin',(8.,0.,17.5));
#5662=CARTESIAN_POINT('',(8.,-5.81707229594993E-16,12.75));
#5663=CARTESIAN_POINT('Origin',(16.,0.,35.));
#5664=CARTESIAN_POINT('',(16.,-2.14313189850787E-15,0.));
#5665=CARTESIAN_POINT('Origin',(16.,0.,17.5));
#5666=CARTESIAN_POINT('',(16.,-6.12323399573677E-16,12.5));
#5667=CARTESIAN_POINT('Origin',(16.,0.,17.5));
#5668=CARTESIAN_POINT('Origin',(14.75,0.,17.5));
#5669=CARTESIAN_POINT('',(13.5,-2.14313189850787E-15,0.));
#5670=CARTESIAN_POINT('Origin',(13.5,0.,17.5));
#5671=CARTESIAN_POINT('',(14.75,-2.14313189850787E-15,0.));
#5672=CARTESIAN_POINT('Origin',(8.,0.,17.5));
#5673=CARTESIAN_POINT('',(2.5,-2.14313189850787E-15,0.));
#5674=CARTESIAN_POINT('Origin',(8.,-2.14313189850787E-15,0.));
#5675=CARTESIAN_POINT('Origin',(2.5,0.,17.5));
#5676=CARTESIAN_POINT('Origin',(1.25,0.,17.5));
#5677=CARTESIAN_POINT('',(0.,-2.14313189850787E-15,0.));
#5678=CARTESIAN_POINT('Origin',(0.,0.,17.5));
#5679=CARTESIAN_POINT('',(1.25,-2.14313189850787E-15,0.));
#5680=CARTESIAN_POINT('Origin',(0.,0.,22.5));
#5681=CARTESIAN_POINT('',(0.,-6.12323399573677E-16,12.5));
#5682=CARTESIAN_POINT('Origin',(0.,0.,17.5));
#5683=CARTESIAN_POINT('Origin',(8.,0.,17.5));
#5684=CARTESIAN_POINT('',(8.,-6.12323399573677E-16,12.5));
#5685=CARTESIAN_POINT('Origin',(-2.17613636363636,0.,17.5));
#5686=CARTESIAN_POINT('',(-3.17613636363636,-7.04171909509728E-16,23.25));
#5687=CARTESIAN_POINT('Origin',(-3.17613636363636,0.,17.5));
#5688=CARTESIAN_POINT('',(-2.17613636363636,-5.81707229594993E-16,22.25));
#5689=CARTESIAN_POINT('Origin',(-2.17613636363636,-7.04171909509728E-16,
23.25));
#5690=CARTESIAN_POINT('',(-2.17613636363636,-4.75,17.5));
#5691=CARTESIAN_POINT('Origin',(-2.17613636363636,0.,17.5));
#5692=CARTESIAN_POINT('Origin',(-2.17613636363636,0.,17.5));
#5693=CARTESIAN_POINT('Origin',(19.5,0.,17.5));
#5694=CARTESIAN_POINT('',(-1.17613636363636,-4.75,17.5));
#5695=CARTESIAN_POINT('Origin',(-1.17613636363636,0.,17.5));
#5696=CARTESIAN_POINT('',(19.5,-4.75,17.5));
#5697=CARTESIAN_POINT('Origin',(-3.17613636363636,0.,5.5));
#5698=CARTESIAN_POINT('',(-3.17613636363636,-9.,59.));
#5699=CARTESIAN_POINT('',(-3.17613636363636,-9.,10.607533083509));
#5700=CARTESIAN_POINT('',(-3.17613636363636,-9.,19.625));
#5701=CARTESIAN_POINT('',(-3.17613636363636,9.,59.));
#5702=CARTESIAN_POINT('',(-3.17613636363636,0.,59.));
#5703=CARTESIAN_POINT('',(-3.17613636363636,9.,10.607533083509));
#5704=CARTESIAN_POINT('',(-3.17613636363636,9.,19.625));
#5705=CARTESIAN_POINT('',(-3.17613636363636,2.7397262992721,6.5));
#5706=CARTESIAN_POINT('Origin',(-3.17613636363636,0.,17.5));
#5707=CARTESIAN_POINT('',(-3.17613636363636,-2.7397262992721,6.5));
#5708=CARTESIAN_POINT('',(-3.17613636363636,0.,6.5));
#5709=CARTESIAN_POINT('Origin',(-3.17613636363636,0.,17.5));
#5710=CARTESIAN_POINT('Origin',(8.16193181818182,0.,61.));
#5711=CARTESIAN_POINT('',(11.6619318181818,4.28626379701574E-16,62.));
#5712=CARTESIAN_POINT('Origin',(8.16193181818182,0.,62.));
#5713=CARTESIAN_POINT('',(10.6619318181818,-3.06161699786838E-16,61.));
#5714=CARTESIAN_POINT('Origin',(11.6619318181818,-4.28626379701574E-16,
61.));
#5715=CARTESIAN_POINT('Origin',(8.16193181818182,0.,61.));
#5716=CARTESIAN_POINT('Origin',(8.16193181818182,0.,62.));
#5717=CARTESIAN_POINT('',(10.6619318181818,3.06161699786838E-16,60.));
#5718=CARTESIAN_POINT('',(10.6619318181818,-3.06161699786838E-16,62.));
#5719=CARTESIAN_POINT('Origin',(8.16193181818182,0.,60.));
#5720=CARTESIAN_POINT('Origin',(-0.176136363636361,0.,62.));
#5721=CARTESIAN_POINT('',(16.5,-9.,62.));
#5722=CARTESIAN_POINT('',(-0.176136363636361,-9.,62.));
#5723=CARTESIAN_POINT('',(3.99289772727273,-9.,62.));
#5724=CARTESIAN_POINT('',(16.5,9.,62.));
#5725=CARTESIAN_POINT('',(16.5,0.,62.));
#5726=CARTESIAN_POINT('',(-0.176136363636361,9.,62.));
#5727=CARTESIAN_POINT('',(3.99289772727273,9.,62.));
#5728=CARTESIAN_POINT('',(-0.176136363636361,0.,62.));
#5729=CARTESIAN_POINT('Origin',(18.5,0.,17.5));
#5730=CARTESIAN_POINT('',(19.5,-7.04171909509728E-16,11.75));
#5731=CARTESIAN_POINT('Origin',(19.5,0.,17.5));
#5732=CARTESIAN_POINT('',(18.5,-5.81707229594993E-16,12.75));
#5733=CARTESIAN_POINT('Origin',(18.5,-7.04171909509728E-16,11.75));
#5734=CARTESIAN_POINT('',(18.5,-4.75,17.5));
#5735=CARTESIAN_POINT('Origin',(18.5,0.,17.5));
#5736=CARTESIAN_POINT('Origin',(18.5,0.,17.5));
#5737=CARTESIAN_POINT('Origin',(19.5,0.,59.));
#5738=CARTESIAN_POINT('',(19.5,-9.,10.607533083509));
#5739=CARTESIAN_POINT('',(19.5,-9.,59.));
#5740=CARTESIAN_POINT('',(19.5,-9.,46.375));
#5741=CARTESIAN_POINT('',(19.5,-2.73972629927211,6.5));
#5742=CARTESIAN_POINT('Origin',(19.5,0.,17.5));
#5743=CARTESIAN_POINT('',(19.5,2.7397262992721,6.5));
#5744=CARTESIAN_POINT('',(19.5,0.,6.5));
#5745=CARTESIAN_POINT('',(19.5,9.,10.607533083509));
#5746=CARTESIAN_POINT('Origin',(19.5,0.,17.5));
#5747=CARTESIAN_POINT('',(19.5,9.,59.));
#5748=CARTESIAN_POINT('',(19.5,9.,46.375));
#5749=CARTESIAN_POINT('',(19.5,0.,59.));
#5750=CARTESIAN_POINT('Origin',(19.5,0.,17.5));
#5751=CARTESIAN_POINT('',(17.5,-4.75,17.5));
#5752=CARTESIAN_POINT('',(19.5,-4.75,17.5));
#5753=CARTESIAN_POINT('Origin',(17.5,0.,17.5));
#5754=CARTESIAN_POINT('Origin',(-2.17613636363636,0.,6.5));
#5755=CARTESIAN_POINT('',(-2.17613636363636,2.85975635713479,5.5));
#5756=CARTESIAN_POINT('Ctrl Pts',(-3.17613636363636,2.7397262992721,6.5));
#5757=CARTESIAN_POINT('Ctrl Pts',(-3.17613636363636,2.73991910740589,6.49842810111429));
#5758=CARTESIAN_POINT('Ctrl Pts',(-3.17613265733719,2.74011189523455,6.49685620182104));
#5759=CARTESIAN_POINT('Ctrl Pts',(-3.17549073322351,2.75680523262287,6.36073239192163));
#5760=CARTESIAN_POINT('Ctrl Pts',(-3.14770567799637,2.77297835910111,6.22759303809346));
#5761=CARTESIAN_POINT('Ctrl Pts',(-3.04283858264742,2.80227954145413,5.9845109709811));
#5762=CARTESIAN_POINT('Ctrl Pts',(-2.96848738882955,2.81522637520853,5.87616717211709));
#5763=CARTESIAN_POINT('Ctrl Pts',(-2.78277933713315,2.83682149811445,5.69456145769158));
#5764=CARTESIAN_POINT('Ctrl Pts',(-2.67345660889866,2.8452965026223,5.62278935799073));
#5765=CARTESIAN_POINT('Ctrl Pts',(-2.4336118370811,2.856810126809,5.52510815258));
#5766=CARTESIAN_POINT('Ctrl Pts',(-2.30551699763293,2.85975635713479,5.5));
#5767=CARTESIAN_POINT('Ctrl Pts',(-2.17613636363636,2.8597563571348,5.5));
#5768=CARTESIAN_POINT('',(-2.17613636363636,-2.85975635713479,5.5));
#5769=CARTESIAN_POINT('',(-2.17613636363636,0.,5.5));
#5770=CARTESIAN_POINT('Ctrl Pts',(-2.17613636363636,-2.8597563571348,5.5));
#5771=CARTESIAN_POINT('Ctrl Pts',(-2.30551699763294,-2.85975635713479,5.5));
#5772=CARTESIAN_POINT('Ctrl Pts',(-2.43361183708111,-2.85681012680901,5.52510815258));
#5773=CARTESIAN_POINT('Ctrl Pts',(-2.67345660889866,-2.84529650262231,5.62278935799074));
#5774=CARTESIAN_POINT('Ctrl Pts',(-2.78277933713315,-2.83682149811446,5.69456145769158));
#5775=CARTESIAN_POINT('Ctrl Pts',(-2.96848738882955,-2.81522637520853,5.87616717211709));
#5776=CARTESIAN_POINT('Ctrl Pts',(-3.04283858264742,-2.80227954145413,5.98451097098111));
#5777=CARTESIAN_POINT('Ctrl Pts',(-3.14770567799634,-2.77297835910112,6.22759303809339));
#5778=CARTESIAN_POINT('Ctrl Pts',(-3.17549073322351,-2.75680523262292,6.36073239192123));
#5779=CARTESIAN_POINT('Ctrl Pts',(-3.17613265733719,-2.74011189523456,6.49685620182105));
#5780=CARTESIAN_POINT('Ctrl Pts',(-3.17613636363636,-2.73991910740588,6.49842810111428));
#5781=CARTESIAN_POINT('Ctrl Pts',(-3.17613636363636,-2.7397262992721,6.5));
#5782=CARTESIAN_POINT('Origin',(18.5,-9.,46.375));
#5783=CARTESIAN_POINT('',(18.5,-10.,59.));
#5784=CARTESIAN_POINT('Origin',(18.5,-9.,59.));
#5785=CARTESIAN_POINT('',(18.5,-10.,10.276551625285));
#5786=CARTESIAN_POINT('',(18.5,-10.,46.375));
#5787=CARTESIAN_POINT('Ctrl Pts',(18.5,-10.,10.276551625285));
#5788=CARTESIAN_POINT('Ctrl Pts',(18.6242675442725,-10.,10.276551625285));
#5789=CARTESIAN_POINT('Ctrl Pts',(18.7470254520801,-9.97684127310464,10.2840304421046));
#5790=CARTESIAN_POINT('Ctrl Pts',(18.9800323981168,-9.88632707168028,10.3133919496498));
#5791=CARTESIAN_POINT('Ctrl Pts',(19.0871764097315,-9.81896862649172,10.3352827997809));
#5792=CARTESIAN_POINT('Ctrl Pts',(19.2747023995465,-9.64572496341288,10.3919875768948));
#5793=CARTESIAN_POINT('Ctrl Pts',(19.3515310034893,-9.53981364666669,10.4268351769339));
#5794=CARTESIAN_POINT('Ctrl Pts',(19.4366115567872,-9.35778457151414,10.4872841940568));
#5795=CARTESIAN_POINT('Ctrl Pts',(19.4599530398519,-9.28924668556839,10.5101469776162));
#5796=CARTESIAN_POINT('Ctrl Pts',(19.4915517264491,-9.14850815207325,10.5573415831951));
#5797=CARTESIAN_POINT('Ctrl Pts',(19.4996656498854,-9.07656397981501,10.5815889431917));
#5798=CARTESIAN_POINT('Ctrl Pts',(19.4999966264311,-9.00299937987683,10.6065165645685));
#5799=CARTESIAN_POINT('Ctrl Pts',(19.5,-9.00149968195328,10.6070247986323));
#5800=CARTESIAN_POINT('Ctrl Pts',(19.5,-9.,10.607533083509));
#5801=CARTESIAN_POINT('Origin',(-2.17613636363636,9.,19.625));
#5802=CARTESIAN_POINT('',(-2.17613636363636,10.,59.));
#5803=CARTESIAN_POINT('Origin',(-2.17613636363636,9.,59.));
#5804=CARTESIAN_POINT('',(-2.17613636363636,10.,10.276551625285));
#5805=CARTESIAN_POINT('',(-2.17613636363636,10.,19.625));
#5806=CARTESIAN_POINT('Ctrl Pts',(-2.17613636363636,10.,10.276551625285));
#5807=CARTESIAN_POINT('Ctrl Pts',(-2.30040390790885,10.,10.276551625285));
#5808=CARTESIAN_POINT('Ctrl Pts',(-2.42316181571644,9.97684127310465,10.2840304421046));
#5809=CARTESIAN_POINT('Ctrl Pts',(-2.65616876175322,9.88632707168028,10.3133919496498));
#5810=CARTESIAN_POINT('Ctrl Pts',(-2.76331277336791,9.81896862649171,10.3352827997809));
#5811=CARTESIAN_POINT('Ctrl Pts',(-2.95083876318287,9.64572496341289,10.3919875768948));
#5812=CARTESIAN_POINT('Ctrl Pts',(-3.02766736712563,9.5398136466667,10.4268351769339));
#5813=CARTESIAN_POINT('Ctrl Pts',(-3.1127479204236,9.35778457151407,10.4872841940568));
#5814=CARTESIAN_POINT('Ctrl Pts',(-3.1360894034883,9.28924668556824,10.5101469776162));
#5815=CARTESIAN_POINT('Ctrl Pts',(-3.16768809008817,9.14850815206135,10.5573415831991));
#5816=CARTESIAN_POINT('Ctrl Pts',(-3.17580201352206,9.07656397974671,10.5815889431996));
#5817=CARTESIAN_POINT('Ctrl Pts',(-3.17613299006741,9.00299937988032,10.6065165645687));
#5818=CARTESIAN_POINT('Ctrl Pts',(-3.17613636363636,9.00149968195002,10.6070247986335));
#5819=CARTESIAN_POINT('Ctrl Pts',(-3.17613636363636,9.,10.607533083509));
#5820=CARTESIAN_POINT('Origin',(-0.176136363636362,9.,59.));
#5821=CARTESIAN_POINT('',(-0.176136363636362,10.,61.));
#5822=CARTESIAN_POINT('Origin',(-0.176136363636362,9.,61.));
#5823=CARTESIAN_POINT('Origin',(-0.176136363636362,10.,59.));
#5824=CARTESIAN_POINT('Origin',(-0.176136363636362,9.,59.));
#5825=CARTESIAN_POINT('Origin',(3.99289772727273,9.,61.));
#5826=CARTESIAN_POINT('',(16.5,10.,61.));
#5827=CARTESIAN_POINT('Origin',(16.5,9.,61.));
#5828=CARTESIAN_POINT('',(3.99289772727273,10.,61.));
#5829=CARTESIAN_POINT('Origin',(16.5,9.,59.));
#5830=CARTESIAN_POINT('',(18.5,10.,59.));
#5831=CARTESIAN_POINT('Origin',(18.5,9.,59.));
#5832=CARTESIAN_POINT('Origin',(16.5,10.,59.));
#5833=CARTESIAN_POINT('Origin',(16.5,9.,59.));
#5834=CARTESIAN_POINT('Origin',(18.5,9.,46.375));
#5835=CARTESIAN_POINT('',(18.5,10.,10.276551625285));
#5836=CARTESIAN_POINT('',(18.5,10.,46.375));
#5837=CARTESIAN_POINT('Ctrl Pts',(19.5,9.,10.607533083509));
#5838=CARTESIAN_POINT('Ctrl Pts',(19.5,9.00149968195326,10.6070247986323));
#5839=CARTESIAN_POINT('Ctrl Pts',(19.4999966264311,9.00299937987685,10.6065165645685));
#5840=CARTESIAN_POINT('Ctrl Pts',(19.4996656498854,9.07656397981481,10.5815889431917));
#5841=CARTESIAN_POINT('Ctrl Pts',(19.4915517264492,9.14850815207323,10.5573415831951));
#5842=CARTESIAN_POINT('Ctrl Pts',(19.4599530398519,9.2892466855684,10.5101469776162));
#5843=CARTESIAN_POINT('Ctrl Pts',(19.4366115567872,9.35778457151414,10.4872841940568));
#5844=CARTESIAN_POINT('Ctrl Pts',(19.3515310034893,9.53981364666669,10.4268351769339));
#5845=CARTESIAN_POINT('Ctrl Pts',(19.2747023995465,9.64572496341289,10.3919875768948));
#5846=CARTESIAN_POINT('Ctrl Pts',(19.0871764097315,9.81896862649173,10.3352827997809));
#5847=CARTESIAN_POINT('Ctrl Pts',(18.9800323981168,9.88632707168028,10.3133919496498));
#5848=CARTESIAN_POINT('Ctrl Pts',(18.7470254520801,9.97684127310464,10.2840304421046));
#5849=CARTESIAN_POINT('Ctrl Pts',(18.6242675442725,10.,10.276551625285));
#5850=CARTESIAN_POINT('Ctrl Pts',(18.5,10.,10.276551625285));
#5851=CARTESIAN_POINT('Origin',(18.5,0.,17.5));
#5852=CARTESIAN_POINT('',(18.5,2.85975635713479,5.5));
#5853=CARTESIAN_POINT('Ctrl Pts',(19.5,2.7397262992721,6.5));
#5854=CARTESIAN_POINT('Ctrl Pts',(19.5,2.73991910740627,6.49842810111112));
#5855=CARTESIAN_POINT('Ctrl Pts',(19.4999962937008,2.74011189523802,6.49685620182464));
#5856=CARTESIAN_POINT('Ctrl Pts',(19.4993543695866,2.75680523255879,6.36073239178731));
#5857=CARTESIAN_POINT('Ctrl Pts',(19.4715693143504,2.77297835910382,6.22759303807121));
#5858=CARTESIAN_POINT('Ctrl Pts',(19.3667022190111,2.80227954145415,5.98451097098111));
#5859=CARTESIAN_POINT('Ctrl Pts',(19.2923510251932,2.81522637520855,5.87616717211709));
#5860=CARTESIAN_POINT('Ctrl Pts',(19.1066429734968,2.83682149811447,5.69456145769158));
#5861=CARTESIAN_POINT('Ctrl Pts',(18.9973202452623,2.84529650262231,5.62278935799073));
#5862=CARTESIAN_POINT('Ctrl Pts',(18.7574754734447,2.85681012680901,5.52510815258));
#5863=CARTESIAN_POINT('Ctrl Pts',(18.6293806339966,2.8597563571348,5.5));
#5864=CARTESIAN_POINT('Ctrl Pts',(18.5,2.8597563571348,5.5));
#5865=CARTESIAN_POINT('Origin',(18.5,0.,17.5));
#5866=CARTESIAN_POINT('Origin',(18.5,0.,6.5));
#5867=CARTESIAN_POINT('',(18.5,-2.85975635713479,5.5));
#5868=CARTESIAN_POINT('',(18.5,0.,5.5));
#5869=CARTESIAN_POINT('Ctrl Pts',(19.5,-2.73972629927211,6.5));
#5870=CARTESIAN_POINT('Ctrl Pts',(19.5,-2.73991910740628,6.49842810111113));
#5871=CARTESIAN_POINT('Ctrl Pts',(19.4999962937008,-2.74011189523802,6.49685620182463));
#5872=CARTESIAN_POINT('Ctrl Pts',(19.4993543695866,-2.75680523255878,6.36073239178731));
#5873=CARTESIAN_POINT('Ctrl Pts',(19.4715693143504,-2.77297835910382,6.22759303807121));
#5874=CARTESIAN_POINT('Ctrl Pts',(19.3667022190111,-2.80227954145415,5.98451097098111));
#5875=CARTESIAN_POINT('Ctrl Pts',(19.2923510251932,-2.81522637520855,5.87616717211709));
#5876=CARTESIAN_POINT('Ctrl Pts',(19.1066429734968,-2.83682149811447,5.69456145769158));
#5877=CARTESIAN_POINT('Ctrl Pts',(18.9973202452623,-2.84529650262232,5.62278935799073));
#5878=CARTESIAN_POINT('Ctrl Pts',(18.7574754734447,-2.85681012680902,5.52510815258));
#5879=CARTESIAN_POINT('Ctrl Pts',(18.6293806339966,-2.85975635713479,5.5));
#5880=CARTESIAN_POINT('Ctrl Pts',(18.5,-2.85975635713479,5.5));
#5881=CARTESIAN_POINT('Origin',(18.5,0.,17.5));
#5882=CARTESIAN_POINT('Origin',(18.5,0.,17.5));
#5883=CARTESIAN_POINT('Origin',(-2.17613636363636,0.,17.5));
#5884=CARTESIAN_POINT('Origin',(-2.17613636363636,0.,17.5));
#5885=CARTESIAN_POINT('Origin',(16.5,-9.,59.));
#5886=CARTESIAN_POINT('',(16.5,-10.,61.));
#5887=CARTESIAN_POINT('Origin',(16.5,-9.,61.));
#5888=CARTESIAN_POINT('Origin',(16.5,-10.,59.));
#5889=CARTESIAN_POINT('Origin',(16.5,-9.,59.));
#5890=CARTESIAN_POINT('Origin',(3.99289772727273,-9.,61.));
#5891=CARTESIAN_POINT('',(-0.176136363636361,-10.,61.));
#5892=CARTESIAN_POINT('Origin',(-0.176136363636361,-9.,61.));
#5893=CARTESIAN_POINT('',(3.99289772727273,-10.,61.));
#5894=CARTESIAN_POINT('Origin',(-0.176136363636362,-9.,59.));
#5895=CARTESIAN_POINT('',(-2.17613636363636,-10.,59.));
#5896=CARTESIAN_POINT('Origin',(-2.17613636363636,-9.,59.));
#5897=CARTESIAN_POINT('Origin',(-0.176136363636362,-10.,59.));
#5898=CARTESIAN_POINT('Origin',(-0.176136363636362,-9.,59.));
#5899=CARTESIAN_POINT('Origin',(-2.17613636363636,-9.,19.625));
#5900=CARTESIAN_POINT('',(-2.17613636363636,-10.,10.276551625285));
#5901=CARTESIAN_POINT('',(-2.17613636363636,-10.,19.625));
#5902=CARTESIAN_POINT('Ctrl Pts',(-3.17613636363636,-9.,10.607533083509));
#5903=CARTESIAN_POINT('Ctrl Pts',(-3.17613636363636,-9.00149968195001,10.6070247986334));
#5904=CARTESIAN_POINT('Ctrl Pts',(-3.17613299006741,-9.00299937988032,10.6065165645687));
#5905=CARTESIAN_POINT('Ctrl Pts',(-3.17580201352206,-9.07656397974671,10.5815889431996));
#5906=CARTESIAN_POINT('Ctrl Pts',(-3.16768809008817,-9.14850815206135,10.5573415831991));
#5907=CARTESIAN_POINT('Ctrl Pts',(-3.1360894034883,-9.28924668556824,10.5101469776162));
#5908=CARTESIAN_POINT('Ctrl Pts',(-3.1127479204236,-9.35778457151407,10.4872841940568));
#5909=CARTESIAN_POINT('Ctrl Pts',(-3.02766736712563,-9.5398136466667,10.4268351769339));
#5910=CARTESIAN_POINT('Ctrl Pts',(-2.95083876318287,-9.64572496341289,10.3919875768948));
#5911=CARTESIAN_POINT('Ctrl Pts',(-2.76331277336791,-9.81896862649172,10.3352827997809));
#5912=CARTESIAN_POINT('Ctrl Pts',(-2.65616876175322,-9.88632707168028,10.3133919496498));
#5913=CARTESIAN_POINT('Ctrl Pts',(-2.42316181571645,-9.97684127310464,10.2840304421046));
#5914=CARTESIAN_POINT('Ctrl Pts',(-2.30040390790886,-10.,10.276551625285));
#5915=CARTESIAN_POINT('Ctrl Pts',(-2.17613636363636,-10.,10.276551625285));
#5916=CARTESIAN_POINT('Origin',(-2.17613636363636,0.,17.5));
#5917=CARTESIAN_POINT('Origin',(-2.17613636363636,0.,17.5));
#5918=CARTESIAN_POINT('Origin',(8.16193181818182,-10.,33.75));
#5919=CARTESIAN_POINT('',(-1.17613636363636,-10.,10.276551625285));
#5920=CARTESIAN_POINT('',(19.5,-10.,10.276551625285));
#5921=CARTESIAN_POINT('',(-1.17613636363636,-10.,59.));
#5922=CARTESIAN_POINT('',(-1.17613636363636,-10.,59.));
#5923=CARTESIAN_POINT('',(-0.176136363636361,-10.,60.));
#5924=CARTESIAN_POINT('Origin',(-0.176136363636362,-10.,59.));
#5925=CARTESIAN_POINT('',(16.5,-10.,60.));
#5926=CARTESIAN_POINT('',(16.5,-10.,60.));
#5927=CARTESIAN_POINT('',(17.5,-10.,59.));
#5928=CARTESIAN_POINT('Origin',(16.5,-10.,59.));
#5929=CARTESIAN_POINT('',(17.5,-10.,10.276551625285));
#5930=CARTESIAN_POINT('',(17.5,-10.,17.5));
#5931=CARTESIAN_POINT('',(19.5,-10.,10.276551625285));
#5932=CARTESIAN_POINT('Origin',(19.5,0.,17.5));
#5933=CARTESIAN_POINT('',(-1.17613636363636,-2.85975635713479,5.5));
#5934=CARTESIAN_POINT('',(19.5,-2.85975635713479,5.5));
#5935=CARTESIAN_POINT('Origin',(-1.17613636363636,0.,17.5));
#5936=CARTESIAN_POINT('Origin',(-1.17613636363636,0.,5.5));
#5937=CARTESIAN_POINT('',(-1.17613636363636,2.85975635713482,5.5));
#5938=CARTESIAN_POINT('',(19.5,2.85975635713479,5.5));
#5939=CARTESIAN_POINT('',(-1.17613636363636,0.,5.5));
#5940=CARTESIAN_POINT('Origin',(19.5,0.,17.5));
#5941=CARTESIAN_POINT('',(-1.17613636363636,10.,10.276551625285));
#5942=CARTESIAN_POINT('',(19.5,10.,10.276551625285));
#5943=CARTESIAN_POINT('Origin',(-1.17613636363636,0.,17.5));
#5944=CARTESIAN_POINT('Origin',(19.5,0.,17.5));
#5945=CARTESIAN_POINT('',(17.5,2.85975635713482,5.5));
#5946=CARTESIAN_POINT('',(19.5,2.85975635713479,5.5));
#5947=CARTESIAN_POINT('',(17.5,10.,10.276551625285));
#5948=CARTESIAN_POINT('Origin',(17.5,0.,17.5));
#5949=CARTESIAN_POINT('',(19.5,10.,10.276551625285));
#5950=CARTESIAN_POINT('Origin',(19.5,0.,17.5));
#5951=CARTESIAN_POINT('',(17.5,-2.85975635713479,5.5));
#5952=CARTESIAN_POINT('Origin',(17.5,0.,17.5));
#5953=CARTESIAN_POINT('',(19.5,-2.85975635713479,5.5));
#5954=CARTESIAN_POINT('Origin',(17.5,0.,5.5));
#5955=CARTESIAN_POINT('',(17.5,0.,5.5));
#5956=CARTESIAN_POINT('',(17.5,10.,59.));
#5957=CARTESIAN_POINT('',(17.5,0.,59.));
#5958=CARTESIAN_POINT('',(17.5,10.,17.5));
#5959=CARTESIAN_POINT('Origin',(19.5,0.,5.5));
#5960=CARTESIAN_POINT('Origin',(16.5,0.,59.));
#5961=CARTESIAN_POINT('Origin',(-0.176136363636362,0.,59.));
#5962=CARTESIAN_POINT('Origin',(-1.17613636363636,0.,59.));
#5963=CARTESIAN_POINT('',(-1.17613636363636,10.,59.));
#5964=CARTESIAN_POINT('',(-1.17613636363636,10.,59.));
#5965=CARTESIAN_POINT('',(-1.17613636363636,0.,59.));
#5966=CARTESIAN_POINT('Origin',(-0.176136363636362,0.,59.));
#5967=CARTESIAN_POINT('',(-0.176136363636361,10.,60.));
#5968=CARTESIAN_POINT('Origin',(-0.176136363636362,10.,59.));
#5969=CARTESIAN_POINT('',(-0.176136363636362,0.,60.));
#5970=CARTESIAN_POINT('Origin',(16.5,0.,60.));
#5971=CARTESIAN_POINT('',(16.5,10.,60.));
#5972=CARTESIAN_POINT('',(16.5,10.,60.));
#5973=CARTESIAN_POINT('',(16.5,0.,60.));
#5974=CARTESIAN_POINT('Origin',(16.5,0.,59.));
#5975=CARTESIAN_POINT('Origin',(16.5,10.,59.));
#5976=CARTESIAN_POINT('Origin',(8.16193181818182,10.,33.75));
#5977=CARTESIAN_POINT('Origin',(8.,0.,78.5));
#5978=CARTESIAN_POINT('',(8.,-2.44948974278318,67.));
#5979=CARTESIAN_POINT('',(8.,-3.06161699786838E-16,69.));
#5980=CARTESIAN_POINT('Origin',(8.,3.26311457627254E-31,66.5));
#5981=CARTESIAN_POINT('',(14.260818549662,-2.24801704543691,67.));
#5982=CARTESIAN_POINT('Ctrl Pts',(14.2608185104254,-2.24801705456539,67.));
#5983=CARTESIAN_POINT('Ctrl Pts',(13.3609017806866,-2.45738468023742,67.));
#5984=CARTESIAN_POINT('Ctrl Pts',(12.3170887418492,-2.5,67.));
#5985=CARTESIAN_POINT('Ctrl Pts',(11.1080649330129,-2.5,67.));
#5986=CARTESIAN_POINT('Ctrl Pts',(10.7243977810294,-2.49395058640573,67.));
#5987=CARTESIAN_POINT('Ctrl Pts',(9.65325798024041,-2.47180299626317,67.));
#5988=CARTESIAN_POINT('Ctrl Pts',(8.75160637819535,-2.44948974278318,67.));
#5989=CARTESIAN_POINT('Ctrl Pts',(8.,-2.44948974278318,67.));
#5990=CARTESIAN_POINT('',(14.260818549662,2.2480170454369,67.));
#5991=CARTESIAN_POINT('Ctrl Pts',(14.2608185495657,2.24801704545932,67.));
#5992=CARTESIAN_POINT('Ctrl Pts',(14.3657599658151,2.2236021912881,67.0000000000074));
#5993=CARTESIAN_POINT('Ctrl Pts',(14.4692187380841,2.19180628698841,66.9878441748393));
#5994=CARTESIAN_POINT('Ctrl Pts',(14.7091173203783,2.09450454834047,66.9352837433257));
#5995=CARTESIAN_POINT('Ctrl Pts',(14.8379478735432,2.02204383656587,66.8864156680786));
#5996=CARTESIAN_POINT('Ctrl Pts',(15.0944915728841,1.82242742565718,66.7562280648704));
#5997=CARTESIAN_POINT('Ctrl Pts',(15.2105308034069,1.69073883985161,66.6729712167489));
#5998=CARTESIAN_POINT('Ctrl Pts',(15.4200359490303,1.35172752671961,66.4909704105939));
#5999=CARTESIAN_POINT('Ctrl Pts',(15.5020347990669,1.13459125559823,66.3927957995388));
#6000=CARTESIAN_POINT('Ctrl Pts',(15.6178332712101,0.618531706474686,66.2333472301833));
#6001=CARTESIAN_POINT('Ctrl Pts',(15.6475035747878,0.308422358543559,66.1763286613558));
#6002=CARTESIAN_POINT('Ctrl Pts',(15.6436620577037,-0.37189556131047,66.1831131037236));
#6003=CARTESIAN_POINT('Ctrl Pts',(15.6091846053735,-0.692625282312648,66.2491557854387));
#6004=CARTESIAN_POINT('Ctrl Pts',(15.4684587133874,-1.23898158263952,66.4341141198441));
#6005=CARTESIAN_POINT('Ctrl Pts',(15.365909351296,-1.47050155853135,66.5490517555799));
#6006=CARTESIAN_POINT('Ctrl Pts',(15.0982393605281,-1.82177101480271,66.7529290377878));
#6007=CARTESIAN_POINT('Ctrl Pts',(14.9550335236339,-1.94573861353105,66.8373456071037));
#6008=CARTESIAN_POINT('Ctrl Pts',(14.6624020417828,-2.11796392097949,66.9485660580875));
#6009=CARTESIAN_POINT('Ctrl Pts',(14.5197500276071,-2.17702145750887,66.9841875173599));
#6010=CARTESIAN_POINT('Ctrl Pts',(14.3318409748106,-2.23060079347412,66.9985988613943));
#6011=CARTESIAN_POINT('Ctrl Pts',(14.2964373193663,-2.23973025936033,67.0000000000183));
#6012=CARTESIAN_POINT('Ctrl Pts',(14.2608185489628,-2.24801704559958,67.));
#6013=CARTESIAN_POINT('',(8.,2.44948974278318,67.));
#6014=CARTESIAN_POINT('Ctrl Pts',(8.,2.44948974278318,67.));
#6015=CARTESIAN_POINT('Ctrl Pts',(8.75160637819535,2.44948974278318,67.));
#6016=CARTESIAN_POINT('Ctrl Pts',(9.65325798024041,2.47180299626317,67.));
#6017=CARTESIAN_POINT('Ctrl Pts',(10.7243977810294,2.49395058640573,67.));
#6018=CARTESIAN_POINT('Ctrl Pts',(11.1080649330129,2.5,67.));
#6019=CARTESIAN_POINT('Ctrl Pts',(12.3170887418492,2.5,67.));
#6020=CARTESIAN_POINT('Ctrl Pts',(13.3609017806866,2.45738468023742,67.));
#6021=CARTESIAN_POINT('Ctrl Pts',(14.2608185104254,2.24801705456538,67.));
#6022=CARTESIAN_POINT('Origin',(8.,3.26311457627254E-31,66.5));
#6023=CARTESIAN_POINT('Origin',(8.,-3.06161699786838E-16,78.5));
#6024=CARTESIAN_POINT('',(2.09034931393891,2.32075114869548,67.));
#6025=CARTESIAN_POINT('Ctrl Pts',(2.09034931393891,2.32075114869549,67.));
#6026=CARTESIAN_POINT('Ctrl Pts',(2.90296265882293,2.46952219061151,67.));
#6027=CARTESIAN_POINT('Ctrl Pts',(3.79646107899675,2.5,67.));
#6028=CARTESIAN_POINT('Ctrl Pts',(4.89193506698708,2.5,67.));
#6029=CARTESIAN_POINT('Ctrl Pts',(5.27560221897058,2.49395058640573,67.));
#6030=CARTESIAN_POINT('Ctrl Pts',(6.34674201975959,2.47180299626317,67.));
#6031=CARTESIAN_POINT('Ctrl Pts',(7.24839362180464,2.44948974278318,67.));
#6032=CARTESIAN_POINT('Ctrl Pts',(8.,2.44948974278318,67.));
#6033=CARTESIAN_POINT('',(0.664041550709441,0.177880681758903,66.));
#6034=CARTESIAN_POINT('Ctrl Pts',(0.664041550709441,0.177880681758903,66.));
#6035=CARTESIAN_POINT('Ctrl Pts',(0.670573081475983,0.453192764453349,66.0189379145337));
#6036=CARTESIAN_POINT('Ctrl Pts',(0.691796489170615,0.706554914760333,66.0805315527989));
#6037=CARTESIAN_POINT('Ctrl Pts',(0.783534849661333,1.20584896642882,66.2588287885998));
#6038=CARTESIAN_POINT('Ctrl Pts',(0.866649892440543,1.45004505439395,66.3895300177964));
#6039=CARTESIAN_POINT('Ctrl Pts',(1.10650676716812,1.82396823896003,66.632547963702));
#6040=CARTESIAN_POINT('Ctrl Pts',(1.23947380847114,1.95603910803485,66.7364628934671));
#6041=CARTESIAN_POINT('Ctrl Pts',(1.52707074546932,2.14549963238225,66.8899858763866));
#6042=CARTESIAN_POINT('Ctrl Pts',(1.67497521778913,2.21155475752582,66.9460166527307));
#6043=CARTESIAN_POINT('Ctrl Pts',(1.91961649665559,2.28510854098467,66.9916602225241));
#6044=CARTESIAN_POINT('Ctrl Pts',(2.00458230878152,2.30504915863907,67.0000000001359));
#6045=CARTESIAN_POINT('Ctrl Pts',(2.09034931603805,2.32075114907979,67.));
#6046=CARTESIAN_POINT('',(0.664041550709438,-0.17788068175878,66.));
#6047=CARTESIAN_POINT('Ctrl Pts',(0.664041550709439,-0.177880681758781,
66.));
#6048=CARTESIAN_POINT('Ctrl Pts',(0.662638174500258,-0.118726642565886,
65.9959309663143));
#6049=CARTESIAN_POINT('Ctrl Pts',(0.661931818181821,-0.0593930880590393,
65.9938912782997));
#6050=CARTESIAN_POINT('Ctrl Pts',(0.661931818181821,1.62937845034476E-15,
65.9938912782997));
#6051=CARTESIAN_POINT('Ctrl Pts',(0.661931818181821,0.0594542235137094,
65.9938912782997));
#6052=CARTESIAN_POINT('Ctrl Pts',(0.662639595528317,0.118786540652414,65.9959350865288));
#6053=CARTESIAN_POINT('Ctrl Pts',(0.664041550709441,0.177880681758905,66.));
#6054=CARTESIAN_POINT('',(2.09034931393891,-2.32075114869548,67.));
#6055=CARTESIAN_POINT('Ctrl Pts',(2.09034931393891,-2.32075114869548,67.));
#6056=CARTESIAN_POINT('Ctrl Pts',(1.96917786883207,-2.29856740995614,67.));
#6057=CARTESIAN_POINT('Ctrl Pts',(1.84682124696271,-2.26752584957,66.9833050871608));
#6058=CARTESIAN_POINT('Ctrl Pts',(1.58701774791999,-2.17250917135425,66.9138731309013));
#6059=CARTESIAN_POINT('Ctrl Pts',(1.45906828415385,-2.10653366029959,66.857844586645));
#6060=CARTESIAN_POINT('Ctrl Pts',(1.20707028484038,-1.92401181664331,66.7115096409156));
#6061=CARTESIAN_POINT('Ctrl Pts',(1.0944359435903,-1.80338901102297,66.6195972150894));
#6062=CARTESIAN_POINT('Ctrl Pts',(0.891520443307531,-1.49089529314835,66.4155789417669));
#6063=CARTESIAN_POINT('Ctrl Pts',(0.813305873362523,-1.29012949465714,66.3039164466779));
#6064=CARTESIAN_POINT('Ctrl Pts',(0.721999472510577,-0.897901286450976,
66.1438012265284));
#6065=CARTESIAN_POINT('Ctrl Pts',(0.698048992496457,-0.724115046481826,
66.0887830913903));
#6066=CARTESIAN_POINT('Ctrl Pts',(0.6729542101346,-0.423938259463976,66.0258055386025));
#6067=CARTESIAN_POINT('Ctrl Pts',(0.666971149602336,-0.301366890659419,
66.0084942558544));
#6068=CARTESIAN_POINT('Ctrl Pts',(0.664041550709365,-0.177880681755719,
65.9999999999998));
#6069=CARTESIAN_POINT('Ctrl Pts',(8.,-2.44948974278318,67.));
#6070=CARTESIAN_POINT('Ctrl Pts',(7.24839362180464,-2.44948974278318,67.));
#6071=CARTESIAN_POINT('Ctrl Pts',(6.34674201975959,-2.47180299626317,67.));
#6072=CARTESIAN_POINT('Ctrl Pts',(5.27560221897058,-2.49395058640573,67.));
#6073=CARTESIAN_POINT('Ctrl Pts',(4.89193506698708,-2.5,67.));
#6074=CARTESIAN_POINT('Ctrl Pts',(3.79646107899675,-2.5,67.));
#6075=CARTESIAN_POINT('Ctrl Pts',(2.90296265882293,-2.46952219061151,67.));
#6076=CARTESIAN_POINT('Ctrl Pts',(2.09034931393891,-2.32075114869548,67.));
#6077=CARTESIAN_POINT('Origin',(8.16193181818182,0.,62.));
#6078=CARTESIAN_POINT('',(1.66193181818182,-7.96020419445779E-16,62.));
#6079=CARTESIAN_POINT('Origin',(8.16193181818182,0.,62.));
#6080=CARTESIAN_POINT('Origin',(8.16193181818182,0.,63.));
#6081=CARTESIAN_POINT('',(15.6619318181818,-9.18485099360515E-16,63.));
#6082=CARTESIAN_POINT('',(0.661931818181818,-9.18485099360515E-16,63.));
#6083=CARTESIAN_POINT('Origin',(8.16193181818182,0.,63.));
#6084=CARTESIAN_POINT('Origin',(1.66193181818182,-7.96020419445779E-16,
63.));
#6085=CARTESIAN_POINT('Origin',(8.16193181818182,0.,63.));
#6086=CARTESIAN_POINT('Origin',(8.16193181818182,0.,67.));
#6087=CARTESIAN_POINT('Origin',(8.16193181818182,0.,67.));
#6088=CARTESIAN_POINT('Origin',(8.16193181818182,0.,67.));
#6089=CARTESIAN_POINT('Origin',(8.16193181818182,0.,67.));
#6090=CARTESIAN_POINT('Origin',(8.16193181818182,0.,66.));
#6091=CARTESIAN_POINT('',(15.6619318181818,9.18485099360515E-16,66.));
#6092=CARTESIAN_POINT('Origin',(8.16193181818182,0.,66.));
#6093=CARTESIAN_POINT('Origin',(8.16193181818182,0.,66.));
#6094=CARTESIAN_POINT('Origin',(8.16193181818182,0.,62.));
#6095=CARTESIAN_POINT('',(15.6619318181818,9.18485099360515E-16,62.));
#6096=CARTESIAN_POINT('',(20.64992,0.,17.5));
#6097=CARTESIAN_POINT('',(-4.15008,0.,17.5));
#6098=CARTESIAN_POINT('',(21.8,0.,17.5));
#6099=CARTESIAN_POINT('',(-5.55000000000001,0.,17.5));
#6100=CARTESIAN_POINT('',(8.,9.18861341181485E-17,62.25));
#6101=CARTESIAN_POINT('',(-0.850080000000001,0.,17.5));
#6102=CARTESIAN_POINT('',(16.64992,0.,17.5));
#6103=UNCERTAINTY_MEASURE_WITH_UNIT(LENGTH_MEASURE(0.01),#6113,
'DISTANCE_ACCURACY_VALUE',
'Maximum model space distance between geometric entities at asserted c
onnectivities');
#6104=UNCERTAINTY_MEASURE_WITH_UNIT(LENGTH_MEASURE(0.01),#6113,
'DISTANCE_ACCURACY_VALUE',
'Maximum model space distance between geometric entities at asserted c
onnectivities');
#6105=UNCERTAINTY_MEASURE_WITH_UNIT(LENGTH_MEASURE(0.01),#6113,
'DISTANCE_ACCURACY_VALUE',
'Maximum model space distance between geometric entities at asserted c
onnectivities');
#6106=UNCERTAINTY_MEASURE_WITH_UNIT(LENGTH_MEASURE(0.01),#6113,
'DISTANCE_ACCURACY_VALUE',
'Maximum model space distance between geometric entities at asserted c
onnectivities');
#6107=UNCERTAINTY_MEASURE_WITH_UNIT(LENGTH_MEASURE(0.01),#6113,
'DISTANCE_ACCURACY_VALUE',
'Maximum model space distance between geometric entities at asserted c
onnectivities');
#6108=(
GEOMETRIC_REPRESENTATION_CONTEXT(3)
GLOBAL_UNCERTAINTY_ASSIGNED_CONTEXT((#6103))
GLOBAL_UNIT_ASSIGNED_CONTEXT((#6113,#6115,#6116))
REPRESENTATION_CONTEXT('','3D')
);
#6109=(
GEOMETRIC_REPRESENTATION_CONTEXT(3)
GLOBAL_UNCERTAINTY_ASSIGNED_CONTEXT((#6104))
GLOBAL_UNIT_ASSIGNED_CONTEXT((#6113,#6115,#6116))
REPRESENTATION_CONTEXT('','3D')
);
#6110=(
GEOMETRIC_REPRESENTATION_CONTEXT(3)
GLOBAL_UNCERTAINTY_ASSIGNED_CONTEXT((#6105))
GLOBAL_UNIT_ASSIGNED_CONTEXT((#6113,#6115,#6116))
REPRESENTATION_CONTEXT('','3D')
);
#6111=(
GEOMETRIC_REPRESENTATION_CONTEXT(3)
GLOBAL_UNCERTAINTY_ASSIGNED_CONTEXT((#6106))
GLOBAL_UNIT_ASSIGNED_CONTEXT((#6113,#6115,#6116))
REPRESENTATION_CONTEXT('','3D')
);
#6112=(
GEOMETRIC_REPRESENTATION_CONTEXT(3)
GLOBAL_UNCERTAINTY_ASSIGNED_CONTEXT((#6107))
GLOBAL_UNIT_ASSIGNED_CONTEXT((#6113,#6115,#6116))
REPRESENTATION_CONTEXT('','3D')
);
#6113=(
LENGTH_UNIT()
NAMED_UNIT(*)
SI_UNIT(.MILLI.,.METRE.)
);
#6114=(
LENGTH_UNIT()
NAMED_UNIT(*)
SI_UNIT($,.METRE.)
);
#6115=(
NAMED_UNIT(*)
PLANE_ANGLE_UNIT()
SI_UNIT($,.RADIAN.)
);
#6116=(
NAMED_UNIT(*)
SI_UNIT($,.STERADIAN.)
SOLID_ANGLE_UNIT()
);
#6117=SHAPE_DEFINITION_REPRESENTATION(#6121,#6132);
#6118=SHAPE_DEFINITION_REPRESENTATION(#6122,#6133);
#6119=SHAPE_DEFINITION_REPRESENTATION(#6123,#6134);
#6120=SHAPE_DEFINITION_REPRESENTATION(#6124,#6135);
#6121=PRODUCT_DEFINITION_SHAPE('',$,#6137);
#6122=PRODUCT_DEFINITION_SHAPE('',$,#6138);
#6123=PRODUCT_DEFINITION_SHAPE('',$,#6139);
#6124=PRODUCT_DEFINITION_SHAPE('',$,#6140);
#6125=PRODUCT_DEFINITION_SHAPE($,$,#32);
#6126=PRODUCT_DEFINITION_SHAPE($,$,#33);
#6127=PRODUCT_DEFINITION_SHAPE($,$,#34);
#6128=PRODUCT_DEFINITION_SHAPE($,$,#35);
#6129=PRODUCT_DEFINITION_SHAPE($,$,#36);
#6130=PRODUCT_DEFINITION_SHAPE($,$,#37);
#6131=PRODUCT_DEFINITION_SHAPE($,$,#38);
#6132=SHAPE_REPRESENTATION('',(#2528,#2854,#2855,#2856,#2857,#2858,#2859,
#2860),#6108);
#6133=SHAPE_REPRESENTATION('',(#2529),#6109);
#6134=SHAPE_REPRESENTATION('',(#2658),#6110);
#6135=SHAPE_REPRESENTATION('',(#2707),#6111);
#6136=PRODUCT_DEFINITION_CONTEXT('part definition',#6150,'design');
#6137=PRODUCT_DEFINITION('carrucola sospesa','carrucola sospesa v3',#6141,
#6136);
#6138=PRODUCT_DEFINITION('90967A160_External Retaining Ring',
'90967A160_External Retaining Ring',#6142,#6136);
#6139=PRODUCT_DEFINITION(
'91287A081_18-8 Stainless Steel Hex Head Screw',
'91287A081_18-8 Stainless Steel Hex Head Screw',#6143,#6136);
#6140=PRODUCT_DEFINITION(
'98689A117_General Purpose 18-8 Stainless Steel Washer',
'98689A117_General Purpose 18-8 Stainless Steel Washer',#6144,#6136);
#6141=PRODUCT_DEFINITION_FORMATION('',$,#6152);
#6142=PRODUCT_DEFINITION_FORMATION('',$,#6153);
#6143=PRODUCT_DEFINITION_FORMATION('',$,#6154);
#6144=PRODUCT_DEFINITION_FORMATION('',$,#6155);
#6145=PRODUCT_RELATED_PRODUCT_CATEGORY('carrucola sospesa v3',
'carrucola sospesa v3',(#6152));
#6146=PRODUCT_RELATED_PRODUCT_CATEGORY(
'90967A160_External Retaining Ring','90967A160_External Retaining Ring',
(#6153));
#6147=PRODUCT_RELATED_PRODUCT_CATEGORY(
'91287A081_18-8 Stainless Steel Hex Head Screw',
'91287A081_18-8 Stainless Steel Hex Head Screw',(#6154));
#6148=PRODUCT_RELATED_PRODUCT_CATEGORY(
'98689A117_General Purpose 18-8 Stainless Steel Washer',
'98689A117_General Purpose 18-8 Stainless Steel Washer',(#6155));
#6149=APPLICATION_PROTOCOL_DEFINITION('international standard',
'automotive_design',2009,#6150);
#6150=APPLICATION_CONTEXT(
'Core Data for Automotive Mechanical Design Process');
#6151=PRODUCT_CONTEXT('part definition',#6150,'mechanical');
#6152=PRODUCT('carrucola sospesa','carrucola sospesa v3',$,(#6151));
#6153=PRODUCT('90967A160_External Retaining Ring',
'90967A160_External Retaining Ring',$,(#6151));
#6154=PRODUCT('91287A081_18-8 Stainless Steel Hex Head Screw',
'91287A081_18-8 Stainless Steel Hex Head Screw',$,(#6151));
#6155=PRODUCT('98689A117_General Purpose 18-8 Stainless Steel Washer',
'98689A117_General Purpose 18-8 Stainless Steel Washer',$,(#6151));
#6156=PRESENTATION_STYLE_ASSIGNMENT((#6157));
#6157=SURFACE_STYLE_USAGE(.BOTH.,#6158);
#6158=SURFACE_SIDE_STYLE('',(#6159));
#6159=SURFACE_STYLE_FILL_AREA(#6160);
#6160=FILL_AREA_STYLE('Acciaio - Satinato',(#6161));
#6161=FILL_AREA_STYLE_COLOUR('Acciaio - Satinato',#6162);
#6162=COLOUR_RGB('Acciaio - Satinato',0.627450980392157,0.627450980392157,
0.627450980392157);
ENDSEC;
END-ISO-10303-21;
