timestamp_s,id,x_m,y_m,z_m,roll_deg,pitch_deg,yaw_deg,xE_m,yE_m,zE_m,rollE_deg,pitchE_deg,yawE_deg
1761141721.690847,0,-0.026050,0.003492,1.150401,4.858,-0.496,-84.730,-0.026050,0.003492,1.150401,4.858,-0.496,-84.730
1761141721.791051,0,-0.025953,0.003509,1.150356,4.972,-0.474,-84.735,-0.025953,0.003509,1.150356,4.972,-0.474,-84.735
1761141721.882637,0,-0.025800,0.003512,1.150099,5.144,-0.467,-84.732,-0.025800,0.003512,1.150099,5.144,-0.467,-84.732
1761141721.964052,0,-0.025787,0.003524,1.150131,5.176,-0.433,-84.730,-0.025787,0.003524,1.150131,5.176,-0.433,-84.730
1761141722.043328,0,-0.025708,0.003528,1.149980,5.273,-0.454,-84.727,-0.025708,0.003528,1.149980,5.273,-0.454,-84.727
1761141722.122504,0,-0.025669,0.003545,1.150040,5.173,-0.432,-84.725,-0.025669,0.003545,1.150040,5.173,-0.432,-84.725
1761141722.199311,0,-0.025610,0.003545,1.150031,5.347,-0.489,-84.721,-0.025610,0.003545,1.150031,5.347,-0.489,-84.721
1761141722.286732,0,-0.025560,0.003549,1.149975,5.276,-0.490,-84.727,-0.025560,0.003549,1.149975,5.276,-0.490,-84.727
1761141722.389490,0,-0.025512,0.003562,1.149821,5.374,-0.490,-84.729,-0.025512,0.003562,1.149821,5.374,-0.490,-84.729
1761141722.492980,0,-0.025467,0.003643,1.146552,5.291,-0.365,-84.722,-0.025467,0.003643,1.146552,5.291,-0.365,-84.722
1761141722.585776,0,-0.025398,0.003571,1.151404,5.554,-0.567,-84.728,-0.025398,0.003571,1.151404,5.554,-0.567,-84.728
1761141733.881345,0,0.030404,-0.012697,1.149683,4.827,-0.900,-87.259,0.030404,-0.012697,1.149683,4.827,-0.900,-87.259
1761141733.964624,0,0.030174,-0.012617,1.150177,2.442,-0.251,-87.350,0.030174,-0.012617,1.150177,2.442,-0.251,-87.350
1761141734.043485,0,0.030259,-0.012622,1.150161,2.582,-0.319,-87.340,0.030259,-0.012622,1.150161,2.582,-0.319,-87.340
1761141734.120522,0,0.030301,-0.012604,1.150088,2.546,-0.263,-87.341,0.030301,-0.012604,1.150088,2.546,-0.263,-87.341
1761141734.218129,0,0.030376,-0.012582,1.149939,2.815,-0.249,-87.322,0.030376,-0.012582,1.149939,2.815,-0.249,-87.322
1761141734.308340,0,0.030425,-0.012586,1.149852,2.687,-0.393,-87.318,0.030425,-0.012586,1.149852,2.687,-0.393,-87.318
1761141734.398898,0,0.030538,-0.012569,1.149602,2.974,-0.454,-87.312,0.030538,-0.012569,1.149602,2.974,-0.454,-87.312
1761141734.489010,0,0.030543,-0.012495,1.149676,3.155,-0.404,-87.300,0.030543,-0.012495,1.149676,3.155,-0.404,-87.300
1761141734.594902,0,0.030582,-0.012462,1.149509,3.158,-0.433,-87.291,0.030582,-0.012462,1.149509,3.158,-0.433,-87.291
1761141734.691910,0,0.030649,-0.012429,1.149166,3.364,-0.482,-87.270,0.030649,-0.012429,1.149166,3.364,-0.482,-87.270
1761141734.788256,0,0.030699,-0.012424,1.149129,3.290,-0.643,-87.260,0.030699,-0.012424,1.149129,3.290,-0.643,-87.260
1761141734.890618,0,0.030759,-0.012398,1.149140,3.335,-0.742,-87.245,0.030759,-0.012398,1.149140,3.335,-0.742,-87.245
1761141734.982661,0,0.030886,-0.012368,1.148972,3.570,-0.688,-87.243,0.030886,-0.012368,1.148972,3.570,-0.688,-87.243
1761141735.083895,0,0.030950,-0.012346,1.148963,3.559,-0.646,-87.243,0.030950,-0.012346,1.148963,3.559,-0.646,-87.243
1761141735.168735,0,0.031001,-0.012352,1.148809,3.705,-0.689,-87.246,0.031001,-0.012352,1.148809,3.705,-0.689,-87.246
1761141735.256486,0,0.031008,-0.012330,1.148757,3.538,-0.639,-87.231,0.031008,-0.012330,1.148757,3.538,-0.639,-87.231
1761141735.343014,0,0.031045,-0.012330,1.148685,3.641,-0.601,-87.237,0.031045,-0.012330,1.148685,3.641,-0.601,-87.237
1761141735.415035,0,0.031078,-0.012333,1.148876,3.589,-0.594,-87.236,0.031078,-0.012333,1.148876,3.589,-0.594,-87.236
1761141735.488755,0,0.031131,-0.012335,1.148872,3.757,-0.576,-87.227,0.031131,-0.012335,1.148872,3.757,-0.576,-87.227
1761141735.579389,0,0.031153,-0.012334,1.149014,3.668,-0.455,-87.229,0.031153,-0.012334,1.149014,3.668,-0.455,-87.229
1761141735.648408,0,0.031178,-0.012356,1.148756,3.667,-0.598,-87.232,0.031178,-0.012356,1.148756,3.667,-0.598,-87.232
1761141735.729263,0,0.031181,-0.012357,1.148747,3.730,-0.639,-87.232,0.031181,-0.012357,1.148747,3.730,-0.639,-87.232
1761141735.814332,0,0.031210,-0.012339,1.148573,3.694,-0.577,-87.228,0.031210,-0.012339,1.148573,3.694,-0.577,-87.228
1761141735.880375,0,0.031211,-0.012366,1.148680,3.747,-0.621,-87.235,0.031211,-0.012366,1.148680,3.747,-0.621,-87.235
1761141735.947985,0,0.031215,-0.012351,1.148640,3.715,-0.502,-87.218,0.031215,-0.012351,1.148640,3.715,-0.502,-87.218
1761141736.015311,0,0.031231,-0.012365,1.148355,3.763,-0.596,-87.228,0.031231,-0.012365,1.148355,3.763,-0.596,-87.228
1761141736.085187,0,0.031209,-0.012332,1.148490,3.667,-0.452,-87.225,0.031209,-0.012332,1.148490,3.667,-0.452,-87.225
1761141736.153886,0,0.031236,-0.012325,1.148193,3.846,-0.396,-87.220,0.031236,-0.012325,1.148193,3.846,-0.396,-87.220
1761141736.221001,0,0.031242,-0.012341,1.147791,3.873,-0.631,-87.228,0.031242,-0.012341,1.147791,3.873,-0.631,-87.228
1761141736.282843,0,0.031218,-0.012354,1.148720,3.872,-0.466,-87.224,0.031218,-0.012354,1.148720,3.872,-0.466,-87.224
1761141736.349923,0,0.031243,-0.012360,1.152750,4.094,-0.383,-87.208,0.031243,-0.012360,1.152750,4.094,-0.383,-87.208
1761141736.419706,0,0.031273,-0.012317,1.146380,4.021,-0.437,-87.204,0.031273,-0.012317,1.146380,4.021,-0.437,-87.204
1761141736.481897,0,0.031234,-0.012347,1.150055,4.043,-0.550,-87.212,0.031234,-0.012347,1.150055,4.043,-0.550,-87.212
1761141736.552128,0,0.031278,-0.012342,1.150014,4.005,-0.542,-87.217,0.031278,-0.012342,1.150014,4.005,-0.542,-87.217
1761141736.620629,0,0.031282,-0.012332,1.149984,4.044,-0.549,-87.196,0.031282,-0.012332,1.149984,4.044,-0.549,-87.196
1761141736.696235,0,0.031285,-0.012331,1.150071,4.024,-0.599,-87.202,0.031285,-0.012331,1.150071,4.024,-0.599,-87.202
1761141736.769328,0,0.031324,-0.012333,1.150038,4.047,-0.674,-87.209,0.031324,-0.012333,1.150038,4.047,-0.674,-87.209
1761141736.837524,0,0.031339,-0.012317,1.150327,3.934,-0.615,-87.193,0.031339,-0.012317,1.150327,3.934,-0.615,-87.193
1761141736.896379,0,0.031368,-0.012288,1.150274,4.067,-0.410,-87.185,0.031368,-0.012288,1.150274,4.067,-0.410,-87.185
1761141736.963954,0,0.031394,-0.012316,1.150249,4.020,-0.672,-87.206,0.031394,-0.012316,1.150249,4.020,-0.672,-87.206
1761141737.049974,0,0.031394,-0.012308,1.150203,4.115,-0.617,-87.202,0.031394,-0.012308,1.150203,4.115,-0.617,-87.202
1761141737.130721,0,0.031422,-0.012301,1.150220,4.050,-0.589,-87.191,0.031422,-0.012301,1.150220,4.050,-0.589,-87.191
1761141737.212442,0,0.031412,-0.012302,1.150321,4.001,-0.604,-87.193,0.031412,-0.012302,1.150321,4.001,-0.604,-87.193
1761141737.283500,0,0.031417,-0.012291,1.150345,4.039,-0.577,-87.195,0.031417,-0.012291,1.150345,4.039,-0.577,-87.195
1761141737.366069,0,0.031445,-0.012284,1.150314,4.138,-0.579,-87.196,0.031445,-0.012284,1.150314,4.138,-0.579,-87.196
1761141737.444150,0,0.031432,-0.012292,1.150418,4.026,-0.590,-87.188,0.031432,-0.012292,1.150418,4.026,-0.590,-87.188
1761141737.515974,0,0.031455,-0.012297,1.149509,4.060,-0.895,-87.202,0.031455,-0.012297,1.149509,4.060,-0.895,-87.202
1761141737.593235,0,0.031529,-0.012266,1.153847,4.204,-0.248,-87.186,0.031529,-0.012266,1.153847,4.204,-0.248,-87.186
1761141737.662840,0,0.031528,-0.012242,1.145586,3.976,-0.990,-87.202,0.031528,-0.012242,1.145586,3.976,-0.990,-87.202
1761141737.733616,0,0.031494,-0.012279,1.149465,4.165,-0.228,-87.176,0.031494,-0.012279,1.149465,4.165,-0.228,-87.176
1761141737.803070,0,0.031513,-0.012264,1.153037,4.231,-0.367,-87.189,0.031513,-0.012264,1.153037,4.231,-0.367,-87.189
1761141737.876790,0,0.031505,-0.012320,1.152762,4.270,-0.670,-87.204,0.031505,-0.012320,1.152762,4.270,-0.670,-87.204
1761141737.941343,0,0.031490,-0.012271,1.152881,4.201,-0.386,-87.188,0.031490,-0.012271,1.152881,4.201,-0.386,-87.188
1761141738.010972,0,0.031507,-0.012269,1.152552,4.378,-0.405,-87.185,0.031507,-0.012269,1.152552,4.378,-0.405,-87.185
1761141738.085068,0,0.031509,-0.012299,1.152721,4.261,-0.456,-87.189,0.031509,-0.012299,1.152721,4.261,-0.456,-87.189
1761141738.154255,0,0.031522,-0.012281,1.152668,4.324,-0.349,-87.179,0.031522,-0.012281,1.152668,4.324,-0.349,-87.179
1761141738.219293,0,0.031542,-0.012281,1.152343,4.452,-0.438,-87.188,0.031542,-0.012281,1.152343,4.452,-0.438,-87.188
1761141738.286147,0,0.031546,-0.012297,1.152420,4.326,-0.496,-87.195,0.031546,-0.012297,1.152420,4.326,-0.496,-87.195
1761141738.356297,0,0.031552,-0.012271,1.152458,4.322,-0.406,-87.179,0.031552,-0.012271,1.152458,4.322,-0.406,-87.179
1761141738.431894,0,0.031537,-0.012296,1.152274,4.364,-0.543,-87.186,0.031537,-0.012296,1.152274,4.364,-0.543,-87.186
1761141738.499454,0,0.031555,-0.012294,1.152255,4.418,-0.484,-87.195,0.031555,-0.012294,1.152255,4.418,-0.484,-87.195
1761141738.569237,0,0.031545,-0.012298,1.152336,4.374,-0.506,-87.183,0.031545,-0.012298,1.152336,4.374,-0.506,-87.183
1761141738.638852,0,0.031577,-0.012285,1.152271,4.458,-0.491,-87.188,0.031577,-0.012285,1.152271,4.458,-0.491,-87.188
1761141738.710278,0,0.031582,-0.012277,1.152398,4.409,-0.425,-87.181,0.031582,-0.012277,1.152398,4.409,-0.425,-87.181
1761141738.778965,0,0.031560,-0.012260,1.152447,4.285,-0.385,-87.178,0.031560,-0.012260,1.152447,4.285,-0.385,-87.178
1761141738.855187,0,0.031588,-0.012286,1.152335,4.380,-0.581,-87.198,0.031588,-0.012286,1.152335,4.380,-0.581,-87.198
1761141738.928587,0,0.031615,-0.012265,1.152537,4.449,-0.435,-87.187,0.031615,-0.012265,1.152537,4.449,-0.435,-87.187
1761141739.000208,0,0.031573,-0.012218,1.152618,4.380,-0.413,-87.173,0.031573,-0.012218,1.152618,4.380,-0.413,-87.173
1761141739.076350,0,0.031604,-0.012244,1.152647,4.349,-0.573,-87.194,0.031604,-0.012244,1.152647,4.349,-0.573,-87.194
1761141739.141903,0,0.031633,-0.012219,1.152730,4.387,-0.455,-87.183,0.031633,-0.012219,1.152730,4.387,-0.455,-87.183
1761141739.212862,0,0.031618,-0.012215,1.152907,4.242,-0.429,-87.184,0.031618,-0.012215,1.152907,4.242,-0.429,-87.184
1761141739.279851,0,0.031688,-0.012212,1.152509,4.397,-0.527,-87.191,0.031688,-0.012212,1.152509,4.397,-0.527,-87.191
1761141739.346615,0,0.031629,-0.012202,1.153049,4.393,-0.447,-87.187,0.031629,-0.012202,1.153049,4.393,-0.447,-87.187
1761141739.418718,0,0.031658,-0.012220,1.148542,4.344,-0.411,-87.173,0.031658,-0.012220,1.148542,4.344,-0.411,-87.173
1761141739.496189,0,0.031719,-0.012209,1.152956,4.477,-0.346,-87.173,0.031719,-0.012209,1.152956,4.477,-0.346,-87.173
1761141739.567625,0,0.031735,-0.012177,1.155362,4.299,-0.642,-87.186,0.031735,-0.012177,1.155362,4.299,-0.642,-87.186
1761141739.637047,0,0.031706,-0.012199,1.148098,4.284,-0.792,-87.189,0.031706,-0.012199,1.148098,4.284,-0.792,-87.189
1761141739.712041,0,0.031752,-0.012178,1.145924,4.231,-0.883,-87.194,0.031752,-0.012178,1.145924,4.231,-0.883,-87.194
1761141739.781956,0,0.031815,-0.012098,1.144365,4.210,-0.705,-87.174,0.031815,-0.012098,1.144365,4.210,-0.705,-87.174
1761141739.840373,0,0.031711,-0.012210,1.147868,4.260,-0.630,-87.178,0.031711,-0.012210,1.147868,4.260,-0.630,-87.178
1761141739.927433,0,0.031705,-0.012235,1.147874,4.220,-0.766,-87.182,0.031705,-0.012235,1.147874,4.220,-0.766,-87.182
1761141740.011112,0,0.031713,-0.012210,1.147740,4.319,-0.712,-87.179,0.031713,-0.012210,1.147740,4.319,-0.712,-87.179
1761141740.107839,0,0.031721,-0.012210,1.147806,4.182,-0.702,-87.179,0.031721,-0.012210,1.147806,4.182,-0.702,-87.179
1761141740.201220,0,0.031710,-0.012213,1.147667,4.345,-0.723,-87.174,0.031710,-0.012213,1.147667,4.345,-0.723,-87.174
1761141740.296192,0,0.031728,-0.012207,1.147612,4.188,-0.675,-87.176,0.031728,-0.012207,1.147612,4.188,-0.675,-87.176
1761141740.385357,0,0.031712,-0.012234,1.147639,4.344,-0.793,-87.186,0.031712,-0.012234,1.147639,4.344,-0.793,-87.186
1761141740.478108,0,0.031732,-0.012229,1.147420,4.409,-0.789,-87.175,0.031732,-0.012229,1.147420,4.409,-0.789,-87.175
1761141740.566091,0,0.031716,-0.012201,1.147529,4.297,-0.703,-87.178,0.031716,-0.012201,1.147529,4.297,-0.703,-87.178
1761141740.652946,0,0.031740,-0.012191,1.147509,4.345,-0.681,-87.178,0.031740,-0.012191,1.147509,4.345,-0.681,-87.178
1761141740.747709,0,0.031748,-0.012198,1.147653,4.327,-0.711,-87.179,0.031748,-0.012198,1.147653,4.327,-0.711,-87.179
1761141740.837704,0,0.031777,-0.012209,1.147561,4.301,-0.720,-87.186,0.031777,-0.012209,1.147561,4.301,-0.720,-87.186
1761141740.923831,0,0.031777,-0.012194,1.147613,4.319,-0.678,-87.175,0.031777,-0.012194,1.147613,4.319,-0.678,-87.175
1761141740.995213,0,0.031795,-0.012229,1.147537,4.402,-0.804,-87.184,0.031795,-0.012229,1.147537,4.402,-0.804,-87.184
1761141741.072350,0,0.031790,-0.012196,1.147619,4.366,-0.689,-87.172,0.031790,-0.012196,1.147619,4.366,-0.689,-87.172
1761141741.161768,0,0.031780,-0.012190,1.147647,4.265,-0.689,-87.179,0.031780,-0.012190,1.147647,4.265,-0.689,-87.179
1761141741.251922,0,0.031830,-0.012184,1.147525,4.391,-0.644,-87.171,0.031830,-0.012184,1.147525,4.391,-0.644,-87.171
1761141741.338806,0,0.031819,-0.012194,1.147633,4.360,-0.681,-87.182,0.031819,-0.012194,1.147633,4.360,-0.681,-87.182
1761141741.421882,0,0.031827,-0.012201,1.147624,4.388,-0.738,-87.180,0.031827,-0.012201,1.147624,4.388,-0.738,-87.180
1761141741.509810,0,0.031855,-0.012201,1.147442,4.538,-0.774,-87.182,0.031855,-0.012201,1.147442,4.538,-0.774,-87.182
1761141741.594156,0,0.031847,-0.012203,1.147517,4.419,-0.699,-87.175,0.031847,-0.012203,1.147517,4.419,-0.699,-87.175
1761141741.684362,0,0.031848,-0.012205,1.147651,4.323,-0.726,-87.183,0.031848,-0.012205,1.147651,4.323,-0.726,-87.183
1761141741.767225,0,0.031883,-0.012203,1.147342,4.539,-0.790,-87.186,0.031883,-0.012203,1.147342,4.539,-0.790,-87.186
1761141741.839418,0,0.031887,-0.012192,1.147516,4.468,-0.640,-87.174,0.031887,-0.012192,1.147516,4.468,-0.640,-87.174
1761141741.908938,0,0.031896,-0.012204,1.147422,4.525,-0.741,-87.180,0.031896,-0.012204,1.147422,4.525,-0.741,-87.180
1761141741.983348,0,0.031886,-0.012189,1.147639,4.395,-0.638,-87.171,0.031886,-0.012189,1.147639,4.395,-0.638,-87.171
1761141742.051675,0,0.031910,-0.012191,1.147346,4.494,-0.697,-87.181,0.031910,-0.012191,1.147346,4.494,-0.697,-87.181
1761141742.109002,0,0.031889,-0.012172,1.147493,4.459,-0.599,-87.173,0.031889,-0.012172,1.147493,4.459,-0.599,-87.173
1761141742.168813,0,0.031895,-0.012183,1.147361,4.555,-0.703,-87.174,0.031895,-0.012183,1.147361,4.555,-0.703,-87.174
1761141742.231432,0,0.031902,-0.012178,1.147329,4.509,-0.683,-87.176,0.031902,-0.012178,1.147329,4.509,-0.683,-87.176
1761141742.292463,0,0.031903,-0.012191,1.147288,4.499,-0.729,-87.178,0.031903,-0.012191,1.147288,4.499,-0.729,-87.178
1761141742.356604,0,0.031894,-0.012184,1.147336,4.507,-0.639,-87.168,0.031894,-0.012184,1.147336,4.507,-0.639,-87.168
1761141742.422405,0,0.031955,-0.012176,1.147144,4.589,-0.678,-87.177,0.031955,-0.012176,1.147144,4.589,-0.678,-87.177
1761141742.506102,0,0.031936,-0.012174,1.147181,4.569,-0.648,-87.177,0.031936,-0.012174,1.147181,4.569,-0.648,-87.177
1761141742.576143,0,0.031932,-0.012192,1.147258,4.532,-0.667,-87.178,0.031932,-0.012192,1.147258,4.532,-0.667,-87.178
1761141742.650089,0,0.031946,-0.012196,1.147125,4.599,-0.743,-87.183,0.031946,-0.012196,1.147125,4.599,-0.743,-87.183
1761141742.728643,0,0.031932,-0.012190,1.147104,4.587,-0.739,-87.183,0.031932,-0.012190,1.147104,4.587,-0.739,-87.183
1761141742.825356,0,0.031940,-0.012192,1.147124,4.646,-0.672,-87.180,0.031940,-0.012192,1.147124,4.646,-0.672,-87.180
1761141742.899513,0,0.031951,-0.012197,1.146225,4.358,-0.637,-87.173,0.031951,-0.012197,1.146225,4.358,-0.637,-87.173
1761141742.974003,0,0.031982,-0.012209,1.152356,4.718,-0.381,-87.172,0.031982,-0.012209,1.152356,4.718,-0.381,-87.172
1761141743.080704,0,0.032034,-0.012128,1.144385,4.481,-0.584,-87.162,0.032034,-0.012128,1.144385,4.481,-0.584,-87.162
1761141743.153350,0,0.031939,-0.012198,1.149650,4.520,-0.542,-87.172,0.031939,-0.012198,1.149650,4.520,-0.542,-87.172
1761141743.225982,0,0.031954,-0.012206,1.149633,4.584,-0.570,-87.176,0.031954,-0.012206,1.149633,4.584,-0.570,-87.176
1761141743.293397,0,0.031946,-0.012191,1.149607,4.528,-0.509,-87.178,0.031946,-0.012191,1.149607,4.528,-0.509,-87.178
1761141743.370667,0,0.031931,-0.012205,1.149779,4.474,-0.573,-87.169,0.031931,-0.012205,1.149779,4.474,-0.573,-87.169
1761141743.458076,0,0.031960,-0.012195,1.149656,4.515,-0.578,-87.170,0.031960,-0.012195,1.149656,4.515,-0.578,-87.170
1761141743.542017,0,0.031973,-0.012205,1.149601,4.588,-0.584,-87.174,0.031973,-0.012205,1.149601,4.588,-0.584,-87.174
1761141743.627811,0,0.031957,-0.012201,1.149725,4.494,-0.571,-87.170,0.031957,-0.012201,1.149725,4.494,-0.571,-87.170
1761141743.717016,0,0.031962,-0.012208,1.149717,4.568,-0.556,-87.179,0.031962,-0.012208,1.149717,4.568,-0.556,-87.179
1761141743.782252,0,0.031952,-0.012210,1.149604,4.423,-0.675,-87.175,0.031952,-0.012210,1.149604,4.423,-0.675,-87.175
1761141743.855230,0,0.031961,-0.012198,1.149717,4.519,-0.550,-87.169,0.031961,-0.012198,1.149717,4.519,-0.550,-87.169
1761141743.922821,0,0.031999,-0.012189,1.149486,4.650,-0.508,-87.168,0.031999,-0.012189,1.149486,4.650,-0.508,-87.168
1761141743.991472,0,0.031987,-0.012199,1.149492,4.550,-0.640,-87.175,0.031987,-0.012199,1.149492,4.550,-0.640,-87.175
1761141744.062393,0,0.031999,-0.012184,1.149549,4.562,-0.521,-87.163,0.031999,-0.012184,1.149549,4.562,-0.521,-87.163
1761141744.131054,0,0.031988,-0.012201,1.149581,4.540,-0.656,-87.176,0.031988,-0.012201,1.149581,4.540,-0.656,-87.176
1761141744.341730,0,0.031991,-0.012185,1.149696,4.508,-0.523,-87.160,0.031991,-0.012185,1.149696,4.508,-0.523,-87.160
1761141744.431829,0,0.032005,-0.012192,1.149512,4.605,-0.549,-87.173,0.032005,-0.012192,1.149512,4.605,-0.549,-87.173
1761141744.515490,0,0.031997,-0.012183,1.149638,4.534,-0.502,-87.171,0.031997,-0.012183,1.149638,4.534,-0.502,-87.171
1761141744.589996,0,0.032018,-0.012190,1.149551,4.581,-0.607,-87.167,0.032018,-0.012190,1.149551,4.581,-0.607,-87.167
1761141744.661599,0,0.032014,-0.012191,1.149592,4.518,-0.608,-87.173,0.032014,-0.012191,1.149592,4.518,-0.608,-87.173
1761141744.731843,0,0.032025,-0.012187,1.149520,4.597,-0.571,-87.174,0.032025,-0.012187,1.149520,4.597,-0.571,-87.174
1761141744.794040,0,0.032017,-0.012196,1.149526,4.505,-0.631,-87.167,0.032017,-0.012196,1.149526,4.505,-0.631,-87.167
1761141744.859114,0,0.032019,-0.012189,1.149625,4.517,-0.589,-87.168,0.032019,-0.012189,1.149625,4.517,-0.589,-87.168
1761141744.928646,0,0.032043,-0.012199,1.149488,4.620,-0.619,-87.173,0.032043,-0.012199,1.149488,4.620,-0.619,-87.173
1761141745.005218,0,0.032013,-0.012184,1.149585,4.472,-0.576,-87.168,0.032013,-0.012184,1.149585,4.472,-0.576,-87.168
1761141745.082972,0,0.032025,-0.012196,1.149507,4.619,-0.637,-87.166,0.032025,-0.012196,1.149507,4.619,-0.637,-87.166
1761141745.171302,0,0.032022,-0.012173,1.149515,4.542,-0.496,-87.161,0.032022,-0.012173,1.149515,4.542,-0.496,-87.161
1761141745.243882,0,0.032062,-0.012173,1.149528,4.633,-0.544,-87.163,0.032062,-0.012173,1.149528,4.633,-0.544,-87.163
1761141745.318188,0,0.032060,-0.012186,1.149485,4.657,-0.586,-87.165,0.032060,-0.012186,1.149485,4.657,-0.586,-87.165
1761141745.503129,0,0.032067,-0.012178,1.149414,4.648,-0.580,-87.170,0.032067,-0.012178,1.149414,4.648,-0.580,-87.170
1761141745.579400,0,0.032063,-0.012182,1.149447,4.630,-0.571,-87.164,0.032063,-0.012182,1.149447,4.630,-0.571,-87.164
1761141745.655116,0,0.032058,-0.012193,1.149449,4.606,-0.673,-87.166,0.032058,-0.012193,1.149449,4.606,-0.673,-87.166
1761141745.733440,0,0.032073,-0.012194,1.149389,4.672,-0.632,-87.174,0.032073,-0.012194,1.149389,4.672,-0.632,-87.174
1761141745.810150,0,0.032078,-0.012169,1.149465,4.632,-0.534,-87.169,0.032078,-0.012169,1.149465,4.632,-0.534,-87.169
1761141745.871107,0,0.032065,-0.012197,1.149474,4.587,-0.655,-87.175,0.032065,-0.012197,1.149474,4.587,-0.655,-87.175
1761141745.935923,0,0.032079,-0.012199,1.149349,4.637,-0.638,-87.171,0.032079,-0.012199,1.149349,4.637,-0.638,-87.171
1761141746.005931,0,0.032066,-0.012191,1.149382,4.613,-0.592,-87.169,0.032066,-0.012191,1.149382,4.613,-0.592,-87.169
1761141746.072372,0,0.032101,-0.012170,1.149358,4.694,-0.509,-87.163,0.032101,-0.012170,1.149358,4.694,-0.509,-87.163
1761141746.134718,0,0.032090,-0.012190,1.149372,4.662,-0.662,-87.178,0.032090,-0.012190,1.149372,4.662,-0.662,-87.178
1761141746.210975,0,0.032093,-0.012182,1.149291,4.687,-0.590,-87.171,0.032093,-0.012182,1.149291,4.687,-0.590,-87.171
1761141746.288248,0,0.032101,-0.012174,1.149295,4.771,-0.558,-87.169,0.032101,-0.012174,1.149295,4.771,-0.558,-87.169
1761141746.365906,0,0.032103,-0.012178,1.149259,4.725,-0.586,-87.172,0.032103,-0.012178,1.149259,4.725,-0.586,-87.172
1761141746.442713,0,0.032106,-0.012186,1.149251,4.701,-0.665,-87.168,0.032106,-0.012186,1.149251,4.701,-0.665,-87.168
1761141746.512080,0,0.032104,-0.012179,1.149300,4.703,-0.641,-87.170,0.032104,-0.012179,1.149300,4.703,-0.641,-87.170
1761141746.585955,0,0.032103,-0.012179,1.149348,4.664,-0.599,-87.168,0.032103,-0.012179,1.149348,4.664,-0.599,-87.168
1761141746.667315,0,0.032102,-0.012172,1.149336,4.655,-0.611,-87.173,0.032102,-0.012172,1.149336,4.655,-0.611,-87.173
1761141746.745354,0,0.032106,-0.012189,1.149208,4.722,-0.693,-87.172,0.032106,-0.012189,1.149208,4.722,-0.693,-87.172
1761141746.819993,0,0.032124,-0.012179,1.149346,4.702,-0.647,-87.171,0.032124,-0.012179,1.149346,4.702,-0.647,-87.171
1761141746.908540,0,0.032100,-0.012204,1.149356,4.630,-0.724,-87.175,0.032100,-0.012204,1.149356,4.630,-0.724,-87.175
1761141747.003951,0,0.032149,-0.012173,1.149214,4.757,-0.635,-87.174,0.032149,-0.012173,1.149214,4.757,-0.635,-87.174
1761141747.086556,0,0.032131,-0.012152,1.149208,4.764,-0.464,-87.156,0.032131,-0.012152,1.149208,4.764,-0.464,-87.156
1761141747.181821,0,0.032154,-0.012170,1.149158,4.697,-0.603,-87.168,0.032154,-0.012170,1.149158,4.697,-0.603,-87.168
1761141747.269851,0,0.032142,-0.012182,1.149126,4.793,-0.639,-87.168,0.032142,-0.012182,1.149126,4.793,-0.639,-87.168
1761141747.351469,0,0.032156,-0.012156,1.149176,4.751,-0.507,-87.166,0.032156,-0.012156,1.149176,4.751,-0.507,-87.166
1761141747.430629,0,0.032144,-0.012180,1.149210,4.742,-0.659,-87.169,0.032144,-0.012180,1.149210,4.742,-0.659,-87.169
1761141747.509301,0,0.032144,-0.012178,1.149176,4.791,-0.628,-87.163,0.032144,-0.012178,1.149176,4.791,-0.628,-87.163
1761141747.605044,0,0.032151,-0.012170,1.149194,4.794,-0.588,-87.166,0.032151,-0.012170,1.149194,4.794,-0.588,-87.166
1761141747.673594,0,0.032151,-0.012186,1.149067,4.747,-0.695,-87.165,0.032151,-0.012186,1.149067,4.747,-0.695,-87.165
1761141747.747654,0,0.032149,-0.012172,1.149064,4.788,-0.589,-87.168,0.032149,-0.012172,1.149064,4.788,-0.589,-87.168
1761141747.817218,0,0.032122,-0.012183,1.148993,4.753,-0.655,-87.174,0.032122,-0.012183,1.148993,4.753,-0.655,-87.174
1761141747.908638,0,0.032141,-0.012176,1.148817,4.881,-0.569,-87.171,0.032141,-0.012176,1.148817,4.881,-0.569,-87.171
1761141747.992370,0,0.032118,-0.012178,1.149025,4.694,-0.549,-87.167,0.032118,-0.012178,1.149025,4.694,-0.549,-87.167
1761141748.068001,0,0.032126,-0.012182,1.148867,4.834,-0.595,-87.167,0.032126,-0.012182,1.148867,4.834,-0.595,-87.167
1761141748.143245,0,0.032115,-0.012203,1.148938,4.737,-0.669,-87.176,0.032115,-0.012203,1.148938,4.737,-0.669,-87.176
1761141748.219464,0,0.032142,-0.012184,1.148767,4.788,-0.562,-87.162,0.032142,-0.012184,1.148767,4.788,-0.562,-87.162
1761141748.308542,0,0.032145,-0.012183,1.148838,4.779,-0.594,-87.165,0.032145,-0.012183,1.148838,4.779,-0.594,-87.165
1761141748.384716,0,0.032129,-0.012186,1.148684,4.820,-0.578,-87.163,0.032129,-0.012186,1.148684,4.820,-0.578,-87.163
1761141748.469743,0,0.032123,-0.012176,1.148863,4.692,-0.519,-87.156,0.032123,-0.012176,1.148863,4.692,-0.519,-87.156
1761141748.546872,0,0.032123,-0.012165,1.148898,4.739,-0.507,-87.158,0.032123,-0.012165,1.148898,4.739,-0.507,-87.158
1761141748.627585,0,0.032139,-0.012165,1.148790,4.764,-0.507,-87.157,0.032139,-0.012165,1.148790,4.764,-0.507,-87.157
1761141748.710513,0,0.032151,-0.012167,1.148814,4.791,-0.558,-87.168,0.032151,-0.012167,1.148814,4.791,-0.558,-87.168
1761141748.779758,0,0.032152,-0.012170,1.148903,4.801,-0.517,-87.156,0.032152,-0.012170,1.148903,4.801,-0.517,-87.156
1761141748.848183,0,0.032167,-0.012160,1.148942,4.791,-0.576,-87.159,0.032167,-0.012160,1.148942,4.791,-0.576,-87.159
1761141748.915720,0,0.032176,-0.012165,1.149166,4.757,-0.580,-87.164,0.032176,-0.012165,1.149166,4.757,-0.580,-87.164
1761141748.981838,0,0.032179,-0.012156,1.149158,4.699,-0.562,-87.160,0.032179,-0.012156,1.149158,4.699,-0.562,-87.160
1761141749.050618,0,0.032218,-0.012138,1.148376,4.679,-0.780,-87.164,0.032218,-0.012138,1.148376,4.679,-0.780,-87.164
1761141749.123857,0,0.032249,-0.012122,1.153032,4.713,-0.161,-87.150,0.032249,-0.012122,1.153032,4.713,-0.161,-87.150
1761141749.189260,0,0.032229,-0.012144,1.146974,4.746,-0.914,-87.178,0.032229,-0.012144,1.146974,4.746,-0.914,-87.178
1761141749.274624,0,0.032289,-0.012063,1.143667,4.218,-0.996,-87.164,0.032289,-0.012063,1.143667,4.218,-0.996,-87.164
1761141749.339535,0,0.032231,-0.012140,1.146852,4.662,-0.718,-87.158,0.032231,-0.012140,1.146852,4.662,-0.718,-87.158
1761141749.402251,0,0.032230,-0.012118,1.146959,4.671,-0.609,-87.155,0.032230,-0.012118,1.146959,4.671,-0.609,-87.155
1761141749.465397,0,0.032221,-0.012132,1.146965,4.609,-0.636,-87.164,0.032221,-0.012132,1.146965,4.609,-0.636,-87.164
1761141749.537649,0,0.032231,-0.012153,1.146860,4.676,-0.799,-87.171,0.032231,-0.012153,1.146860,4.676,-0.799,-87.171
1761141749.604097,0,0.032225,-0.012151,1.146987,4.641,-0.755,-87.160,0.032225,-0.012151,1.146987,4.641,-0.755,-87.160
1761141749.672921,0,0.032234,-0.012128,1.147004,4.684,-0.578,-87.160,0.032234,-0.012128,1.147004,4.684,-0.578,-87.160
1761141749.755877,0,0.032277,-0.012113,1.146946,4.712,-0.542,-87.160,0.032277,-0.012113,1.146946,4.712,-0.542,-87.160
1761141749.819511,0,0.032268,-0.012121,1.146960,4.702,-0.584,-87.162,0.032268,-0.012121,1.146960,4.702,-0.584,-87.162
1761141749.885834,0,0.032273,-0.012130,1.146881,4.736,-0.577,-87.165,0.032273,-0.012130,1.146881,4.736,-0.577,-87.165
1761141749.960140,0,0.032276,-0.012139,1.146824,4.740,-0.634,-87.164,0.032276,-0.012139,1.146824,4.740,-0.634,-87.164
1761141750.032379,0,0.032259,-0.012139,1.146793,4.674,-0.647,-87.166,0.032259,-0.012139,1.146793,4.674,-0.647,-87.166
1761141750.103536,0,0.032266,-0.012152,1.146862,4.642,-0.661,-87.161,0.032266,-0.012152,1.146862,4.642,-0.661,-87.161
1761141750.175483,0,0.032270,-0.012142,1.146826,4.727,-0.607,-87.162,0.032270,-0.012142,1.146826,4.727,-0.607,-87.162
1761141750.238225,0,0.032278,-0.012151,1.146772,4.773,-0.702,-87.165,0.032278,-0.012151,1.146772,4.773,-0.702,-87.165
1761141750.312394,0,0.032272,-0.012145,1.146760,4.742,-0.636,-87.163,0.032272,-0.012145,1.146760,4.742,-0.636,-87.163
1761141750.379769,0,0.032269,-0.012154,1.146805,4.685,-0.675,-87.158,0.032269,-0.012154,1.146805,4.685,-0.675,-87.158
1761141750.439368,0,0.032272,-0.012151,1.146823,4.733,-0.724,-87.168,0.032272,-0.012151,1.146823,4.733,-0.724,-87.168
1761141750.506282,0,0.032287,-0.012139,1.146737,4.755,-0.598,-87.162,0.032287,-0.012139,1.146737,4.755,-0.598,-87.162
1761141750.589623,0,0.032273,-0.012156,1.146830,4.654,-0.734,-87.167,0.032273,-0.012156,1.146830,4.654,-0.734,-87.167
1761141750.651655,0,0.032271,-0.012124,1.146880,4.669,-0.545,-87.155,0.032271,-0.012124,1.146880,4.669,-0.545,-87.155
1761141750.721181,0,0.032282,-0.012149,1.146880,4.690,-0.678,-87.164,0.032282,-0.012149,1.146880,4.690,-0.678,-87.164
1761141750.795793,0,0.032296,-0.012131,1.146765,4.727,-0.643,-87.163,0.032296,-0.012131,1.146765,4.727,-0.643,-87.163
1761141750.863223,0,0.032298,-0.012130,1.146874,4.683,-0.600,-87.167,0.032298,-0.012130,1.146874,4.683,-0.600,-87.167
1761141750.922845,0,0.032305,-0.012152,1.146669,4.757,-0.693,-87.166,0.032305,-0.012152,1.146669,4.757,-0.693,-87.166
1761141750.991707,0,0.032293,-0.012131,1.146788,4.678,-0.591,-87.165,0.032293,-0.012131,1.146788,4.678,-0.591,-87.165
1761141751.059215,0,0.032289,-0.012132,1.146756,4.657,-0.624,-87.163,0.032289,-0.012132,1.146756,4.657,-0.624,-87.163
1761141751.125554,0,0.032302,-0.012140,1.146812,4.663,-0.622,-87.165,0.032302,-0.012140,1.146812,4.663,-0.622,-87.165
1761141751.193527,0,0.032297,-0.012144,1.146761,4.697,-0.689,-87.160,0.032297,-0.012144,1.146761,4.697,-0.689,-87.160
1761141751.255917,0,0.032296,-0.012133,1.146787,4.699,-0.635,-87.162,0.032296,-0.012133,1.146787,4.699,-0.635,-87.162
1761141751.321814,0,0.032290,-0.012142,1.146755,4.695,-0.726,-87.175,0.032290,-0.012142,1.146755,4.695,-0.726,-87.175
1761141751.393198,0,0.032286,-0.012143,1.146726,4.642,-0.690,-87.158,0.032286,-0.012143,1.146726,4.642,-0.690,-87.158
1761141751.456780,0,0.032307,-0.012118,1.146771,4.713,-0.619,-87.160,0.032307,-0.012118,1.146771,4.713,-0.619,-87.160
1761141751.528173,0,0.032314,-0.012115,1.146729,4.797,-0.613,-87.164,0.032314,-0.012115,1.146729,4.797,-0.613,-87.164
1761141751.585143,0,0.032304,-0.012156,1.146652,4.739,-0.766,-87.167,0.032304,-0.012156,1.146652,4.739,-0.766,-87.167
1761141751.658106,0,0.032282,-0.012135,1.146835,4.641,-0.670,-87.171,0.032282,-0.012135,1.146835,4.641,-0.670,-87.171
1761141751.726711,0,0.032301,-0.012140,1.146739,4.650,-0.684,-87.160,0.032301,-0.012140,1.146739,4.650,-0.684,-87.160
1761141751.797252,0,0.032322,-0.012125,1.146612,4.718,-0.654,-87.164,0.032322,-0.012125,1.146612,4.718,-0.654,-87.164
1761141751.865081,0,0.032327,-0.012137,1.146603,4.704,-0.673,-87.163,0.032327,-0.012137,1.146603,4.704,-0.673,-87.163
1761141751.932152,0,0.032311,-0.012146,1.146512,4.753,-0.722,-87.170,0.032311,-0.012146,1.146512,4.753,-0.722,-87.170
1761141751.994876,0,0.032310,-0.012139,1.146500,4.735,-0.709,-87.169,0.032310,-0.012139,1.146500,4.735,-0.709,-87.169
1761141752.064131,0,0.032308,-0.012138,1.146507,4.739,-0.722,-87.167,0.032308,-0.012138,1.146507,4.739,-0.722,-87.167
1761141752.127393,0,0.032314,-0.012132,1.146421,4.789,-0.690,-87.163,0.032314,-0.012132,1.146421,4.789,-0.690,-87.163
1761141752.192225,0,0.032303,-0.012135,1.146314,4.750,-0.738,-87.170,0.032303,-0.012135,1.146314,4.750,-0.738,-87.170
1761141862.475661,0,0.018001,-0.003074,1.148967,-0.054,1.928,89.552,0.018001,-0.003074,1.148967,-0.054,1.928,89.552
1761141862.560035,0,0.018076,-0.003043,1.148728,-0.631,1.755,89.543,0.018076,-0.003043,1.148728,-0.631,1.755,89.543
1761141862.631845,0,0.017685,-0.003042,1.152574,-0.571,1.756,89.555,0.017685,-0.003042,1.152574,-0.571,1.756,89.555
1761141862.721078,0,0.017735,-0.003021,1.151175,-0.299,1.723,89.564,0.017735,-0.003021,1.151175,-0.299,1.723,89.564
1761141862.797516,0,0.017607,-0.003126,1.155385,-0.583,1.602,89.557,0.017607,-0.003126,1.155385,-0.583,1.602,89.557
1761141862.876743,0,0.017618,-0.003133,1.163535,-0.823,1.194,89.553,0.017618,-0.003133,1.163535,-0.823,1.194,89.553
1761141862.953847,0,0.017559,-0.003146,1.159702,-0.460,1.420,89.553,0.017559,-0.003146,1.159702,-0.460,1.420,89.553
1761141863.038642,0,0.017586,-0.003158,1.159591,-0.600,1.541,89.554,0.017586,-0.003158,1.159591,-0.600,1.541,89.554
1761141863.117860,0,0.017544,-0.003160,1.159697,-0.391,1.493,89.553,0.017544,-0.003160,1.159697,-0.391,1.493,89.553
1761141863.201431,0,0.017560,-0.003145,1.159661,-0.527,1.457,89.552,0.017560,-0.003145,1.159661,-0.527,1.457,89.552
1761141863.279594,0,0.017562,-0.003151,1.159642,-0.519,1.503,89.550,0.017562,-0.003151,1.159642,-0.519,1.503,89.550
1761141863.335898,0,0.017549,-0.003150,1.159698,-0.482,1.479,89.553,0.017549,-0.003150,1.159698,-0.482,1.479,89.553
1761141863.401202,0,0.017559,-0.003153,1.159583,-0.519,1.471,89.549,0.017559,-0.003153,1.159583,-0.519,1.471,89.549
1761141863.462523,0,0.017546,-0.003149,1.159634,-0.475,1.447,89.556,0.017546,-0.003149,1.159634,-0.475,1.447,89.556
1761141863.516700,0,0.017551,-0.003136,1.159736,-0.461,1.378,89.546,0.017551,-0.003136,1.159736,-0.461,1.378,89.546
1761141863.579110,0,0.017557,-0.003144,1.159603,-0.544,1.442,89.552,0.017557,-0.003144,1.159603,-0.544,1.442,89.552
1761141863.643438,0,0.017552,-0.003158,1.159614,-0.489,1.513,89.547,0.017552,-0.003158,1.159614,-0.489,1.513,89.547
1761141863.703360,0,0.017549,-0.003145,1.159654,-0.482,1.439,89.552,0.017549,-0.003145,1.159654,-0.482,1.439,89.552
1761141863.764019,0,0.017536,-0.003139,1.159661,-0.377,1.423,89.555,0.017536,-0.003139,1.159661,-0.377,1.423,89.555
1761141863.829829,0,0.017540,-0.003146,1.159632,-0.427,1.420,89.554,0.017540,-0.003146,1.159632,-0.427,1.420,89.554
1761141863.890635,0,0.017550,-0.003166,1.159487,-0.507,1.568,89.548,0.017550,-0.003166,1.159487,-0.507,1.568,89.548
1761141863.948295,0,0.017548,-0.003147,1.159634,-0.503,1.459,89.550,0.017548,-0.003147,1.159634,-0.503,1.459,89.550
1761141864.008404,0,0.017530,-0.003155,1.159576,-0.410,1.542,89.546,0.017530,-0.003155,1.159576,-0.410,1.542,89.546
1761141864.074166,0,0.017543,-0.003138,1.159575,-0.472,1.431,89.552,0.017543,-0.003138,1.159575,-0.472,1.431,89.552
1761141864.133077,0,0.017541,-0.003153,1.159557,-0.508,1.536,89.551,0.017541,-0.003153,1.159557,-0.508,1.536,89.551
1761141864.195482,0,0.017546,-0.003153,1.159611,-0.537,1.493,89.550,0.017546,-0.003153,1.159611,-0.537,1.493,89.550
1761141864.257094,0,0.017540,-0.003134,1.159619,-0.481,1.413,89.552,0.017540,-0.003134,1.159619,-0.481,1.413,89.552
1761141864.316205,0,0.017562,-0.003157,1.159558,-0.579,1.544,89.549,0.017562,-0.003157,1.159558,-0.579,1.544,89.549
1761141864.375576,0,0.017542,-0.003142,1.159607,-0.466,1.470,89.551,0.017542,-0.003142,1.159607,-0.466,1.470,89.551
1761141864.439914,0,0.017538,-0.003156,1.159624,-0.433,1.531,89.547,0.017538,-0.003156,1.159624,-0.433,1.531,89.547
1761141864.496184,0,0.017534,-0.003155,1.159612,-0.470,1.553,89.556,0.017534,-0.003155,1.159612,-0.470,1.553,89.556
1761141864.549957,0,0.017543,-0.003160,1.159578,-0.516,1.572,89.555,0.017543,-0.003160,1.159578,-0.516,1.572,89.555
1761141864.617112,0,0.017536,-0.003164,1.159530,-0.463,1.588,89.548,0.017536,-0.003164,1.159530,-0.463,1.588,89.548
1761141864.690610,0,0.017539,-0.003159,1.159594,-0.508,1.548,89.549,0.017539,-0.003159,1.159594,-0.508,1.548,89.549
1761141864.749895,0,0.017529,-0.003147,1.159619,-0.437,1.482,89.554,0.017529,-0.003147,1.159619,-0.437,1.482,89.554
1761141864.810055,0,0.017551,-0.003153,1.159554,-0.554,1.499,89.553,0.017551,-0.003153,1.159554,-0.554,1.499,89.553
1761141864.876504,0,0.017535,-0.003134,1.159614,-0.496,1.462,89.550,0.017535,-0.003134,1.159614,-0.496,1.462,89.550
1761141864.935621,0,0.017528,-0.003156,1.159558,-0.444,1.567,89.550,0.017528,-0.003156,1.159558,-0.444,1.567,89.550
1761141864.994919,0,0.017545,-0.003129,1.159627,-0.514,1.412,89.552,0.017545,-0.003129,1.159627,-0.514,1.412,89.552
1761141865.052846,0,0.017539,-0.003139,1.159615,-0.548,1.475,89.556,0.017539,-0.003139,1.159615,-0.548,1.475,89.556
1761141865.116112,0,0.017537,-0.003139,1.159616,-0.463,1.425,89.550,0.017537,-0.003139,1.159616,-0.463,1.425,89.550
1761141865.185402,0,0.017518,-0.003139,1.159663,-0.490,1.457,89.556,0.017518,-0.003139,1.159663,-0.490,1.457,89.556
1761141865.246203,0,0.017539,-0.003146,1.159573,-0.589,1.498,89.553,0.017539,-0.003146,1.159573,-0.589,1.498,89.553
1761141865.309997,0,0.017530,-0.003149,1.159572,-0.511,1.570,89.552,0.017530,-0.003149,1.159572,-0.511,1.570,89.552
1761141865.363832,0,0.017529,-0.003125,1.159592,-0.529,1.369,89.555,0.017529,-0.003125,1.159592,-0.529,1.369,89.555
1761141865.416951,0,0.017509,-0.003148,1.159640,-0.432,1.512,89.555,0.017509,-0.003148,1.159640,-0.432,1.512,89.555
1761141865.475656,0,0.017516,-0.003128,1.159688,-0.455,1.401,89.552,0.017516,-0.003128,1.159688,-0.455,1.401,89.552
1761141865.537685,0,0.017522,-0.003126,1.159716,-0.497,1.358,89.560,0.017522,-0.003126,1.159716,-0.497,1.358,89.560
1761141865.595475,0,0.017523,-0.003168,1.159625,-0.515,1.591,89.549,0.017523,-0.003168,1.159625,-0.515,1.591,89.549
1761141865.657361,0,0.017511,-0.003149,1.159632,-0.439,1.500,89.545,0.017511,-0.003149,1.159632,-0.439,1.500,89.545
1761141865.722107,0,0.017520,-0.003136,1.159650,-0.535,1.414,89.551,0.017520,-0.003136,1.159650,-0.535,1.414,89.551
1761141865.797122,0,0.017508,-0.003150,1.159597,-0.449,1.524,89.552,0.017508,-0.003150,1.159597,-0.449,1.524,89.552
1761141865.866889,0,0.017517,-0.003159,1.159647,-0.514,1.570,89.545,0.017517,-0.003159,1.159647,-0.514,1.570,89.545
1761141865.945364,0,0.017509,-0.003143,1.159682,-0.482,1.446,89.552,0.017509,-0.003143,1.159682,-0.482,1.446,89.552
1761141866.018181,0,0.017522,-0.003145,1.159674,-0.529,1.508,89.549,0.017522,-0.003145,1.159674,-0.529,1.508,89.549
1761141866.093047,0,0.017526,-0.003133,1.159611,-0.563,1.433,89.553,0.017526,-0.003133,1.159611,-0.563,1.433,89.553
1761141866.165902,0,0.017519,-0.003138,1.159671,-0.480,1.459,89.550,0.017519,-0.003138,1.159671,-0.480,1.459,89.550
1761141866.232640,0,0.017541,-0.003141,1.159620,-0.609,1.535,89.545,0.017541,-0.003141,1.159620,-0.609,1.535,89.545
1761141866.309106,0,0.017501,-0.003149,1.159630,-0.407,1.524,89.549,0.017501,-0.003149,1.159630,-0.407,1.524,89.549
1761141866.382467,0,0.017524,-0.003144,1.159606,-0.536,1.483,89.551,0.017524,-0.003144,1.159606,-0.536,1.483,89.551
1761141866.446306,0,0.017521,-0.003145,1.159546,-0.555,1.533,89.552,0.017521,-0.003145,1.159546,-0.555,1.533,89.552
1761141866.516094,0,0.017518,-0.003148,1.159608,-0.554,1.545,89.551,0.017518,-0.003148,1.159608,-0.554,1.545,89.551
1761141866.601808,0,0.017523,-0.003149,1.159567,-0.516,1.542,89.556,0.017523,-0.003149,1.159567,-0.516,1.542,89.556
1761141866.685058,0,0.017518,-0.003142,1.159645,-0.548,1.492,89.558,0.017518,-0.003142,1.159645,-0.548,1.492,89.558
1761141866.763251,0,0.017531,-0.003133,1.159601,-0.652,1.428,89.553,0.017531,-0.003133,1.159601,-0.652,1.428,89.553
1761141866.840904,0,0.017509,-0.003155,1.159563,-0.492,1.544,89.553,0.017509,-0.003155,1.159563,-0.492,1.544,89.553
1761141866.914173,0,0.017489,-0.003145,1.159674,-0.419,1.491,89.553,0.017489,-0.003145,1.159674,-0.419,1.491,89.553
1761141867.001832,0,0.017508,-0.003157,1.159591,-0.530,1.592,89.552,0.017508,-0.003157,1.159591,-0.530,1.592,89.552
1761141867.059510,0,0.017516,-0.003150,1.159578,-0.518,1.498,89.559,0.017516,-0.003150,1.159578,-0.518,1.498,89.559
1761141867.130875,0,0.017525,-0.003147,1.159535,-0.596,1.497,89.546,0.017525,-0.003147,1.159535,-0.596,1.497,89.546
1761141867.198128,0,0.017508,-0.003144,1.159676,-0.510,1.459,89.552,0.017508,-0.003144,1.159676,-0.510,1.459,89.552
1761141867.262110,0,0.017501,-0.003135,1.159612,-0.488,1.438,89.549,0.017501,-0.003135,1.159612,-0.488,1.438,89.549
1761141867.321265,0,0.017495,-0.003134,1.159680,-0.485,1.401,89.550,0.017495,-0.003134,1.159680,-0.485,1.401,89.550
1761141867.381721,0,0.017506,-0.003152,1.159595,-0.500,1.490,89.549,0.017506,-0.003152,1.159595,-0.500,1.490,89.549
1761141867.435877,0,0.017496,-0.003139,1.159570,-0.485,1.452,89.552,0.017496,-0.003139,1.159570,-0.485,1.452,89.552
1761141867.490681,0,0.017488,-0.003147,1.159626,-0.457,1.525,89.550,0.017488,-0.003147,1.159626,-0.457,1.525,89.550
1761141867.544915,0,0.017511,-0.003134,1.159536,-0.531,1.448,89.548,0.017511,-0.003134,1.159536,-0.531,1.448,89.548
1761141867.613045,0,0.017488,-0.003155,1.159529,-0.515,1.506,89.544,0.017488,-0.003155,1.159529,-0.515,1.506,89.544
1761141867.670885,0,0.017488,-0.003154,1.159599,-0.446,1.576,89.548,0.017488,-0.003154,1.159599,-0.446,1.576,89.548
1761141867.733735,0,0.017484,-0.003147,1.159560,-0.498,1.552,89.551,0.017484,-0.003147,1.159560,-0.498,1.552,89.551
1761141867.796069,0,0.017488,-0.003146,1.159618,-0.439,1.481,89.552,0.017488,-0.003146,1.159618,-0.439,1.481,89.552
1761141867.855857,0,0.017483,-0.003155,1.159626,-0.475,1.546,89.545,0.017483,-0.003155,1.159626,-0.475,1.546,89.545
1761141867.924065,0,0.017499,-0.003159,1.159680,-0.564,1.506,89.548,0.017499,-0.003159,1.159680,-0.564,1.506,89.548
1761141867.992421,0,0.017481,-0.003156,1.159779,-0.468,1.460,89.551,0.017481,-0.003156,1.159779,-0.468,1.460,89.551
1761141868.054913,0,0.017489,-0.003170,1.159682,-0.526,1.542,89.546,0.017489,-0.003170,1.159682,-0.526,1.542,89.546
1761141868.114143,0,0.017487,-0.003160,1.159774,-0.540,1.465,89.551,0.017487,-0.003160,1.159774,-0.540,1.465,89.551
1761141868.171864,0,0.017481,-0.003178,1.159761,-0.513,1.510,89.549,0.017481,-0.003178,1.159761,-0.513,1.510,89.549
1761141868.364778,0,0.017482,-0.003155,1.159800,-0.526,1.417,89.549,0.017482,-0.003155,1.159800,-0.526,1.417,89.549
1761141868.434274,0,0.017483,-0.003186,1.159890,-0.508,1.460,89.549,0.017483,-0.003186,1.159890,-0.508,1.460,89.549
1761141868.491856,0,0.017474,-0.003171,1.159932,-0.495,1.423,89.551,0.017474,-0.003171,1.159932,-0.495,1.423,89.551
1761141868.551695,0,0.017492,-0.003174,1.159835,-0.601,1.404,89.549,0.017492,-0.003174,1.159835,-0.601,1.404,89.549
1761141868.612233,0,0.017478,-0.003166,1.159913,-0.528,1.365,89.550,0.017478,-0.003166,1.159913,-0.528,1.365,89.550
1761141868.676715,0,0.017508,-0.003165,1.159938,-0.665,1.359,89.548,0.017508,-0.003165,1.159938,-0.665,1.359,89.548
1761141868.733002,0,0.017512,-0.003179,1.159801,-0.706,1.455,89.548,0.017512,-0.003179,1.159801,-0.706,1.455,89.548
1761141868.807078,0,0.017494,-0.003187,1.159834,-0.626,1.468,89.544,0.017494,-0.003187,1.159834,-0.626,1.468,89.544
1761141868.883184,0,0.017500,-0.003180,1.159813,-0.601,1.446,89.547,0.017500,-0.003180,1.159813,-0.601,1.446,89.547
1761141868.946274,0,0.017502,-0.003169,1.159784,-0.632,1.428,89.545,0.017502,-0.003169,1.159784,-0.632,1.428,89.545
1761141869.011712,0,0.017505,-0.003182,1.159804,-0.667,1.425,89.554,0.017505,-0.003182,1.159804,-0.667,1.425,89.554
1761141869.084772,0,0.017473,-0.003181,1.159793,-0.499,1.444,89.549,0.017473,-0.003181,1.159793,-0.499,1.444,89.549
1761141869.153898,0,0.017498,-0.003166,1.159885,-0.633,1.390,89.545,0.017498,-0.003166,1.159885,-0.633,1.390,89.545
1761141869.223925,0,0.017509,-0.003195,1.159819,-0.648,1.541,89.540,0.017509,-0.003195,1.159819,-0.648,1.541,89.540
1761141869.300608,0,0.017487,-0.003193,1.159825,-0.583,1.492,89.546,0.017487,-0.003193,1.159825,-0.583,1.492,89.546
1761141869.361187,0,0.017466,-0.003190,1.159751,-0.488,1.462,89.552,0.017466,-0.003190,1.159751,-0.488,1.462,89.552
1761141869.423340,0,0.017490,-0.003167,1.159791,-0.649,1.368,89.553,0.017490,-0.003167,1.159791,-0.649,1.368,89.553
1761141869.492775,0,0.017501,-0.003166,1.159748,-0.678,1.377,89.548,0.017501,-0.003166,1.159748,-0.678,1.377,89.548
1761141869.554316,0,0.017484,-0.003182,1.159771,-0.569,1.445,89.550,0.017484,-0.003182,1.159771,-0.569,1.445,89.550
1761141869.616936,0,0.017479,-0.003211,1.159671,-0.543,1.600,89.547,0.017479,-0.003211,1.159671,-0.543,1.600,89.547
1761141869.693991,0,0.017491,-0.003186,1.159657,-0.631,1.577,89.540,0.017491,-0.003186,1.159657,-0.631,1.577,89.540
1761141869.755195,0,0.017497,-0.003182,1.159699,-0.712,1.428,89.549,0.017497,-0.003182,1.159699,-0.712,1.428,89.549
1761141869.817391,0,0.017484,-0.003166,1.159765,-0.584,1.414,89.545,0.017484,-0.003166,1.159765,-0.584,1.414,89.545
1761141869.892238,0,0.017498,-0.003181,1.159682,-0.641,1.461,89.544,0.017498,-0.003181,1.159682,-0.641,1.461,89.544
1761141869.956908,0,0.017504,-0.003183,1.159728,-0.646,1.450,89.546,0.017504,-0.003183,1.159728,-0.646,1.450,89.546
1761141870.022011,0,0.017474,-0.003165,1.157621,-0.617,2.090,89.551,0.017474,-0.003165,1.157621,-0.617,2.090,89.551
1761141870.088548,0,0.017497,-0.003155,1.161853,-0.648,0.561,89.541,0.017497,-0.003155,1.161853,-0.648,0.561,89.541
1761141870.152600,0,0.017515,-0.003161,1.162812,-0.878,1.277,89.541,0.017515,-0.003161,1.162812,-0.878,1.277,89.541
1761141870.212423,0,0.017534,-0.003125,1.154724,-0.677,1.723,89.539,0.017534,-0.003125,1.154724,-0.677,1.723,89.539
1761141870.273897,0,0.017482,-0.003179,1.159645,-0.570,1.511,89.549,0.017482,-0.003179,1.159645,-0.570,1.511,89.549
1761141870.348959,0,0.017492,-0.003166,1.159677,-0.646,1.385,89.548,0.017492,-0.003166,1.159677,-0.646,1.385,89.548
1761141870.414478,0,0.017498,-0.003180,1.159679,-0.687,1.475,89.545,0.017498,-0.003180,1.159679,-0.687,1.475,89.545
1761141870.478084,0,0.017485,-0.003185,1.159617,-0.599,1.488,89.547,0.017485,-0.003185,1.159617,-0.599,1.488,89.547
1761141870.548089,0,0.017501,-0.003183,1.159680,-0.693,1.423,89.546,0.017501,-0.003183,1.159680,-0.693,1.423,89.546
1761141870.613757,0,0.017495,-0.003174,1.159572,-0.692,1.413,89.543,0.017495,-0.003174,1.159572,-0.692,1.413,89.543
1761141870.675827,0,0.017483,-0.003169,1.159606,-0.637,1.433,89.546,0.017483,-0.003169,1.159606,-0.637,1.433,89.546
1761141870.755685,0,0.017490,-0.003200,1.159513,-0.701,1.564,89.540,0.017490,-0.003200,1.159513,-0.701,1.564,89.540
1761141870.820609,0,0.017497,-0.003181,1.159468,-0.741,1.452,89.545,0.017497,-0.003181,1.159468,-0.741,1.452,89.545
1761141870.883770,0,0.017474,-0.003163,1.159542,-0.594,1.391,89.550,0.017474,-0.003163,1.159542,-0.594,1.391,89.550
1761141870.946305,0,0.017475,-0.003197,1.159509,-0.632,1.593,89.547,0.017475,-0.003197,1.159509,-0.632,1.593,89.547
1761141871.013165,0,0.017443,-0.003180,1.159577,-0.475,1.460,89.554,0.017443,-0.003180,1.159577,-0.475,1.460,89.554
1761141871.081425,0,0.017469,-0.003197,1.159445,-0.618,1.515,89.541,0.017469,-0.003197,1.159445,-0.618,1.515,89.541
1761141871.150329,0,0.017463,-0.003187,1.159425,-0.539,1.503,89.548,0.017463,-0.003187,1.159425,-0.539,1.503,89.548
1761141871.215928,0,0.017450,-0.003176,1.159565,-0.460,1.501,89.548,0.017450,-0.003176,1.159565,-0.460,1.501,89.548
1761141871.282578,0,0.017470,-0.003181,1.159471,-0.603,1.469,89.549,0.017470,-0.003181,1.159471,-0.603,1.469,89.549
1761141871.353126,0,0.017472,-0.003195,1.159475,-0.580,1.581,89.548,0.017472,-0.003195,1.159475,-0.580,1.581,89.548
1761141871.416952,0,0.017452,-0.003183,1.159571,-0.523,1.495,89.554,0.017452,-0.003183,1.159571,-0.523,1.495,89.554
1761141871.481610,0,0.017469,-0.003184,1.159490,-0.624,1.547,89.545,0.017469,-0.003184,1.159490,-0.624,1.547,89.545
1761141871.555299,0,0.017464,-0.003172,1.159503,-0.534,1.488,89.555,0.017464,-0.003172,1.159503,-0.534,1.488,89.555
1761141871.617079,0,0.017460,-0.003166,1.159560,-0.526,1.476,89.552,0.017460,-0.003166,1.159560,-0.526,1.476,89.552
1761141871.685205,0,0.017447,-0.003178,1.159547,-0.489,1.561,89.547,0.017447,-0.003178,1.159547,-0.489,1.561,89.547
1761141871.764693,0,0.017461,-0.003175,1.159550,-0.541,1.533,89.548,0.017461,-0.003175,1.159550,-0.541,1.533,89.548
1761141871.833166,0,0.017459,-0.003172,1.159462,-0.504,1.545,89.547,0.017459,-0.003172,1.159462,-0.504,1.545,89.547
1761141871.905634,0,0.017485,-0.003193,1.159356,-0.703,1.595,89.549,0.017485,-0.003193,1.159356,-0.703,1.595,89.549
1761141871.972373,0,0.017456,-0.003180,1.159437,-0.544,1.548,89.545,0.017456,-0.003180,1.159437,-0.544,1.548,89.545
1761141872.050773,0,0.017471,-0.003165,1.159491,-0.587,1.496,89.552,0.017471,-0.003165,1.159491,-0.587,1.496,89.552
1761141872.134689,0,0.017459,-0.003178,1.159529,-0.551,1.561,89.549,0.017459,-0.003178,1.159529,-0.551,1.561,89.549
1761141872.212820,0,0.017455,-0.003181,1.159449,-0.481,1.540,89.546,0.017455,-0.003181,1.159449,-0.481,1.540,89.546
1761141872.305023,0,0.017447,-0.003176,1.159507,-0.414,1.551,89.549,0.017447,-0.003176,1.159507,-0.414,1.551,89.549
1761141872.399663,0,0.017449,-0.003173,1.159525,-0.496,1.597,89.546,0.017449,-0.003173,1.159525,-0.496,1.597,89.546
1761141872.481875,0,0.017452,-0.003171,1.159543,-0.485,1.530,89.555,0.017452,-0.003171,1.159543,-0.485,1.530,89.555
1761141872.557383,0,0.017468,-0.003163,1.159569,-0.607,1.494,89.553,0.017468,-0.003163,1.159569,-0.607,1.494,89.553
1761141872.637527,0,0.017450,-0.003191,1.159587,-0.515,1.650,89.548,0.017450,-0.003191,1.159587,-0.515,1.650,89.548
1761141872.710108,0,0.017456,-0.003179,1.159504,-0.510,1.568,89.553,0.017456,-0.003179,1.159504,-0.510,1.568,89.553
1761141872.784727,0,0.017441,-0.003175,1.159569,-0.467,1.595,89.548,0.017441,-0.003175,1.159569,-0.467,1.595,89.548
1761141872.859668,0,0.017466,-0.003162,1.159536,-0.537,1.535,89.556,0.017466,-0.003162,1.159536,-0.537,1.535,89.556
1761141872.928058,0,0.017446,-0.003177,1.159391,-0.520,1.655,89.551,0.017446,-0.003177,1.159391,-0.520,1.655,89.551
1761141872.996312,0,0.017440,-0.003172,1.159536,-0.470,1.531,89.550,0.017440,-0.003172,1.159536,-0.470,1.531,89.550
1761141873.073559,0,0.017461,-0.003169,1.159398,-0.557,1.551,89.546,0.017461,-0.003169,1.159398,-0.557,1.551,89.546
1761141873.147084,0,0.017469,-0.003177,1.159509,-0.661,1.546,89.546,0.017469,-0.003177,1.159509,-0.661,1.546,89.546
1761141873.225585,0,0.017459,-0.003163,1.159499,-0.570,1.497,89.549,0.017459,-0.003163,1.159499,-0.570,1.497,89.549
1761141873.293146,0,0.017453,-0.003153,1.159527,-0.570,1.389,89.556,0.017453,-0.003153,1.159527,-0.570,1.389,89.556
1761141873.362181,0,0.017443,-0.003159,1.159577,-0.477,1.461,89.547,0.017443,-0.003159,1.159577,-0.477,1.461,89.547
1761141873.442403,0,0.017463,-0.003175,1.159519,-0.571,1.523,89.547,0.017463,-0.003175,1.159519,-0.571,1.523,89.547
1761141873.516245,0,0.017460,-0.003163,1.159508,-0.569,1.456,89.549,0.017460,-0.003163,1.159508,-0.569,1.456,89.549
1761141873.588432,0,0.017451,-0.003184,1.159534,-0.617,1.605,89.540,0.017451,-0.003184,1.159534,-0.617,1.605,89.540
1761141873.653079,0,0.017452,-0.003169,1.159433,-0.553,1.453,89.552,0.017452,-0.003169,1.159433,-0.553,1.453,89.552
1761141873.722612,0,0.017465,-0.003162,1.159535,-0.602,1.475,89.547,0.017465,-0.003162,1.159535,-0.602,1.475,89.547
1761141873.795314,0,0.017439,-0.003165,1.159598,-0.479,1.426,89.547,0.017439,-0.003165,1.159598,-0.479,1.426,89.547
1761141873.870898,0,0.017440,-0.003170,1.159527,-0.516,1.467,89.552,0.017440,-0.003170,1.159527,-0.516,1.467,89.552
1761141873.934426,0,0.017438,-0.003189,1.159557,-0.491,1.592,89.545,0.017438,-0.003189,1.159557,-0.491,1.592,89.545
1761141873.996898,0,0.017444,-0.003173,1.159449,-0.599,1.564,89.548,0.017444,-0.003173,1.159449,-0.599,1.564,89.548
1761141874.068516,0,0.017463,-0.003183,1.159500,-0.682,1.539,89.543,0.017463,-0.003183,1.159500,-0.682,1.539,89.543
1761141874.134392,0,0.017441,-0.003180,1.159568,-0.566,1.495,89.548,0.017441,-0.003180,1.159568,-0.566,1.495,89.548
1761141874.203480,0,0.017439,-0.003187,1.159537,-0.536,1.555,89.549,0.017439,-0.003187,1.159537,-0.536,1.555,89.549
1761141874.268222,0,0.017425,-0.003184,1.159666,-0.375,1.559,89.544,0.017425,-0.003184,1.159666,-0.375,1.559,89.544
1761141874.336946,0,0.017454,-0.003194,1.159525,-0.625,1.490,89.553,0.017454,-0.003194,1.159525,-0.625,1.490,89.553
1761141874.413517,0,0.017441,-0.003180,1.159595,-0.579,1.502,89.548,0.017441,-0.003180,1.159595,-0.579,1.502,89.548
1761141874.486655,0,0.017440,-0.003182,1.159608,-0.557,1.528,89.551,0.017440,-0.003182,1.159608,-0.557,1.528,89.551
1761141874.550323,0,0.017452,-0.003184,1.159615,-0.623,1.517,89.542,0.017452,-0.003184,1.159615,-0.623,1.517,89.542
1761141874.616928,0,0.017453,-0.003179,1.159558,-0.622,1.562,89.546,0.017453,-0.003179,1.159558,-0.622,1.562,89.546
1761141874.685023,0,0.017439,-0.003177,1.159589,-0.527,1.526,89.541,0.017439,-0.003177,1.159589,-0.527,1.526,89.541
1761141874.750082,0,0.017454,-0.003152,1.159598,-0.581,1.256,89.555,0.017454,-0.003152,1.159598,-0.581,1.256,89.555
1761141874.818303,0,0.017447,-0.003191,1.159556,-0.611,1.630,89.552,0.017447,-0.003191,1.159556,-0.611,1.630,89.552
1761141874.882531,0,0.017425,-0.003195,1.159536,-0.440,1.637,89.546,0.017425,-0.003195,1.159536,-0.440,1.637,89.546
1761141874.949479,0,0.017433,-0.003174,1.159653,-0.551,1.551,89.547,0.017433,-0.003174,1.159653,-0.551,1.551,89.547
1761141875.020137,0,0.017446,-0.003175,1.159546,-0.540,1.517,89.546,0.017446,-0.003175,1.159546,-0.540,1.517,89.546
1761141875.082378,0,0.017437,-0.003161,1.159535,-0.443,1.426,89.553,0.017437,-0.003161,1.159535,-0.443,1.426,89.553
1761141875.146910,0,0.017431,-0.003166,1.159600,-0.462,1.466,89.551,0.017431,-0.003166,1.159600,-0.462,1.466,89.551
1761141875.210685,0,0.017443,-0.003173,1.159522,-0.566,1.565,89.547,0.017443,-0.003173,1.159522,-0.566,1.565,89.547
1761141875.273227,0,0.017452,-0.003178,1.159514,-0.576,1.653,89.545,0.017452,-0.003178,1.159514,-0.576,1.653,89.545
1761141875.346076,0,0.017435,-0.003167,1.159538,-0.551,1.541,89.548,0.017435,-0.003167,1.159538,-0.551,1.541,89.548
1761141875.416474,0,0.017436,-0.003159,1.159481,-0.489,1.529,89.550,0.017436,-0.003159,1.159481,-0.489,1.529,89.550
1761141875.481912,0,0.017447,-0.003180,1.159493,-0.543,1.605,89.553,0.017447,-0.003180,1.159493,-0.543,1.605,89.553
1761141875.552516,0,0.017435,-0.003181,1.159351,-0.504,1.624,89.552,0.017435,-0.003181,1.159351,-0.504,1.624,89.552
1761141875.616164,0,0.017446,-0.003158,1.159405,-0.545,1.525,89.551,0.017446,-0.003158,1.159405,-0.545,1.525,89.551
1761141875.679724,0,0.017444,-0.003169,1.159439,-0.577,1.528,89.552,0.017444,-0.003169,1.159439,-0.577,1.528,89.552
1761141875.749102,0,0.017427,-0.003187,1.159426,-0.503,1.620,89.551,0.017427,-0.003187,1.159426,-0.503,1.620,89.551
1761141875.816793,0,0.017430,-0.003140,1.159520,-0.555,1.416,89.551,0.017430,-0.003140,1.159520,-0.555,1.416,89.551
1761141875.881060,0,0.017435,-0.003158,1.159424,-0.530,1.567,89.551,0.017435,-0.003158,1.159424,-0.530,1.567,89.551
1761141875.948555,0,0.017420,-0.003156,1.159488,-0.438,1.478,89.558,0.017420,-0.003156,1.159488,-0.438,1.478,89.558
1761141876.015244,0,0.017431,-0.003156,1.159563,-0.498,1.492,89.548,0.017431,-0.003156,1.159563,-0.498,1.492,89.548
1761141876.083714,0,0.017414,-0.003193,1.159467,-0.447,1.698,89.541,0.017414,-0.003193,1.159467,-0.447,1.698,89.541
1761141876.153255,0,0.017438,-0.003157,1.159496,-0.580,1.461,89.548,0.017438,-0.003157,1.159496,-0.580,1.461,89.548
1761141876.216870,0,0.017442,-0.003165,1.159545,-0.593,1.502,89.549,0.017442,-0.003165,1.159545,-0.593,1.502,89.549
1761141876.281071,0,0.017417,-0.003182,1.159547,-0.458,1.624,89.546,0.017417,-0.003182,1.159547,-0.458,1.624,89.546
1761141876.352791,0,0.017436,-0.003173,1.159485,-0.537,1.592,89.547,0.017436,-0.003173,1.159485,-0.537,1.592,89.547
1761141876.420522,0,0.017425,-0.003168,1.159473,-0.516,1.583,89.548,0.017425,-0.003168,1.159473,-0.516,1.583,89.548
1761141876.486153,0,0.017441,-0.003170,1.159440,-0.517,1.535,89.556,0.017441,-0.003170,1.159440,-0.517,1.535,89.556
1761141876.558841,0,0.017467,-0.003171,1.159427,-0.660,1.536,89.548,0.017467,-0.003171,1.159427,-0.660,1.536,89.548
1761141876.626793,0,0.017444,-0.003164,1.159480,-0.577,1.535,89.547,0.017444,-0.003164,1.159480,-0.577,1.535,89.547
1761141876.693404,0,0.017434,-0.003154,1.159480,-0.554,1.499,89.547,0.017434,-0.003154,1.159480,-0.554,1.499,89.547
1761141876.765061,0,0.017435,-0.003179,1.159417,-0.571,1.614,89.548,0.017435,-0.003179,1.159417,-0.571,1.614,89.548
1761141876.835752,0,0.017419,-0.003160,1.159554,-0.493,1.499,89.548,0.017419,-0.003160,1.159554,-0.493,1.499,89.548
1761141876.905061,0,0.017434,-0.003183,1.159457,-0.546,1.650,89.544,0.017434,-0.003183,1.159457,-0.546,1.650,89.544
1761141876.983466,0,0.017422,-0.003165,1.159516,-0.476,1.545,89.549,0.017422,-0.003165,1.159516,-0.476,1.545,89.549
1761141877.057406,0,0.017442,-0.003154,1.159495,-0.491,1.470,89.552,0.017442,-0.003154,1.159495,-0.491,1.470,89.552
1761141877.133166,0,0.017424,-0.003180,1.159505,-0.473,1.625,89.544,0.017424,-0.003180,1.159505,-0.473,1.625,89.544
1761141877.214466,0,0.017415,-0.003149,1.159547,-0.374,1.454,89.552,0.017415,-0.003149,1.159547,-0.374,1.454,89.552
1761141877.289741,0,0.017428,-0.003161,1.159488,-0.497,1.483,89.550,0.017428,-0.003161,1.159488,-0.497,1.483,89.550
1761141877.366974,0,0.017466,-0.003156,1.159382,-0.697,1.491,89.551,0.017466,-0.003156,1.159382,-0.697,1.491,89.551
1761141877.443145,0,0.017448,-0.003173,1.159439,-0.612,1.588,89.547,0.017448,-0.003173,1.159439,-0.612,1.588,89.547
1761141877.527342,0,0.017425,-0.003168,1.159497,-0.490,1.641,89.546,0.017425,-0.003168,1.159497,-0.490,1.641,89.546
1761141877.595378,0,0.017423,-0.003145,1.159501,-0.531,1.430,89.547,0.017423,-0.003145,1.159501,-0.531,1.430,89.547
1761141877.675450,0,0.017417,-0.003172,1.159482,-0.517,1.624,89.545,0.017417,-0.003172,1.159482,-0.517,1.624,89.545
1761141877.755047,0,0.017427,-0.003151,1.159509,-0.558,1.425,89.553,0.017427,-0.003151,1.159509,-0.558,1.425,89.553
1761141877.848239,0,0.017422,-0.003183,1.159512,-0.454,1.655,89.545,0.017422,-0.003183,1.159512,-0.454,1.655,89.545
1761141877.927684,0,0.017422,-0.003142,1.159556,-0.469,1.412,89.549,0.017422,-0.003142,1.159556,-0.469,1.412,89.549
1761141878.008863,0,0.017425,-0.003161,1.159484,-0.556,1.544,89.545,0.017425,-0.003161,1.159484,-0.556,1.544,89.545
1761141878.087029,0,0.017432,-0.003160,1.159460,-0.562,1.507,89.546,0.017432,-0.003160,1.159460,-0.562,1.507,89.546
1761141878.156731,0,0.017431,-0.003168,1.159498,-0.546,1.549,89.542,0.017431,-0.003168,1.159498,-0.546,1.549,89.542
1761141878.234001,0,0.017434,-0.003166,1.159404,-0.522,1.556,89.547,0.017434,-0.003166,1.159404,-0.522,1.556,89.547
1761141878.298290,0,0.017425,-0.003169,1.159450,-0.525,1.561,89.554,0.017425,-0.003169,1.159450,-0.525,1.561,89.554
1761141878.370579,0,0.017426,-0.003157,1.159433,-0.488,1.512,89.548,0.017426,-0.003157,1.159433,-0.488,1.512,89.548
1761141878.450883,0,0.017423,-0.003183,1.159415,-0.538,1.611,89.552,0.017423,-0.003183,1.159415,-0.538,1.611,89.552
1761141878.525400,0,0.017408,-0.003165,1.159444,-0.440,1.560,89.550,0.017408,-0.003165,1.159444,-0.440,1.560,89.550
1761141878.592612,0,0.017433,-0.003174,1.159411,-0.626,1.549,89.557,0.017433,-0.003174,1.159411,-0.626,1.549,89.557
1761141878.658630,0,0.017415,-0.003175,1.159546,-0.461,1.562,89.554,0.017415,-0.003175,1.159546,-0.461,1.562,89.554
1761141878.728721,0,0.017439,-0.003182,1.159318,-0.653,1.630,89.538,0.017439,-0.003182,1.159318,-0.653,1.630,89.538
1761141878.795799,0,0.017433,-0.003165,1.159396,-0.605,1.539,89.546,0.017433,-0.003165,1.159396,-0.605,1.539,89.546
1761141878.860036,0,0.017424,-0.003175,1.159370,-0.569,1.610,89.543,0.017424,-0.003175,1.159370,-0.569,1.610,89.543
1761141878.929023,0,0.017426,-0.003169,1.159455,-0.518,1.446,89.546,0.017426,-0.003169,1.159455,-0.518,1.446,89.546
1761141878.998088,0,0.017426,-0.003166,1.159472,-0.519,1.572,89.554,0.017426,-0.003166,1.159472,-0.519,1.572,89.554
1761141879.066606,0,0.017427,-0.003176,1.159500,-0.568,1.539,89.546,0.017427,-0.003176,1.159500,-0.568,1.539,89.546
1761141879.140127,0,0.017442,-0.003177,1.159403,-0.608,1.550,89.542,0.017442,-0.003177,1.159403,-0.608,1.550,89.542
1761141879.211802,0,0.017403,-0.003165,1.159497,-0.438,1.505,89.549,0.017403,-0.003165,1.159497,-0.438,1.505,89.549
1761141879.280980,0,0.017439,-0.003140,1.159475,-0.617,1.353,89.555,0.017439,-0.003140,1.159475,-0.617,1.353,89.555
1761141879.348804,0,0.017447,-0.003176,1.159485,-0.711,1.566,89.541,0.017447,-0.003176,1.159485,-0.711,1.566,89.541
1761141879.419484,0,0.017414,-0.003162,1.159439,-0.622,1.391,89.549,0.017414,-0.003162,1.159439,-0.622,1.391,89.549
1761141879.486619,0,0.017440,-0.003185,1.159487,-0.598,1.565,89.547,0.017440,-0.003185,1.159487,-0.598,1.565,89.547
1761141879.560242,0,0.017436,-0.003183,1.159478,-0.632,1.541,89.543,0.017436,-0.003183,1.159478,-0.632,1.541,89.543
1761141879.633541,0,0.017424,-0.003170,1.159646,-0.554,1.445,89.552,0.017424,-0.003170,1.159646,-0.554,1.445,89.552
1761141879.705551,0,0.017424,-0.003180,1.159562,-0.481,1.595,89.549,0.017424,-0.003180,1.159562,-0.481,1.595,89.549
1761141879.779244,0,0.017451,-0.003171,1.159507,-0.580,1.520,89.549,0.017451,-0.003171,1.159507,-0.580,1.520,89.549
1761141879.841956,0,0.017448,-0.003179,1.159407,-0.655,1.479,89.550,0.017448,-0.003179,1.159407,-0.655,1.479,89.550
1761141879.910645,0,0.017445,-0.003188,1.159463,-0.643,1.540,89.550,0.017445,-0.003188,1.159463,-0.643,1.540,89.550
1761141879.975266,0,0.017437,-0.003167,1.159472,-0.613,1.410,89.545,0.017437,-0.003167,1.159472,-0.613,1.410,89.545
1761141880.038604,0,0.017430,-0.003182,1.159491,-0.578,1.539,89.551,0.017430,-0.003182,1.159491,-0.578,1.539,89.551
1761141880.114379,0,0.017448,-0.003207,1.159385,-0.704,1.663,89.540,0.017448,-0.003207,1.159385,-0.704,1.663,89.540
1761141880.192676,0,0.017448,-0.003173,1.159324,-0.533,1.482,89.551,0.017448,-0.003173,1.159324,-0.533,1.482,89.551
1761141880.266342,0,0.017431,-0.003174,1.159288,-0.619,1.472,89.547,0.017431,-0.003174,1.159288,-0.619,1.472,89.547
1761141880.341238,0,0.017436,-0.003182,1.159365,-0.511,1.601,89.552,0.017436,-0.003182,1.159365,-0.511,1.601,89.552
1761141880.411967,0,0.017432,-0.003157,1.159217,-0.519,1.439,89.562,0.017432,-0.003157,1.159217,-0.519,1.439,89.562
1761141880.488040,0,0.017429,-0.003153,1.159297,-0.473,1.476,89.554,0.017429,-0.003153,1.159297,-0.473,1.476,89.554
1761141880.571574,0,0.017457,-0.003134,1.159246,-0.719,1.372,89.551,0.017457,-0.003134,1.159246,-0.719,1.372,89.551
1761141880.634062,0,0.017454,-0.003147,1.159164,-0.571,1.459,89.549,0.017454,-0.003147,1.159164,-0.571,1.459,89.549
1761141880.706196,0,0.017432,-0.003145,1.159324,-0.521,1.472,89.551,0.017432,-0.003145,1.159324,-0.521,1.472,89.551
1761141880.768395,0,0.017428,-0.003150,1.159316,-0.603,1.458,89.546,0.017428,-0.003150,1.159316,-0.603,1.458,89.546
1761141880.824256,0,0.017453,-0.003152,1.159373,-0.698,1.509,89.541,0.017453,-0.003152,1.159373,-0.698,1.509,89.541
1761141880.878676,0,0.017408,-0.003150,1.159385,-0.567,1.423,89.552,0.017408,-0.003150,1.159385,-0.567,1.423,89.552
1761141880.937678,0,0.017398,-0.003149,1.159322,-0.546,1.473,89.549,0.017398,-0.003149,1.159322,-0.546,1.473,89.549
1761141880.997925,0,0.017423,-0.003147,1.159276,-0.555,1.467,89.555,0.017423,-0.003147,1.159276,-0.555,1.467,89.555
1761141881.058159,0,0.017448,-0.003128,1.159338,-0.555,1.390,89.551,0.017448,-0.003128,1.159338,-0.555,1.390,89.551
1761141881.113818,0,0.017441,-0.003128,1.159386,-0.556,1.341,89.549,0.017441,-0.003128,1.159386,-0.556,1.341,89.549
1761141881.177023,0,0.017439,-0.003148,1.159259,-0.545,1.502,89.551,0.017439,-0.003148,1.159259,-0.545,1.502,89.551
1761141881.227013,0,0.017433,-0.003131,1.159276,-0.524,1.430,89.545,0.017433,-0.003131,1.159276,-0.524,1.430,89.545
1761141881.288492,0,0.017439,-0.003135,1.159207,-0.581,1.478,89.545,0.017439,-0.003135,1.159207,-0.581,1.478,89.545
1761141881.348322,0,0.017435,-0.003125,1.159336,-0.566,1.403,89.549,0.017435,-0.003125,1.159336,-0.566,1.403,89.549
1761141881.412002,0,0.017445,-0.003122,1.159230,-0.621,1.387,89.545,0.017445,-0.003122,1.159230,-0.621,1.387,89.545
1761141881.469068,0,0.017440,-0.003127,1.159220,-0.557,1.402,89.552,0.017440,-0.003127,1.159220,-0.557,1.402,89.552
1761141881.527495,0,0.017429,-0.003143,1.159202,-0.562,1.503,89.550,0.017429,-0.003143,1.159202,-0.562,1.503,89.550
1761141881.592762,0,0.017435,-0.003126,1.159255,-0.591,1.409,89.546,0.017435,-0.003126,1.159255,-0.591,1.409,89.546
1761141881.654074,0,0.017421,-0.003113,1.159358,-0.480,1.369,89.552,0.017421,-0.003113,1.159358,-0.480,1.369,89.552
1761141881.722090,0,0.017417,-0.003138,1.159273,-0.472,1.521,89.546,0.017417,-0.003138,1.159273,-0.472,1.521,89.546
1761141881.794224,0,0.017421,-0.003128,1.159333,-0.468,1.497,89.546,0.017421,-0.003128,1.159333,-0.468,1.497,89.546
1761141881.861405,0,0.017425,-0.003132,1.159398,-0.485,1.516,89.552,0.017425,-0.003132,1.159398,-0.485,1.516,89.552
1761141881.928845,0,0.017433,-0.003138,1.159303,-0.511,1.578,89.545,0.017433,-0.003138,1.159303,-0.511,1.578,89.545
1761141882.000202,0,0.017415,-0.003126,1.159381,-0.451,1.474,89.547,0.017415,-0.003126,1.159381,-0.451,1.474,89.547
1761141882.071244,0,0.017449,-0.003126,1.159304,-0.589,1.464,89.544,0.017449,-0.003126,1.159304,-0.589,1.464,89.544
1761141882.141767,0,0.017434,-0.003115,1.159249,-0.532,1.465,89.548,0.017434,-0.003115,1.159249,-0.532,1.465,89.548
1761141882.208058,0,0.017409,-0.003128,1.159230,-0.415,1.532,89.552,0.017409,-0.003128,1.159230,-0.415,1.532,89.552
1761141882.269279,0,0.017429,-0.003126,1.159214,-0.550,1.480,89.542,0.017429,-0.003126,1.159214,-0.550,1.480,89.542
1761141882.329936,0,0.017426,-0.003126,1.159181,-0.573,1.554,89.543,0.017426,-0.003126,1.159181,-0.573,1.554,89.543
1761141883.783752,0,0.104727,-0.008898,1.148581,-2.989,1.984,12.755,0.104727,-0.008898,1.148581,-2.989,1.984,12.755
1761141883.852118,0,0.104459,-0.010536,1.147808,-2.830,2.683,13.998,0.104459,-0.010536,1.147808,-2.830,2.683,13.998
1761141883.926376,0,0.104567,-0.011128,1.145559,-3.208,2.028,14.517,0.104567,-0.011128,1.145559,-3.208,2.028,14.517
1761141883.996438,0,0.104470,-0.009117,1.144452,-2.687,0.677,12.307,0.104470,-0.009117,1.144452,-2.687,0.677,12.307
1761141884.061755,0,0.097968,-0.027333,1.149098,-2.495,0.415,3.821,0.097968,-0.027333,1.149098,-2.495,0.415,3.821
1761141884.128904,0,0.090978,-0.035400,1.143520,-1.872,2.694,-1.442,0.090978,-0.035400,1.143520,-1.872,2.694,-1.442
1761141884.185886,0,0.077976,-0.028321,1.144964,-2.084,2.899,-3.517,0.077976,-0.028321,1.144964,-2.084,2.899,-3.517
1761141884.240694,0,0.076462,-0.023583,1.144876,-2.071,2.604,-4.057,0.076462,-0.023583,1.144876,-2.071,2.604,-4.057
1761141884.304811,0,0.074620,-0.024984,1.146661,-2.386,2.232,-5.859,0.074620,-0.024984,1.146661,-2.386,2.232,-5.859
1761141884.359360,0,0.070773,-0.029685,1.145212,-1.766,2.667,-8.014,0.070773,-0.029685,1.145212,-1.766,2.667,-8.014
1761141884.412429,0,0.069220,-0.031106,1.145151,-1.999,2.530,-9.219,0.069220,-0.031106,1.145151,-1.999,2.530,-9.219
1761141884.462190,0,0.067698,-0.031557,1.144517,-1.831,2.931,-10.229,0.067698,-0.031557,1.144517,-1.831,2.931,-10.229
1761141884.518782,0,0.066420,-0.029080,1.142796,-1.680,3.060,-10.027,0.066420,-0.029080,1.142796,-1.680,3.060,-10.027
1761141884.573043,0,0.066298,-0.028099,1.142985,-1.874,3.701,-9.868,0.066298,-0.028099,1.142985,-1.874,3.701,-9.868
1761141884.631087,0,0.067101,-0.025591,1.143853,-2.329,2.895,-9.383,0.067101,-0.025591,1.143853,-2.329,2.895,-9.383
1761141884.685604,0,0.067028,-0.024334,1.143688,-1.905,3.116,-9.182,0.067028,-0.024334,1.143688,-1.905,3.116,-9.182
1761141885.092505,0,0.066012,-0.021418,1.147239,-1.425,3.076,-8.562,0.066012,-0.021418,1.147239,-1.425,3.076,-8.562
1761141885.155981,0,0.065579,-0.021399,1.150148,-1.893,3.233,-8.585,0.065579,-0.021399,1.150148,-1.893,3.233,-8.585
1761141885.221783,0,0.065813,-0.021331,1.149985,-2.041,3.370,-8.483,0.065813,-0.021331,1.149985,-2.041,3.370,-8.483
1761141885.286729,0,0.067852,-0.019294,1.149451,-2.591,3.586,-7.137,0.067852,-0.019294,1.149451,-2.591,3.586,-7.137
1761141885.355451,0,0.068553,-0.020405,1.149777,-2.279,3.453,-6.962,0.068553,-0.020405,1.149777,-2.279,3.453,-6.962
1761141885.421019,0,0.068481,-0.019795,1.149972,-2.144,3.155,-6.824,0.068481,-0.019795,1.149972,-2.144,3.155,-6.824
1761141885.488379,0,0.068330,-0.019189,1.149828,-2.078,3.375,-6.695,0.068330,-0.019189,1.149828,-2.078,3.375,-6.695
1761141885.552357,0,0.068385,-0.019134,1.150226,-1.918,3.106,-6.683,0.068385,-0.019134,1.150226,-1.918,3.106,-6.683
1761141885.627355,0,0.068395,-0.019196,1.150263,-2.233,2.971,-6.679,0.068395,-0.019196,1.150263,-2.233,2.971,-6.679
1761141885.700606,0,0.067758,-0.016742,1.149794,-2.149,3.532,-6.149,0.067758,-0.016742,1.149794,-2.149,3.532,-6.149
1761141885.774512,0,0.067581,-0.015454,1.149950,-2.084,3.306,-5.873,0.067581,-0.015454,1.149950,-2.084,3.306,-5.873
1761141885.842455,0,0.067580,-0.015383,1.150155,-1.924,3.338,-5.858,0.067580,-0.015383,1.150155,-1.924,3.338,-5.858
1761141885.906503,0,0.067604,-0.015337,1.150157,-2.020,3.286,-5.842,0.067604,-0.015337,1.150157,-2.020,3.286,-5.842
1761141885.975557,0,0.067623,-0.015338,1.150144,-2.150,3.232,-5.836,0.067623,-0.015338,1.150144,-2.150,3.232,-5.836
1761141886.034936,0,0.068358,-0.011744,1.149869,-1.954,3.560,-4.739,0.068358,-0.011744,1.149869,-1.954,3.560,-4.739
1761141886.099194,0,0.068499,-0.011448,1.150080,-2.128,3.273,-4.628,0.068499,-0.011448,1.150080,-2.128,3.273,-4.628
1761141886.158298,0,0.068440,-0.011231,1.150115,-2.043,3.349,-4.580,0.068440,-0.011231,1.150115,-2.043,3.349,-4.580
1761141886.227667,0,0.068456,-0.011170,1.150046,-2.026,3.322,-4.556,0.068456,-0.011170,1.150046,-2.026,3.322,-4.556
1761141886.301324,0,0.070282,-0.004111,1.149881,-1.954,3.738,-1.822,0.070282,-0.004111,1.149881,-1.954,3.738,-1.822
1761141886.373343,0,0.071300,-0.004715,1.150129,-2.119,3.318,-1.380,0.071300,-0.004715,1.150129,-2.119,3.318,-1.380
1761141886.439960,0,0.071926,-0.004600,1.150121,-2.077,3.500,-1.024,0.071926,-0.004600,1.150121,-2.077,3.500,-1.024
1761141886.498031,0,0.072850,-0.002739,1.149583,-2.097,3.782,-0.177,0.072850,-0.002739,1.149583,-2.097,3.782,-0.177
1761141886.564699,0,0.073475,-0.000394,1.149659,-2.090,3.659,0.719,0.073475,-0.000394,1.149659,-2.090,3.659,0.719
1761141886.632842,0,0.073667,0.001905,1.149620,-1.758,3.665,1.467,0.073667,0.001905,1.149620,-1.758,3.665,1.467
1761141886.690315,0,0.073797,0.003665,1.149750,-1.953,3.353,2.135,0.073797,0.003665,1.149750,-1.953,3.353,2.135
1761141886.753177,0,0.073770,0.004204,1.149866,-2.071,3.464,2.369,0.073770,0.004204,1.149866,-2.071,3.464,2.369
1761141886.818828,0,0.073791,0.004938,1.149997,-2.008,3.414,2.601,0.073791,0.004938,1.149997,-2.008,3.414,2.601
1761141886.883823,0,0.073825,0.005026,1.150033,-1.986,3.335,2.626,0.073825,0.005026,1.150033,-1.986,3.335,2.626
1761141886.960136,0,0.073913,0.006334,1.149843,-2.078,3.418,3.067,0.073913,0.006334,1.149843,-2.078,3.418,3.067
1761141887.036187,0,0.073957,0.006354,1.150067,-2.039,3.465,3.081,0.073957,0.006354,1.150067,-2.039,3.465,3.081
1761141887.109943,0,0.074158,0.005756,1.150295,-1.848,3.335,2.937,0.074158,0.005756,1.150295,-1.848,3.335,2.937
1761141887.180517,0,0.074106,0.004151,1.150194,-2.021,3.296,2.416,0.074106,0.004151,1.150194,-2.021,3.296,2.416
1761141887.248731,0,0.074310,0.003284,1.151332,-1.807,2.637,2.114,0.074310,0.003284,1.151332,-1.807,2.637,2.114
1761141887.316848,0,0.073586,-0.000773,1.149630,-1.969,3.357,0.774,0.073586,-0.000773,1.149630,-1.969,3.357,0.774
1761141887.383330,0,0.073269,-0.000568,1.156956,-1.544,3.182,0.817,0.073269,-0.000568,1.156956,-1.544,3.182,0.817
1761141887.459153,0,0.073265,-0.000255,1.163247,-1.967,3.120,0.849,0.073265,-0.000255,1.163247,-1.967,3.120,0.849
1761141887.531292,0,0.073131,-0.000326,1.155902,-2.015,3.226,0.861,0.073131,-0.000326,1.155902,-2.015,3.226,0.861
1761141887.607807,0,0.073150,-0.000398,1.154193,-1.209,3.189,0.835,0.073150,-0.000398,1.154193,-1.209,3.189,0.835
1761141887.682988,0,0.073141,-0.000412,1.156958,-1.563,3.075,0.823,0.073141,-0.000412,1.156958,-1.563,3.075,0.823
1761141887.762656,0,0.072981,-0.000238,1.157051,-1.646,3.094,0.815,0.072981,-0.000238,1.157051,-1.646,3.094,0.815
1761141887.836231,0,0.072309,-0.002692,1.157154,-1.744,3.273,-0.057,0.072309,-0.002692,1.157154,-1.744,3.273,-0.057
1761141887.907984,0,0.072362,-0.002438,1.156950,-1.369,3.214,0.010,0.072362,-0.002438,1.156950,-1.369,3.214,0.010
1761141887.980531,0,0.072255,-0.002187,1.157013,-1.562,3.294,0.071,0.072255,-0.002187,1.157013,-1.562,3.294,0.071
1761141888.046558,0,0.072211,-0.001801,1.156573,-1.512,2.860,0.191,0.072211,-0.001801,1.156573,-1.512,2.860,0.191
1761141888.110265,0,0.072027,-0.001501,1.156957,-1.508,3.372,0.220,0.072027,-0.001501,1.156957,-1.508,3.372,0.220
1761141888.172039,0,0.072028,-0.001479,1.156827,-1.378,3.294,0.226,0.072028,-0.001479,1.156827,-1.378,3.294,0.226
1761141888.239149,0,0.072355,-0.001902,1.156711,-1.744,2.570,0.186,0.072355,-0.001902,1.156711,-1.744,2.570,0.186
1761141888.315237,0,0.072766,-0.002496,1.156777,-1.624,3.227,0.054,0.072766,-0.002496,1.156777,-1.624,3.227,0.054
1761141888.719826,0,0.072770,-0.002045,1.156784,-1.811,3.276,0.150,0.072770,-0.002045,1.156784,-1.811,3.276,0.150
1761141888.922449,0,0.072659,-0.001748,1.156623,-2.328,2.998,0.280,0.072659,-0.001748,1.156623,-2.328,2.998,0.280
1761141889.877063,0,0.071228,0.002249,1.156625,-1.487,3.064,0.427,0.071228,0.002249,1.156625,-1.487,3.064,0.427
1761141889.948293,0,0.071267,0.002176,1.156759,-1.670,3.102,0.439,0.071267,0.002176,1.156759,-1.670,3.102,0.439
1761141890.019317,0,0.071306,0.002170,1.156955,-1.748,2.907,0.453,0.071306,0.002170,1.156955,-1.748,2.907,0.453
1761141890.085046,0,0.071308,0.002181,1.157178,-1.785,2.704,0.475,0.071308,0.002181,1.157178,-1.785,2.704,0.475
1761141890.159308,0,0.071323,0.002207,1.157318,-1.669,2.561,0.488,0.071323,0.002207,1.157318,-1.669,2.561,0.488
1761141890.234438,0,0.071328,0.002195,1.157351,-1.748,2.636,0.491,0.071328,0.002195,1.157351,-1.748,2.636,0.491
1761141890.305681,0,0.071348,0.002182,1.157313,-1.799,2.520,0.498,0.071348,0.002182,1.157313,-1.799,2.520,0.498
1761141890.381389,0,0.071331,0.002195,1.157331,-1.724,2.614,0.499,0.071331,0.002195,1.157331,-1.724,2.614,0.499
1761141890.453781,0,0.071345,0.002182,1.157318,-1.822,2.558,0.498,0.071345,0.002182,1.157318,-1.822,2.558,0.498
1761141890.523391,0,0.071350,0.002185,1.157320,-1.827,2.470,0.497,0.071350,0.002185,1.157320,-1.827,2.470,0.497
1761141890.603602,0,0.071333,0.002172,1.157248,-1.848,2.553,0.497,0.071333,0.002172,1.157248,-1.848,2.553,0.497
1761141890.682489,0,0.071343,0.002211,1.157326,-1.630,2.561,0.500,0.071343,0.002211,1.157326,-1.630,2.561,0.500
1761141890.758875,0,0.071343,0.002192,1.157228,-1.747,2.525,0.507,0.071343,0.002192,1.157228,-1.747,2.525,0.507
1761141890.836351,0,0.071324,0.002187,1.157213,-1.799,2.562,0.504,0.071324,0.002187,1.157213,-1.799,2.562,0.504
1761141890.918637,0,0.071316,0.002185,1.157216,-1.829,2.599,0.500,0.071316,0.002185,1.157216,-1.829,2.599,0.500
1761141890.991201,0,0.071309,0.002178,1.157097,-1.808,2.638,0.500,0.071309,0.002178,1.157097,-1.808,2.638,0.500
1761141891.061381,0,0.071323,0.002190,1.157237,-1.790,2.621,0.499,0.071323,0.002190,1.157237,-1.790,2.621,0.499
1761141891.141675,0,0.071342,0.002202,1.157281,-1.683,2.533,0.504,0.071342,0.002202,1.157281,-1.683,2.533,0.504
1761141891.220646,0,0.071320,0.002203,1.157181,-1.725,2.651,0.508,0.071320,0.002203,1.157181,-1.725,2.651,0.508
1761141891.289112,0,0.071310,0.002173,1.157119,-1.855,2.634,0.491,0.071310,0.002173,1.157119,-1.855,2.634,0.491
1761141891.361561,0,0.070967,0.001950,1.157040,-1.778,2.400,0.291,0.070967,0.001950,1.157040,-1.778,2.400,0.291
1761141891.434611,0,0.070924,0.001881,1.157353,-2.942,1.901,0.284,0.070924,0.001881,1.157353,-2.942,1.901,0.284
1761141891.502997,0,0.070900,0.001894,1.156479,-3.105,1.692,0.289,0.070900,0.001894,1.156479,-3.105,1.692,0.289
1761141891.574306,0,0.070940,0.001979,1.154654,-2.453,1.735,0.304,0.070940,0.001979,1.154654,-2.453,1.735,0.304
1761141891.646354,0,0.070955,0.001837,1.158385,-2.773,1.453,0.290,0.070955,0.001837,1.158385,-2.773,1.453,0.290
1761141891.712361,0,0.071060,0.001942,1.164620,-2.566,1.646,0.294,0.071060,0.001942,1.164620,-2.566,1.646,0.294
1761141891.782906,0,0.070923,0.001865,1.156493,-3.218,1.696,0.287,0.070923,0.001865,1.156493,-3.218,1.696,0.287
1761141891.864334,0,0.070942,0.001961,1.154726,-2.547,1.775,0.296,0.070942,0.001961,1.154726,-2.547,1.775,0.296
1761141891.938644,0,0.070949,0.001992,1.154796,-2.348,1.797,0.292,0.070949,0.001992,1.154796,-2.348,1.797,0.292
1761141892.016133,0,0.070999,0.001928,1.152029,-2.899,1.556,0.297,0.070999,0.001928,1.152029,-2.899,1.556,0.297
1761141892.083154,0,0.070959,0.001909,1.154351,-2.824,1.727,0.284,0.070959,0.001909,1.154351,-2.824,1.727,0.284
1761141892.153410,0,0.070968,0.001916,1.154487,-2.724,1.651,0.294,0.070968,0.001916,1.154487,-2.724,1.651,0.294
1761141892.230561,0,0.070954,0.001939,1.154432,-2.649,1.736,0.301,0.070954,0.001939,1.154432,-2.649,1.736,0.301
1761141892.307194,0,0.070958,0.001955,1.154631,-2.499,1.737,0.302,0.070958,0.001955,1.154631,-2.499,1.737,0.302
1761141892.381696,0,0.070969,0.001949,1.154514,-2.568,1.648,0.303,0.070969,0.001949,1.154514,-2.568,1.648,0.303
1761141892.459387,0,0.070925,0.001908,1.154362,-2.900,1.871,0.283,0.070925,0.001908,1.154362,-2.900,1.871,0.283
1761141892.532597,0,0.070945,0.001914,1.154412,-2.780,1.732,0.300,0.070945,0.001914,1.154412,-2.780,1.732,0.300
1761141892.603631,0,0.070918,0.001918,1.154469,-2.914,2.054,0.268,0.070918,0.001918,1.154469,-2.914,2.054,0.268
1761141892.682446,0,0.070836,0.002009,1.155145,-2.587,2.632,0.250,0.070836,0.002009,1.155145,-2.587,2.632,0.250
1761141892.752744,0,0.070850,0.001969,1.154875,-2.852,2.600,0.230,0.070850,0.001969,1.154875,-2.852,2.600,0.230
1761141892.821405,0,0.070877,0.001988,1.155001,-2.705,2.395,0.256,0.070877,0.001988,1.155001,-2.705,2.395,0.256
1761141892.898719,0,0.070850,0.001935,1.154720,-2.984,2.467,0.236,0.070850,0.001935,1.154720,-2.984,2.467,0.236
1761141892.968893,0,0.070773,0.002045,1.155349,-2.668,3.175,0.202,0.070773,0.002045,1.155349,-2.668,3.175,0.202
1761141893.033788,0,0.070739,0.002049,1.155379,-2.595,3.387,0.188,0.070739,0.002049,1.155379,-2.595,3.387,0.188
1761141893.109476,0,0.070801,0.002012,1.155060,-2.632,2.895,0.212,0.070801,0.002012,1.155060,-2.632,2.895,0.212
1761141893.178066,0,0.070837,0.001893,1.154636,-3.294,2.451,0.231,0.070837,0.001893,1.154636,-3.294,2.451,0.231
1761141893.249149,0,0.070743,0.002048,1.155349,-2.581,3.312,0.192,0.070743,0.002048,1.155349,-2.581,3.312,0.192
1761141893.320748,0,0.070809,0.002031,1.155157,-2.466,2.850,0.233,0.070809,0.002031,1.155157,-2.466,2.850,0.233
1761141893.386504,0,0.070682,0.002061,1.155548,-2.642,3.768,0.163,0.070682,0.002061,1.155548,-2.642,3.768,0.163
1761141893.453738,0,0.070732,0.001989,1.155071,-3.011,3.365,0.175,0.070732,0.001989,1.155071,-3.011,3.365,0.175
1761141893.536796,0,0.070660,0.002068,1.155558,-2.634,3.810,0.154,0.070660,0.002068,1.155558,-2.634,3.810,0.154
1761141893.604203,0,0.070690,0.002015,1.155252,-3.008,3.702,0.153,0.070690,0.002015,1.155252,-3.008,3.702,0.153
1761141893.686495,0,0.070759,0.002043,1.155283,-2.583,3.161,0.214,0.070759,0.002043,1.155283,-2.583,3.161,0.214
1761141893.777167,0,0.070735,0.002060,1.155518,-2.605,3.459,0.184,0.070735,0.002060,1.155518,-2.605,3.459,0.184
1761141893.863826,0,0.070817,0.002045,1.155301,-2.656,3.236,0.193,0.070817,0.002045,1.155301,-2.656,3.236,0.193
1761141893.943855,0,0.070877,0.001982,1.154848,-2.634,2.324,0.256,0.070877,0.001982,1.154848,-2.634,2.324,0.256
1761141894.038055,0,0.070924,0.001956,1.154541,-2.515,1.798,0.293,0.070924,0.001956,1.154541,-2.515,1.798,0.293
1761141894.111766,0,0.070916,0.001968,1.154630,-2.452,1.816,0.294,0.070916,0.001968,1.154630,-2.452,1.816,0.294
1761141894.184555,0,0.070930,0.001967,1.154549,-2.508,1.710,0.302,0.070930,0.001967,1.154549,-2.508,1.710,0.302
1761141894.259062,0,0.070886,0.001921,1.154676,-2.777,1.637,0.291,0.070886,0.001921,1.154676,-2.777,1.637,0.291
1761141894.340357,0,0.070846,0.001963,1.154582,-2.619,1.980,0.275,0.070846,0.001963,1.154582,-2.619,1.980,0.275
1761141894.416146,0,0.070825,0.001920,1.154408,-2.833,2.073,0.255,0.070825,0.001920,1.154408,-2.833,2.073,0.255
1761141894.484675,0,0.070824,0.001909,1.154606,-2.933,1.958,0.269,0.070824,0.001909,1.154606,-2.933,1.958,0.269
1761141894.562374,0,0.070312,0.001891,1.154398,-3.110,2.378,0.308,0.070312,0.001891,1.154398,-3.110,2.378,0.308
1761141894.634676,0,0.062461,0.003044,1.154905,-2.521,2.203,-1.807,0.062461,0.003044,1.154905,-2.521,2.203,-1.807
1761141894.705014,0,0.063168,0.001835,1.154259,-2.682,2.832,-1.527,0.063168,0.001835,1.154259,-2.682,2.832,-1.527
1761141894.784067,0,0.063273,0.001859,1.154553,-2.999,1.761,-1.474,0.063273,0.001859,1.154553,-2.999,1.761,-1.474
1761141894.855385,0,0.063249,0.001933,1.154884,-2.441,1.583,-1.461,0.063249,0.001933,1.154884,-2.441,1.583,-1.461
1761141894.932456,0,0.063199,0.001880,1.154853,-2.413,1.714,-1.458,0.063199,0.001880,1.154853,-2.413,1.714,-1.458
1761141895.728778,0,0.037426,0.003343,1.150699,-3.497,2.328,-1.478,0.037426,0.003343,1.150699,-3.497,2.328,-1.478
1761141895.882043,0,0.035065,0.006572,1.150561,-3.639,2.233,-0.817,0.035065,0.006572,1.150561,-3.639,2.233,-0.817
1761141895.960703,0,0.037425,0.011311,1.149637,-3.872,2.447,0.066,0.037425,0.011311,1.149637,-3.872,2.447,0.066
1761141896.055433,0,0.037637,0.012813,1.149577,-4.058,2.704,0.329,0.037637,0.012813,1.149577,-4.058,2.704,0.329
1761141896.183425,0,0.037501,0.014162,1.153307,-1.679,2.488,0.552,0.037501,0.014162,1.153307,-1.679,2.488,0.552
1761141896.252057,0,0.037808,0.013926,1.150320,-3.612,2.383,0.506,0.037808,0.013926,1.150320,-3.612,2.383,0.506
1761141896.465478,0,0.035933,0.015677,1.152311,0.704,1.696,0.955,0.035933,0.015677,1.152311,0.704,1.696,0.955
1761141896.540571,0,0.035716,0.015758,1.152089,0.544,2.251,0.943,0.035716,0.015758,1.152089,0.544,2.251,0.943
1761141896.614344,0,0.035952,0.015449,1.152336,-0.865,1.870,0.883,0.035952,0.015449,1.152336,-0.865,1.870,0.883
1761141896.691949,0,0.035988,0.015483,1.152512,-0.864,1.886,0.879,0.035988,0.015483,1.152512,-0.864,1.886,0.879
1761141896.768990,0,0.036011,0.015503,1.152719,-1.122,1.805,0.875,0.036011,0.015503,1.152719,-1.122,1.805,0.875
1761141896.849169,0,0.035985,0.015543,1.153005,-1.033,1.930,0.877,0.035985,0.015543,1.153005,-1.033,1.930,0.877
1761141896.922229,0,0.035990,0.015553,1.152989,-1.011,1.831,0.866,0.035990,0.015553,1.152989,-1.011,1.831,0.866
1761141896.995221,0,0.036012,0.015535,1.152934,-1.075,1.821,0.864,0.036012,0.015535,1.152934,-1.075,1.821,0.864
1761141897.074042,0,0.036004,0.015565,1.152765,-0.976,1.831,0.872,0.036004,0.015565,1.152765,-0.976,1.831,0.872
1761141897.149744,0,0.036003,0.015552,1.152283,-0.975,1.953,0.862,0.036003,0.015552,1.152283,-0.975,1.953,0.862
1761141897.220071,0,0.035940,0.015470,1.164029,-0.345,1.751,0.868,0.035940,0.015470,1.164029,-0.345,1.751,0.868
1761141897.298051,0,0.035949,0.015428,1.159548,-0.993,1.525,0.871,0.035949,0.015428,1.159548,-0.993,1.525,0.871
1761141897.378863,0,0.035924,0.015466,1.154945,-1.252,1.651,0.868,0.035924,0.015466,1.154945,-1.252,1.651,0.868
1761141897.453408,0,0.035918,0.015487,1.156360,-0.362,1.652,0.885,0.035918,0.015487,1.156360,-0.362,1.652,0.885
1761141897.524232,0,0.035899,0.015430,1.159420,-0.917,1.656,0.876,0.035899,0.015430,1.159420,-0.917,1.656,0.876
1761141897.604596,0,0.035916,0.015443,1.159396,-0.893,1.560,0.867,0.035916,0.015443,1.159396,-0.893,1.560,0.867
1761141897.680206,0,0.035910,0.015439,1.159368,-0.897,1.590,0.878,0.035910,0.015439,1.159368,-0.897,1.590,0.878
1761141897.757006,0,0.035918,0.015472,1.159470,-0.776,1.647,0.872,0.035918,0.015472,1.159470,-0.776,1.647,0.872
1761141897.835708,0,0.035930,0.015459,1.159526,-0.865,1.597,0.875,0.035930,0.015459,1.159526,-0.865,1.597,0.875
1761141897.920686,0,0.035922,0.015472,1.159545,-0.826,1.536,0.873,0.035922,0.015472,1.159545,-0.826,1.536,0.873
1761141897.994591,0,0.035885,0.015487,1.159579,-0.869,1.601,0.879,0.035885,0.015487,1.159579,-0.869,1.601,0.879
1761141898.073589,0,0.035880,0.015505,1.159603,-0.860,1.517,0.874,0.035880,0.015505,1.159603,-0.860,1.517,0.874
1761141898.160916,0,0.035120,0.015977,1.159457,-0.804,1.644,0.899,0.035120,0.015977,1.159457,-0.804,1.644,0.899
1761141898.237326,0,0.032653,0.017232,1.159538,-0.851,1.602,0.844,0.032653,0.017232,1.159538,-0.851,1.602,0.844
1761141898.315732,0,0.032242,0.017404,1.159793,-0.863,1.752,0.813,0.032242,0.017404,1.159793,-0.863,1.752,0.813
1761141898.398299,0,0.030060,0.018595,1.159659,-0.819,1.600,0.937,0.030060,0.018595,1.159659,-0.819,1.600,0.937
1761141898.482927,0,0.026848,0.020282,1.159874,-0.861,1.592,0.932,0.026848,0.020282,1.159874,-0.861,1.592,0.932
1761141898.578864,0,0.024768,0.021354,1.160019,-0.870,1.610,0.923,0.024768,0.021354,1.160019,-0.870,1.610,0.923
1761141898.662278,0,0.023435,0.022059,1.159808,-0.937,1.551,0.965,0.023435,0.022059,1.159808,-0.937,1.551,0.965
1761141898.742337,0,0.021689,0.022990,1.159930,-0.632,1.632,0.951,0.021689,0.022990,1.159930,-0.632,1.632,0.951
1761141898.832228,0,0.021728,0.022981,1.159940,-0.761,1.518,0.947,0.021728,0.022981,1.159940,-0.761,1.518,0.947
1761141898.921758,0,0.021697,0.022976,1.159846,-0.866,1.479,0.947,0.021697,0.022976,1.159846,-0.866,1.479,0.947
1761141899.010817,0,0.020077,0.024450,1.159788,-0.953,1.656,0.759,0.020077,0.024450,1.159788,-0.953,1.656,0.759
1761141899.105805,0,0.017534,0.026437,1.159864,-0.745,1.599,0.823,0.017534,0.026437,1.159864,-0.745,1.599,0.823
1761141899.198370,0,0.015802,0.027674,1.159664,-0.820,1.605,0.983,0.015802,0.027674,1.159664,-0.820,1.605,0.983
1761141899.294917,0,0.013253,0.029340,1.159698,-0.984,1.331,1.085,0.013253,0.029340,1.159698,-0.984,1.331,1.085
1761141899.400255,0,0.010480,0.031126,1.159860,-1.004,1.375,1.173,0.010480,0.031126,1.159860,-1.004,1.375,1.173
1761141899.492826,0,0.008880,0.032144,1.159960,-0.787,1.534,1.089,0.008880,0.032144,1.159960,-0.787,1.534,1.089
1761141899.583031,0,0.008258,0.032619,1.159837,-0.780,1.325,1.016,0.008258,0.032619,1.159837,-0.780,1.325,1.016
1761141899.666308,0,0.006761,0.033771,1.160096,-1.018,1.488,0.777,0.006761,0.033771,1.160096,-1.018,1.488,0.777
1761141899.768107,0,0.006711,0.033838,1.159948,-0.745,1.570,0.769,0.006711,0.033838,1.159948,-0.745,1.570,0.769
1761141899.860164,0,0.006713,0.033825,1.159951,-0.870,1.578,0.772,0.006713,0.033825,1.159951,-0.870,1.578,0.772
1761141899.951048,0,0.006478,0.034055,1.159885,-0.836,1.524,0.723,0.006478,0.034055,1.159885,-0.836,1.524,0.723
1761141900.038546,0,0.004739,0.035914,1.159980,-1.173,1.355,0.085,0.004739,0.035914,1.159980,-1.173,1.355,0.085
1761141900.123957,0,0.003290,0.036996,1.159626,-1.464,1.349,-0.163,0.003290,0.036996,1.159626,-1.464,1.349,-0.163
1761141900.215944,0,0.000933,0.038335,1.159879,-1.098,1.338,-0.518,0.000933,0.038335,1.159879,-1.098,1.338,-0.518
1761141900.299341,0,-0.000563,0.039120,1.159706,-0.791,1.304,-0.584,-0.000563,0.039120,1.159706,-0.791,1.304,-0.584
1761141900.386637,0,-0.003201,0.040614,1.160107,-0.920,1.432,-0.600,-0.003201,0.040614,1.160107,-0.920,1.432,-0.600
1761141900.467407,0,-0.003804,0.041048,1.159957,-0.899,1.458,-0.563,-0.003804,0.041048,1.159957,-0.899,1.458,-0.563
1761141900.545552,0,-0.004574,0.041565,1.160096,-0.967,1.315,-0.483,-0.004574,0.041565,1.160096,-0.967,1.315,-0.483
1761141900.627573,0,-0.004890,0.041754,1.160042,-1.118,1.138,-0.479,-0.004890,0.041754,1.160042,-1.118,1.138,-0.479
1761141900.704150,0,-0.005137,0.041997,1.160128,-0.883,1.104,-0.485,-0.005137,0.041997,1.160128,-0.883,1.104,-0.485
1761141900.777654,0,-0.005141,0.041974,1.160134,-0.950,1.088,-0.487,-0.005141,0.041974,1.160134,-0.950,1.088,-0.487
1761141900.858133,0,-0.005366,0.042122,1.160116,-1.012,1.329,-0.451,-0.005366,0.042122,1.160116,-1.012,1.329,-0.451
1761141900.931929,0,-0.005655,0.042289,1.160086,-1.198,1.560,-0.407,-0.005655,0.042289,1.160086,-1.198,1.560,-0.407
1761141901.012316,0,-0.005906,0.042551,1.160014,-1.050,1.225,-0.383,-0.005906,0.042551,1.160014,-1.050,1.225,-0.383
1761141901.090657,0,-0.005941,0.042556,1.160004,-0.981,1.411,-0.377,-0.005941,0.042556,1.160004,-0.981,1.411,-0.377
1761141901.169314,0,-0.005927,0.042560,1.160129,-0.964,1.325,-0.375,-0.005927,0.042560,1.160129,-0.964,1.325,-0.375
1761141901.251585,0,-0.005946,0.042555,1.160114,-1.014,1.449,-0.388,-0.005946,0.042555,1.160114,-1.014,1.449,-0.388
1761141901.326254,0,-0.006015,0.042608,1.160104,-0.931,1.424,-0.366,-0.006015,0.042608,1.160104,-0.931,1.424,-0.366
1761141901.404303,0,-0.007418,0.043527,1.159950,-0.911,1.333,-0.291,-0.007418,0.043527,1.159950,-0.911,1.333,-0.291
1761141901.477901,0,-0.008751,0.044448,1.160142,-0.760,1.390,-0.307,-0.008751,0.044448,1.160142,-0.760,1.390,-0.307
1761141901.551995,0,-0.010756,0.045891,1.160031,-0.983,1.366,-0.355,-0.010756,0.045891,1.160031,-0.983,1.366,-0.355
1761141901.627375,0,-0.012726,0.047234,1.159989,-1.039,1.325,-0.386,-0.012726,0.047234,1.159989,-1.039,1.325,-0.386
1761141901.709581,0,-0.014568,0.048512,1.160161,-0.842,1.299,-0.386,-0.014568,0.048512,1.160161,-0.842,1.299,-0.386
1761141901.790621,0,-0.015950,0.049405,1.160274,-1.010,1.305,-0.354,-0.015950,0.049405,1.160274,-1.010,1.305,-0.354
1761141901.869340,0,-0.017257,0.050324,1.160248,-0.799,1.774,-0.368,-0.017257,0.050324,1.160248,-0.799,1.774,-0.368
1761141901.940314,0,-0.017302,0.050357,1.160574,-0.981,1.592,-0.380,-0.017302,0.050357,1.160574,-0.981,1.592,-0.380
1761141902.019848,0,-0.017294,0.050368,1.160585,-0.975,1.557,-0.382,-0.017294,0.050368,1.160585,-0.975,1.557,-0.382
1761141902.107421,0,-0.017300,0.050369,1.160537,-0.976,1.589,-0.372,-0.017300,0.050369,1.160537,-0.976,1.589,-0.372
1761141902.186908,0,-0.017294,0.050340,1.160619,-1.152,1.532,-0.381,-0.017294,0.050340,1.160619,-1.152,1.532,-0.381
1761141902.269469,0,-0.017309,0.050370,1.160588,-0.968,1.597,-0.378,-0.017309,0.050370,1.160588,-0.968,1.597,-0.378
1761141902.342912,0,-0.017454,0.050450,1.160406,-0.940,1.638,-0.377,-0.017454,0.050450,1.160406,-0.940,1.638,-0.377
1761141902.421925,0,-0.018305,0.051197,1.159931,-0.723,1.443,-0.409,-0.018305,0.051197,1.159931,-0.723,1.443,-0.409
1761141902.504649,0,-0.019413,0.052441,1.160072,-0.586,1.374,-0.503,-0.019413,0.052441,1.160072,-0.586,1.374,-0.503
1761141902.588609,0,-0.020275,0.053317,1.159901,-0.646,1.638,-0.559,-0.020275,0.053317,1.159901,-0.646,1.638,-0.559
1761141902.669290,0,-0.020767,0.053925,1.155515,-0.210,1.701,-0.619,-0.020767,0.053925,1.155515,-0.210,1.701,-0.619
1761141902.745009,0,-0.021043,0.054243,1.158978,-0.374,1.769,-0.694,-0.021043,0.054243,1.158978,-0.374,1.769,-0.694
1761141902.819606,0,-0.021442,0.055049,1.167424,-0.947,1.344,-0.813,-0.021442,0.055049,1.167424,-0.947,1.344,-0.813
1761141902.899094,0,-0.021609,0.055479,1.160700,-1.542,1.309,-0.959,-0.021609,0.055479,1.160700,-1.542,1.309,-0.959
1761141902.981591,0,-0.022039,0.056551,1.155041,-1.319,1.319,-1.192,-0.022039,0.056551,1.155041,-1.319,1.319,-1.192
1761141903.067139,0,-0.022560,0.057677,1.153399,-0.997,1.512,-1.434,-0.022560,0.057677,1.153399,-0.997,1.512,-1.434
1761141903.151791,0,-0.022787,0.057846,1.154653,-1.564,1.450,-1.515,-0.022787,0.057846,1.154653,-1.564,1.450,-1.515
1761141903.229876,0,-0.023179,0.058098,1.154071,-2.837,1.641,-1.608,-0.023179,0.058098,1.154071,-2.837,1.641,-1.608
1761141903.324110,0,-0.023470,0.059222,1.154509,-0.866,1.596,-1.771,-0.023470,0.059222,1.154509,-0.866,1.596,-1.771
1761141903.418018,0,-0.023605,0.059503,1.154936,-0.820,1.341,-1.805,-0.023605,0.059503,1.154936,-0.820,1.341,-1.805
1761141903.528131,0,-0.023597,0.059487,1.154949,-1.369,1.268,-1.840,-0.023597,0.059487,1.154949,-1.369,1.268,-1.840
1761141903.621224,0,-0.023980,0.059875,1.154521,-1.501,1.176,-1.743,-0.023980,0.059875,1.154521,-1.501,1.176,-1.743
1761141903.730277,0,-0.024982,0.060842,1.154554,-1.707,1.095,-1.583,-0.024982,0.060842,1.154554,-1.707,1.095,-1.583
1761141903.837250,0,-0.026332,0.062039,1.154999,-1.549,1.170,-1.443,-0.026332,0.062039,1.154999,-1.549,1.170,-1.443
1761141905.686329,0,0.024659,0.042027,1.156396,-1.159,2.001,-0.395,0.024659,0.042027,1.156396,-1.159,2.001,-0.395
1761141905.765456,0,0.037153,0.034422,1.156668,-1.387,1.582,-0.093,0.037153,0.034422,1.156668,-1.387,1.582,-0.093
1761141905.848397,0,0.046148,0.028206,1.154924,-1.035,1.813,0.304,0.046148,0.028206,1.154924,-1.035,1.813,0.304
1761141905.933767,0,0.049578,0.025724,1.153572,-0.935,1.487,0.661,0.049578,0.025724,1.153572,-0.935,1.487,0.661
1761141906.022996,0,0.049693,0.025529,1.153777,-1.022,1.433,0.615,0.049693,0.025529,1.153777,-1.022,1.433,0.615
1761141906.099423,0,0.050001,0.025042,1.153823,-0.923,1.368,0.475,0.050001,0.025042,1.153823,-0.923,1.368,0.475
1761141906.174016,0,0.050341,0.024476,1.153812,-0.843,1.362,0.307,0.050341,0.024476,1.153812,-0.843,1.362,0.307
1761141906.255988,0,0.050514,0.024137,1.153866,-0.842,1.432,0.190,0.050514,0.024137,1.153866,-0.842,1.432,0.190
1761141906.333087,0,0.050511,0.024143,1.153599,-0.650,1.436,0.200,0.050511,0.024143,1.153599,-0.650,1.436,0.200
1761141906.418774,0,0.050493,0.024163,1.153649,-0.566,1.678,0.182,0.050493,0.024163,1.153649,-0.566,1.678,0.182
1761141906.508552,0,0.050529,0.024147,1.153453,-0.601,1.346,0.199,0.050529,0.024147,1.153453,-0.601,1.346,0.199
1761141906.594558,0,0.050539,0.024130,1.153416,-0.619,1.367,0.205,0.050539,0.024130,1.153416,-0.619,1.367,0.205
1761141906.675879,0,0.050544,0.024111,1.153307,-0.716,1.400,0.201,0.050544,0.024111,1.153307,-0.716,1.400,0.201
1761141906.755090,0,0.050566,0.024134,1.153342,-0.621,1.303,0.213,0.050566,0.024134,1.153342,-0.621,1.303,0.213
1761141906.833298,0,0.050579,0.024147,1.153374,-0.591,1.263,0.219,0.050579,0.024147,1.153374,-0.591,1.263,0.219
1761141906.911247,0,0.050599,0.024123,1.153527,-0.684,1.190,0.212,0.050599,0.024123,1.153527,-0.684,1.190,0.212
1761141906.986886,0,0.050644,0.024206,1.150724,-0.949,1.739,0.201,0.050644,0.024206,1.150724,-0.949,1.739,0.201
1761141907.067355,0,0.050529,0.024127,1.154727,-0.501,1.658,0.191,0.050529,0.024127,1.154727,-0.501,1.658,0.191
1761141907.146558,0,0.050565,0.024081,1.161879,-0.693,1.453,0.211,0.050565,0.024081,1.161879,-0.693,1.453,0.211
1761141907.224235,0,0.050579,0.024131,1.153085,-0.938,1.561,0.204,0.050579,0.024131,1.153085,-0.938,1.561,0.204
1761141907.303406,0,0.050517,0.024038,1.158882,-0.707,1.627,0.183,0.050517,0.024038,1.158882,-0.707,1.627,0.183
1761141907.383662,0,0.050519,0.024086,1.158761,-0.537,1.547,0.188,0.050519,0.024086,1.158761,-0.537,1.547,0.188
1761141907.466904,0,0.050530,0.024101,1.158835,-0.465,1.478,0.193,0.050530,0.024101,1.158835,-0.465,1.478,0.193
1761141907.559902,0,0.050547,0.024094,1.158915,-0.592,1.402,0.200,0.050547,0.024094,1.158915,-0.592,1.402,0.200
1761141907.647687,0,0.050506,0.024077,1.158817,-0.560,1.646,0.184,0.050506,0.024077,1.158817,-0.560,1.646,0.184
1761141907.737128,0,0.050512,0.024092,1.158844,-0.471,1.503,0.189,0.050512,0.024092,1.158844,-0.471,1.503,0.189
1761141907.814868,0,0.050505,0.024079,1.158864,-0.602,1.561,0.180,0.050505,0.024079,1.158864,-0.602,1.561,0.180
1761141907.894037,0,0.050484,0.024070,1.158928,-0.652,1.649,0.184,0.050484,0.024070,1.158928,-0.652,1.649,0.184
1761141907.982016,0,0.050473,0.024052,1.158863,-0.741,1.702,0.181,0.050473,0.024052,1.158863,-0.741,1.702,0.181
1761141908.065350,0,0.050476,0.024082,1.158839,-0.537,1.675,0.181,0.050476,0.024082,1.158839,-0.537,1.675,0.181
1761141908.152047,0,0.050484,0.024064,1.158847,-0.606,1.669,0.177,0.050484,0.024064,1.158847,-0.606,1.669,0.177
1761141908.233044,0,0.050478,0.024084,1.158827,-0.588,1.628,0.180,0.050478,0.024084,1.158827,-0.588,1.628,0.180
1761141908.322119,0,0.050499,0.024077,1.158841,-0.596,1.522,0.184,0.050499,0.024077,1.158841,-0.596,1.522,0.184
1761141908.404669,0,0.050500,0.024093,1.158822,-0.524,1.543,0.185,0.050500,0.024093,1.158822,-0.524,1.543,0.185
1761141908.487857,0,0.050469,0.024069,1.158839,-0.745,1.618,0.185,0.050469,0.024069,1.158839,-0.745,1.618,0.185
1761141908.580105,0,0.050500,0.024098,1.158821,-0.538,1.474,0.185,0.050500,0.024098,1.158821,-0.538,1.474,0.185
1761141908.658791,0,0.050520,0.024073,1.158860,-0.697,1.380,0.188,0.050520,0.024073,1.158860,-0.697,1.380,0.188
1761141908.742380,0,0.050489,0.024066,1.158843,-0.682,1.622,0.177,0.050489,0.024066,1.158843,-0.682,1.622,0.177
1761141908.827754,0,0.050513,0.024088,1.158856,-0.587,1.454,0.190,0.050513,0.024088,1.158856,-0.587,1.454,0.190
1761141908.912280,0,0.050581,0.023954,1.159068,-0.902,1.657,0.266,0.050581,0.023954,1.159068,-0.902,1.657,0.266
1761141909.000310,0,0.050372,0.024197,1.158695,-0.799,1.196,0.303,0.050372,0.024197,1.158695,-0.799,1.196,0.303
1761141909.091722,0,0.050144,0.024151,1.158824,-0.711,1.200,0.233,0.050144,0.024151,1.158824,-0.711,1.200,0.233
1761141909.182575,0,0.050110,0.024073,1.158811,-0.887,1.596,0.197,0.050110,0.024073,1.158811,-0.887,1.596,0.197
1761141909.258872,0,0.050128,0.024031,1.158795,-0.756,1.755,0.178,0.050128,0.024031,1.158795,-0.756,1.755,0.178
1761141909.335169,0,0.050135,0.023963,1.158647,-1.058,1.971,0.165,0.050135,0.023963,1.158647,-1.058,1.971,0.165
1761141909.412807,0,0.050158,0.023962,1.158300,-0.924,2.001,0.172,0.050158,0.023962,1.158300,-0.924,2.001,0.172
1761141909.482414,0,0.050175,0.023926,1.158343,-1.157,1.968,0.164,0.050175,0.023926,1.158343,-1.157,1.968,0.164
1761141909.558676,0,0.050145,0.023946,1.158463,-1.041,2.130,0.171,0.050145,0.023946,1.158463,-1.041,2.130,0.171
1761141909.639726,0,0.050128,0.023879,1.158217,-1.731,2.202,0.156,0.050128,0.023879,1.158217,-1.731,2.202,0.156
1761141909.718228,0,0.050144,0.023899,1.158159,-1.497,2.237,0.163,0.050144,0.023899,1.158159,-1.497,2.237,0.163
1761141909.801325,0,0.050131,0.023864,1.158209,-1.744,2.311,0.157,0.050131,0.023864,1.158209,-1.744,2.311,0.157
1761141909.890407,0,0.050134,0.023890,1.158009,-1.558,2.321,0.162,0.050134,0.023890,1.158009,-1.558,2.321,0.162
1761141909.972939,0,0.050160,0.023842,1.158049,-1.759,1.946,0.183,0.050160,0.023842,1.158049,-1.759,1.946,0.183
1761141910.074522,0,0.050130,0.023843,1.158173,-1.872,2.241,0.147,0.050130,0.023843,1.158173,-1.872,2.241,0.147
1761141910.171112,0,0.050134,0.023851,1.158113,-1.784,2.305,0.148,0.050134,0.023851,1.158113,-1.784,2.305,0.148
1761141910.262898,0,0.050138,0.023904,1.158173,-1.475,2.327,0.164,0.050138,0.023904,1.158173,-1.475,2.327,0.164
1761141910.340103,0,0.050150,0.023889,1.158096,-1.572,2.275,0.160,0.050150,0.023889,1.158096,-1.572,2.275,0.160
1761141910.411152,0,0.050179,0.023829,1.158023,-1.833,1.854,0.177,0.050179,0.023829,1.158023,-1.833,1.854,0.177
1761141910.490406,0,0.050157,0.023890,1.155159,-1.527,1.875,0.189,0.050157,0.023890,1.155159,-1.527,1.875,0.189
1761141910.562904,0,0.050138,0.023921,1.160672,-0.972,2.222,0.185,0.050138,0.023921,1.160672,-0.972,2.222,0.185
1761141910.632271,0,0.050196,0.023991,1.166331,-1.193,2.376,0.161,0.050196,0.023991,1.166331,-1.193,2.376,0.161
1761141910.698022,0,0.050180,0.023893,1.158763,-1.609,1.893,0.185,0.050180,0.023893,1.158763,-1.609,1.893,0.185
1761141910.769976,0,0.050170,0.023881,1.154962,-1.774,1.739,0.191,0.050170,0.023881,1.154962,-1.774,1.739,0.191
1761141910.848769,0,0.050136,0.023906,1.155076,-1.655,1.981,0.195,0.050136,0.023906,1.155076,-1.655,1.981,0.195
1761141910.924049,0,0.050139,0.023911,1.157822,-1.549,2.350,0.155,0.050139,0.023911,1.157822,-1.549,2.350,0.155
1761141910.998242,0,0.050139,0.023905,1.157916,-1.728,2.340,0.168,0.050139,0.023905,1.157916,-1.728,2.340,0.168
1761141911.085594,0,0.050028,0.023965,1.157831,-1.816,2.316,0.192,0.050028,0.023965,1.157831,-1.816,2.316,0.192
1761141911.161880,0,0.050072,0.023948,1.157822,-1.903,2.125,0.197,0.050072,0.023948,1.157822,-1.903,2.125,0.197
1761141911.237220,0,0.050118,0.023891,1.157758,-1.624,2.443,0.187,0.050118,0.023891,1.157758,-1.624,2.443,0.187
1761141911.314882,0,0.050364,0.023773,1.157747,-1.106,1.941,0.265,0.050364,0.023773,1.157747,-1.106,1.941,0.265
1761141911.385271,0,0.050446,0.023574,1.157020,-1.164,1.959,0.280,0.050446,0.023574,1.157020,-1.164,1.959,0.280
1761141911.458659,0,0.050461,0.023583,1.156662,-1.169,1.985,0.279,0.050461,0.023583,1.156662,-1.169,1.985,0.279
1761141911.537139,0,0.050428,0.023577,1.156674,-1.288,2.096,0.277,0.050428,0.023577,1.156674,-1.288,2.096,0.277
1761141911.625517,0,0.050453,0.023602,1.156746,-1.157,1.972,0.288,0.050453,0.023602,1.156746,-1.157,1.972,0.288
1761141911.705776,0,0.050408,0.023616,1.156977,-1.423,2.137,0.288,0.050408,0.023616,1.156977,-1.423,2.137,0.288
1761141911.784434,0,0.050396,0.023611,1.156887,-1.466,2.172,0.281,0.050396,0.023611,1.156887,-1.466,2.172,0.281
1761141911.865808,0,0.050415,0.023589,1.156827,-1.598,2.066,0.278,0.050415,0.023589,1.156827,-1.598,2.066,0.278
1761141911.947170,0,0.050419,0.023589,1.156784,-1.599,2.121,0.292,0.050419,0.023589,1.156784,-1.599,2.121,0.292
1761141912.018659,0,0.050382,0.023609,1.156850,-1.500,2.244,0.275,0.050382,0.023609,1.156850,-1.500,2.244,0.275
1761141912.094572,0,0.050396,0.023595,1.156862,-1.569,2.199,0.281,0.050396,0.023595,1.156862,-1.569,2.199,0.281
1761141912.170468,0,0.050364,0.023634,1.157003,-1.537,2.108,0.295,0.050364,0.023634,1.157003,-1.537,2.108,0.295
1761141912.241448,0,0.050361,0.023666,1.157264,-1.404,1.967,0.298,0.050361,0.023666,1.157264,-1.404,1.967,0.298
1761141912.322143,0,0.050355,0.023692,1.157236,-1.277,2.055,0.298,0.050355,0.023692,1.157236,-1.277,2.055,0.298
1761141912.402279,0,0.050357,0.023660,1.157354,-1.457,2.015,0.292,0.050357,0.023660,1.157354,-1.457,2.015,0.292
1761141912.478783,0,0.050366,0.023684,1.157207,-1.378,2.006,0.300,0.050366,0.023684,1.157207,-1.378,2.006,0.300
1761141912.558205,0,0.050347,0.023684,1.157503,-1.437,2.009,0.295,0.050347,0.023684,1.157503,-1.437,2.009,0.295
1761141912.638429,0,0.050305,0.023673,1.157426,-1.503,2.207,0.288,0.050305,0.023673,1.157426,-1.503,2.207,0.288
1761141912.751234,0,0.050350,0.023671,1.157417,-1.397,2.000,0.301,0.050350,0.023671,1.157417,-1.397,2.000,0.301
1761141912.849799,0,0.050276,0.023692,1.157324,-1.389,2.111,0.320,0.050276,0.023692,1.157324,-1.389,2.111,0.320
1761141912.939533,0,0.050285,0.023665,1.157335,-1.587,1.952,0.314,0.050285,0.023665,1.157335,-1.587,1.952,0.314
1761141913.023518,0,0.050013,0.023809,1.157635,-1.902,2.076,0.314,0.050013,0.023809,1.157635,-1.902,2.076,0.314
1761141913.100691,0,0.049814,0.023933,1.157681,-2.030,2.113,0.306,0.049814,0.023933,1.157681,-2.030,2.113,0.306
1761141913.178117,0,0.049788,0.023946,1.157658,-2.066,2.051,0.306,0.049788,0.023946,1.157658,-2.066,2.051,0.306
1761141913.258811,0,0.049800,0.023947,1.157723,-2.099,2.038,0.311,0.049800,0.023947,1.157723,-2.099,2.038,0.311
1761141913.338691,0,0.049791,0.023957,1.157680,-2.014,2.052,0.305,0.049791,0.023957,1.157680,-2.014,2.052,0.305
1761141913.418603,0,0.049795,0.023939,1.157697,-2.134,1.973,0.313,0.049795,0.023939,1.157697,-2.134,1.973,0.313
1761141913.487876,0,0.049778,0.023930,1.157682,-2.134,2.074,0.299,0.049778,0.023930,1.157682,-2.134,2.074,0.299
1761141913.570819,0,0.049791,0.023935,1.157632,-2.149,2.073,0.301,0.049791,0.023935,1.157632,-2.149,2.073,0.301
1761141913.651607,0,0.049785,0.023924,1.157680,-2.189,2.127,0.310,0.049785,0.023924,1.157680,-2.189,2.127,0.310
1761141913.731674,0,0.049779,0.023951,1.157753,-2.071,2.131,0.303,0.049779,0.023951,1.157753,-2.071,2.131,0.303
1761141913.814378,0,0.049744,0.023962,1.157789,-2.136,1.991,0.288,0.049744,0.023962,1.157789,-2.136,1.991,0.288
1761141913.892020,0,0.049682,0.023961,1.157643,-2.092,2.176,0.291,0.049682,0.023961,1.157643,-2.092,2.176,0.291
1761141913.980746,0,0.049704,0.023974,1.157680,-1.895,2.092,0.301,0.049704,0.023974,1.157680,-1.895,2.092,0.301
1761141914.064967,0,0.049688,0.023945,1.157506,-2.000,2.110,0.292,0.049688,0.023945,1.157506,-2.000,2.110,0.292
1761141914.155547,0,0.049686,0.023931,1.157556,-2.129,2.146,0.293,0.049686,0.023931,1.157556,-2.129,2.146,0.293
1761141914.240258,0,0.049698,0.023946,1.157546,-2.022,2.069,0.297,0.049698,0.023946,1.157546,-2.022,2.069,0.297
1761141914.328861,0,0.049669,0.023956,1.157565,-1.926,2.168,0.299,0.049669,0.023956,1.157565,-1.926,2.168,0.299
1761141914.414671,0,0.049680,0.023938,1.157523,-2.047,2.137,0.296,0.049680,0.023938,1.157523,-2.047,2.137,0.296
1761141914.495435,0,0.049675,0.023933,1.157483,-2.130,2.178,0.286,0.049675,0.023933,1.157483,-2.130,2.178,0.286
1761141914.568673,0,0.049685,0.023979,1.157500,-1.852,2.160,0.296,0.049685,0.023979,1.157500,-1.852,2.160,0.296
1761141914.652852,0,0.049685,0.023941,1.157486,-2.060,2.134,0.294,0.049685,0.023941,1.157486,-2.060,2.134,0.294
1761141914.728456,0,0.049683,0.023950,1.157433,-1.999,2.139,0.288,0.049683,0.023950,1.157433,-1.999,2.139,0.288
1761141914.800392,0,0.049683,0.023952,1.157443,-1.943,2.173,0.294,0.049683,0.023952,1.157443,-1.943,2.173,0.294
1761141914.876755,0,0.049686,0.023915,1.157448,-2.231,2.160,0.285,0.049686,0.023915,1.157448,-2.231,2.160,0.285
1761141914.949927,0,0.049697,0.023935,1.157302,-2.113,2.184,0.282,0.049697,0.023935,1.157302,-2.113,2.184,0.282
1761141915.020049,0,0.049671,0.023923,1.157445,-2.098,2.297,0.279,0.049671,0.023923,1.157445,-2.098,2.297,0.279
1761141915.094104,0,0.049683,0.023949,1.157439,-1.876,2.330,0.282,0.049683,0.023949,1.157439,-1.876,2.330,0.282
1761141915.165877,0,0.049684,0.023903,1.157488,-2.201,2.159,0.283,0.049684,0.023903,1.157488,-2.201,2.159,0.283
1761141915.243859,0,0.049691,0.023923,1.157588,-2.036,2.096,0.290,0.049691,0.023923,1.157588,-2.036,2.096,0.290
1761141915.340287,0,0.049688,0.023935,1.157582,-1.994,2.106,0.291,0.049688,0.023935,1.157582,-1.994,2.106,0.291
1761141915.430113,0,0.049697,0.023939,1.157645,-1.958,2.079,0.288,0.049697,0.023939,1.157645,-1.958,2.079,0.288
1761141915.512812,0,0.049677,0.023966,1.157683,-1.770,2.204,0.290,0.049677,0.023966,1.157683,-1.770,2.204,0.290
1761141915.605325,0,0.049663,0.023935,1.157549,-1.958,2.251,0.291,0.049663,0.023935,1.157549,-1.958,2.251,0.291
1761141915.698369,0,0.049689,0.023926,1.157239,-2.120,2.325,0.283,0.049689,0.023926,1.157239,-2.120,2.325,0.283
1761141915.778739,0,0.049686,0.023927,1.157355,-2.156,2.360,0.286,0.049686,0.023927,1.157355,-2.156,2.360,0.286
1761141915.856888,0,0.049715,0.023924,1.157467,-2.030,2.197,0.289,0.049715,0.023924,1.157467,-2.030,2.197,0.289
1761141915.936373,0,0.049687,0.023928,1.157352,-1.985,2.249,0.288,0.049687,0.023928,1.157352,-1.985,2.249,0.288
1761141916.009084,0,0.049670,0.023907,1.157273,-2.167,2.390,0.277,0.049670,0.023907,1.157273,-2.167,2.390,0.277
1761141916.091791,0,0.049681,0.023911,1.157370,-2.079,2.254,0.278,0.049681,0.023911,1.157370,-2.079,2.254,0.278
1761141916.164945,0,0.049640,0.023902,1.157179,-2.039,2.559,0.262,0.049640,0.023902,1.157179,-2.039,2.559,0.262
1761141916.245079,0,0.049636,0.023878,1.157255,-2.150,2.508,0.255,0.049636,0.023878,1.157255,-2.150,2.508,0.255
1761141916.321973,0,0.049680,0.023894,1.157263,-2.044,2.276,0.270,0.049680,0.023894,1.157263,-2.044,2.276,0.270
1761141916.400899,0,0.049655,0.023883,1.157282,-2.105,2.415,0.267,0.049655,0.023883,1.157282,-2.105,2.415,0.267
1761141916.479257,0,0.049653,0.023885,1.157225,-2.190,2.355,0.268,0.049653,0.023885,1.157225,-2.190,2.355,0.268
1761141916.560590,0,0.049657,0.023867,1.157191,-2.198,2.258,0.266,0.049657,0.023867,1.157191,-2.198,2.258,0.266
1761141916.641029,0,0.049663,0.023881,1.157259,-2.130,2.268,0.271,0.049663,0.023881,1.157259,-2.130,2.268,0.271
1761141916.724168,0,0.049670,0.023904,1.157283,-1.947,2.236,0.276,0.049670,0.023904,1.157283,-1.947,2.236,0.276
1761141916.802016,0,0.049643,0.023887,1.157313,-2.019,2.409,0.264,0.049643,0.023887,1.157313,-2.019,2.409,0.264
1761141916.874561,0,0.049679,0.023880,1.157451,-2.128,2.309,0.262,0.049679,0.023880,1.157451,-2.128,2.309,0.262
1761141916.956184,0,0.049658,0.023873,1.157260,-2.170,2.409,0.267,0.049658,0.023873,1.157260,-2.170,2.409,0.267
1761141917.034798,0,0.049638,0.023877,1.157325,-2.037,2.510,0.254,0.049638,0.023877,1.157325,-2.037,2.510,0.254
1761141917.109546,0,0.049614,0.023808,1.157014,-2.228,2.779,0.232,0.049614,0.023808,1.157014,-2.228,2.779,0.232
1761141917.190898,0,0.049593,0.023769,1.157016,-2.307,2.735,0.230,0.049593,0.023769,1.157016,-2.307,2.735,0.230
1761141917.269978,0,0.049587,0.023828,1.157371,-2.139,2.739,0.227,0.049587,0.023828,1.157371,-2.139,2.739,0.227
1761141917.350683,0,0.049592,0.023838,1.157196,-1.933,2.826,0.231,0.049592,0.023838,1.157196,-1.933,2.826,0.231
1761141917.430427,0,0.049615,0.023789,1.157287,-2.309,2.652,0.236,0.049615,0.023789,1.157287,-2.309,2.652,0.236
1761141917.504662,0,0.049651,0.023792,1.156996,-2.211,2.610,0.241,0.049651,0.023792,1.156996,-2.211,2.610,0.241
1761141917.581828,0,0.049598,0.023830,1.157117,-1.992,2.831,0.236,0.049598,0.023830,1.157117,-1.992,2.831,0.236
1761141917.657857,0,0.049606,0.023807,1.157195,-2.264,2.723,0.230,0.049606,0.023807,1.157195,-2.264,2.723,0.230
1761141917.733549,0,0.049620,0.023795,1.157207,-2.260,2.628,0.240,0.049620,0.023795,1.157207,-2.260,2.628,0.240
1761141917.815160,0,0.049615,0.023810,1.157250,-2.155,2.705,0.234,0.049615,0.023810,1.157250,-2.155,2.705,0.234
1761141917.888352,0,0.049632,0.023781,1.157185,-2.436,2.656,0.222,0.049632,0.023781,1.157185,-2.436,2.656,0.222
1761141917.967074,0,0.049611,0.023817,1.157295,-2.143,2.725,0.241,0.049611,0.023817,1.157295,-2.143,2.725,0.241
1761141918.043408,0,0.049611,0.023789,1.157169,-2.243,2.804,0.228,0.049611,0.023789,1.157169,-2.243,2.804,0.228
1761141918.121442,0,0.049623,0.023801,1.157183,-2.264,2.664,0.226,0.049623,0.023801,1.157183,-2.264,2.664,0.226
1761141918.209315,0,0.049633,0.023819,1.157226,-2.051,2.518,0.246,0.049633,0.023819,1.157226,-2.051,2.518,0.246
1761141918.285885,0,0.049638,0.023814,1.157230,-2.160,2.568,0.237,0.049638,0.023814,1.157230,-2.160,2.568,0.237
1761141918.362350,0,0.049630,0.023843,1.157410,-1.971,2.517,0.248,0.049630,0.023843,1.157410,-1.971,2.517,0.248
1761141918.442314,0,0.049643,0.023835,1.157288,-2.026,2.378,0.258,0.049643,0.023835,1.157288,-2.026,2.378,0.258
1761141918.519499,0,0.049610,0.023834,1.157221,-2.094,2.642,0.241,0.049610,0.023834,1.157221,-2.094,2.642,0.241
1761141918.602386,0,0.049600,0.023804,1.157164,-2.178,2.630,0.234,0.049600,0.023804,1.157164,-2.178,2.630,0.234
1761141918.675954,0,0.049628,0.023810,1.156928,-2.166,2.485,0.260,0.049628,0.023810,1.156928,-2.166,2.485,0.260
1761141918.755710,0,0.049620,0.023815,1.156938,-2.180,2.536,0.241,0.049620,0.023815,1.156938,-2.180,2.536,0.241
1761141918.838061,0,0.049593,0.023783,1.156956,-2.340,2.672,0.230,0.049593,0.023783,1.156956,-2.340,2.672,0.230
1761141918.910761,0,0.049506,0.023811,1.157214,-2.195,2.546,0.255,0.049506,0.023811,1.157214,-2.195,2.546,0.255
1761141918.980883,0,0.049462,0.023824,1.157261,-2.194,2.587,0.257,0.049462,0.023824,1.157261,-2.194,2.587,0.257
1761141919.054866,0,0.049476,0.023820,1.157209,-2.267,2.518,0.263,0.049476,0.023820,1.157209,-2.267,2.518,0.263
1761141919.133437,0,0.049421,0.023804,1.157326,-2.333,2.654,0.245,0.049421,0.023804,1.157326,-2.333,2.654,0.245
1761141919.208075,0,0.049428,0.023791,1.157231,-2.545,2.369,0.255,0.049428,0.023791,1.157231,-2.545,2.369,0.255
1761141919.280684,0,0.049396,0.023793,1.157250,-2.475,2.593,0.241,0.049396,0.023793,1.157250,-2.475,2.593,0.241
1761141919.354707,0,0.049359,0.023746,1.157206,-2.489,2.705,0.233,0.049359,0.023746,1.157206,-2.489,2.705,0.233
1761141919.426476,0,0.049371,0.023750,1.157150,-2.489,2.676,0.240,0.049371,0.023750,1.157150,-2.489,2.676,0.240
1761141919.492995,0,0.049358,0.023734,1.157175,-2.564,2.747,0.227,0.049358,0.023734,1.157175,-2.564,2.747,0.227
1761141919.560521,0,0.049368,0.023763,1.157203,-2.390,2.673,0.239,0.049368,0.023763,1.157203,-2.390,2.673,0.239
1761141919.634832,0,0.049430,0.023848,1.152725,-2.415,2.392,0.288,0.049430,0.023848,1.152725,-2.415,2.392,0.288
1761141919.699068,0,0.049467,0.023786,1.162091,-1.872,2.422,0.271,0.049467,0.023786,1.162091,-1.872,2.422,0.271
1761141919.765817,0,0.049363,0.023715,1.153951,-2.590,2.353,0.276,0.049363,0.023715,1.153951,-2.590,2.353,0.276
1761141919.835583,0,0.049409,0.023827,1.149508,-2.638,2.521,0.263,0.049409,0.023827,1.149508,-2.638,2.521,0.263
1761141919.906808,0,0.049357,0.023755,1.153901,-2.237,2.378,0.282,0.049357,0.023755,1.153901,-2.237,2.378,0.282
1761141919.976822,0,0.049368,0.023783,1.154021,-2.045,2.401,0.292,0.049368,0.023783,1.154021,-2.045,2.401,0.292
1761141920.057120,0,0.049357,0.023727,1.153972,-2.410,2.362,0.282,0.049357,0.023727,1.153972,-2.410,2.362,0.282
1761141920.123225,0,0.049377,0.023707,1.153976,-2.511,2.289,0.278,0.049377,0.023707,1.153976,-2.511,2.289,0.278
1761141920.193102,0,0.049384,0.023757,1.153953,-2.256,2.294,0.287,0.049384,0.023757,1.153953,-2.256,2.294,0.287
1761141920.264745,0,0.049396,0.023725,1.153919,-2.382,2.246,0.282,0.049396,0.023725,1.153919,-2.382,2.246,0.282
1761141920.340203,0,0.049406,0.023669,1.153836,-2.710,2.164,0.273,0.049406,0.023669,1.153836,-2.710,2.164,0.273
1761141920.412949,0,0.049358,0.023698,1.153900,-2.588,2.343,0.273,0.049358,0.023698,1.153900,-2.588,2.343,0.273
1761141920.485469,0,0.049337,0.023693,1.153980,-2.673,2.210,0.284,0.049337,0.023693,1.153980,-2.673,2.210,0.284
1761141920.555979,0,0.049349,0.023779,1.153951,-2.113,2.244,0.297,0.049349,0.023779,1.153951,-2.113,2.244,0.297
1761141920.626841,0,0.049340,0.023738,1.154023,-2.446,2.184,0.294,0.049340,0.023738,1.154023,-2.446,2.184,0.294
1761141920.716510,0,0.049328,0.023736,1.154060,-2.417,2.211,0.286,0.049328,0.023736,1.154060,-2.417,2.211,0.286
1761141920.807378,0,0.049331,0.023752,1.153865,-2.319,2.397,0.289,0.049331,0.023752,1.153865,-2.319,2.397,0.289
1761141920.892690,0,0.049338,0.023754,1.154148,-2.341,2.225,0.290,0.049338,0.023754,1.154148,-2.341,2.225,0.290
1761141920.963813,0,0.049331,0.023710,1.153967,-2.628,2.217,0.277,0.049331,0.023710,1.153967,-2.628,2.217,0.277
1761141921.054764,0,0.049329,0.023740,1.154020,-2.534,2.176,0.280,0.049329,0.023740,1.154020,-2.534,2.176,0.280
1761141921.135729,0,0.049302,0.023737,1.154085,-2.521,2.227,0.280,0.049302,0.023737,1.154085,-2.521,2.227,0.280
1761141921.206270,0,0.049278,0.023771,1.154112,-2.183,2.237,0.289,0.049278,0.023771,1.154112,-2.183,2.237,0.289
1761141921.272886,0,0.049272,0.023724,1.153931,-2.451,2.266,0.272,0.049272,0.023724,1.153931,-2.451,2.266,0.272
1761141922.537034,0,0.049160,0.023727,1.154128,-2.331,2.272,0.276,0.049160,0.023727,1.154128,-2.331,2.272,0.276
1761141922.614381,0,0.049176,0.023731,1.154198,-2.278,2.167,0.273,0.049176,0.023731,1.154198,-2.278,2.167,0.273
1761141922.681653,0,0.049195,0.023735,1.154324,-2.351,2.212,0.263,0.049195,0.023735,1.154324,-2.351,2.212,0.263
1761141922.749531,0,0.049200,0.023736,1.154319,-2.320,2.156,0.270,0.049200,0.023736,1.154319,-2.320,2.156,0.270
1761141922.828969,0,0.049079,0.023762,1.154571,-2.229,2.123,0.244,0.049079,0.023762,1.154571,-2.229,2.123,0.244
1761141922.893757,0,0.049079,0.023819,1.154563,-1.951,2.080,0.241,0.049079,0.023819,1.154563,-1.951,2.080,0.241
1761141922.964339,0,0.049069,0.023715,1.154330,-2.557,2.143,0.210,0.049069,0.023715,1.154330,-2.557,2.143,0.210
1761141923.038558,0,0.049097,0.023706,1.154279,-2.571,2.077,0.220,0.049097,0.023706,1.154279,-2.571,2.077,0.220
1761141923.107334,0,0.049058,0.023752,1.154373,-2.367,2.113,0.223,0.049058,0.023752,1.154373,-2.367,2.113,0.223
1761141923.177146,0,0.049106,0.023702,1.155097,-2.353,2.010,0.211,0.049106,0.023702,1.155097,-2.353,2.010,0.211
1761141923.247859,0,0.049070,0.023718,1.160172,-2.333,2.416,0.188,0.049070,0.023718,1.160172,-2.333,2.416,0.188
1761141923.320934,0,0.049119,0.023751,1.151212,-2.508,1.977,0.228,0.049119,0.023751,1.151212,-2.508,1.977,0.228
1761141923.392264,0,0.049078,0.023732,1.153389,-2.180,2.015,0.230,0.049078,0.023732,1.153389,-2.180,2.015,0.230
1761141923.464646,0,0.049086,0.023781,1.154286,-1.976,2.022,0.241,0.049086,0.023781,1.154286,-1.976,2.022,0.241
1761141923.537242,0,0.049101,0.023774,1.154359,-1.917,1.940,0.243,0.049101,0.023774,1.154359,-1.917,1.940,0.243
1761141923.613091,0,0.049093,0.023766,1.154258,-2.051,2.025,0.216,0.049093,0.023766,1.154258,-2.051,2.025,0.216
1761141923.688365,0,0.049127,0.023682,1.153859,-2.533,2.087,0.185,0.049127,0.023682,1.153859,-2.533,2.087,0.185
1761141923.759053,0,0.049185,0.024100,1.154920,-1.132,1.077,0.077,0.049185,0.024100,1.154920,-1.132,1.077,0.077
1761141923.843467,0,0.049211,0.024454,1.154816,-0.868,0.911,-0.151,0.049211,0.024454,1.154816,-0.868,0.911,-0.151
1761141923.918248,0,0.049204,0.024508,1.155093,-0.731,0.938,-0.157,0.049204,0.024508,1.155093,-0.731,0.938,-0.157
1761141923.993025,0,0.049186,0.024494,1.155640,-0.766,1.344,-0.149,0.049186,0.024494,1.155640,-0.766,1.344,-0.149
1761141924.080476,0,0.049144,0.024568,1.155371,-0.963,1.505,-0.151,0.049144,0.024568,1.155371,-0.963,1.505,-0.151
1761141924.155706,0,0.049116,0.024620,1.155703,-0.940,1.387,-0.198,0.049116,0.024620,1.155703,-0.940,1.387,-0.198
1761141924.231885,0,0.049047,0.024652,1.155755,-0.960,1.784,-0.185,0.049047,0.024652,1.155755,-0.960,1.784,-0.185
1761141924.301360,0,0.049019,0.024614,1.155849,-1.039,1.956,-0.176,0.049019,0.024614,1.155849,-1.039,1.956,-0.176
1761141924.373184,0,0.049017,0.024646,1.155968,-0.944,1.981,-0.176,0.049017,0.024646,1.155968,-0.944,1.981,-0.176
1761141924.450941,0,0.049097,0.024636,1.155850,-0.983,1.352,-0.199,0.049097,0.024636,1.155850,-0.983,1.352,-0.199
1761141924.524024,0,0.049086,0.024627,1.155849,-1.093,1.335,-0.201,0.049086,0.024627,1.155849,-1.093,1.335,-0.201
1761141924.597919,0,0.048990,0.024692,1.155954,-0.966,1.894,-0.183,0.048990,0.024692,1.155954,-0.966,1.894,-0.183
1761141924.676241,0,0.049033,0.024713,1.155783,-1.015,1.590,-0.205,0.049033,0.024713,1.155783,-1.015,1.590,-0.205
1761141924.747712,0,0.048986,0.024693,1.155817,-0.980,1.782,-0.189,0.048986,0.024693,1.155817,-0.980,1.782,-0.189
1761141924.820907,0,0.049043,0.024697,1.155691,-0.999,1.426,-0.192,0.049043,0.024697,1.155691,-0.999,1.426,-0.192
1761141924.904843,0,0.048992,0.024684,1.155872,-0.931,1.837,-0.185,0.048992,0.024684,1.155872,-0.931,1.837,-0.185
1761141924.980893,0,0.049083,0.024631,1.155742,-1.112,1.226,-0.182,0.049083,0.024631,1.155742,-1.112,1.226,-0.182
1761141925.067960,0,0.049020,0.024666,1.155650,-0.940,1.577,-0.183,0.049020,0.024666,1.155650,-0.940,1.577,-0.183
1761141925.139544,0,0.048997,0.024566,1.155748,-1.140,1.900,-0.151,0.048997,0.024566,1.155748,-1.140,1.900,-0.151
1761141925.217772,0,0.049040,0.024579,1.155561,-1.171,1.481,-0.154,0.049040,0.024579,1.155561,-1.171,1.481,-0.154
1761141925.293459,0,0.049013,0.024572,1.155588,-0.969,1.754,-0.148,0.049013,0.024572,1.155588,-0.969,1.754,-0.148
1761141925.368695,0,0.048988,0.024517,1.155470,-1.325,1.910,-0.152,0.048988,0.024517,1.155470,-1.325,1.910,-0.152
1761141925.444931,0,0.048992,0.024500,1.155045,-1.539,1.707,-0.172,0.048992,0.024500,1.155045,-1.539,1.707,-0.172
1761141925.527874,0,0.049065,0.024442,1.154950,-1.714,1.262,-0.154,0.049065,0.024442,1.154950,-1.714,1.262,-0.154
1761141925.607560,0,0.049044,0.024451,1.154747,-1.600,1.256,-0.167,0.049044,0.024451,1.154747,-1.600,1.256,-0.167
1761141925.682759,0,0.049027,0.024423,1.154669,-1.803,1.387,-0.177,0.049027,0.024423,1.154669,-1.803,1.387,-0.177
1761141925.757442,0,0.048944,0.024349,1.154902,-1.707,1.613,-0.179,0.048944,0.024349,1.154902,-1.707,1.613,-0.179
1761141925.836432,0,0.048962,0.024256,1.154751,-2.370,1.728,-0.174,0.048962,0.024256,1.154751,-2.370,1.728,-0.174
1761141925.919649,0,0.048618,0.024406,1.154876,-2.131,2.207,-0.234,0.048618,0.024406,1.154876,-2.131,2.207,-0.234
1761141925.996691,0,0.048545,0.024446,1.155084,-1.934,2.305,-0.252,0.048545,0.024446,1.155084,-1.934,2.305,-0.252
1761141926.086331,0,0.048572,0.024424,1.155997,-1.818,2.054,-0.254,0.048572,0.024424,1.155997,-1.818,2.054,-0.254
1761141926.172382,0,0.048611,0.024392,1.160920,-2.474,1.733,-0.227,0.048611,0.024392,1.160920,-2.474,1.733,-0.227
1761141926.260341,0,0.048559,0.024490,1.153739,-2.120,2.062,-0.251,0.048559,0.024490,1.153739,-2.120,2.062,-0.251
1761141926.345530,0,0.048747,0.024534,1.149251,-2.357,1.491,-0.254,0.048747,0.024534,1.149251,-2.357,1.491,-0.254
1761141926.435629,0,0.048586,0.024378,1.155199,-2.107,1.965,-0.257,0.048586,0.024378,1.155199,-2.107,1.965,-0.257
1761141926.522397,0,0.048586,0.024381,1.155126,-2.019,1.914,-0.251,0.048586,0.024381,1.155126,-2.019,1.914,-0.251
1761141926.602703,0,0.048619,0.024393,1.154861,-2.077,1.554,-0.271,0.048619,0.024393,1.154861,-2.077,1.554,-0.271
1761141926.682055,0,0.048530,0.024249,1.154912,-2.342,2.043,-0.309,0.048530,0.024249,1.154912,-2.342,2.043,-0.309
1761141926.763685,0,0.048530,0.024223,1.154752,-2.267,1.960,-0.307,0.048530,0.024223,1.154752,-2.267,1.960,-0.307
1761141926.838754,0,0.048547,0.024200,1.154751,-2.389,1.872,-0.303,0.048547,0.024200,1.154751,-2.389,1.872,-0.303
1761141926.913576,0,0.048573,0.024170,1.155068,-2.283,1.742,-0.311,0.048573,0.024170,1.155068,-2.283,1.742,-0.311
1761141926.989731,0,0.048578,0.024149,1.155099,-2.387,1.678,-0.310,0.048578,0.024149,1.155099,-2.387,1.678,-0.310
1761141927.061300,0,0.048511,0.024228,1.154700,-2.152,2.021,-0.314,0.048511,0.024228,1.154700,-2.152,2.021,-0.314
1761141927.133568,0,0.048553,0.024216,1.154793,-2.268,1.788,-0.303,0.048553,0.024216,1.154793,-2.268,1.788,-0.303
1761141927.204996,0,0.048620,0.024222,1.154715,-2.218,1.376,-0.322,0.048620,0.024222,1.154715,-2.218,1.376,-0.322
1761141927.282565,0,0.048516,0.024237,1.154775,-2.150,2.023,-0.313,0.048516,0.024237,1.154775,-2.150,2.023,-0.313
1761141927.355824,0,0.048531,0.024226,1.154690,-2.264,1.887,-0.309,0.048531,0.024226,1.154690,-2.264,1.887,-0.309
1761141927.432776,0,0.048533,0.024226,1.154758,-2.231,1.922,-0.313,0.048533,0.024226,1.154758,-2.231,1.922,-0.313
1761141927.508426,0,0.048624,0.024229,1.154711,-2.169,1.387,-0.323,0.048624,0.024229,1.154711,-2.169,1.387,-0.323
1761141927.581605,0,0.048576,0.024219,1.154827,-2.191,1.712,-0.305,0.048576,0.024219,1.154827,-2.191,1.712,-0.305
1761141927.652551,0,0.048552,0.024210,1.154752,-2.295,1.822,-0.310,0.048552,0.024210,1.154752,-2.295,1.822,-0.310
1761141927.722669,0,0.048562,0.024220,1.154837,-2.178,1.753,-0.313,0.048562,0.024220,1.154837,-2.178,1.753,-0.313
1761141927.801040,0,0.048573,0.024168,1.154997,-2.255,1.740,-0.315,0.048573,0.024168,1.154997,-2.255,1.740,-0.315
1761141927.877358,0,0.048536,0.024213,1.154834,-2.117,1.802,-0.321,0.048536,0.024213,1.154834,-2.117,1.802,-0.321
1761141927.957071,0,0.048532,0.024235,1.154957,-2.069,1.876,-0.320,0.048532,0.024235,1.154957,-2.069,1.876,-0.320
1761141928.032684,0,0.048565,0.024213,1.154852,-2.170,1.767,-0.324,0.048565,0.024213,1.154852,-2.170,1.767,-0.324
1761141928.105040,0,0.048511,0.024224,1.154722,-2.176,1.997,-0.325,0.048511,0.024224,1.154722,-2.176,1.997,-0.325
1761141928.180556,0,0.048600,0.024218,1.154615,-2.226,1.436,-0.326,0.048600,0.024218,1.154615,-2.226,1.436,-0.326
1761141928.481718,0,0.048291,0.024163,1.155514,0.388,1.257,-0.111,0.048291,0.024163,1.155514,0.388,1.257,-0.111
1761141928.557009,0,0.048302,0.024136,1.155692,0.181,1.379,-0.136,0.048302,0.024136,1.155692,0.181,1.379,-0.136
1761141928.713550,0,0.048243,0.024199,1.156049,0.442,1.316,-0.153,0.048243,0.024199,1.156049,0.442,1.316,-0.153
1761141928.794279,0,0.048125,0.024387,1.156069,0.920,1.277,-0.083,0.048125,0.024387,1.156069,0.920,1.277,-0.083
1761141928.876982,0,0.048148,0.024493,1.155609,1.862,0.547,-0.041,0.048148,0.024493,1.155609,1.862,0.547,-0.041
1761141928.955262,0,0.048233,0.024071,1.155451,-0.263,0.785,-0.031,0.048233,0.024071,1.155451,-0.263,0.785,-0.031
1761141929.030582,0,0.048120,0.023989,1.155333,-0.742,1.565,-0.013,0.048120,0.023989,1.155333,-0.742,1.565,-0.013
1761141929.111388,0,0.048076,0.023913,1.154736,-2.052,1.591,0.020,0.048076,0.023913,1.154736,-2.052,1.591,0.020
1761141929.191630,0,0.047996,0.023919,1.154452,-2.340,1.795,0.012,0.047996,0.023919,1.154452,-2.340,1.795,0.012
1761141929.274437,0,0.047938,0.023883,1.154414,-2.273,2.074,0.003,0.047938,0.023883,1.154414,-2.273,2.074,0.003
1761141929.346897,0,0.047971,0.023893,1.154416,-2.343,1.870,0.016,0.047971,0.023893,1.154416,-2.343,1.870,0.016
1761141929.425454,0,0.047966,0.023931,1.154550,-2.296,1.863,0.006,0.047966,0.023931,1.154550,-2.296,1.863,0.006
1761141929.508771,0,0.047816,0.023995,1.154491,-2.457,2.126,-0.041,0.047816,0.023995,1.154491,-2.457,2.126,-0.041
1761141929.586113,0,0.047551,0.024095,1.154148,-2.328,2.073,-0.071,0.047551,0.024095,1.154148,-2.328,2.073,-0.071
1761141929.669336,0,0.047360,0.024289,1.154574,-2.074,2.217,-0.080,0.047360,0.024289,1.154574,-2.074,2.217,-0.080
1761141929.747783,0,0.047238,0.024317,1.154612,-2.216,2.363,-0.075,0.047238,0.024317,1.154612,-2.216,2.363,-0.075
1761141929.823501,0,0.047263,0.024333,1.154630,-2.130,2.255,-0.068,0.047263,0.024333,1.154630,-2.130,2.255,-0.068
1761141929.900258,0,0.047261,0.024326,1.154603,-2.175,2.238,-0.072,0.047261,0.024326,1.154603,-2.175,2.238,-0.072
1761141929.973947,0,0.047264,0.024317,1.154546,-2.222,2.211,-0.066,0.047264,0.024317,1.154546,-2.222,2.211,-0.066
1761141930.044210,0,0.047261,0.024332,1.154590,-2.141,2.232,-0.067,0.047261,0.024332,1.154590,-2.141,2.232,-0.067
1761141930.122209,0,0.047255,0.024321,1.154575,-2.199,2.296,-0.062,0.047255,0.024321,1.154575,-2.199,2.296,-0.062
1761141930.197460,0,0.047243,0.024319,1.154535,-2.205,2.325,-0.075,0.047243,0.024319,1.154535,-2.205,2.325,-0.075
1761141930.280089,0,0.047257,0.024303,1.154443,-2.290,2.190,-0.064,0.047257,0.024303,1.154443,-2.290,2.190,-0.064
1761141930.352368,0,0.047251,0.024316,1.154526,-2.199,2.316,-0.069,0.047251,0.024316,1.154526,-2.199,2.316,-0.069
1761141930.431233,0,0.047266,0.024308,1.154511,-2.203,2.207,-0.069,0.047266,0.024308,1.154511,-2.203,2.207,-0.069
1761141930.506326,0,0.047258,0.024325,1.154600,-2.192,2.143,-0.068,0.047258,0.024325,1.154600,-2.192,2.143,-0.068
1761141930.583737,0,0.047238,0.024304,1.154535,-2.251,2.330,-0.066,0.047238,0.024304,1.154535,-2.251,2.330,-0.066
1761141930.661293,0,0.047238,0.024313,1.154647,-2.185,2.336,-0.072,0.047238,0.024313,1.154647,-2.185,2.336,-0.072
1761141930.737776,0,0.047249,0.024328,1.154625,-2.112,2.307,-0.064,0.047249,0.024328,1.154625,-2.112,2.307,-0.064
1761141930.809888,0,0.047266,0.024308,1.154591,-2.180,2.167,-0.071,0.047266,0.024308,1.154591,-2.180,2.167,-0.071
1761141930.884490,0,0.047275,0.024340,1.154628,-2.022,2.243,-0.072,0.047275,0.024340,1.154628,-2.022,2.243,-0.072
1761141930.960694,0,0.047278,0.024315,1.154611,-2.214,2.155,-0.066,0.047278,0.024315,1.154611,-2.214,2.155,-0.066
1761141931.033768,0,0.047258,0.024312,1.154672,-2.174,2.312,-0.077,0.047258,0.024312,1.154672,-2.174,2.312,-0.077
1761141931.105917,0,0.047275,0.024325,1.154647,-2.085,2.241,-0.075,0.047275,0.024325,1.154647,-2.085,2.241,-0.075
1761141931.183599,0,0.047267,0.024309,1.154673,-2.208,2.277,-0.072,0.047267,0.024309,1.154673,-2.208,2.277,-0.072
1761141931.256277,0,0.047254,0.024306,1.154642,-2.225,2.336,-0.069,0.047254,0.024306,1.154642,-2.225,2.336,-0.069
1761141931.339326,0,0.047255,0.024329,1.154618,-2.119,2.347,-0.077,0.047255,0.024329,1.154618,-2.119,2.347,-0.077
1761141931.414118,0,0.047286,0.024322,1.154653,-2.158,2.136,-0.064,0.047286,0.024322,1.154653,-2.158,2.136,-0.064
1761141931.501684,0,0.047261,0.024306,1.154627,-2.243,2.259,-0.071,0.047261,0.024306,1.154627,-2.243,2.259,-0.071
1761141931.594703,0,0.047252,0.024336,1.154614,-2.145,2.380,-0.069,0.047252,0.024336,1.154614,-2.145,2.380,-0.069
1761141931.683620,0,0.047272,0.024349,1.154575,-2.075,2.236,-0.076,0.047272,0.024349,1.154575,-2.075,2.236,-0.076
1761141931.772900,0,0.047266,0.024330,1.154570,-2.217,2.240,-0.062,0.047266,0.024330,1.154570,-2.217,2.240,-0.062
1761141931.860463,0,0.047265,0.024334,1.154579,-2.108,2.286,-0.062,0.047265,0.024334,1.154579,-2.108,2.286,-0.062
1761141931.937983,0,0.047271,0.024323,1.154471,-2.261,2.242,-0.065,0.047271,0.024323,1.154471,-2.261,2.242,-0.065
1761141932.017599,0,0.047260,0.024348,1.154595,-2.132,2.296,-0.071,0.047260,0.024348,1.154595,-2.132,2.296,-0.071
1761141932.100168,0,0.047272,0.024341,1.154623,-2.172,2.264,-0.060,0.047272,0.024341,1.154623,-2.172,2.264,-0.060
1761141932.189213,0,0.047256,0.024335,1.154465,-2.182,2.299,-0.058,0.047256,0.024335,1.154465,-2.182,2.299,-0.058
1761141932.268307,0,0.047256,0.024326,1.154527,-2.212,2.257,-0.067,0.047256,0.024326,1.154527,-2.212,2.257,-0.067
1761141932.341666,0,0.047250,0.024323,1.154544,-2.220,2.195,-0.068,0.047250,0.024323,1.154544,-2.220,2.195,-0.068
1761141932.421164,0,0.047196,0.024358,1.154373,-2.176,2.313,-0.077,0.047196,0.024358,1.154373,-2.176,2.313,-0.077
1761141932.498158,0,0.047194,0.024355,1.154474,-2.217,2.324,-0.068,0.047194,0.024355,1.154474,-2.217,2.324,-0.068
1761141932.574249,0,0.047180,0.024386,1.154399,-2.079,2.323,-0.071,0.047180,0.024386,1.154399,-2.079,2.323,-0.071
1761141932.648638,0,0.047192,0.024376,1.154358,-2.182,2.264,-0.069,0.047192,0.024376,1.154358,-2.182,2.264,-0.069
1761141932.724330,0,0.047188,0.024352,1.154318,-2.213,2.302,-0.072,0.047188,0.024352,1.154318,-2.213,2.302,-0.072
1761141932.807889,0,0.047158,0.024341,1.154274,-2.290,2.467,-0.076,0.047158,0.024341,1.154274,-2.290,2.467,-0.076
1761141932.879382,0,0.047163,0.024353,1.154282,-2.253,2.418,-0.075,0.047163,0.024353,1.154282,-2.253,2.418,-0.075
1761141932.951321,0,0.047154,0.024426,1.153435,-2.601,2.125,-0.047,0.047154,0.024426,1.153435,-2.601,2.125,-0.047
1761141933.023794,0,0.047217,0.024436,1.158691,-1.837,1.879,-0.021,0.047217,0.024436,1.158691,-1.837,1.879,-0.021
1761141933.096007,0,0.047173,0.024456,1.159545,-2.284,2.110,-0.055,0.047173,0.024456,1.159545,-2.284,2.110,-0.055
1761141933.170042,0,0.047213,0.024566,1.149740,-2.254,2.184,-0.073,0.047213,0.024566,1.149740,-2.254,2.184,-0.073
1761141933.253103,0,0.047142,0.024445,1.154296,-2.226,2.235,-0.050,0.047142,0.024445,1.154296,-2.226,2.235,-0.050
1761141933.333211,0,0.047139,0.024445,1.154255,-2.184,2.215,-0.053,0.047139,0.024445,1.154255,-2.184,2.215,-0.053
1761141933.414665,0,0.047146,0.024438,1.154375,-2.283,2.227,-0.053,0.047146,0.024438,1.154375,-2.283,2.227,-0.053
1761141933.495427,0,0.047141,0.024430,1.154297,-2.337,2.237,-0.054,0.047141,0.024430,1.154297,-2.337,2.237,-0.054
1761141933.571128,0,0.047133,0.024435,1.154309,-2.259,2.278,-0.054,0.047133,0.024435,1.154309,-2.259,2.278,-0.054
1761141933.652405,0,0.047135,0.024438,1.154307,-2.302,2.211,-0.047,0.047135,0.024438,1.154307,-2.302,2.211,-0.047
1761141933.726936,0,0.047144,0.024456,1.154391,-2.205,2.220,-0.048,0.047144,0.024456,1.154391,-2.205,2.220,-0.048
1761141933.802197,0,0.047133,0.024441,1.154376,-2.271,2.306,-0.050,0.047133,0.024441,1.154376,-2.271,2.306,-0.050
1761141933.884147,0,0.047131,0.024425,1.154364,-2.392,2.244,-0.050,0.047131,0.024425,1.154364,-2.392,2.244,-0.050
1761141933.960843,0,0.047151,0.024470,1.154305,-2.133,2.138,-0.036,0.047151,0.024470,1.154305,-2.133,2.138,-0.036
1761141934.034876,0,0.047127,0.024388,1.154117,-2.419,2.261,-0.046,0.047127,0.024388,1.154117,-2.419,2.261,-0.046
1761141934.119959,0,0.047144,0.024414,1.154200,-2.302,2.141,-0.036,0.047144,0.024414,1.154200,-2.302,2.141,-0.036
1761141934.203782,0,0.047128,0.024391,1.154085,-2.421,2.209,-0.043,0.047128,0.024391,1.154085,-2.421,2.209,-0.043
1761141934.283743,0,0.047127,0.024398,1.154102,-2.339,2.214,-0.047,0.047127,0.024398,1.154102,-2.339,2.214,-0.047
1761141934.358491,0,0.047128,0.024391,1.154129,-2.424,2.240,-0.039,0.047128,0.024391,1.154129,-2.424,2.240,-0.039
1761141934.433090,0,0.047128,0.024402,1.154180,-2.307,2.269,-0.040,0.047128,0.024402,1.154180,-2.307,2.269,-0.040
1761141934.509411,0,0.047143,0.024411,1.154253,-2.280,2.306,-0.046,0.047143,0.024411,1.154253,-2.280,2.306,-0.046
1761141934.583531,0,0.047139,0.024411,1.154229,-2.307,2.305,-0.048,0.047139,0.024411,1.154229,-2.307,2.305,-0.048
1761141934.659360,0,0.047120,0.024408,1.154255,-2.218,2.369,-0.053,0.047120,0.024408,1.154255,-2.218,2.369,-0.053
1761141934.737514,0,0.047138,0.024430,1.154246,-2.137,2.305,-0.049,0.047138,0.024430,1.154246,-2.137,2.305,-0.049
1761141934.821825,0,0.047140,0.024426,1.154324,-2.143,2.319,-0.047,0.047140,0.024426,1.154324,-2.143,2.319,-0.047
1761141934.899137,0,0.047147,0.024420,1.154228,-2.192,2.213,-0.049,0.047147,0.024420,1.154228,-2.192,2.213,-0.049
1761141934.974091,0,0.047151,0.024408,1.154343,-2.263,2.228,-0.053,0.047151,0.024408,1.154343,-2.263,2.228,-0.053
1761141935.057813,0,0.047130,0.024419,1.154273,-2.242,2.288,-0.051,0.047130,0.024419,1.154273,-2.242,2.288,-0.051
1761141935.137849,0,0.047124,0.024425,1.154266,-2.176,2.347,-0.052,0.047124,0.024425,1.154266,-2.176,2.347,-0.052
1761141935.210154,0,0.047132,0.024424,1.154288,-2.219,2.317,-0.050,0.047132,0.024424,1.154288,-2.219,2.317,-0.050
1761141935.283777,0,0.047146,0.024437,1.154330,-2.081,2.194,-0.043,0.047146,0.024437,1.154330,-2.081,2.194,-0.043
1761141935.367443,0,0.047129,0.024428,1.154268,-2.187,2.352,-0.047,0.047129,0.024428,1.154268,-2.187,2.352,-0.047
1761141935.445902,0,0.047163,0.024414,1.154308,-2.271,2.168,-0.049,0.047163,0.024414,1.154308,-2.271,2.168,-0.049
1761141935.531242,0,0.047161,0.024423,1.154317,-2.219,2.222,-0.048,0.047161,0.024423,1.154317,-2.219,2.222,-0.048
1761141935.608767,0,0.047135,0.024422,1.154252,-2.162,2.350,-0.056,0.047135,0.024422,1.154252,-2.162,2.350,-0.056
1761141935.698516,0,0.047150,0.024420,1.154448,-2.251,2.311,-0.046,0.047150,0.024420,1.154448,-2.251,2.311,-0.046
1761141935.784325,0,0.047146,0.024428,1.154312,-2.154,2.257,-0.049,0.047146,0.024428,1.154312,-2.154,2.257,-0.049
1761141935.858822,0,0.047150,0.024399,1.154261,-2.350,2.272,-0.047,0.047150,0.024399,1.154261,-2.350,2.272,-0.047
1761141935.938675,0,0.047165,0.024412,1.154276,-2.259,2.205,-0.049,0.047165,0.024412,1.154276,-2.259,2.205,-0.049
1761141936.015092,0,0.047155,0.024420,1.154305,-2.205,2.272,-0.050,0.047155,0.024420,1.154305,-2.205,2.272,-0.050
1761141936.099344,0,0.047159,0.024419,1.154305,-2.226,2.275,-0.049,0.047159,0.024419,1.154305,-2.226,2.275,-0.049
1761141936.180347,0,0.047162,0.024423,1.154367,-2.186,2.269,-0.049,0.047162,0.024423,1.154367,-2.186,2.269,-0.049
1761141936.260342,0,0.047169,0.024408,1.154359,-2.364,2.179,-0.043,0.047169,0.024408,1.154359,-2.364,2.179,-0.043
1761141936.333927,0,0.047157,0.024435,1.154416,-2.150,2.359,-0.045,0.047157,0.024435,1.154416,-2.150,2.359,-0.045
1761141936.411303,0,0.047162,0.024421,1.154386,-2.278,2.326,-0.047,0.047162,0.024421,1.154386,-2.278,2.326,-0.047
1761141936.483485,0,0.047151,0.024443,1.154448,-2.138,2.351,-0.049,0.047151,0.024443,1.154448,-2.138,2.351,-0.049
1761141936.567692,0,0.047166,0.024433,1.154399,-2.220,2.269,-0.046,0.047166,0.024433,1.154399,-2.220,2.269,-0.046
1761141936.643366,0,0.047167,0.024420,1.154413,-2.274,2.297,-0.045,0.047167,0.024420,1.154413,-2.274,2.297,-0.045
1761141936.729205,0,0.047157,0.024428,1.154310,-2.186,2.289,-0.051,0.047157,0.024428,1.154310,-2.186,2.289,-0.051
1761141936.810416,0,0.047163,0.024415,1.154379,-2.264,2.247,-0.047,0.047163,0.024415,1.154379,-2.264,2.247,-0.047
1761141936.907069,0,0.047177,0.024431,1.154364,-2.205,2.238,-0.044,0.047177,0.024431,1.154364,-2.205,2.238,-0.044
1761141937.002613,0,0.047177,0.024424,1.154393,-2.191,2.237,-0.054,0.047177,0.024424,1.154393,-2.191,2.237,-0.054
1761141937.091668,0,0.047173,0.024427,1.154402,-2.182,2.288,-0.049,0.047173,0.024427,1.154402,-2.182,2.288,-0.049
1761141937.183296,0,0.047150,0.024434,1.154322,-2.154,2.417,-0.052,0.047150,0.024434,1.154322,-2.154,2.417,-0.052
1761141937.276789,0,0.047157,0.024427,1.154311,-2.182,2.367,-0.053,0.047157,0.024427,1.154311,-2.182,2.367,-0.053
1761141937.356229,0,0.047139,0.024424,1.154356,-2.226,2.397,-0.056,0.047139,0.024424,1.154356,-2.226,2.397,-0.056
1761141937.434251,0,0.047152,0.024441,1.154275,-2.148,2.362,-0.057,0.047152,0.024441,1.154275,-2.148,2.362,-0.057
1761141937.503704,0,0.047160,0.024422,1.154304,-2.203,2.340,-0.049,0.047160,0.024422,1.154304,-2.203,2.340,-0.049
1761141937.579351,0,0.047168,0.024415,1.154330,-2.267,2.261,-0.050,0.047168,0.024415,1.154330,-2.267,2.261,-0.050
1761141937.658267,0,0.047167,0.024426,1.154275,-2.200,2.285,-0.049,0.047167,0.024426,1.154275,-2.200,2.285,-0.049
1761141937.739038,0,0.047156,0.024445,1.154301,-2.135,2.348,-0.050,0.047156,0.024445,1.154301,-2.135,2.348,-0.050
1761141937.815414,0,0.047153,0.024421,1.154282,-2.223,2.361,-0.053,0.047153,0.024421,1.154282,-2.223,2.361,-0.053
1761141937.896013,0,0.047173,0.024426,1.154317,-2.222,2.265,-0.046,0.047173,0.024426,1.154317,-2.222,2.265,-0.046
1761141937.971049,0,0.047164,0.024422,1.154204,-2.238,2.279,-0.054,0.047164,0.024422,1.154204,-2.238,2.279,-0.054
1761141938.054175,0,0.047181,0.024447,1.154320,-2.088,2.228,-0.046,0.047181,0.024447,1.154320,-2.088,2.228,-0.046
1761141938.127208,0,0.047142,0.024440,1.154329,-2.171,2.399,-0.059,0.047142,0.024440,1.154329,-2.171,2.399,-0.059
1761141938.202746,0,0.047170,0.024418,1.154296,-2.238,2.311,-0.049,0.047170,0.024418,1.154296,-2.238,2.311,-0.049
1761141938.287822,0,0.047187,0.024437,1.154261,-2.176,2.184,-0.045,0.047187,0.024437,1.154261,-2.176,2.184,-0.045
1761141938.364561,0,0.047163,0.024437,1.154312,-2.163,2.320,-0.053,0.047163,0.024437,1.154312,-2.163,2.320,-0.053
1761141938.446178,0,0.047161,0.024438,1.154352,-2.212,2.328,-0.051,0.047161,0.024438,1.154352,-2.212,2.328,-0.051
1761141938.519993,0,0.047167,0.024450,1.154312,-2.111,2.325,-0.050,0.047167,0.024450,1.154312,-2.111,2.325,-0.050
1761141938.600669,0,0.047177,0.024439,1.154378,-2.203,2.290,-0.051,0.047177,0.024439,1.154378,-2.203,2.290,-0.051
1761141938.684765,0,0.047151,0.024441,1.154330,-2.176,2.438,-0.056,0.047151,0.024441,1.154330,-2.176,2.438,-0.056
1761141938.762811,0,0.047166,0.024420,1.154264,-2.271,2.355,-0.049,0.047166,0.024420,1.154264,-2.271,2.355,-0.049
1761141938.844076,0,0.047171,0.024448,1.154303,-2.096,2.302,-0.048,0.047171,0.024448,1.154303,-2.096,2.302,-0.048
1761141938.926098,0,0.047160,0.024453,1.154263,-2.098,2.407,-0.054,0.047160,0.024453,1.154263,-2.098,2.407,-0.054
1761141939.000731,0,0.047155,0.024432,1.154295,-2.198,2.391,-0.056,0.047155,0.024432,1.154295,-2.198,2.391,-0.056
1761141939.079447,0,0.047170,0.024449,1.154285,-2.155,2.358,-0.049,0.047170,0.024449,1.154285,-2.155,2.358,-0.049
1761141939.158083,0,0.047162,0.024438,1.154257,-2.224,2.360,-0.053,0.047162,0.024438,1.154257,-2.224,2.360,-0.053
1761141939.238673,0,0.047163,0.024436,1.154268,-2.236,2.350,-0.060,0.047163,0.024436,1.154268,-2.236,2.350,-0.060
1761141939.325650,0,0.047159,0.024452,1.154378,-2.149,2.339,-0.046,0.047159,0.024452,1.154378,-2.149,2.339,-0.046
1761141939.401302,0,0.047174,0.024430,1.154267,-2.265,2.316,-0.047,0.047174,0.024430,1.154267,-2.265,2.316,-0.047
1761141939.478807,0,0.047167,0.024420,1.154243,-2.329,2.292,-0.057,0.047167,0.024420,1.154243,-2.329,2.292,-0.057
1761141939.566310,0,0.047164,0.024408,1.154167,-2.382,2.340,-0.058,0.047164,0.024408,1.154167,-2.382,2.340,-0.058
1761141939.651275,0,0.047168,0.024432,1.154136,-2.230,2.287,-0.051,0.047168,0.024432,1.154136,-2.230,2.287,-0.051
1761141939.733802,0,0.047144,0.024432,1.154182,-2.273,2.380,-0.062,0.047144,0.024432,1.154182,-2.273,2.380,-0.062
1761141939.818523,0,0.047164,0.024415,1.154226,-2.329,2.301,-0.054,0.047164,0.024415,1.154226,-2.329,2.301,-0.054
1761141939.893273,0,0.047161,0.024434,1.154194,-2.233,2.354,-0.056,0.047161,0.024434,1.154194,-2.233,2.354,-0.056
1761141939.971078,0,0.047149,0.024432,1.154191,-2.236,2.366,-0.061,0.047149,0.024432,1.154191,-2.236,2.366,-0.061
1761141940.043026,0,0.047156,0.024452,1.154184,-2.093,2.310,-0.050,0.047156,0.024452,1.154184,-2.093,2.310,-0.050
1761141940.120751,0,0.047174,0.024441,1.154205,-2.226,2.221,-0.046,0.047174,0.024441,1.154205,-2.226,2.221,-0.046
1761141940.194418,0,0.047146,0.024446,1.154123,-2.104,2.346,-0.053,0.047146,0.024446,1.154123,-2.104,2.346,-0.053
1761141940.267471,0,0.047151,0.024433,1.154138,-2.244,2.360,-0.050,0.047151,0.024433,1.154138,-2.244,2.360,-0.050
1761141940.343040,0,0.047159,0.024427,1.154056,-2.292,2.292,-0.053,0.047159,0.024427,1.154056,-2.292,2.292,-0.053
1761141940.415574,0,0.047153,0.024436,1.154112,-2.243,2.341,-0.059,0.047153,0.024436,1.154112,-2.243,2.341,-0.059
1761141940.489007,0,0.047141,0.024439,1.154116,-2.173,2.366,-0.053,0.047141,0.024439,1.154116,-2.173,2.366,-0.053
1761141940.571508,0,0.047169,0.024432,1.154174,-2.269,2.303,-0.051,0.047169,0.024432,1.154174,-2.269,2.303,-0.051
1761141940.643369,0,0.047145,0.024435,1.154007,-2.169,2.407,-0.049,0.047145,0.024435,1.154007,-2.169,2.407,-0.049
1761141940.720400,0,0.047143,0.024434,1.154019,-2.226,2.297,-0.056,0.047143,0.024434,1.154019,-2.226,2.297,-0.056
1761141940.795781,0,0.047140,0.024430,1.154122,-2.270,2.422,-0.053,0.047140,0.024430,1.154122,-2.270,2.422,-0.053
1761141940.877394,0,0.047135,0.024431,1.153994,-2.228,2.427,-0.056,0.047135,0.024431,1.153994,-2.228,2.427,-0.056
1761141940.955653,0,0.047140,0.024422,1.154138,-2.274,2.371,-0.060,0.047140,0.024422,1.154138,-2.274,2.371,-0.060
1761141941.027054,0,0.047156,0.024434,1.154092,-2.251,2.288,-0.056,0.047156,0.024434,1.154092,-2.251,2.288,-0.056
1761141941.098665,0,0.047152,0.024421,1.154076,-2.305,2.291,-0.052,0.047152,0.024421,1.154076,-2.305,2.291,-0.052
1761141941.177484,0,0.047168,0.024435,1.154077,-2.235,2.198,-0.054,0.047168,0.024435,1.154077,-2.235,2.198,-0.054
1761141941.256527,0,0.047132,0.024433,1.154050,-2.230,2.352,-0.056,0.047132,0.024433,1.154050,-2.230,2.352,-0.056
1761141941.336028,0,0.047143,0.024440,1.154051,-2.185,2.391,-0.059,0.047143,0.024440,1.154051,-2.185,2.391,-0.059
1761141941.418538,0,0.047144,0.024427,1.153978,-2.217,2.342,-0.058,0.047144,0.024427,1.153978,-2.217,2.342,-0.058
1761141941.494776,0,0.047141,0.024412,1.154072,-2.392,2.353,-0.055,0.047141,0.024412,1.154072,-2.392,2.353,-0.055
1761141941.573835,0,0.047163,0.024426,1.154087,-2.240,2.312,-0.058,0.047163,0.024426,1.154087,-2.240,2.312,-0.058
1761141941.655282,0,0.047139,0.024399,1.154112,-2.400,2.384,-0.060,0.047139,0.024399,1.154112,-2.400,2.384,-0.060
1761141941.732834,0,0.047153,0.024418,1.154087,-2.321,2.309,-0.058,0.047153,0.024418,1.154087,-2.321,2.309,-0.058
1761141941.818532,0,0.047152,0.024418,1.154119,-2.338,2.395,-0.052,0.047152,0.024418,1.154119,-2.338,2.395,-0.052
1761141941.897498,0,0.047152,0.024416,1.154137,-2.279,2.371,-0.055,0.047152,0.024416,1.154137,-2.279,2.371,-0.055
1761141941.978445,0,0.047159,0.024435,1.154147,-2.223,2.276,-0.056,0.047159,0.024435,1.154147,-2.223,2.276,-0.056
1761141942.061024,0,0.047169,0.024405,1.154116,-2.405,2.321,-0.058,0.047169,0.024405,1.154116,-2.405,2.321,-0.058
1761141942.168725,0,0.047154,0.024421,1.154148,-2.299,2.402,-0.057,0.047154,0.024421,1.154148,-2.299,2.402,-0.057
1761141942.271355,0,0.047143,0.024427,1.154155,-2.267,2.465,-0.059,0.047143,0.024427,1.154155,-2.267,2.465,-0.059
1761141942.360940,0,0.047151,0.024448,1.154147,-2.226,2.406,-0.059,0.047151,0.024448,1.154147,-2.226,2.406,-0.059
1761141942.453644,0,0.047170,0.024435,1.154115,-2.222,2.307,-0.053,0.047170,0.024435,1.154115,-2.222,2.307,-0.053
1761141942.550533,0,0.047163,0.024410,1.154151,-2.343,2.318,-0.051,0.047163,0.024410,1.154151,-2.343,2.318,-0.051
1761141942.639072,0,0.047157,0.024414,1.154112,-2.362,2.435,-0.057,0.047157,0.024414,1.154112,-2.362,2.435,-0.057
1761141942.740777,0,0.047163,0.024415,1.154153,-2.345,2.325,-0.046,0.047163,0.024415,1.154153,-2.345,2.325,-0.046
1761141942.830711,0,0.047170,0.024427,1.154164,-2.316,2.349,-0.058,0.047170,0.024427,1.154164,-2.316,2.349,-0.058
1761141942.915886,0,0.047158,0.024421,1.154146,-2.367,2.375,-0.055,0.047158,0.024421,1.154146,-2.367,2.375,-0.055
1761141942.998150,0,0.047175,0.024434,1.154115,-2.247,2.324,-0.052,0.047175,0.024434,1.154115,-2.247,2.324,-0.052
1761141943.081889,0,0.047170,0.024449,1.154166,-2.143,2.343,-0.058,0.047170,0.024449,1.154166,-2.143,2.343,-0.058
1761141943.162620,0,0.047175,0.024417,1.154164,-2.355,2.311,-0.057,0.047175,0.024417,1.154164,-2.355,2.311,-0.057
1761141943.239836,0,0.047182,0.024421,1.154182,-2.331,2.327,-0.057,0.047182,0.024421,1.154182,-2.331,2.327,-0.057
1761141943.326458,0,0.047156,0.024424,1.154081,-2.318,2.381,-0.056,0.047156,0.024424,1.154081,-2.318,2.381,-0.056
1761141943.408078,0,0.047178,0.024435,1.154181,-2.216,2.306,-0.055,0.047178,0.024435,1.154181,-2.216,2.306,-0.055
1761141943.490297,0,0.047155,0.024433,1.154122,-2.174,2.407,-0.057,0.047155,0.024433,1.154122,-2.174,2.407,-0.057
1761141943.564712,0,0.047183,0.024430,1.154129,-2.270,2.311,-0.052,0.047183,0.024430,1.154129,-2.270,2.311,-0.052
1761141943.641767,0,0.047138,0.024447,1.154141,-2.130,2.457,-0.059,0.047138,0.024447,1.154141,-2.130,2.457,-0.059
1761141943.726399,0,0.047160,0.024436,1.154080,-2.277,2.377,-0.060,0.047160,0.024436,1.154080,-2.277,2.377,-0.060
1761141943.804189,0,0.047167,0.024416,1.154092,-2.265,2.350,-0.058,0.047167,0.024416,1.154092,-2.265,2.350,-0.058
1761141943.883141,0,0.047150,0.024421,1.154004,-2.316,2.459,-0.061,0.047150,0.024421,1.154004,-2.316,2.459,-0.061
1761141943.959603,0,0.047159,0.024447,1.154115,-2.141,2.436,-0.061,0.047159,0.024447,1.154115,-2.141,2.436,-0.061
1761141944.039296,0,0.047167,0.024424,1.154156,-2.273,2.348,-0.060,0.047167,0.024424,1.154156,-2.273,2.348,-0.060
1761141944.121871,0,0.047161,0.024445,1.154169,-2.158,2.407,-0.062,0.047161,0.024445,1.154169,-2.158,2.407,-0.062
1761141944.200588,0,0.047175,0.024439,1.154147,-2.156,2.316,-0.057,0.047175,0.024439,1.154147,-2.156,2.316,-0.057
1761141944.284081,0,0.047160,0.024453,1.154156,-2.129,2.409,-0.055,0.047160,0.024453,1.154156,-2.129,2.409,-0.055
1761141944.372879,0,0.047159,0.024439,1.154029,-2.189,2.366,-0.059,0.047159,0.024439,1.154029,-2.189,2.366,-0.059
1761141944.456061,0,0.047170,0.024435,1.154130,-2.216,2.332,-0.061,0.047170,0.024435,1.154130,-2.216,2.332,-0.061
1761141944.542805,0,0.047164,0.024434,1.154153,-2.269,2.326,-0.051,0.047164,0.024434,1.154153,-2.269,2.326,-0.051
1761141944.626400,0,0.047150,0.024432,1.154119,-2.267,2.431,-0.053,0.047150,0.024432,1.154119,-2.267,2.431,-0.053
1761141944.719953,0,0.047191,0.024437,1.154071,-2.245,2.221,-0.057,0.047191,0.024437,1.154071,-2.245,2.221,-0.057
1761141944.798134,0,0.047161,0.024439,1.154197,-2.237,2.422,-0.054,0.047161,0.024439,1.154197,-2.237,2.422,-0.054
1761141944.878793,0,0.047178,0.024420,1.154200,-2.351,2.320,-0.059,0.047178,0.024420,1.154200,-2.351,2.320,-0.059
1761141944.958804,0,0.047158,0.024439,1.154117,-2.149,2.447,-0.061,0.047158,0.024439,1.154117,-2.149,2.447,-0.061
1761141945.041550,0,0.047173,0.024441,1.154179,-2.174,2.387,-0.058,0.047173,0.024441,1.154179,-2.174,2.387,-0.058
1761141945.123896,0,0.047167,0.024423,1.154073,-2.312,2.421,-0.064,0.047167,0.024423,1.154073,-2.312,2.421,-0.064
1761141945.201021,0,0.047168,0.024422,1.154083,-2.302,2.388,-0.058,0.047168,0.024422,1.154083,-2.302,2.388,-0.058
1761141945.274516,0,0.047171,0.024403,1.154109,-2.394,2.394,-0.060,0.047171,0.024403,1.154109,-2.394,2.394,-0.060
1761141945.355629,0,0.047173,0.024432,1.154121,-2.289,2.358,-0.061,0.047173,0.024432,1.154121,-2.289,2.358,-0.061
1761141945.431569,0,0.047166,0.024445,1.154169,-2.190,2.358,-0.054,0.047166,0.024445,1.154169,-2.190,2.358,-0.054
1761141945.509783,0,0.047163,0.024444,1.154156,-2.190,2.395,-0.062,0.047163,0.024444,1.154156,-2.190,2.395,-0.062
1761141945.590141,0,0.047168,0.024441,1.154116,-2.176,2.354,-0.057,0.047168,0.024441,1.154116,-2.176,2.354,-0.057
1761141945.667515,0,0.047173,0.024429,1.154106,-2.329,2.321,-0.062,0.047173,0.024429,1.154106,-2.329,2.321,-0.062
1761141945.746212,0,0.047176,0.024412,1.154118,-2.324,2.315,-0.059,0.047176,0.024412,1.154118,-2.324,2.315,-0.059
1761141945.829732,0,0.047195,0.024445,1.154150,-2.204,2.270,-0.055,0.047195,0.024445,1.154150,-2.204,2.270,-0.055
1761141945.911350,0,0.047182,0.024438,1.154184,-2.264,2.299,-0.059,0.047182,0.024438,1.154184,-2.264,2.299,-0.059
1761141945.998146,0,0.047178,0.024418,1.154092,-2.280,2.326,-0.056,0.047178,0.024418,1.154092,-2.280,2.326,-0.056
1761141946.073558,0,0.047194,0.024441,1.154086,-2.281,2.200,-0.047,0.047194,0.024441,1.154086,-2.281,2.200,-0.047
1761141946.151380,0,0.047152,0.024414,1.154138,-2.338,2.486,-0.061,0.047152,0.024414,1.154138,-2.338,2.486,-0.061
1761141946.231932,0,0.047160,0.024440,1.154067,-2.193,2.404,-0.051,0.047160,0.024440,1.154067,-2.193,2.404,-0.051
1761141946.311232,0,0.047174,0.024428,1.154100,-2.310,2.280,-0.055,0.047174,0.024428,1.154100,-2.310,2.280,-0.055
1761141946.394619,0,0.047175,0.024452,1.154075,-2.094,2.320,-0.051,0.047175,0.024452,1.154075,-2.094,2.320,-0.051
1761141946.472707,0,0.047165,0.024435,1.154028,-2.255,2.403,-0.061,0.047165,0.024435,1.154028,-2.255,2.403,-0.061
1761141946.544842,0,0.047192,0.024432,1.154090,-2.244,2.233,-0.061,0.047192,0.024432,1.154090,-2.244,2.233,-0.061
1761141946.625287,0,0.047162,0.024424,1.153987,-2.294,2.337,-0.058,0.047162,0.024424,1.153987,-2.294,2.337,-0.058
1761141946.703931,0,0.047181,0.024425,1.153978,-2.290,2.277,-0.054,0.047181,0.024425,1.153978,-2.290,2.277,-0.054
1761141946.777936,0,0.047180,0.024461,1.153940,-2.168,2.365,-0.054,0.047180,0.024461,1.153940,-2.168,2.365,-0.054
1761141946.855894,0,0.047159,0.024426,1.153967,-2.388,2.430,-0.065,0.047159,0.024426,1.153967,-2.388,2.430,-0.065
1761141946.928683,0,0.047125,0.024643,1.154448,-1.052,2.429,-0.003,0.047125,0.024643,1.154448,-1.052,2.429,-0.003
1761141947.009674,0,0.047185,0.024431,1.153949,-2.379,2.283,-0.063,0.047185,0.024431,1.153949,-2.379,2.283,-0.063
1761141947.091943,0,0.047161,0.024443,1.153933,-2.259,2.385,-0.062,0.047161,0.024443,1.153933,-2.259,2.385,-0.062
1761141947.428426,0,0.046939,0.025407,1.154345,4.669,-0.282,0.127,0.046939,0.025407,1.154345,4.669,-0.282,0.127
1761141947.503992,0,0.046905,0.025444,1.154424,4.940,-0.126,0.139,0.046905,0.025444,1.154424,4.940,-0.126,0.139
1761141947.877587,0,0.046946,0.025252,1.155023,4.217,0.211,0.089,0.046946,0.025252,1.155023,4.217,0.211,0.089
1761141948.053054,0,0.046945,0.025307,1.154605,4.242,0.038,0.078,0.046945,0.025307,1.154605,4.242,0.038,0.078
1761141948.125612,0,0.046903,0.025227,1.155198,3.684,0.826,0.104,0.046903,0.025227,1.155198,3.684,0.826,0.104
1761141948.202744,0,0.046965,0.025211,1.155319,3.890,0.258,0.085,0.046965,0.025211,1.155319,3.890,0.258,0.085
1761141948.279691,0,0.046955,0.025264,1.154849,3.916,0.075,0.055,0.046955,0.025264,1.154849,3.916,0.075,0.055
1761141948.353214,0,0.046909,0.025313,1.154500,4.239,-0.036,0.060,0.046909,0.025313,1.154500,4.239,-0.036,0.060
1761141948.438205,0,0.046825,0.025237,1.154977,3.623,0.397,0.056,0.046825,0.025237,1.154977,3.623,0.397,0.056
1761141948.519957,0,0.046150,0.025534,1.155090,3.968,0.645,0.033,0.046150,0.025534,1.155090,3.968,0.645,0.033
1761141948.602021,0,0.045953,0.025686,1.154825,3.577,0.262,0.058,0.045953,0.025686,1.154825,3.577,0.262,0.058
1761141948.757993,0,0.045140,0.025921,1.155507,3.668,0.340,0.015,0.045140,0.025921,1.155507,3.668,0.340,0.015
1761141948.834379,0,0.044883,0.025982,1.155190,3.814,0.372,0.035,0.044883,0.025982,1.155190,3.814,0.372,0.035
1761141948.922541,0,0.044799,0.025967,1.155422,3.297,0.377,0.033,0.044799,0.025967,1.155422,3.297,0.377,0.033
1761141948.997914,0,0.044755,0.025981,1.155502,3.171,0.538,0.038,0.044755,0.025981,1.155502,3.171,0.538,0.038
1761141949.080700,0,0.044735,0.026008,1.155432,3.244,0.609,0.050,0.044735,0.026008,1.155432,3.244,0.609,0.050
1761141949.163060,0,0.044751,0.026028,1.155674,3.339,0.424,0.061,0.044751,0.026028,1.155674,3.339,0.424,0.061
1761141949.239223,0,0.044407,0.026318,1.155313,3.783,0.360,0.021,0.044407,0.026318,1.155313,3.783,0.360,0.021
1761141949.324392,0,0.044354,0.026327,1.155362,3.532,0.687,0.019,0.044354,0.026327,1.155362,3.532,0.687,0.019
1761141949.399359,0,0.044343,0.026338,1.155402,3.627,0.615,0.022,0.044343,0.026338,1.155402,3.627,0.615,0.022
1761141949.481343,0,0.044136,0.026485,1.155210,3.415,0.195,0.041,0.044136,0.026485,1.155210,3.415,0.195,0.041
1761141949.565733,0,0.043572,0.026741,1.155334,3.744,0.715,0.054,0.043572,0.026741,1.155334,3.744,0.715,0.054
1761141949.645907,0,0.042952,0.026967,1.155025,3.044,0.503,0.012,0.042952,0.026967,1.155025,3.044,0.503,0.012
1761141949.821010,0,0.041649,0.027491,1.155524,3.265,0.580,0.025,0.041649,0.027491,1.155524,3.265,0.580,0.025
1761141949.900749,0,0.040707,0.027739,1.155965,2.554,0.955,-0.050,0.040707,0.027739,1.155965,2.554,0.955,-0.050
1761141950.070149,0,0.040285,0.027932,1.159673,2.954,0.616,-0.091,0.040285,0.027932,1.159673,2.954,0.616,-0.091
1761141950.150199,0,0.040082,0.028002,1.156070,2.014,0.903,-0.105,0.040082,0.028002,1.156070,2.014,0.903,-0.105
1761141950.231539,0,0.040102,0.028144,1.151177,2.411,1.108,-0.084,0.040102,0.028144,1.151177,2.411,1.108,-0.084
1761141950.386870,0,0.039211,0.028468,1.155300,3.381,0.791,-0.100,0.039211,0.028468,1.155300,3.381,0.791,-0.100
1761141950.542678,0,0.039090,0.028539,1.155247,3.658,0.830,-0.073,0.039090,0.028539,1.155247,3.658,0.830,-0.073
1761141950.635792,0,0.038857,0.028496,1.155920,2.618,1.211,-0.080,0.038857,0.028496,1.155920,2.618,1.211,-0.080
1761141950.803999,0,0.037888,0.028962,1.155876,2.284,1.235,-0.144,0.037888,0.028962,1.155876,2.284,1.235,-0.144
1761141950.882673,0,0.037573,0.029091,1.155841,2.385,1.028,-0.164,0.037573,0.029091,1.155841,2.385,1.028,-0.164
1761141951.447072,0,0.035487,0.030166,1.155459,3.571,0.225,-0.154,0.035487,0.030166,1.155459,3.571,0.225,-0.154
1761141951.530822,0,0.034121,0.030570,1.155225,3.946,0.425,-0.139,0.034121,0.030570,1.155225,3.946,0.425,-0.139
1761141951.613535,0,0.033188,0.030721,1.155647,2.740,0.696,-0.182,0.033188,0.030721,1.155647,2.740,0.696,-0.182
1761141951.691056,0,0.033011,0.030687,1.156162,2.056,0.810,-0.201,0.033011,0.030687,1.156162,2.056,0.810,-0.201
1761141951.773491,0,0.032577,0.030992,1.155930,3.026,1.044,-0.118,0.032577,0.030992,1.155930,3.026,1.044,-0.118
1761141951.859200,0,0.032299,0.031011,1.156140,2.789,1.632,-0.085,0.032299,0.031011,1.156140,2.789,1.632,-0.085
1761141951.932484,0,0.031750,0.031207,1.156044,3.116,0.722,-0.059,0.031750,0.031207,1.156044,3.116,0.722,-0.059
1761141952.013823,0,0.031455,0.031357,1.155636,3.601,0.442,-0.065,0.031455,0.031357,1.155636,3.601,0.442,-0.065
1761141952.106963,0,0.030689,0.031559,1.155377,3.306,0.474,0.012,0.030689,0.031559,1.155377,3.306,0.474,0.012
1761141952.283304,0,0.028790,0.032227,1.155179,3.674,0.485,-0.010,0.028790,0.032227,1.155179,3.674,0.485,-0.010
1761141952.526951,0,0.025513,0.033105,1.156228,2.380,0.363,-0.063,0.025513,0.033105,1.156228,2.380,0.363,-0.063
1761141952.605016,0,0.024659,0.033382,1.156435,2.293,0.699,-0.075,0.024659,0.033382,1.156435,2.293,0.699,-0.075
1761141952.694322,0,0.023984,0.033466,1.156706,1.840,1.223,-0.042,0.023984,0.033466,1.156706,1.840,1.223,-0.042
1761141952.779515,0,0.023007,0.033905,1.155683,3.383,0.394,-0.090,0.023007,0.033905,1.155683,3.383,0.394,-0.090
1761141952.943857,0,0.021386,0.034166,1.156334,2.502,0.775,-0.152,0.021386,0.034166,1.156334,2.502,0.775,-0.152
1761141953.143356,0,0.019358,0.034589,1.155819,3.577,0.127,-0.199,0.019358,0.034589,1.155819,3.577,0.127,-0.199
1761141953.235845,0,0.019040,0.034511,1.156244,2.799,0.457,-0.224,0.019040,0.034511,1.156244,2.799,0.457,-0.224
1761141953.346640,0,0.017526,0.034622,1.156276,2.693,0.958,-0.230,0.017526,0.034622,1.156276,2.693,0.958,-0.230
1761141953.442139,0,0.015607,0.034691,1.156505,2.452,0.936,-0.353,0.015607,0.034691,1.156505,2.452,0.936,-0.353
1761141953.856795,0,0.012769,0.035072,1.156603,2.470,0.800,-0.546,0.012769,0.035072,1.156603,2.470,0.800,-0.546
1761141953.946273,0,0.012538,0.034974,1.156775,1.588,0.937,-0.573,0.012538,0.034974,1.156775,1.588,0.937,-0.573
1761141954.031015,0,0.012293,0.035074,1.156816,2.145,0.470,-0.574,0.012293,0.035074,1.156816,2.145,0.470,-0.574
1761141954.123643,0,0.011705,0.035211,1.156741,2.174,0.815,-0.507,0.011705,0.035211,1.156741,2.174,0.815,-0.507
1761141954.212836,0,0.011460,0.035305,1.156379,2.476,1.097,-0.455,0.011460,0.035305,1.156379,2.476,1.097,-0.455
1761141954.384882,0,0.011372,0.035324,1.156406,2.531,0.851,-0.461,0.011372,0.035324,1.156406,2.531,0.851,-0.461
1761141954.463455,0,0.010466,0.035504,1.156739,2.388,0.831,-0.502,0.010466,0.035504,1.156739,2.388,0.831,-0.502
1761141954.550936,0,0.010441,0.035489,1.156841,2.220,0.942,-0.512,0.010441,0.035489,1.156841,2.220,0.942,-0.512
1761141954.636735,0,0.010472,0.035516,1.156647,2.456,0.780,-0.502,0.010472,0.035516,1.156647,2.456,0.780,-0.502
1761141954.729560,0,0.010620,0.035509,1.156087,2.972,0.226,-0.436,0.010620,0.035509,1.156087,2.972,0.226,-0.436
1761141954.812379,0,0.010639,0.035503,1.155778,3.012,0.033,-0.448,0.010639,0.035503,1.155778,3.012,0.033,-0.448
1761141954.984565,0,0.010645,0.035386,1.156151,2.160,0.553,-0.485,0.010645,0.035386,1.156151,2.160,0.553,-0.485
1761141955.145463,0,0.010643,0.035476,1.156276,2.932,0.616,-0.450,0.010643,0.035476,1.156276,2.932,0.616,-0.450
1761141955.229939,0,0.010644,0.035407,1.156474,2.499,0.779,-0.469,0.010644,0.035407,1.156474,2.499,0.779,-0.469
1761141955.308438,0,0.010641,0.035358,1.156610,2.136,0.903,-0.488,0.010641,0.035358,1.156610,2.136,0.903,-0.488
1761141955.394200,0,0.010616,0.035397,1.156547,2.452,0.811,-0.472,0.010616,0.035397,1.156547,2.452,0.811,-0.472
1761141955.477444,0,0.010160,0.035483,1.156650,1.943,0.815,-0.536,0.010160,0.035483,1.156650,1.943,0.815,-0.536
1761141955.559192,0,0.009360,0.035708,1.156822,1.812,0.886,-0.612,0.009360,0.035708,1.156822,1.812,0.886,-0.612
1761141955.729318,0,0.007348,0.036371,1.157039,1.394,0.950,-0.871,0.007348,0.036371,1.157039,1.394,0.950,-0.871
1761141956.397918,0,0.006848,0.036648,1.156910,2.200,0.855,-0.780,0.006848,0.036648,1.156910,2.200,0.855,-0.780
1761141956.554583,0,0.006496,0.036694,1.157127,1.718,0.875,-0.795,0.006496,0.036694,1.157127,1.718,0.875,-0.795
1761141956.648109,0,0.006315,0.036765,1.157141,1.880,0.833,-0.769,0.006315,0.036765,1.157141,1.880,0.833,-0.769
1761141956.814051,0,0.005139,0.037071,1.156938,2.071,0.685,-0.792,0.005139,0.037071,1.156938,2.071,0.685,-0.792
1761141956.909201,0,0.004785,0.037119,1.156819,1.876,0.980,-0.806,0.004785,0.037119,1.156819,1.876,0.980,-0.806
1761141956.994486,0,0.003986,0.037283,1.156894,1.923,1.015,-0.820,0.003986,0.037283,1.156894,1.923,1.015,-0.820
1761141957.081088,0,0.003180,0.037422,1.157155,1.454,0.882,-0.896,0.003180,0.037422,1.157155,1.454,0.882,-0.896
1761141957.250662,0,0.002623,0.037651,1.156949,1.945,0.624,-0.921,0.002623,0.037651,1.156949,1.945,0.624,-0.921
1761141957.334603,0,0.002536,0.037665,1.156838,1.985,0.706,-0.919,0.002536,0.037665,1.156838,1.985,0.706,-0.919
1761141957.418626,0,0.001345,0.038111,1.156888,2.218,0.707,-1.014,0.001345,0.038111,1.156888,2.218,0.707,-1.014
1761141957.506723,0,0.000892,0.038197,1.156891,1.898,0.902,-1.068,0.000892,0.038197,1.156891,1.898,0.902,-1.068
1761141957.588957,0,0.000496,0.038294,1.157024,1.737,1.017,-1.127,0.000496,0.038294,1.157024,1.737,1.017,-1.127
1761141957.676681,0,0.000130,0.038400,1.156965,1.532,0.920,-1.183,0.000130,0.038400,1.156965,1.532,0.920,-1.183
1761141957.755594,0,-0.000056,0.038483,1.156953,1.642,1.026,-1.208,-0.000056,0.038483,1.156953,1.642,1.026,-1.208
1761141957.838621,0,-0.000413,0.038638,1.156871,1.930,1.018,-1.228,-0.000413,0.038638,1.156871,1.930,1.018,-1.228
1761141957.922298,0,-0.000376,0.038519,1.157103,1.059,1.080,-1.279,-0.000376,0.038519,1.157103,1.059,1.080,-1.279
1761141958.002261,0,-0.000408,0.038611,1.156951,1.755,0.948,-1.241,-0.000408,0.038611,1.156951,1.755,0.948,-1.241
1761141958.090775,0,-0.000430,0.038570,1.157033,1.381,1.074,-1.268,-0.000430,0.038570,1.157033,1.381,1.074,-1.268
1761141958.250662,0,-0.000414,0.038514,1.157040,0.970,1.183,-1.289,-0.000414,0.038514,1.157040,0.970,1.183,-1.289
1761141958.530025,0,-0.000422,0.038563,1.157042,1.364,1.080,-1.270,-0.000422,0.038563,1.157042,1.364,1.080,-1.270
1761141958.731536,0,-0.000410,0.038609,1.156946,1.634,0.914,-1.258,-0.000410,0.038609,1.156946,1.634,0.914,-1.258
1761141960.205947,0,-0.000471,0.039142,1.156919,1.601,1.028,-1.306,-0.000471,0.039142,1.156919,1.601,1.028,-1.306
1761141960.364186,0,-0.000472,0.039187,1.156969,1.749,0.943,-1.313,-0.000472,0.039187,1.156969,1.749,0.943,-1.313
1761141960.525438,0,-0.000625,0.039362,1.156964,1.891,0.951,-1.325,-0.000625,0.039362,1.156964,1.891,0.951,-1.325
1761141960.611996,0,-0.000617,0.039353,1.157057,1.807,0.909,-1.333,-0.000617,0.039353,1.157057,1.807,0.909,-1.333
1761141960.696312,0,-0.000613,0.039369,1.157000,1.932,0.955,-1.317,-0.000613,0.039369,1.157000,1.932,0.955,-1.317
1761141961.089745,0,-0.000696,0.039723,1.156849,2.195,0.834,-1.347,-0.000696,0.039723,1.156849,2.195,0.834,-1.347
1761141961.262317,0,-0.000694,0.039698,1.156916,2.026,0.814,-1.368,-0.000694,0.039698,1.156916,2.026,0.814,-1.368
1761141961.345170,0,-0.000691,0.039737,1.156780,2.165,0.785,-1.354,-0.000691,0.039737,1.156780,2.165,0.785,-1.354
1761141961.503968,0,-0.000695,0.039706,1.156805,1.932,0.988,-1.376,-0.000695,0.039706,1.156805,1.932,0.988,-1.376
1761141961.683611,0,-0.000723,0.039721,1.156706,2.093,0.916,-1.350,-0.000723,0.039721,1.156706,2.093,0.916,-1.350
1761141961.776555,0,-0.000699,0.039635,1.156919,1.406,0.988,-1.399,-0.000699,0.039635,1.156919,1.406,0.988,-1.399
1761141961.870094,0,-0.000795,0.039693,1.156597,1.311,1.138,-1.373,-0.000795,0.039693,1.156597,1.311,1.138,-1.373
1761141962.049934,0,-0.000792,0.039639,1.156435,0.714,1.513,-1.403,-0.000792,0.039639,1.156435,0.714,1.513,-1.403
1761141962.140384,0,-0.000687,0.039340,1.156094,-1.139,1.690,-1.517,-0.000687,0.039340,1.156094,-1.139,1.690,-1.517
1761141962.225897,0,-0.000687,0.039367,1.156021,-0.967,1.778,-1.516,-0.000687,0.039367,1.156021,-0.967,1.778,-1.516
1761141962.312372,0,-0.000693,0.039353,1.155744,-1.129,1.930,-1.523,-0.000693,0.039353,1.155744,-1.129,1.930,-1.523
1761141962.385272,0,-0.000708,0.039338,1.155675,-1.160,2.036,-1.519,-0.000708,0.039338,1.155675,-1.160,2.036,-1.519
1761141962.462483,0,-0.000702,0.039339,1.155564,-1.186,2.036,-1.517,-0.000702,0.039339,1.155564,-1.186,2.036,-1.517
1761141962.540691,0,-0.000726,0.039341,1.155561,-1.117,2.141,-1.526,-0.000726,0.039341,1.155561,-1.117,2.141,-1.526
1761141962.623404,0,-0.000705,0.039332,1.155569,-1.171,2.053,-1.532,-0.000705,0.039332,1.155569,-1.171,2.053,-1.532
1761141962.700701,0,-0.000718,0.039356,1.155485,-1.067,2.180,-1.519,-0.000718,0.039356,1.155485,-1.067,2.180,-1.519
1761141962.769269,0,-0.000732,0.039340,1.155531,-1.199,2.227,-1.528,-0.000732,0.039340,1.155531,-1.199,2.227,-1.528
1761141962.842385,0,-0.000712,0.039339,1.155469,-1.184,2.175,-1.525,-0.000712,0.039339,1.155469,-1.184,2.175,-1.525
1761141962.918922,0,-0.000721,0.039349,1.155454,-1.114,2.164,-1.524,-0.000721,0.039349,1.155454,-1.114,2.164,-1.524
1761141962.989820,0,-0.000706,0.039337,1.155454,-1.160,2.139,-1.524,-0.000706,0.039337,1.155454,-1.160,2.139,-1.524
1761141963.066432,0,-0.000709,0.039334,1.155447,-1.144,2.165,-1.525,-0.000709,0.039334,1.155447,-1.144,2.165,-1.525
1761141963.147868,0,-0.000736,0.039320,1.155291,-1.177,2.306,-1.526,-0.000736,0.039320,1.155291,-1.177,2.306,-1.526
1761141963.217837,0,-0.000723,0.039347,1.155243,-1.078,2.237,-1.524,-0.000723,0.039347,1.155243,-1.078,2.237,-1.524
1761141963.286412,0,-0.000715,0.039352,1.155368,-1.076,2.155,-1.522,-0.000715,0.039352,1.155368,-1.076,2.155,-1.522
1761141963.362899,0,-0.000728,0.039350,1.154370,-1.381,2.223,-1.530,-0.000728,0.039350,1.154370,-1.381,2.223,-1.530
1761141963.433442,0,-0.000733,0.039363,1.162489,-0.923,2.067,-1.519,-0.000733,0.039363,1.162489,-0.923,2.067,-1.519
1761141963.504304,0,-0.000726,0.039356,1.158369,-1.169,2.140,-1.527,-0.000726,0.039356,1.158369,-1.169,2.140,-1.527
1761141963.575281,0,-0.000744,0.039409,1.150903,-1.376,2.466,-1.541,-0.000744,0.039409,1.150903,-1.376,2.466,-1.541
1761141963.642096,0,-0.000727,0.039343,1.158229,-1.097,2.202,-1.517,-0.000727,0.039343,1.158229,-1.097,2.202,-1.517
1761141963.728419,0,-0.000726,0.039350,1.158281,-1.070,2.132,-1.526,-0.000726,0.039350,1.158281,-1.070,2.132,-1.526
1761141963.811362,0,-0.000753,0.039370,1.158191,-0.902,2.312,-1.528,-0.000753,0.039370,1.158191,-0.902,2.312,-1.528
1761141963.888316,0,-0.000740,0.039356,1.158261,-1.007,2.204,-1.526,-0.000740,0.039356,1.158261,-1.007,2.204,-1.526
1761141963.985585,0,-0.000728,0.039353,1.158142,-0.966,2.160,-1.523,-0.000728,0.039353,1.158142,-0.966,2.160,-1.523
1761141964.073831,0,-0.000734,0.039342,1.158086,-1.025,2.242,-1.525,-0.000734,0.039342,1.158086,-1.025,2.242,-1.525
1761141964.158872,0,-0.000763,0.039339,1.158093,-1.057,2.325,-1.533,-0.000763,0.039339,1.158093,-1.057,2.325,-1.533
1761141964.223701,0,-0.000747,0.039355,1.157984,-0.911,2.255,-1.523,-0.000747,0.039355,1.157984,-0.911,2.255,-1.523
1761141964.292287,0,-0.000741,0.039346,1.158003,-0.936,2.247,-1.531,-0.000741,0.039346,1.158003,-0.936,2.247,-1.531
1761141964.361178,0,-0.000720,0.039350,1.157994,-0.954,2.083,-1.526,-0.000720,0.039350,1.157994,-0.954,2.083,-1.526
1761141964.428732,0,-0.000722,0.039354,1.157966,-0.935,2.124,-1.520,-0.000722,0.039354,1.157966,-0.935,2.124,-1.520
1761141964.492287,0,-0.000734,0.039342,1.157861,-0.995,2.195,-1.534,-0.000734,0.039342,1.157861,-0.995,2.195,-1.534
1761141964.555348,0,-0.000736,0.039331,1.157987,-1.044,2.152,-1.524,-0.000736,0.039331,1.157987,-1.044,2.152,-1.524
1761141964.632739,0,-0.000763,0.039347,1.158043,-1.010,2.311,-1.530,-0.000763,0.039347,1.158043,-1.010,2.311,-1.530
1761141964.704712,0,-0.000741,0.039343,1.158037,-1.068,2.210,-1.525,-0.000741,0.039343,1.158037,-1.068,2.210,-1.525
1761141964.778730,0,-0.000744,0.039348,1.157996,-0.986,2.236,-1.522,-0.000744,0.039348,1.157996,-0.986,2.236,-1.522
1761141964.851150,0,-0.000750,0.039359,1.158040,-0.971,2.228,-1.535,-0.000750,0.039359,1.158040,-0.971,2.228,-1.535
1761141964.922060,0,-0.000742,0.039354,1.157969,-1.021,2.253,-1.529,-0.000742,0.039354,1.157969,-1.021,2.253,-1.529
1761141964.991462,0,-0.000745,0.039349,1.158040,-0.990,2.268,-1.526,-0.000745,0.039349,1.158040,-0.990,2.268,-1.526
1761141965.059407,0,-0.000744,0.039340,1.158080,-1.154,2.256,-1.525,-0.000744,0.039340,1.158080,-1.154,2.256,-1.525
1761141965.131232,0,-0.000740,0.039358,1.158023,-1.008,2.213,-1.522,-0.000740,0.039358,1.158023,-1.008,2.213,-1.522
1761141965.206178,0,-0.000756,0.039364,1.158057,-0.959,2.306,-1.526,-0.000756,0.039364,1.158057,-0.959,2.306,-1.526
1761141965.275590,0,-0.000741,0.039357,1.158072,-1.033,2.277,-1.525,-0.000741,0.039357,1.158072,-1.033,2.277,-1.525
1761141965.346198,0,-0.000760,0.039340,1.158159,-1.121,2.281,-1.532,-0.000760,0.039340,1.158159,-1.121,2.281,-1.532
1761141965.419575,0,-0.000742,0.039345,1.158064,-1.055,2.250,-1.534,-0.000742,0.039345,1.158064,-1.055,2.250,-1.534
1761141965.489954,0,-0.000764,0.039327,1.158084,-1.131,2.337,-1.534,-0.000764,0.039327,1.158084,-1.131,2.337,-1.534
1761141965.564934,0,-0.000736,0.039344,1.158007,-1.021,2.256,-1.527,-0.000736,0.039344,1.158007,-1.021,2.256,-1.527
1761141965.643291,0,-0.000733,0.039366,1.158113,-0.920,2.214,-1.522,-0.000733,0.039366,1.158113,-0.920,2.214,-1.522
1761141965.709743,0,-0.000737,0.039333,1.158083,-1.089,2.276,-1.526,-0.000737,0.039333,1.158083,-1.089,2.276,-1.526
1761141965.780961,0,-0.000744,0.039339,1.158172,-1.064,2.227,-1.523,-0.000744,0.039339,1.158172,-1.064,2.227,-1.523
1761141965.859321,0,-0.000754,0.039371,1.158200,-0.934,2.291,-1.531,-0.000754,0.039371,1.158200,-0.934,2.291,-1.531
1761141965.932466,0,-0.000739,0.039349,1.158175,-1.012,2.239,-1.522,-0.000739,0.039349,1.158175,-1.012,2.239,-1.522
1761141966.001347,0,-0.000744,0.039353,1.158074,-0.995,2.268,-1.527,-0.000744,0.039353,1.158074,-0.995,2.268,-1.527
1761141966.082807,0,-0.000750,0.039335,1.158125,-1.139,2.290,-1.531,-0.000750,0.039335,1.158125,-1.139,2.290,-1.531
1761141966.151998,0,-0.000730,0.039346,1.158129,-1.114,2.213,-1.529,-0.000730,0.039346,1.158129,-1.114,2.213,-1.529
1761141966.220963,0,-0.000738,0.039342,1.158147,-1.061,2.287,-1.532,-0.000738,0.039342,1.158147,-1.061,2.287,-1.532
1761141966.294811,0,-0.000725,0.039338,1.158076,-1.080,2.213,-1.532,-0.000725,0.039338,1.158076,-1.080,2.213,-1.532
1761141966.364203,0,-0.000734,0.039341,1.158117,-1.101,2.231,-1.530,-0.000734,0.039341,1.158117,-1.101,2.231,-1.530
1761141966.435687,0,-0.000736,0.039330,1.158094,-1.152,2.265,-1.527,-0.000736,0.039330,1.158094,-1.152,2.265,-1.527
1761141966.512106,0,-0.000728,0.039354,1.158093,-1.050,2.162,-1.522,-0.000728,0.039354,1.158093,-1.050,2.162,-1.522
1761141966.587679,0,-0.000715,0.039359,1.158098,-0.996,2.127,-1.521,-0.000715,0.039359,1.158098,-0.996,2.127,-1.521
1761141966.660227,0,-0.000726,0.039366,1.158053,-0.898,2.165,-1.531,-0.000726,0.039366,1.158053,-0.898,2.165,-1.531
1761141966.732596,0,-0.000715,0.039329,1.158016,-1.165,2.217,-1.534,-0.000715,0.039329,1.158016,-1.165,2.217,-1.534
1761141966.887550,0,-0.000865,0.039900,1.158112,2.561,1.460,-1.271,-0.000865,0.039900,1.158112,2.561,1.460,-1.271
1761141966.967238,0,-0.000712,0.039329,1.158078,-1.151,2.176,-1.530,-0.000712,0.039329,1.158078,-1.151,2.176,-1.530
1761141967.052891,0,-0.000661,0.039344,1.158344,-0.438,1.484,-1.515,-0.000661,0.039344,1.158344,-0.438,1.484,-1.515
1761141967.137497,0,-0.000686,0.039350,1.159054,-0.644,1.458,-1.520,-0.000686,0.039350,1.159054,-0.644,1.458,-1.520
1761141967.213920,0,-0.000670,0.039367,1.159238,-0.664,1.352,-1.510,-0.000670,0.039367,1.159238,-0.664,1.352,-1.510
1761141967.299941,0,-0.000699,0.039391,1.159163,-0.555,1.511,-1.515,-0.000699,0.039391,1.159163,-0.555,1.511,-1.515
1761141967.378180,0,-0.000670,0.039374,1.159329,-0.742,1.410,-1.520,-0.000670,0.039374,1.159329,-0.742,1.410,-1.520
1761141967.455909,0,-0.000690,0.039390,1.159378,-0.682,1.503,-1.507,-0.000690,0.039390,1.159378,-0.682,1.503,-1.507
1761141967.540137,0,-0.000669,0.039400,1.159438,-0.794,1.373,-1.510,-0.000669,0.039400,1.159438,-0.794,1.373,-1.510
1761141967.619351,0,-0.000694,0.039466,1.159630,-0.855,1.401,-1.502,-0.000694,0.039466,1.159630,-0.855,1.401,-1.502
1761141967.692696,0,-0.000719,0.039576,1.159669,-0.960,1.254,-1.477,-0.000719,0.039576,1.159669,-0.960,1.254,-1.477
1761141967.768296,0,-0.000740,0.039676,1.159664,-0.842,1.318,-1.461,-0.000740,0.039676,1.159664,-0.842,1.318,-1.461
1761141967.845168,0,-0.000770,0.039708,1.159599,-0.939,1.378,-1.471,-0.000770,0.039708,1.159599,-0.939,1.378,-1.471
1761141967.925352,0,-0.000802,0.039745,1.159663,-0.893,1.473,-1.457,-0.000802,0.039745,1.159663,-0.893,1.473,-1.457
1761141968.002296,0,-0.000761,0.039760,1.159658,-0.935,1.293,-1.456,-0.000761,0.039760,1.159658,-0.935,1.293,-1.456
1761141968.073029,0,-0.000787,0.039794,1.159531,-0.988,1.383,-1.442,-0.000787,0.039794,1.159531,-0.988,1.383,-1.442
1761141968.150582,0,-0.000806,0.040001,1.159693,-0.872,1.377,-1.422,-0.000806,0.040001,1.159693,-0.872,1.377,-1.422
1761141968.223315,0,-0.000831,0.040023,1.159613,-0.864,1.456,-1.431,-0.000831,0.040023,1.159613,-0.864,1.456,-1.431
1761141968.299663,0,-0.000841,0.040147,1.159775,-0.842,1.395,-1.423,-0.000841,0.040147,1.159775,-0.842,1.395,-1.423
1761141968.383876,0,-0.000895,0.040407,1.159529,-0.796,1.315,-1.415,-0.000895,0.040407,1.159529,-0.796,1.315,-1.415
1761141968.459231,0,-0.000997,0.041089,1.159440,-0.788,1.431,-1.349,-0.000997,0.041089,1.159440,-0.788,1.431,-1.349
1761141968.542519,0,-0.001091,0.041545,1.159598,-0.885,1.557,-1.329,-0.001091,0.041545,1.159598,-0.885,1.557,-1.329
1761141968.622793,0,-0.001126,0.041725,1.159583,-0.823,1.496,-1.317,-0.001126,0.041725,1.159583,-0.823,1.496,-1.317
1761141968.696889,0,-0.001105,0.041740,1.159575,-0.851,1.357,-1.315,-0.001105,0.041740,1.159575,-0.851,1.357,-1.315
1761141968.776188,0,-0.001098,0.041838,1.159680,-0.878,1.355,-1.320,-0.001098,0.041838,1.159680,-0.878,1.355,-1.320
1761141968.851584,0,-0.001093,0.041887,1.159735,-0.796,1.296,-1.329,-0.001093,0.041887,1.159735,-0.796,1.296,-1.329
1761141968.936378,0,-0.001191,0.042149,1.159490,-0.862,1.476,-1.313,-0.001191,0.042149,1.159490,-0.862,1.476,-1.313
1761141969.017071,0,-0.001202,0.042341,1.159528,-0.828,1.421,-1.295,-0.001202,0.042341,1.159528,-0.828,1.421,-1.295
1761141969.101218,0,-0.001233,0.042656,1.159376,-0.852,1.344,-1.270,-0.001233,0.042656,1.159376,-0.852,1.344,-1.270
1761141969.198013,0,-0.001269,0.043607,1.159561,-0.966,1.463,-1.200,-0.001269,0.043607,1.159561,-0.966,1.463,-1.200
1761141969.287175,0,-0.001236,0.043918,1.159568,-1.093,1.330,-1.175,-0.001236,0.043918,1.159568,-1.093,1.330,-1.175
1761141969.374232,0,-0.001117,0.044965,1.159680,-1.133,1.452,-1.135,-0.001117,0.044965,1.159680,-1.133,1.452,-1.135
1761141969.472011,0,-0.001106,0.045028,1.159731,-0.943,1.402,-1.119,-0.001106,0.045028,1.159731,-0.943,1.402,-1.119
1761141969.559741,0,-0.001110,0.045049,1.159636,-0.874,1.446,-1.123,-0.001110,0.045049,1.159636,-0.874,1.446,-1.123
1761141969.638676,0,-0.001104,0.045064,1.159632,-0.828,1.468,-1.119,-0.001104,0.045064,1.159632,-0.828,1.468,-1.119
1761141969.720307,0,-0.001127,0.045045,1.159639,-0.916,1.592,-1.126,-0.001127,0.045045,1.159639,-0.916,1.592,-1.126
1761141969.811600,0,-0.001108,0.045051,1.159587,-0.951,1.476,-1.120,-0.001108,0.045051,1.159587,-0.951,1.476,-1.120
1761141969.884967,0,-0.001107,0.045052,1.159656,-0.885,1.475,-1.124,-0.001107,0.045052,1.159656,-0.885,1.475,-1.124
1761141969.964217,0,-0.001116,0.045038,1.159635,-0.962,1.461,-1.120,-0.001116,0.045038,1.159635,-0.962,1.461,-1.120
1761141970.052048,0,-0.001097,0.045061,1.155328,-0.804,1.496,-1.126,-0.001097,0.045061,1.155328,-0.804,1.496,-1.126
1761141970.130225,0,-0.001133,0.045214,1.168169,-0.630,1.394,-1.114,-0.001133,0.045214,1.168169,-0.630,1.394,-1.114
1761141970.204978,0,-0.001114,0.045051,1.156148,-1.049,1.650,-1.129,-0.001114,0.045051,1.156148,-1.049,1.650,-1.129
1761141970.289176,0,-0.001073,0.045190,1.151140,-1.425,1.683,-1.145,-0.001073,0.045190,1.151140,-1.425,1.683,-1.145
1761141970.379415,0,-0.001098,0.045070,1.154075,-1.075,1.588,-1.138,-0.001098,0.045070,1.154075,-1.075,1.588,-1.138
1761141970.465604,0,-0.001110,0.045032,1.154119,-1.330,1.661,-1.138,-0.001110,0.045032,1.154119,-1.330,1.661,-1.138
1761141970.542396,0,-0.001078,0.045042,1.154177,-1.285,1.521,-1.137,-0.001078,0.045042,1.154177,-1.285,1.521,-1.137
1761141970.623082,0,-0.001101,0.045054,1.154131,-1.227,1.617,-1.132,-0.001101,0.045054,1.154131,-1.227,1.617,-1.132
1761141970.697859,0,-0.001106,0.045051,1.154125,-1.262,1.629,-1.131,-0.001106,0.045051,1.154125,-1.262,1.629,-1.131
1761141970.774049,0,-0.001091,0.045070,1.154057,-1.118,1.556,-1.134,-0.001091,0.045070,1.154057,-1.118,1.556,-1.134
1761141970.857797,0,-0.001112,0.045045,1.154163,-1.249,1.673,-1.140,-0.001112,0.045045,1.154163,-1.249,1.673,-1.140
1761141970.942950,0,-0.001119,0.044965,1.154188,-1.241,1.518,-1.144,-0.001119,0.044965,1.154188,-1.241,1.518,-1.144
1761141971.028665,0,-0.001170,0.044764,1.154368,-1.244,1.400,-1.164,-0.001170,0.044764,1.154368,-1.244,1.400,-1.164
1761141971.116524,0,-0.001230,0.044680,1.154137,-1.105,1.612,-1.172,-0.001230,0.044680,1.154137,-1.105,1.612,-1.172
1761141971.201071,0,-0.001246,0.044475,1.154169,-1.143,1.517,-1.189,-0.001246,0.044475,1.154169,-1.143,1.517,-1.189
1761141971.284407,0,-0.001254,0.044264,1.154282,-0.914,1.454,-1.222,-0.001254,0.044264,1.154282,-0.914,1.454,-1.222
1761141971.360608,0,-0.001233,0.043737,1.154017,-0.709,1.200,-1.272,-0.001233,0.043737,1.154017,-0.709,1.200,-1.272
1761141971.440517,0,-0.001217,0.043186,1.153845,-0.315,1.085,-1.322,-0.001217,0.043186,1.153845,-0.315,1.085,-1.322
1761141971.526443,0,-0.001263,0.042603,1.153904,-0.307,1.145,-1.359,-0.001263,0.042603,1.153904,-0.307,1.145,-1.359
1761141971.610209,0,-0.001344,0.042059,1.154151,-0.722,1.211,-1.324,-0.001344,0.042059,1.154151,-0.722,1.211,-1.324
1761141971.694531,0,-0.001626,0.040923,1.154420,-1.004,1.207,-1.318,-0.001626,0.040923,1.154420,-1.004,1.207,-1.318
1761141971.780551,0,-0.001707,0.040299,1.154379,-1.268,1.253,-1.376,-0.001707,0.040299,1.154379,-1.268,1.253,-1.376
1761141971.859673,0,-0.001789,0.039512,1.154640,-1.277,1.108,-1.372,-0.001789,0.039512,1.154640,-1.277,1.108,-1.372
1761141971.938859,0,-0.001811,0.039088,1.154635,-1.280,1.191,-1.397,-0.001811,0.039088,1.154635,-1.280,1.191,-1.397
1761141972.024117,0,-0.001831,0.038556,1.154485,-1.141,1.155,-1.421,-0.001831,0.038556,1.154485,-1.141,1.155,-1.421
1761141972.110477,0,-0.001836,0.038225,1.154605,-1.180,1.067,-1.418,-0.001836,0.038225,1.154605,-1.180,1.067,-1.418
1761141972.198505,0,-0.001841,0.037817,1.154486,-0.984,0.765,-1.407,-0.001841,0.037817,1.154486,-0.984,0.765,-1.407
1761141972.301198,0,-0.001866,0.037804,1.154429,-0.951,0.884,-1.410,-0.001866,0.037804,1.154429,-0.951,0.884,-1.410
1761141972.390341,0,-0.001866,0.037705,1.154663,-1.081,0.822,-1.426,-0.001866,0.037705,1.154663,-1.081,0.822,-1.426
1761141972.463478,0,-0.001887,0.037392,1.154463,-0.918,0.970,-1.433,-0.001887,0.037392,1.154463,-0.918,0.970,-1.433
1761141972.543360,0,-0.001865,0.037174,1.154478,-0.916,0.667,-1.457,-0.001865,0.037174,1.154478,-0.916,0.667,-1.457
1761141972.621075,0,-0.001841,0.036978,1.154457,-0.729,0.420,-1.468,-0.001841,0.036978,1.154457,-0.729,0.420,-1.468
1761141972.731377,0,-0.001838,0.036706,1.154469,-0.699,0.356,-1.501,-0.001838,0.036706,1.154469,-0.699,0.356,-1.501
1761141972.853190,0,-0.001846,0.036623,1.154365,-0.655,0.283,-1.508,-0.001846,0.036623,1.154365,-0.655,0.283,-1.508
1761141972.948801,0,-0.001895,0.035887,1.154599,-0.597,0.022,-1.456,-0.001895,0.035887,1.154599,-0.597,0.022,-1.456
1761141973.046794,0,-0.001921,0.035364,1.154700,-0.645,-0.295,-1.497,-0.001921,0.035364,1.154700,-0.645,-0.295,-1.497
1761141973.139840,0,-0.002021,0.034438,1.154880,-0.870,-0.313,-1.540,-0.002021,0.034438,1.154880,-0.870,-0.313,-1.540
1761141973.227826,0,-0.002311,0.033168,1.155445,-1.445,0.167,-1.465,-0.002311,0.033168,1.155445,-1.445,0.167,-1.465
1761141973.309684,0,-0.002564,0.031837,1.155474,-1.754,0.043,-1.391,-0.002564,0.031837,1.155474,-1.754,0.043,-1.391
1761141973.398588,0,-0.002649,0.031728,1.155030,-1.453,0.080,-1.425,-0.002649,0.031728,1.155030,-1.453,0.080,-1.425
1761141973.475818,0,-0.002661,0.031015,1.155243,-1.797,0.085,-1.436,-0.002661,0.031015,1.155243,-1.797,0.085,-1.436
1761141973.554057,0,-0.002734,0.030308,1.155384,-1.970,-0.091,-1.457,-0.002734,0.030308,1.155384,-1.970,-0.091,-1.457
1761141973.635170,0,-0.002781,0.030194,1.155278,-2.032,0.017,-1.475,-0.002781,0.030194,1.155278,-2.032,0.017,-1.475
1761141973.724556,0,-0.002749,0.030207,1.155250,-1.994,-0.139,-1.467,-0.002749,0.030207,1.155250,-1.994,-0.139,-1.467
1761141973.808039,0,-0.002715,0.030063,1.155508,-1.952,-0.106,-1.443,-0.002715,0.030063,1.155508,-1.952,-0.106,-1.443
1761141973.892076,0,-0.002702,0.029897,1.155493,-1.646,-0.382,-1.419,-0.002702,0.029897,1.155493,-1.646,-0.382,-1.419
1761141973.976741,0,-0.002783,0.029425,1.155424,-1.662,-0.357,-1.404,-0.002783,0.029425,1.155424,-1.662,-0.357,-1.404
1761141974.074177,0,-0.002842,0.028943,1.155624,-1.871,-0.101,-1.409,-0.002842,0.028943,1.155624,-1.871,-0.101,-1.409
1761141974.185015,0,-0.002856,0.028835,1.155565,-1.903,-0.135,-1.406,-0.002856,0.028835,1.155565,-1.903,-0.135,-1.406
1761141974.276899,0,-0.002825,0.028348,1.155655,-2.245,-0.621,-1.318,-0.002825,0.028348,1.155655,-2.245,-0.621,-1.318
1761141974.370217,0,-0.002838,0.028365,1.155709,-2.037,-0.524,-1.327,-0.002838,0.028365,1.155709,-2.037,-0.524,-1.327
1761141974.474209,0,-0.002866,0.028114,1.155352,-2.010,-0.367,-1.331,-0.002866,0.028114,1.155352,-2.010,-0.367,-1.331
1761141974.577512,0,-0.002864,0.028067,1.155483,-1.691,-0.437,-1.339,-0.002864,0.028067,1.155483,-1.691,-0.437,-1.339
1761141974.670915,0,-0.002897,0.027590,1.155511,-1.381,-0.379,-1.339,-0.002897,0.027590,1.155511,-1.381,-0.379,-1.339
1761141974.761645,0,-0.002852,0.027214,1.155630,-1.327,-0.736,-1.330,-0.002852,0.027214,1.155630,-1.327,-0.736,-1.330
1761141974.870603,0,-0.002793,0.026838,1.155455,-1.512,-0.907,-1.344,-0.002793,0.026838,1.155455,-1.512,-0.907,-1.344
1761141974.969175,0,-0.002785,0.026330,1.155370,-1.544,-0.570,-1.350,-0.002785,0.026330,1.155370,-1.544,-0.570,-1.350
1761141975.067888,0,-0.002965,0.024613,1.154115,-0.598,1.541,-1.360,-0.002965,0.024613,1.154115,-0.598,1.541,-1.360
1761141975.178737,0,-0.002974,0.023844,1.154132,-0.773,1.522,-1.404,-0.002974,0.023844,1.154132,-0.773,1.522,-1.404
1761141975.286146,0,-0.003010,0.023825,1.154138,-0.813,1.626,-1.413,-0.003010,0.023825,1.154138,-0.813,1.626,-1.413
1761141975.383928,0,-0.002984,0.023785,1.154179,-0.913,1.613,-1.391,-0.002984,0.023785,1.154179,-0.913,1.613,-1.391
1761141975.483413,0,-0.002984,0.023780,1.154130,-0.809,1.607,-1.401,-0.002984,0.023780,1.154130,-0.809,1.607,-1.401
1761141975.564172,0,-0.003021,0.023105,1.154332,-0.958,1.727,-1.404,-0.003021,0.023105,1.154332,-0.958,1.727,-1.404
1761141975.641564,0,-0.003020,0.022239,1.154445,-0.836,1.533,-1.484,-0.003020,0.022239,1.154445,-0.836,1.533,-1.484
1761141975.723764,0,-0.003003,0.021919,1.154306,-0.765,1.622,-1.449,-0.003003,0.021919,1.154306,-0.765,1.622,-1.449
1761141975.799992,0,-0.003010,0.021733,1.154108,-0.878,1.789,-1.440,-0.003010,0.021733,1.154108,-0.878,1.789,-1.440
1761141975.884823,0,-0.002986,0.021731,1.154073,-0.679,1.640,-1.432,-0.002986,0.021731,1.154073,-0.679,1.640,-1.432
1761141975.960771,0,-0.002992,0.021741,1.153955,-0.651,1.690,-1.432,-0.002992,0.021741,1.153955,-0.651,1.690,-1.432
1761141976.044549,0,-0.002990,0.021739,1.153959,-0.635,1.720,-1.435,-0.002990,0.021739,1.153959,-0.635,1.720,-1.435
1761141976.127379,0,-0.002987,0.021745,1.153993,-0.667,1.667,-1.434,-0.002987,0.021745,1.153993,-0.667,1.667,-1.434
1761141976.213923,0,-0.003024,0.020917,1.154207,-0.776,1.639,-1.404,-0.003024,0.020917,1.154207,-0.776,1.639,-1.404
1761141976.294876,0,-0.003038,0.020551,1.154283,-0.745,1.728,-1.395,-0.003038,0.020551,1.154283,-0.745,1.728,-1.395
1761141976.386141,0,-0.003039,0.020076,1.154072,-0.514,1.814,-1.395,-0.003039,0.020076,1.154072,-0.514,1.814,-1.395
1761141976.468456,0,-0.003002,0.019607,1.153494,0.186,1.754,-1.448,-0.003002,0.019607,1.153494,0.186,1.754,-1.448
1761141976.550679,0,-0.002918,0.019365,1.153657,0.135,1.525,-1.462,-0.002918,0.019365,1.153657,0.135,1.525,-1.462
1761141976.636029,0,-0.002902,0.019276,1.153625,-0.028,1.541,-1.459,-0.002902,0.019276,1.153625,-0.028,1.541,-1.459
1761141976.723719,0,-0.002886,0.019140,1.153703,-0.045,1.668,-1.437,-0.002886,0.019140,1.153703,-0.045,1.668,-1.437
1761141976.800491,0,-0.002879,0.019160,1.153704,0.089,1.596,-1.432,-0.002879,0.019160,1.153704,0.089,1.596,-1.432
1761141976.877644,0,-0.002845,0.018738,1.154317,-0.320,1.723,-1.361,-0.002845,0.018738,1.154317,-0.320,1.723,-1.361
1761141976.960804,0,-0.002780,0.018012,1.154352,-0.169,1.678,-1.368,-0.002780,0.018012,1.154352,-0.169,1.678,-1.368
1761141977.043578,0,-0.002770,0.017478,1.154394,0.245,1.542,-1.345,-0.002770,0.017478,1.154394,0.245,1.542,-1.345
1761141977.125776,0,-0.002887,0.017114,1.154318,-0.029,1.807,-1.325,-0.002887,0.017114,1.154318,-0.029,1.807,-1.325
1761141977.202105,0,-0.003037,0.016242,1.153593,0.708,1.515,-1.299,-0.003037,0.016242,1.153593,0.708,1.515,-1.299
1761141977.291024,0,-0.003069,0.016184,1.153530,0.536,1.593,-1.311,-0.003069,0.016184,1.153530,0.536,1.593,-1.311
1761141977.383418,0,-0.003065,0.016172,1.153538,0.615,1.584,-1.318,-0.003065,0.016172,1.153538,0.615,1.584,-1.318
1761141977.464847,0,-0.003079,0.016191,1.153442,0.622,1.692,-1.315,-0.003079,0.016191,1.153442,0.622,1.692,-1.315
1761141977.550662,0,-0.003056,0.016189,1.153423,0.632,1.572,-1.312,-0.003056,0.016189,1.153423,0.632,1.572,-1.312
1761141977.639102,0,-0.003074,0.016228,1.153201,1.000,1.595,-1.306,-0.003074,0.016228,1.153201,1.000,1.595,-1.306
1761141977.723075,0,-0.002966,0.016316,1.152704,1.249,1.064,-1.357,-0.002966,0.016316,1.152704,1.249,1.064,-1.357
1761141977.811094,0,-0.002950,0.016515,1.151500,1.634,0.618,-1.434,-0.002950,0.016515,1.151500,1.634,0.618,-1.434
1761141977.890323,0,-0.002962,0.016539,1.151114,1.615,0.676,-1.439,-0.002962,0.016539,1.151114,1.615,0.676,-1.439
1761141977.979318,0,-0.002935,0.016541,1.151016,1.678,0.393,-1.440,-0.002935,0.016541,1.151016,1.678,0.393,-1.440
1761141978.058465,0,-0.003002,0.016532,1.150376,1.448,0.502,-1.467,-0.003002,0.016532,1.150376,1.448,0.502,-1.467
1761141978.138055,0,-0.003013,0.016585,1.150599,1.201,0.509,-1.520,-0.003013,0.016585,1.150599,1.201,0.509,-1.520
1761141978.223909,0,-0.003005,0.016612,1.151140,1.613,0.920,-1.529,-0.003005,0.016612,1.151140,1.613,0.920,-1.529
1761141978.302658,0,-0.003002,0.016601,1.151222,1.559,0.853,-1.528,-0.003002,0.016601,1.151222,1.559,0.853,-1.528
1761141978.386798,0,-0.003022,0.016592,1.151511,1.427,0.880,-1.532,-0.003022,0.016592,1.151511,1.427,0.880,-1.532
1761141978.473418,0,-0.003253,0.016649,1.151267,0.773,1.419,-1.497,-0.003253,0.016649,1.151267,0.773,1.419,-1.497
1761141978.552114,0,-0.003358,0.016649,1.151897,0.533,1.316,-1.475,-0.003358,0.016649,1.151897,0.533,1.316,-1.475
1761141978.648082,0,-0.003353,0.016645,1.151687,0.487,1.416,-1.472,-0.003353,0.016645,1.151687,0.487,1.416,-1.472
1761141978.728792,0,-0.003374,0.016651,1.151746,0.485,1.475,-1.480,-0.003374,0.016651,1.151746,0.485,1.475,-1.480
1761141978.824370,0,-0.003370,0.016661,1.152346,0.614,1.091,-1.467,-0.003370,0.016661,1.152346,0.614,1.091,-1.467
1761141978.903137,0,-0.003356,0.016674,1.152405,0.738,1.003,-1.462,-0.003356,0.016674,1.152405,0.738,1.003,-1.462
1761141978.983932,0,-0.003379,0.016665,1.152532,0.432,1.065,-1.465,-0.003379,0.016665,1.152532,0.432,1.065,-1.465
1761141979.066246,0,-0.003383,0.016674,1.152302,0.422,1.207,-1.461,-0.003383,0.016674,1.152302,0.422,1.207,-1.461
1761141979.144459,0,-0.003380,0.016664,1.152187,0.278,1.289,-1.466,-0.003380,0.016664,1.152187,0.278,1.289,-1.466
1761141979.227918,0,-0.003374,0.016653,1.152173,0.245,1.206,-1.467,-0.003374,0.016653,1.152173,0.245,1.206,-1.467
1761141979.311292,0,-0.003385,0.016656,1.152143,0.236,1.330,-1.467,-0.003385,0.016656,1.152143,0.236,1.330,-1.467
1761141979.390463,0,-0.003392,0.016659,1.152207,0.194,1.292,-1.464,-0.003392,0.016659,1.152207,0.194,1.292,-1.464
1761141979.470961,0,-0.003406,0.016670,1.152152,0.210,1.399,-1.451,-0.003406,0.016670,1.152152,0.210,1.399,-1.451
1761141979.552052,0,-0.003400,0.016695,1.152062,0.375,1.328,-1.456,-0.003400,0.016695,1.152062,0.375,1.328,-1.456
1761141979.634499,0,-0.003389,0.016653,1.152071,0.119,1.337,-1.462,-0.003389,0.016653,1.152071,0.119,1.337,-1.462
1761141979.710172,0,-0.003411,0.016661,1.152098,0.160,1.471,-1.460,-0.003411,0.016661,1.152098,0.160,1.471,-1.460
1761141979.786619,0,-0.003417,0.016681,1.152218,0.258,1.446,-1.449,-0.003417,0.016681,1.152218,0.258,1.446,-1.449
1761141979.883871,0,-0.003410,0.016717,1.150050,-0.135,1.524,-1.454,-0.003410,0.016717,1.150050,-0.135,1.524,-1.454
1761141979.977137,0,-0.003414,0.016650,1.152035,0.086,1.427,-1.457,-0.003414,0.016650,1.152035,0.086,1.427,-1.457
1761141980.070355,0,-0.003431,0.016669,1.152747,0.396,1.458,-1.440,-0.003431,0.016669,1.152747,0.396,1.458,-1.440
1761141980.158934,0,-0.003455,0.016672,1.156901,0.354,1.267,-1.427,-0.003455,0.016672,1.156901,0.354,1.267,-1.427
1761141980.237835,0,-0.003459,0.016688,1.156802,0.418,1.303,-1.420,-0.003459,0.016688,1.156802,0.418,1.303,-1.420
1761141980.316990,0,-0.003424,0.016743,1.151040,0.166,1.375,-1.432,-0.003424,0.016743,1.151040,0.166,1.375,-1.432
1761141980.391180,0,-0.003415,0.016739,1.149690,-0.028,1.416,-1.440,-0.003415,0.016739,1.149690,-0.028,1.416,-1.440
1761141980.461344,0,-0.003443,0.016703,1.151459,0.140,1.458,-1.433,-0.003443,0.016703,1.151459,0.140,1.458,-1.433
1761141980.532706,0,-0.003422,0.016718,1.151419,0.206,1.386,-1.433,-0.003422,0.016718,1.151419,0.206,1.386,-1.433
1761141980.608793,0,-0.003422,0.016728,1.151425,0.247,1.406,-1.434,-0.003422,0.016728,1.151425,0.247,1.406,-1.434
1761141980.685827,0,-0.003425,0.016725,1.151427,0.174,1.423,-1.422,-0.003425,0.016725,1.151427,0.174,1.423,-1.422
1761141980.757093,0,-0.003449,0.017049,1.151573,-0.429,1.367,-1.311,-0.003449,0.017049,1.151573,-0.429,1.367,-1.311
1761141980.828799,0,-0.003405,0.017062,1.151428,-0.449,1.829,-1.315,-0.003405,0.017062,1.151428,-0.449,1.829,-1.315
1761141980.908230,0,-0.003333,0.017128,1.152045,-0.361,1.819,-1.276,-0.003333,0.017128,1.152045,-0.361,1.819,-1.276
1761141980.981495,0,-0.003332,0.017092,1.151736,-0.318,2.101,-1.286,-0.003332,0.017092,1.151736,-0.318,2.101,-1.286
1761141981.057686,0,-0.003303,0.017103,1.151848,-0.273,1.967,-1.276,-0.003303,0.017103,1.151848,-0.273,1.967,-1.276
1761141981.132851,0,-0.003315,0.017095,1.151752,-0.326,2.026,-1.280,-0.003315,0.017095,1.151752,-0.326,2.026,-1.280
1761141981.198133,0,-0.003305,0.017097,1.151735,-0.222,2.056,-1.277,-0.003305,0.017097,1.151735,-0.222,2.056,-1.277
1761141981.270764,0,-0.003325,0.017108,1.151749,-0.266,2.147,-1.279,-0.003325,0.017108,1.151749,-0.266,2.147,-1.279
1761141981.341087,0,-0.003327,0.017085,1.151659,-0.304,2.140,-1.276,-0.003327,0.017085,1.151659,-0.304,2.140,-1.276
1761141981.411947,0,-0.003310,0.017085,1.151605,-0.274,2.111,-1.277,-0.003310,0.017085,1.151605,-0.274,2.111,-1.277
1761141981.478142,0,-0.003334,0.017070,1.151623,-0.385,2.150,-1.288,-0.003334,0.017070,1.151623,-0.385,2.150,-1.288
1761141981.554299,0,-0.003310,0.017094,1.151589,-0.232,2.098,-1.276,-0.003310,0.017094,1.151589,-0.232,2.098,-1.276
1761141981.625400,0,-0.003336,0.017065,1.151679,-0.395,2.045,-1.294,-0.003336,0.017065,1.151679,-0.395,2.045,-1.294
1761141981.699353,0,-0.003261,0.017112,1.152104,-0.962,2.176,-1.252,-0.003261,0.017112,1.152104,-0.962,2.176,-1.252
1761141981.771000,0,-0.003251,0.017114,1.152575,-0.982,2.058,-1.245,-0.003251,0.017114,1.152575,-0.982,2.058,-1.245
1761141981.844318,0,-0.003225,0.017116,1.152595,-0.982,1.922,-1.239,-0.003225,0.017116,1.152595,-0.982,1.922,-1.239
1761141982.585089,0,-0.003031,0.016751,1.154333,-0.421,0.917,-1.215,-0.003031,0.016751,1.154333,-0.421,0.917,-1.215
1761141982.665431,0,-0.003103,0.016709,1.154103,-0.717,1.245,-1.204,-0.003103,0.016709,1.154103,-0.717,1.245,-1.204
1761141982.741691,0,-0.003126,0.016704,1.154091,-0.629,1.369,-1.200,-0.003126,0.016704,1.154091,-0.629,1.369,-1.200
1761141982.821087,0,-0.003253,0.016729,1.154111,-0.808,1.400,-1.149,-0.003253,0.016729,1.154111,-0.808,1.400,-1.149
1761141982.896620,0,-0.003375,0.016715,1.151014,-0.635,1.350,-1.091,-0.003375,0.016715,1.151014,-0.635,1.350,-1.091
1761141982.973957,0,-0.003370,0.016465,1.153061,-0.326,1.351,-1.110,-0.003370,0.016465,1.153061,-0.326,1.351,-1.110
1761141983.052574,0,-0.003387,0.016275,1.156053,-0.263,1.467,-1.128,-0.003387,0.016275,1.156053,-0.263,1.467,-1.128
1761141983.131751,0,-0.003363,0.016257,1.162571,0.050,1.174,-1.120,-0.003363,0.016257,1.162571,0.050,1.174,-1.120
1761141983.209373,0,-0.003325,0.016205,1.165483,0.098,1.080,-1.132,-0.003325,0.016205,1.165483,0.098,1.080,-1.132
1761141983.286666,0,-0.003261,0.015811,1.155879,0.071,1.243,-1.146,-0.003261,0.015811,1.155879,0.071,1.243,-1.146
1761141983.365578,0,-0.003126,0.015045,1.152102,0.180,1.280,-1.161,-0.003126,0.015045,1.152102,0.180,1.280,-1.161
1761141983.446166,0,-0.003062,0.014514,1.149112,0.739,1.444,-1.202,-0.003062,0.014514,1.149112,0.739,1.444,-1.202
1761141983.519507,0,-0.002996,0.014057,1.152182,0.873,1.242,-1.261,-0.002996,0.014057,1.152182,0.873,1.242,-1.261
1761141983.598484,0,-0.002928,0.013762,1.152130,0.905,1.189,-1.289,-0.002928,0.013762,1.152130,0.905,1.189,-1.289
1761141983.675370,0,-0.002897,0.013402,1.151741,0.943,1.322,-1.313,-0.002897,0.013402,1.151741,0.943,1.322,-1.313
1761141983.752517,0,-0.002873,0.013169,1.151885,0.935,1.269,-1.322,-0.002873,0.013169,1.151885,0.935,1.269,-1.322
1761141983.840322,0,-0.002818,0.012948,1.151048,1.203,1.091,-1.298,-0.002818,0.012948,1.151048,1.203,1.091,-1.298
1761141983.918359,0,-0.002753,0.012558,1.150789,1.412,0.887,-1.268,-0.002753,0.012558,1.150789,1.412,0.887,-1.268
1761141983.997434,0,-0.002775,0.012282,1.151238,1.425,1.118,-1.298,-0.002775,0.012282,1.151238,1.425,1.118,-1.298
1761141984.083146,0,-0.002676,0.011858,1.151640,1.137,1.004,-1.326,-0.002676,0.011858,1.151640,1.137,1.004,-1.326
1761141984.164884,0,-0.002654,0.011377,1.152071,0.968,1.187,-1.348,-0.002654,0.011377,1.152071,0.968,1.187,-1.348
1761141984.249786,0,-0.002678,0.011104,1.151675,1.187,1.305,-1.310,-0.002678,0.011104,1.151675,1.187,1.305,-1.310
1761141984.331687,0,-0.002670,0.011075,1.151825,0.998,1.251,-1.311,-0.002670,0.011075,1.151825,0.998,1.251,-1.311
1761141984.410905,0,-0.002654,0.011072,1.151760,1.143,1.133,-1.307,-0.002654,0.011072,1.151760,1.143,1.133,-1.307
1761141984.493950,0,-0.002670,0.011004,1.151891,1.169,1.296,-1.308,-0.002670,0.011004,1.151891,1.169,1.296,-1.308
1761141984.571807,0,-0.002658,0.010997,1.151834,1.178,1.244,-1.312,-0.002658,0.010997,1.151834,1.178,1.244,-1.312
1761141984.656900,0,-0.002628,0.010747,1.151835,1.051,1.108,-1.309,-0.002628,0.010747,1.151835,1.051,1.108,-1.309
1761141984.736898,0,-0.002629,0.010485,1.151902,1.197,1.195,-1.306,-0.002629,0.010485,1.151902,1.197,1.195,-1.306
1761141984.813185,0,-0.002668,0.009864,1.151993,1.036,1.337,-1.316,-0.002668,0.009864,1.151993,1.036,1.337,-1.316
1761141984.897624,0,-0.002656,0.009466,1.152022,1.141,1.279,-1.312,-0.002656,0.009466,1.152022,1.141,1.279,-1.312
1761141984.973558,0,-0.002652,0.009240,1.151871,1.303,1.198,-1.308,-0.002652,0.009240,1.151871,1.303,1.198,-1.308
1761141985.051700,0,-0.002674,0.008965,1.151923,1.320,1.217,-1.304,-0.002674,0.008965,1.151923,1.320,1.217,-1.304
1761141985.131306,0,-0.002700,0.008422,1.151811,1.486,1.286,-1.297,-0.002700,0.008422,1.151811,1.486,1.286,-1.297
1761141985.225439,0,-0.002701,0.007976,1.151526,1.427,1.087,-1.271,-0.002701,0.007976,1.151526,1.427,1.087,-1.271
1761141985.375529,0,-0.002792,0.007482,1.151227,1.756,1.141,-1.237,-0.002792,0.007482,1.151227,1.756,1.141,-1.237
1761141985.481601,0,-0.002930,0.006603,1.151022,1.866,0.925,-1.173,-0.002930,0.006603,1.151022,1.866,0.925,-1.173
1761141985.585260,0,-0.003031,0.006199,1.150825,2.017,0.964,-1.192,-0.003031,0.006199,1.150825,2.017,0.964,-1.192
1761141985.669908,0,-0.003211,0.005276,1.150494,2.117,0.785,-1.145,-0.003211,0.005276,1.150494,2.117,0.785,-1.145
1761141985.762419,0,-0.003309,0.004721,1.150296,2.227,0.473,-1.084,-0.003309,0.004721,1.150296,2.227,0.473,-1.084
1761141985.844326,0,-0.003453,0.004027,1.149806,2.006,0.637,-1.038,-0.003453,0.004027,1.149806,2.006,0.637,-1.038
1761141985.929899,0,-0.003486,0.003584,1.149523,2.433,0.334,-1.082,-0.003486,0.003584,1.149523,2.433,0.334,-1.082
1761141986.010331,0,-0.003493,0.003169,1.149468,2.622,-0.042,-1.113,-0.003493,0.003169,1.149468,2.622,-0.042,-1.113
1761141986.086902,0,-0.003482,0.003088,1.149422,2.638,-0.082,-1.107,-0.003482,0.003088,1.149422,2.638,-0.082,-1.107
1761141986.168504,0,-0.003468,0.002744,1.149438,2.620,0.263,-1.027,-0.003468,0.002744,1.149438,2.620,0.263,-1.027
1761141986.249830,0,-0.003484,0.002515,1.148810,2.547,0.227,-1.012,-0.003484,0.002515,1.148810,2.547,0.227,-1.012
1761141986.333255,0,-0.003795,0.001808,1.149363,2.032,0.490,-1.067,-0.003795,0.001808,1.149363,2.032,0.490,-1.067
1761141986.417480,0,-0.004315,0.000308,1.150203,1.696,0.864,-1.100,-0.004315,0.000308,1.150203,1.696,0.864,-1.100
1761141986.525456,0,-0.004364,-0.000114,1.151020,1.470,0.968,-1.142,-0.004364,-0.000114,1.151020,1.470,0.968,-1.142
1761141986.613943,0,-0.004341,-0.000451,1.151626,1.092,1.061,-1.148,-0.004341,-0.000451,1.151626,1.092,1.061,-1.148
1761141986.700027,0,-0.004344,-0.000798,1.152027,0.907,1.127,-1.100,-0.004344,-0.000798,1.152027,0.907,1.127,-1.100
1761141986.790412,0,-0.004364,-0.001041,1.152234,0.882,1.190,-1.097,-0.004364,-0.001041,1.152234,0.882,1.190,-1.097
1761141986.880702,0,-0.004429,-0.001071,1.152385,0.779,1.268,-1.093,-0.004429,-0.001071,1.152385,0.779,1.268,-1.093
1761141986.963725,0,-0.004463,-0.001398,1.153440,-0.068,1.397,-1.075,-0.004463,-0.001398,1.153440,-0.068,1.397,-1.075
1761141987.049314,0,-0.004449,-0.001414,1.154100,-0.264,1.282,-1.069,-0.004449,-0.001414,1.154100,-0.264,1.282,-1.069
1761141987.131691,0,-0.004465,-0.001432,1.154180,-0.368,1.344,-1.067,-0.004465,-0.001432,1.154180,-0.368,1.344,-1.067
1761141987.225489,0,-0.004475,-0.001436,1.154209,-0.414,1.366,-1.070,-0.004475,-0.001436,1.154209,-0.414,1.366,-1.070
1761141987.318008,0,-0.004307,-0.001171,1.154306,-0.836,1.441,-1.072,-0.004307,-0.001171,1.154306,-0.836,1.441,-1.072
1761141987.411195,0,-0.004265,-0.001030,1.154622,-0.923,1.535,-1.074,-0.004265,-0.001030,1.154622,-0.923,1.535,-1.074
1761141987.492943,0,-0.004205,-0.000711,1.154572,-1.054,1.501,-1.104,-0.004205,-0.000711,1.154572,-1.054,1.501,-1.104
1761141987.581440,0,-0.004220,-0.000679,1.154631,-0.963,1.591,-1.099,-0.004220,-0.000679,1.154631,-0.963,1.591,-1.099
1761141987.661135,0,-0.004226,-0.000646,1.154532,-1.195,1.651,-1.088,-0.004226,-0.000646,1.154532,-1.195,1.651,-1.088
1761141987.741582,0,-0.004223,-0.000354,1.154428,-1.074,1.650,-1.047,-0.004223,-0.000354,1.154428,-1.074,1.650,-1.047
1761141987.824338,0,-0.004212,-0.000335,1.154396,-0.931,1.560,-1.049,-0.004212,-0.000335,1.154396,-0.931,1.560,-1.049
1761141987.906066,0,-0.004261,-0.000115,1.154206,-0.863,1.703,-1.047,-0.004261,-0.000115,1.154206,-0.863,1.703,-1.047
1761141987.984529,0,-0.004240,-0.000093,1.154315,-0.979,1.534,-1.051,-0.004240,-0.000093,1.154315,-0.979,1.534,-1.051
1761141988.062118,0,-0.004239,-0.000095,1.154178,-0.999,1.641,-1.056,-0.004239,-0.000095,1.154178,-0.999,1.641,-1.056
1761141988.144590,0,-0.004256,-0.000029,1.154175,-0.991,1.683,-1.043,-0.004256,-0.000029,1.154175,-0.991,1.683,-1.043
1761141988.228901,0,-0.004244,0.000013,1.154342,-0.720,1.503,-1.037,-0.004244,0.000013,1.154342,-0.720,1.503,-1.037
1761141988.307256,0,-0.004254,0.000085,1.154299,-0.804,1.549,-1.069,-0.004254,0.000085,1.154299,-0.804,1.549,-1.069
1761141988.385749,0,-0.004459,0.000343,1.154165,-0.880,1.623,-1.092,-0.004459,0.000343,1.154165,-0.880,1.623,-1.092
1761141988.467285,0,-0.004702,0.000560,1.154286,-0.940,1.668,-1.114,-0.004702,0.000560,1.154286,-0.940,1.668,-1.114
1761141988.548483,0,-0.005120,0.000784,1.154229,-0.925,1.765,-1.130,-0.005120,0.000784,1.154229,-0.925,1.765,-1.130
1761141988.633862,0,-0.005167,0.000809,1.154305,-0.999,1.684,-1.127,-0.005167,0.000809,1.154305,-0.999,1.684,-1.127
1761141988.718148,0,-0.005154,0.000840,1.154356,-0.740,1.608,-1.127,-0.005154,0.000840,1.154356,-0.740,1.608,-1.127
1761141988.802059,0,-0.005231,0.000851,1.154392,-0.809,1.490,-1.131,-0.005231,0.000851,1.154392,-0.809,1.490,-1.131
1761141988.892199,0,-0.005230,0.000853,1.154349,-0.769,1.523,-1.124,-0.005230,0.000853,1.154349,-0.769,1.523,-1.124
1761141988.972270,0,-0.005237,0.000861,1.154340,-0.798,1.520,-1.125,-0.005237,0.000861,1.154340,-0.798,1.520,-1.125
1761141989.057575,0,-0.005227,0.000834,1.154248,-0.913,1.567,-1.128,-0.005227,0.000834,1.154248,-0.913,1.567,-1.128
1761141989.137141,0,-0.005223,0.000834,1.154344,-0.960,1.496,-1.137,-0.005223,0.000834,1.154344,-0.960,1.496,-1.137
1761141989.215203,0,-0.004938,0.000816,1.154254,-0.999,1.791,-1.145,-0.004938,0.000816,1.154254,-0.999,1.791,-1.145
1761141989.293185,0,-0.004363,0.000827,1.154131,-0.971,1.977,-1.164,-0.004363,0.000827,1.154131,-0.971,1.977,-1.164
1761141989.368345,0,-0.003894,0.000732,1.154008,-1.088,1.942,-1.164,-0.003894,0.000732,1.154008,-1.088,1.942,-1.164
1761141989.448816,0,-0.003673,0.000663,1.153974,-0.864,1.937,-1.158,-0.003673,0.000663,1.153974,-0.864,1.937,-1.158
1761141989.531650,0,-0.003391,0.000585,1.153827,-0.907,2.096,-1.161,-0.003391,0.000585,1.153827,-0.907,2.096,-1.161
1761141989.607921,0,-0.003215,0.000573,1.153881,-0.932,2.032,-1.156,-0.003215,0.000573,1.153881,-0.932,2.032,-1.156
1761141989.693513,0,-0.003232,0.000565,1.153867,-0.992,2.103,-1.159,-0.003232,0.000565,1.153867,-0.992,2.103,-1.159
1761141989.775663,0,-0.002931,0.000463,1.153948,-1.001,2.060,-1.156,-0.002931,0.000463,1.153948,-1.001,2.060,-1.156
1761141989.859948,0,-0.002817,0.000460,1.153978,-0.692,1.813,-1.137,-0.002817,0.000460,1.153978,-0.692,1.813,-1.137
1761141989.941851,0,-0.002735,0.000269,1.154073,-0.905,1.798,-1.151,-0.002735,0.000269,1.154073,-0.905,1.798,-1.151
1761141990.019377,0,-0.002568,-0.000042,1.154145,-0.711,1.713,-1.127,-0.002568,-0.000042,1.154145,-0.711,1.713,-1.127
1761141990.102134,0,-0.002529,-0.000192,1.154082,-0.832,1.812,-1.130,-0.002529,-0.000192,1.154082,-0.832,1.812,-1.130
1761141990.177524,0,-0.002489,-0.000262,1.154101,-0.801,1.783,-1.132,-0.002489,-0.000262,1.154101,-0.801,1.783,-1.132
1761141990.258152,0,-0.002445,-0.000457,1.154161,-0.891,1.810,-1.123,-0.002445,-0.000457,1.154161,-0.891,1.810,-1.123
1761141990.339621,0,-0.002325,-0.000784,1.154146,-0.853,1.726,-1.105,-0.002325,-0.000784,1.154146,-0.853,1.726,-1.105
1761141990.417605,0,-0.002242,-0.000901,1.154243,-0.779,1.589,-1.106,-0.002242,-0.000901,1.154243,-0.779,1.589,-1.106
1761141990.501794,0,-0.002108,-0.001226,1.154195,-0.854,1.838,-1.118,-0.002108,-0.001226,1.154195,-0.854,1.838,-1.118
1761141990.593973,0,-0.002076,-0.001237,1.154225,-0.849,1.661,-1.109,-0.002076,-0.001237,1.154225,-0.849,1.661,-1.109
1761141990.700679,0,-0.002030,-0.001327,1.154221,-1.028,1.686,-1.127,-0.002030,-0.001327,1.154221,-1.028,1.686,-1.127
1761141990.795484,0,-0.001953,-0.001409,1.154316,-1.078,1.779,-1.139,-0.001953,-0.001409,1.154316,-1.078,1.779,-1.139
1761141990.896746,0,-0.001692,-0.001691,1.154092,-0.987,2.059,-1.152,-0.001692,-0.001691,1.154092,-0.987,2.059,-1.152
1761141990.995694,0,-0.001406,-0.001940,1.154154,-0.971,1.892,-1.182,-0.001406,-0.001940,1.154154,-0.971,1.892,-1.182
1761141991.080334,0,-0.001391,-0.001971,1.154150,-1.047,1.897,-1.167,-0.001391,-0.001971,1.154150,-1.047,1.897,-1.167
1761141991.165428,0,-0.001250,-0.002110,1.153960,-0.921,1.926,-1.160,-0.001250,-0.002110,1.153960,-0.921,1.926,-1.160
1761141991.248832,0,-0.001163,-0.002206,1.154057,-0.800,2.009,-1.153,-0.001163,-0.002206,1.154057,-0.800,2.009,-1.153
1761141991.327291,0,-0.000834,-0.002508,1.154030,-0.708,1.849,-1.120,-0.000834,-0.002508,1.154030,-0.708,1.849,-1.120
1761141991.406629,0,-0.000777,-0.002555,1.154043,-0.741,1.834,-1.126,-0.000777,-0.002555,1.154043,-0.741,1.834,-1.126
1761141991.495760,0,-0.000650,-0.002681,1.153996,-0.865,1.910,-1.142,-0.000650,-0.002681,1.153996,-0.865,1.910,-1.142
1761141991.587652,0,-0.000604,-0.002734,1.154137,-0.933,1.976,-1.145,-0.000604,-0.002734,1.154137,-0.933,1.976,-1.145
1761141991.677324,0,-0.000590,-0.002712,1.154234,-0.841,1.884,-1.136,-0.000590,-0.002712,1.154234,-0.841,1.884,-1.136
1761141991.769991,0,-0.000592,-0.002723,1.154113,-0.934,1.929,-1.147,-0.000592,-0.002723,1.154113,-0.934,1.929,-1.147
1761141991.854090,0,-0.000543,-0.002764,1.154243,-0.858,1.889,-1.141,-0.000543,-0.002764,1.154243,-0.858,1.889,-1.141
1761141991.937006,0,-0.000538,-0.002778,1.154038,-0.953,1.908,-1.142,-0.000538,-0.002778,1.154038,-0.953,1.908,-1.142
1761141992.026780,0,-0.000559,-0.002793,1.154097,-1.027,2.012,-1.148,-0.000559,-0.002793,1.154097,-1.027,2.012,-1.148
1761141992.108352,0,-0.000338,-0.002994,1.154028,-0.729,1.798,-1.144,-0.000338,-0.002994,1.154028,-0.729,1.798,-1.144
1761141992.196837,0,-0.000329,-0.003013,1.154192,-0.823,1.696,-1.143,-0.000329,-0.003013,1.154192,-0.823,1.696,-1.143
1761141992.275403,0,-0.000268,-0.003127,1.154219,-0.815,1.787,-1.162,-0.000268,-0.003127,1.154219,-0.815,1.787,-1.162
1761141992.354809,0,-0.000183,-0.003231,1.154169,-0.639,1.725,-1.151,-0.000183,-0.003231,1.154169,-0.639,1.725,-1.151
1761141992.433628,0,-0.000175,-0.003272,1.154069,-0.780,1.695,-1.150,-0.000175,-0.003272,1.154069,-0.780,1.695,-1.150
1761141992.512455,0,-0.000199,-0.003266,1.154088,-0.724,1.768,-1.157,-0.000199,-0.003266,1.154088,-0.724,1.768,-1.157
1761141992.596713,0,-0.000183,-0.003274,1.154154,-0.830,1.737,-1.149,-0.000183,-0.003274,1.154154,-0.830,1.737,-1.149
1761141992.681683,0,-0.000196,-0.003288,1.156661,-0.446,1.645,-1.147,-0.000196,-0.003288,1.156661,-0.446,1.645,-1.147
1761141992.759959,0,-0.000228,-0.003264,1.167396,-0.434,1.584,-1.146,-0.000228,-0.003264,1.167396,-0.434,1.584,-1.146
1761141992.837586,0,-0.000197,-0.003296,1.155641,-0.830,1.774,-1.151,-0.000197,-0.003296,1.155641,-0.830,1.774,-1.151
1761141992.914670,0,-0.000190,-0.003225,1.151999,-0.874,1.976,-1.156,-0.000190,-0.003225,1.151999,-0.874,1.976,-1.156
1761141992.990465,0,-0.000209,-0.003308,1.156495,-0.711,1.627,-1.156,-0.000209,-0.003308,1.156495,-0.711,1.627,-1.156
1761141993.074148,0,-0.000209,-0.003313,1.156633,-0.855,1.675,-1.147,-0.000209,-0.003313,1.156633,-0.855,1.675,-1.147
1761141993.148497,0,-0.000294,-0.003329,1.156662,-0.774,1.668,-1.158,-0.000294,-0.003329,1.156662,-0.774,1.668,-1.158
1761141993.235189,0,-0.000359,-0.003378,1.156818,-0.967,1.672,-1.175,-0.000359,-0.003378,1.156818,-0.967,1.672,-1.175
1761141993.315420,0,-0.000380,-0.003377,1.156887,-0.911,1.679,-1.170,-0.000380,-0.003377,1.156887,-0.911,1.679,-1.170
1761141993.402445,0,-0.000552,-0.003588,1.156999,-0.898,1.672,-1.161,-0.000552,-0.003588,1.156999,-0.898,1.672,-1.161
1761141993.484742,0,-0.000585,-0.003733,1.156853,-0.734,1.623,-1.154,-0.000585,-0.003733,1.156853,-0.734,1.623,-1.154
1761141993.566030,0,-0.000603,-0.003739,1.156873,-0.776,1.636,-1.156,-0.000603,-0.003739,1.156873,-0.776,1.636,-1.156
1761141993.648220,0,-0.000589,-0.003741,1.156917,-0.877,1.583,-1.166,-0.000589,-0.003741,1.156917,-0.877,1.583,-1.166
1761141993.730817,0,-0.000663,-0.003795,1.156809,-0.812,1.659,-1.157,-0.000663,-0.003795,1.156809,-0.812,1.659,-1.157
1761141993.816260,0,-0.000677,-0.003795,1.156913,-0.837,1.738,-1.151,-0.000677,-0.003795,1.156913,-0.837,1.738,-1.151
1761141993.900063,0,-0.000688,-0.003830,1.156912,-0.863,1.701,-1.150,-0.000688,-0.003830,1.156912,-0.863,1.701,-1.150
1761141993.984371,0,-0.000738,-0.003964,1.156829,-0.932,1.766,-1.143,-0.000738,-0.003964,1.156829,-0.932,1.766,-1.143
1761141994.072756,0,-0.000709,-0.003939,1.156889,-0.756,1.624,-1.139,-0.000709,-0.003939,1.156889,-0.756,1.624,-1.139
1761141994.147152,0,-0.000764,-0.003754,1.156948,-0.945,1.602,-1.139,-0.000764,-0.003754,1.156948,-0.945,1.602,-1.139
1761141994.221913,0,-0.000777,-0.003546,1.156977,-1.070,1.587,-1.179,-0.000777,-0.003546,1.156977,-1.070,1.587,-1.179
1761141994.303609,0,-0.000775,-0.003439,1.157073,-1.149,1.489,-1.192,-0.000775,-0.003439,1.157073,-1.149,1.489,-1.192
1761141994.385945,0,-0.000808,-0.003220,1.157109,-1.333,1.524,-1.223,-0.000808,-0.003220,1.157109,-1.333,1.524,-1.223
1761141994.465514,0,-0.000840,-0.003000,1.157097,-1.428,1.595,-1.246,-0.000840,-0.003000,1.157097,-1.428,1.595,-1.246
1761141994.547295,0,-0.000818,-0.002997,1.157196,-1.383,1.472,-1.244,-0.000818,-0.002997,1.157196,-1.383,1.472,-1.244
1761141994.624687,0,-0.000839,-0.003008,1.157122,-1.478,1.643,-1.255,-0.000839,-0.003008,1.157122,-1.478,1.643,-1.255
1761141994.706325,0,-0.000825,-0.003007,1.157200,-1.488,1.544,-1.251,-0.000825,-0.003007,1.157200,-1.488,1.544,-1.251
1761141994.787495,0,-0.000847,-0.002993,1.157038,-1.507,1.655,-1.263,-0.000847,-0.002993,1.157038,-1.507,1.655,-1.263
1761141994.868902,0,-0.000841,-0.002978,1.157126,-1.417,1.579,-1.259,-0.000841,-0.002978,1.157126,-1.417,1.579,-1.259
1761141994.960929,0,-0.000845,-0.002968,1.157211,-1.410,1.593,-1.259,-0.000845,-0.002968,1.157211,-1.410,1.593,-1.259
1761141995.042682,0,-0.000852,-0.003001,1.157051,-1.515,1.676,-1.268,-0.000852,-0.003001,1.157051,-1.515,1.676,-1.268
1761141995.129689,0,-0.000843,-0.002979,1.157193,-1.438,1.555,-1.264,-0.000843,-0.002979,1.157193,-1.438,1.555,-1.264
1761141995.211828,0,-0.000894,-0.002952,1.157220,-1.386,1.583,-1.266,-0.000894,-0.002952,1.157220,-1.386,1.583,-1.266
1761141995.291083,0,-0.001001,-0.002943,1.157061,-1.521,1.496,-1.267,-0.001001,-0.002943,1.157061,-1.521,1.496,-1.267
1761141995.369472,0,-0.001013,-0.002946,1.157127,-1.508,1.581,-1.266,-0.001013,-0.002946,1.157127,-1.508,1.581,-1.266
1761141995.447825,0,-0.001027,-0.002954,1.157102,-1.617,1.649,-1.278,-0.001027,-0.002954,1.157102,-1.617,1.649,-1.278
1761141995.540514,0,-0.001179,-0.002948,1.156970,-1.525,1.737,-1.262,-0.001179,-0.002948,1.156970,-1.525,1.737,-1.262
1761141995.619800,0,-0.001235,-0.002975,1.156772,-1.621,1.617,-1.252,-0.001235,-0.002975,1.156772,-1.621,1.617,-1.252
1761141995.696581,0,-0.001346,-0.002984,1.156380,-1.612,1.829,-1.261,-0.001346,-0.002984,1.156380,-1.612,1.829,-1.261
1761141995.783916,0,-0.001363,-0.003046,1.155966,-1.852,1.958,-1.278,-0.001363,-0.003046,1.155966,-1.852,1.958,-1.278
1761141995.863741,0,-0.001431,-0.003054,1.155750,-1.760,2.138,-1.270,-0.001431,-0.003054,1.155750,-1.760,2.138,-1.270
1761141995.956110,0,-0.001499,-0.003085,1.155558,-1.829,2.322,-1.288,-0.001499,-0.003085,1.155558,-1.829,2.322,-1.288
1761141996.057935,0,-0.001484,-0.003057,1.155622,-1.595,2.218,-1.283,-0.001484,-0.003057,1.155622,-1.595,2.218,-1.283
1761141996.152691,0,-0.001506,-0.003082,1.155661,-1.528,2.251,-1.282,-0.001506,-0.003082,1.155661,-1.528,2.251,-1.282
1761141996.245366,0,-0.001651,-0.003616,1.156500,-1.371,1.565,-1.249,-0.001651,-0.003616,1.156500,-1.371,1.565,-1.249
1761141996.349853,0,-0.001728,-0.004231,1.156835,-1.024,1.616,-1.233,-0.001728,-0.004231,1.156835,-1.024,1.616,-1.233
1761141996.430179,0,-0.001867,-0.005128,1.156783,-0.839,1.829,-1.159,-0.001867,-0.005128,1.156783,-0.839,1.829,-1.159
1761141996.513292,0,-0.001849,-0.005509,1.156628,-0.516,1.804,-1.146,-0.001849,-0.005509,1.156628,-0.516,1.804,-1.146
1761141996.605448,0,-0.001830,-0.005621,1.156499,-0.337,1.609,-1.149,-0.001830,-0.005621,1.156499,-0.337,1.609,-1.149
1761141996.688497,0,-0.001834,-0.005604,1.156356,-0.170,1.671,-1.152,-0.001834,-0.005604,1.156356,-0.170,1.671,-1.152
1761141996.769838,0,-0.001861,-0.005722,1.156521,-0.215,1.494,-1.168,-0.001861,-0.005722,1.156521,-0.215,1.494,-1.168
1761141996.849125,0,-0.001898,-0.005782,1.156409,-0.155,1.592,-1.180,-0.001898,-0.005782,1.156409,-0.155,1.592,-1.180
1761141996.926258,0,-0.001922,-0.005806,1.156385,-0.296,1.703,-1.185,-0.001922,-0.005806,1.156385,-0.296,1.703,-1.185
1761141997.019440,0,-0.001895,-0.005779,1.156395,-0.099,1.585,-1.177,-0.001895,-0.005779,1.156395,-0.099,1.585,-1.177
1761141997.106524,0,-0.001921,-0.005648,1.156324,-0.483,1.607,-1.185,-0.001921,-0.005648,1.156324,-0.483,1.607,-1.185
1761141997.191761,0,-0.001966,-0.005398,1.156630,-1.127,1.742,-1.198,-0.001966,-0.005398,1.156630,-1.127,1.742,-1.198
1761141997.272040,0,-0.001957,-0.005071,1.156642,-1.369,1.556,-1.224,-0.001957,-0.005071,1.156642,-1.369,1.556,-1.224
1761141997.351287,0,-0.001886,-0.004555,1.156779,-1.501,1.517,-1.274,-0.001886,-0.004555,1.156779,-1.501,1.517,-1.274
1761141997.438322,0,-0.001839,-0.004043,1.156984,-1.521,1.415,-1.293,-0.001839,-0.004043,1.156984,-1.521,1.415,-1.293
1761141997.511573,0,-0.001825,-0.003565,1.157154,-1.479,1.427,-1.278,-0.001825,-0.003565,1.157154,-1.479,1.427,-1.278
1761141997.594401,0,-0.001790,-0.003099,1.157059,-1.488,1.533,-1.274,-0.001790,-0.003099,1.157059,-1.488,1.533,-1.274
1761141997.676745,0,-0.001771,-0.002979,1.157026,-1.540,1.559,-1.289,-0.001771,-0.002979,1.157026,-1.540,1.559,-1.289
1761141997.758376,0,-0.001778,-0.002995,1.157022,-1.664,1.576,-1.300,-0.001778,-0.002995,1.157022,-1.664,1.576,-1.300
1761141997.857332,0,-0.001744,-0.002899,1.157024,-1.626,1.512,-1.321,-0.001744,-0.002899,1.157024,-1.626,1.512,-1.321
1761141997.933666,0,-0.001654,-0.002508,1.156992,-1.680,1.478,-1.389,-0.001654,-0.002508,1.156992,-1.680,1.478,-1.389
1761141998.023988,0,-0.001666,-0.002476,1.157029,-1.610,1.519,-1.391,-0.001666,-0.002476,1.157029,-1.610,1.519,-1.391
1761141998.098156,0,-0.001670,-0.002415,1.157003,-1.666,1.626,-1.412,-0.001670,-0.002415,1.157003,-1.666,1.626,-1.412
1761141998.171405,0,-0.001667,-0.002406,1.156928,-1.767,1.600,-1.425,-0.001667,-0.002406,1.156928,-1.767,1.600,-1.425
1761141998.255545,0,-0.001675,-0.002427,1.156914,-1.804,1.585,-1.407,-0.001675,-0.002427,1.156914,-1.804,1.585,-1.407
1761141998.332887,0,-0.001664,-0.002412,1.157086,-1.787,1.508,-1.411,-0.001664,-0.002412,1.157086,-1.787,1.508,-1.411
1761141998.409100,0,-0.001647,-0.002324,1.156903,-1.824,1.505,-1.420,-0.001647,-0.002324,1.156903,-1.824,1.505,-1.420
1761141998.494814,0,-0.001651,-0.002303,1.157067,-1.812,1.437,-1.414,-0.001651,-0.002303,1.157067,-1.812,1.437,-1.414
1761141998.573661,0,-0.001682,-0.002260,1.156992,-1.708,1.590,-1.419,-0.001682,-0.002260,1.156992,-1.708,1.590,-1.419
1761141998.661972,0,-0.001683,-0.002255,1.156941,-1.814,1.599,-1.419,-0.001683,-0.002255,1.156941,-1.814,1.599,-1.419
1761141998.741452,0,-0.001721,-0.002065,1.156949,-1.683,1.397,-1.404,-0.001721,-0.002065,1.156949,-1.683,1.397,-1.404
1761141998.828251,0,-0.001720,-0.002078,1.157023,-1.841,1.393,-1.418,-0.001720,-0.002078,1.157023,-1.841,1.393,-1.418
1761141998.908564,0,-0.001746,-0.001977,1.156967,-1.724,1.448,-1.407,-0.001746,-0.001977,1.156967,-1.724,1.448,-1.407
1761141998.993176,0,-0.001774,-0.001733,1.156985,-1.708,1.435,-1.411,-0.001774,-0.001733,1.156985,-1.708,1.435,-1.411
1761141999.078500,0,-0.001785,-0.001487,1.157122,-1.627,1.411,-1.428,-0.001785,-0.001487,1.157122,-1.627,1.411,-1.428
1761141999.152249,0,-0.001821,-0.001446,1.157051,-1.666,1.541,-1.429,-0.001821,-0.001446,1.157051,-1.666,1.541,-1.429
1761141999.235651,0,-0.001862,-0.001326,1.156977,-1.718,1.469,-1.416,-0.001862,-0.001326,1.156977,-1.718,1.469,-1.416
1761141999.320941,0,-0.001859,-0.001293,1.157053,-1.569,1.514,-1.420,-0.001859,-0.001293,1.157053,-1.569,1.514,-1.420
1761141999.395688,0,-0.001860,-0.001332,1.157016,-1.764,1.490,-1.417,-0.001860,-0.001332,1.157016,-1.764,1.490,-1.417
1761141999.477967,0,-0.001860,-0.001320,1.157035,-1.771,1.483,-1.417,-0.001860,-0.001320,1.157035,-1.771,1.483,-1.417
1761141999.556902,0,-0.001868,-0.001299,1.157011,-1.664,1.477,-1.413,-0.001868,-0.001299,1.157011,-1.664,1.477,-1.413
1761141999.644912,0,-0.001874,-0.001287,1.157008,-1.687,1.570,-1.412,-0.001874,-0.001287,1.157008,-1.687,1.570,-1.412
1761141999.726150,0,-0.001862,-0.001261,1.157132,-1.683,1.441,-1.410,-0.001862,-0.001261,1.157132,-1.683,1.441,-1.410
1761141999.802450,0,-0.001861,-0.001240,1.157108,-1.545,1.377,-1.408,-0.001861,-0.001240,1.157108,-1.545,1.377,-1.408
1761141999.886779,0,-0.001869,-0.001248,1.157092,-1.671,1.470,-1.403,-0.001869,-0.001248,1.157092,-1.671,1.470,-1.403
1761141999.972323,0,-0.001860,-0.001222,1.156871,-1.658,1.531,-1.418,-0.001860,-0.001222,1.156871,-1.658,1.531,-1.418
1761142000.051491,0,-0.001868,-0.001082,1.156916,-1.744,1.535,-1.419,-0.001868,-0.001082,1.156916,-1.744,1.535,-1.419
1761142000.140729,0,-0.001885,-0.000691,1.157007,-1.586,1.530,-1.406,-0.001885,-0.000691,1.157007,-1.586,1.530,-1.406
1761142000.224140,0,-0.001885,-0.000616,1.157026,-1.727,1.572,-1.412,-0.001885,-0.000616,1.157026,-1.727,1.572,-1.412
1761142000.305936,0,-0.001870,-0.000616,1.156893,-1.727,1.591,-1.415,-0.001870,-0.000616,1.156893,-1.727,1.591,-1.415
1761142000.389303,0,-0.001846,-0.000610,1.156945,-1.721,1.440,-1.412,-0.001846,-0.000610,1.156945,-1.721,1.440,-1.412
1761142000.469605,0,-0.001883,-0.000589,1.156910,-1.818,1.618,-1.414,-0.001883,-0.000589,1.156910,-1.818,1.618,-1.414
1761142000.554397,0,-0.001886,-0.000564,1.156882,-1.835,1.644,-1.423,-0.001886,-0.000564,1.156882,-1.835,1.644,-1.423
1761142000.633738,0,-0.001890,-0.000477,1.156909,-1.749,1.678,-1.424,-0.001890,-0.000477,1.156909,-1.749,1.678,-1.424
1761142000.714065,0,-0.001892,-0.000414,1.156836,-1.638,1.666,-1.423,-0.001892,-0.000414,1.156836,-1.638,1.666,-1.423
1761142000.796912,0,-0.001904,-0.000267,1.156970,-1.372,1.747,-1.434,-0.001904,-0.000267,1.156970,-1.372,1.747,-1.434
1761142000.876859,0,-0.001911,-0.000221,1.157008,-1.489,1.509,-1.412,-0.001911,-0.000221,1.157008,-1.489,1.509,-1.412
1761142000.962510,0,-0.001913,-0.000228,1.156906,-1.575,1.421,-1.405,-0.001913,-0.000228,1.156906,-1.575,1.421,-1.405
1761142001.046239,0,-0.001923,-0.000250,1.156787,-1.850,1.405,-1.414,-0.001923,-0.000250,1.156787,-1.850,1.405,-1.414
1761142001.125572,0,-0.001970,-0.000184,1.157182,-1.304,1.517,-1.400,-0.001970,-0.000184,1.157182,-1.304,1.517,-1.400
1761142001.205271,0,-0.002335,-0.000067,1.157597,-0.294,2.309,-1.365,-0.002335,-0.000067,1.157597,-0.294,2.309,-1.365
1761142001.284686,0,-0.002342,0.000005,1.157702,-0.081,2.169,-1.359,-0.002342,0.000005,1.157702,-0.081,2.169,-1.359
1761142001.386539,0,-0.002356,0.000027,1.157667,-0.101,2.208,-1.370,-0.002356,0.000027,1.157667,-0.101,2.208,-1.370
1761142001.483293,0,-0.002361,0.000020,1.157743,-0.121,2.256,-1.371,-0.002361,0.000020,1.157743,-0.121,2.256,-1.371
1761142001.579104,0,-0.002457,-0.000003,1.157881,-0.014,2.438,-1.358,-0.002457,-0.000003,1.157881,-0.014,2.438,-1.358
1761142001.673489,0,-0.002672,0.000007,1.158058,0.747,2.830,-1.360,-0.002672,0.000007,1.158058,0.747,2.830,-1.360
1761142001.759895,0,-0.002670,-0.000003,1.157991,0.694,2.831,-1.370,-0.002670,-0.000003,1.157991,0.694,2.831,-1.370
1761142001.843300,0,-0.002655,0.000026,1.158089,0.952,2.741,-1.361,-0.002655,0.000026,1.158089,0.952,2.741,-1.361
1761142001.925621,0,-0.002651,0.000038,1.158139,0.921,2.749,-1.352,-0.002651,0.000038,1.158139,0.921,2.749,-1.352
1761142002.007050,0,-0.002772,0.000020,1.158169,0.862,2.871,-1.375,-0.002772,0.000020,1.158169,0.862,2.871,-1.375
1761142002.082351,0,-0.002839,0.000003,1.158213,0.755,2.656,-1.387,-0.002839,0.000003,1.158213,0.755,2.656,-1.387
1761142002.168322,0,-0.002819,0.000023,1.158288,0.844,2.562,-1.389,-0.002819,0.000023,1.158288,0.844,2.562,-1.389
1761142002.248394,0,-0.002815,0.000020,1.158303,0.849,2.499,-1.380,-0.002815,0.000020,1.158303,0.849,2.499,-1.380
1761142002.332212,0,-0.002814,0.000014,1.158278,0.779,2.470,-1.383,-0.002814,0.000014,1.158278,0.779,2.470,-1.383
1761142002.421582,0,-0.003057,0.000055,1.158564,1.027,2.647,-1.392,-0.003057,0.000055,1.158564,1.027,2.647,-1.392
1761142002.503228,0,-0.003419,0.000147,1.158719,1.112,2.859,-1.440,-0.003419,0.000147,1.158719,1.112,2.859,-1.440
1761142002.586545,0,-0.003698,0.000236,1.158769,1.073,2.648,-1.472,-0.003698,0.000236,1.158769,1.073,2.648,-1.472
1761142002.675690,0,-0.003775,0.000231,1.158650,0.902,2.941,-1.484,-0.003775,0.000231,1.158650,0.902,2.941,-1.484
1761142002.767692,0,-0.003775,0.000210,1.158672,0.864,2.870,-1.477,-0.003775,0.000210,1.158672,0.864,2.870,-1.477
1761142002.871322,0,-0.003754,0.000228,1.158687,0.866,2.836,-1.483,-0.003754,0.000228,1.158687,0.866,2.836,-1.483
1761142002.969255,0,-0.003315,0.000298,1.158267,0.301,1.976,-1.543,-0.003315,0.000298,1.158267,0.301,1.976,-1.543
1761142003.057510,0,-0.003150,0.000347,1.158153,0.199,1.736,-1.544,-0.003150,0.000347,1.158153,0.199,1.736,-1.544
1761142003.133415,0,-0.003147,0.000362,1.158104,0.191,1.756,-1.539,-0.003147,0.000362,1.158104,0.191,1.756,-1.539
1761142003.210342,0,-0.003154,0.000369,1.158039,0.234,1.739,-1.536,-0.003154,0.000369,1.158039,0.234,1.739,-1.536
1761142003.298523,0,-0.003040,0.000397,1.158233,-0.055,1.506,-1.539,-0.003040,0.000397,1.158233,-0.055,1.506,-1.539
1761142003.378318,0,-0.002949,0.000400,1.157951,-0.342,1.263,-1.544,-0.002949,0.000400,1.157951,-0.342,1.263,-1.544
1761142003.460625,0,-0.002962,0.000406,1.157969,-0.365,1.393,-1.552,-0.002962,0.000406,1.157969,-0.365,1.393,-1.552
1761142003.537431,0,-0.002855,0.000427,1.157418,-0.829,1.315,-1.562,-0.002855,0.000427,1.157418,-0.829,1.315,-1.562
1761142003.618574,0,-0.002859,0.000441,1.157338,-0.857,1.393,-1.551,-0.002859,0.000441,1.157338,-0.857,1.393,-1.551
1761142003.704533,0,-0.002762,0.000408,1.156871,-1.606,1.329,-1.561,-0.002762,0.000408,1.156871,-1.606,1.329,-1.561
1761142003.779185,0,-0.002740,0.000400,1.156870,-1.755,1.396,-1.566,-0.002740,0.000400,1.156870,-1.755,1.396,-1.566
1761142003.857122,0,-0.002584,0.000417,1.156778,-1.841,1.390,-1.573,-0.002584,0.000417,1.156778,-1.841,1.390,-1.573
1761142003.946184,0,-0.002586,0.000434,1.156737,-1.800,1.438,-1.569,-0.002586,0.000434,1.156737,-1.800,1.438,-1.569
1761142004.027570,0,-0.002565,0.000422,1.156839,-1.878,1.323,-1.566,-0.002565,0.000422,1.156839,-1.878,1.323,-1.566
1761142004.107041,0,-0.002591,0.000423,1.156725,-1.810,1.482,-1.569,-0.002591,0.000423,1.156725,-1.810,1.482,-1.569
1761142004.183246,0,-0.002574,0.000422,1.156808,-1.813,1.348,-1.566,-0.002574,0.000422,1.156808,-1.813,1.348,-1.566
1761142004.262363,0,-0.002568,0.000414,1.156818,-1.871,1.337,-1.568,-0.002568,0.000414,1.156818,-1.871,1.337,-1.568
1761142004.347390,0,-0.002573,0.000425,1.156778,-1.855,1.348,-1.567,-0.002573,0.000425,1.156778,-1.855,1.348,-1.567
1761142004.427340,0,-0.002571,0.000440,1.156843,-1.818,1.420,-1.571,-0.002571,0.000440,1.156843,-1.818,1.420,-1.571
1761142004.510803,0,-0.002499,0.000449,1.156699,-1.938,1.502,-1.580,-0.002499,0.000449,1.156699,-1.938,1.502,-1.580
1761142004.593707,0,-0.002387,0.000462,1.156747,-1.969,1.257,-1.569,-0.002387,0.000462,1.156747,-1.969,1.257,-1.569
1761142004.683969,0,-0.002404,0.000460,1.156737,-1.944,1.442,-1.576,-0.002404,0.000460,1.156737,-1.944,1.442,-1.576
1761142004.769145,0,-0.002392,0.000462,1.156758,-1.988,1.377,-1.575,-0.002392,0.000462,1.156758,-1.988,1.377,-1.575
1761142004.848319,0,-0.002253,0.000472,1.156767,-2.053,1.149,-1.580,-0.002253,0.000472,1.156767,-2.053,1.149,-1.580
1761142004.932315,0,-0.001935,0.000574,1.156643,-1.895,1.075,-1.586,-0.001935,0.000574,1.156643,-1.895,1.075,-1.586
1761142005.016306,0,-0.001927,0.000554,1.156585,-1.982,1.043,-1.586,-0.001927,0.000554,1.156585,-1.982,1.043,-1.586
1761142005.105765,0,-0.001909,0.000556,1.156563,-2.002,0.888,-1.590,-0.001909,0.000556,1.156563,-2.002,0.888,-1.590
1761142005.184283,0,-0.001863,0.000588,1.156334,-2.027,1.379,-1.621,-0.001863,0.000588,1.156334,-2.027,1.379,-1.621
1761142005.266148,0,-0.001864,0.000612,1.156462,-1.914,1.311,-1.620,-0.001864,0.000612,1.156462,-1.914,1.311,-1.620
1761142005.356162,0,-0.001849,0.000594,1.156435,-1.926,1.315,-1.615,-0.001849,0.000594,1.156435,-1.926,1.315,-1.615
1761142005.447119,0,-0.001504,0.000615,1.157032,-1.554,1.375,-1.619,-0.001504,0.000615,1.157032,-1.554,1.375,-1.619
1761142005.545973,0,-0.000884,0.000787,1.156802,-1.548,1.265,-1.643,-0.000884,0.000787,1.156802,-1.548,1.265,-1.643
1761142005.630972,0,-0.000853,0.000807,1.156840,-1.433,1.344,-1.636,-0.000853,0.000807,1.156840,-1.433,1.344,-1.636
1761142005.714645,0,-0.000670,0.000968,1.157150,-1.408,1.312,-1.652,-0.000670,0.000968,1.157150,-1.408,1.312,-1.652
1761142005.799930,0,-0.000598,0.001001,1.157128,-1.293,1.214,-1.647,-0.000598,0.001001,1.157128,-1.293,1.214,-1.647
1761142005.879422,0,-0.000582,0.001140,1.157230,-1.405,1.733,-1.650,-0.000582,0.001140,1.157230,-1.405,1.733,-1.650
1761142005.959684,0,-0.000444,0.001417,1.157106,-1.707,1.831,-1.587,-0.000444,0.001417,1.157106,-1.707,1.831,-1.587
1761142006.045701,0,-0.000394,0.001506,1.157222,-1.709,1.629,-1.559,-0.000394,0.001506,1.157222,-1.709,1.629,-1.559
1761142006.123901,0,-0.000399,0.001491,1.157241,-1.821,1.661,-1.565,-0.000399,0.001491,1.157241,-1.821,1.661,-1.565
1761142006.209739,0,-0.000387,0.001508,1.157151,-1.749,1.629,-1.562,-0.000387,0.001508,1.157151,-1.749,1.629,-1.562
1761142006.284146,0,-0.000407,0.001642,1.157225,-1.750,1.586,-1.581,-0.000407,0.001642,1.157225,-1.750,1.586,-1.581
1761142006.368963,0,-0.000404,0.001694,1.157231,-1.727,1.528,-1.577,-0.000404,0.001694,1.157231,-1.727,1.528,-1.577
1761142006.456455,0,-0.000454,0.001695,1.157051,-1.950,1.874,-1.603,-0.000454,0.001695,1.157051,-1.950,1.874,-1.603
1761142006.534636,0,-0.000380,0.001789,1.157147,-1.765,1.432,-1.592,-0.000380,0.001789,1.157147,-1.765,1.432,-1.592
1761142006.616013,0,-0.000391,0.001765,1.157146,-1.893,1.530,-1.592,-0.000391,0.001765,1.157146,-1.893,1.530,-1.592
1761142006.706733,0,-0.000402,0.001805,1.157086,-1.745,1.604,-1.600,-0.000402,0.001805,1.157086,-1.745,1.604,-1.600
1761142006.805707,0,-0.000424,0.001780,1.157124,-1.854,1.686,-1.603,-0.000424,0.001780,1.157124,-1.854,1.686,-1.603
1761142006.901642,0,-0.000732,0.002079,1.157694,-1.056,1.525,-1.550,-0.000732,0.002079,1.157694,-1.056,1.525,-1.550
1761142006.996339,0,-0.001036,0.002204,1.157331,-1.057,1.645,-1.488,-0.001036,0.002204,1.157331,-1.057,1.645,-1.488
1761142007.091305,0,-0.001067,0.002222,1.157470,-0.855,1.580,-1.479,-0.001067,0.002222,1.157470,-0.855,1.580,-1.479
1761142007.172266,0,-0.001131,0.002223,1.157321,-0.852,1.902,-1.476,-0.001131,0.002223,1.157321,-0.852,1.902,-1.476
1761142007.258339,0,-0.001120,0.002221,1.157230,-1.037,1.632,-1.472,-0.001120,0.002221,1.157230,-1.037,1.632,-1.472
1761142007.341418,0,-0.001145,0.002207,1.157235,-1.211,1.706,-1.474,-0.001145,0.002207,1.157235,-1.211,1.706,-1.474
1761142007.424340,0,-0.001277,0.002235,1.157162,-1.320,1.820,-1.439,-0.001277,0.002235,1.157162,-1.320,1.820,-1.439
1761142007.501099,0,-0.001245,0.002251,1.157282,-1.173,1.693,-1.431,-0.001245,0.002251,1.157282,-1.173,1.693,-1.431
1761142007.578069,0,-0.001244,0.002265,1.157455,-1.022,1.728,-1.444,-0.001244,0.002265,1.157455,-1.022,1.728,-1.444
1761142007.663372,0,-0.001204,0.002380,1.157921,0.054,1.961,-1.448,-0.001204,0.002380,1.157921,0.054,1.961,-1.448
1761142007.737638,0,-0.001209,0.002356,1.157936,-0.088,1.978,-1.460,-0.001209,0.002356,1.157936,-0.088,1.978,-1.460
1761142007.819972,0,-0.001121,0.002285,1.157602,-0.269,1.787,-1.490,-0.001121,0.002285,1.157602,-0.269,1.787,-1.490
1761142007.900779,0,-0.001054,0.002123,1.157137,-0.918,1.427,-1.526,-0.001054,0.002123,1.157137,-0.918,1.427,-1.526
1761142007.982162,0,-0.001113,0.001955,1.156565,-1.527,1.171,-1.501,-0.001113,0.001955,1.156565,-1.527,1.171,-1.501
1761142008.070979,0,-0.001116,0.001891,1.156723,-1.735,1.429,-1.499,-0.001116,0.001891,1.156723,-1.735,1.429,-1.499
1761142008.164592,0,-0.001103,0.001843,1.156647,-1.884,1.402,-1.516,-0.001103,0.001843,1.156647,-1.884,1.402,-1.516
1761142008.240823,0,-0.001093,0.001855,1.156695,-1.846,1.492,-1.516,-0.001093,0.001855,1.156695,-1.846,1.492,-1.516
1761142008.324059,0,-0.001097,0.001841,1.156685,-1.895,1.548,-1.514,-0.001097,0.001841,1.156685,-1.895,1.548,-1.514
1761142008.402743,0,-0.001074,0.001858,1.156797,-1.766,1.384,-1.505,-0.001074,0.001858,1.156797,-1.766,1.384,-1.505
1761142008.486894,0,-0.001083,0.001831,1.156762,-1.975,1.511,-1.519,-0.001083,0.001831,1.156762,-1.975,1.511,-1.519
1761142008.568400,0,-0.001077,0.001843,1.156752,-1.912,1.420,-1.510,-0.001077,0.001843,1.156752,-1.912,1.420,-1.510
1761142008.644344,0,-0.001063,0.001853,1.156783,-1.898,1.384,-1.504,-0.001063,0.001853,1.156783,-1.898,1.384,-1.504
1761142008.723930,0,-0.001084,0.001848,1.156773,-1.854,1.437,-1.508,-0.001084,0.001848,1.156773,-1.854,1.437,-1.508
1761142008.801754,0,-0.001096,0.001850,1.156819,-1.831,1.501,-1.517,-0.001096,0.001850,1.156819,-1.831,1.501,-1.517
1761142008.891750,0,-0.001071,0.001857,1.156861,-1.790,1.405,-1.506,-0.001071,0.001857,1.156861,-1.790,1.405,-1.506
1761142008.978459,0,-0.001101,0.001841,1.156822,-1.857,1.496,-1.512,-0.001101,0.001841,1.156822,-1.857,1.496,-1.512
1761142009.058698,0,-0.001094,0.001853,1.156769,-1.764,1.522,-1.516,-0.001094,0.001853,1.156769,-1.764,1.522,-1.516
1761142009.143805,0,-0.001215,0.001969,1.157913,-0.561,1.684,-1.481,-0.001215,0.001969,1.157913,-0.561,1.684,-1.481
1761142009.227680,0,-0.001169,0.001819,1.156729,-1.462,1.616,-1.515,-0.001169,0.001819,1.156729,-1.462,1.616,-1.515
1761142009.307791,0,-0.001156,0.001713,1.155978,-1.779,2.140,-1.573,-0.001156,0.001713,1.155978,-1.779,2.140,-1.573
1761142009.387518,0,-0.001048,0.001688,1.155376,-2.133,2.183,-1.587,-0.001048,0.001688,1.155376,-2.133,2.183,-1.587
1761142009.471637,0,-0.001107,0.001681,1.155197,-2.116,2.622,-1.607,-0.001107,0.001681,1.155197,-2.116,2.622,-1.607
1761142009.559510,0,-0.001069,0.001663,1.155350,-2.104,2.388,-1.594,-0.001069,0.001663,1.155350,-2.104,2.388,-1.594
1761142009.637273,0,-0.001089,0.001656,1.155347,-2.137,2.485,-1.598,-0.001089,0.001656,1.155347,-2.137,2.485,-1.598
1761142009.722910,0,-0.001099,0.001667,1.155300,-1.971,2.545,-1.603,-0.001099,0.001667,1.155300,-1.971,2.545,-1.603
1761142009.803606,0,-0.001108,0.001652,1.155354,-2.064,2.596,-1.601,-0.001108,0.001652,1.155354,-2.064,2.596,-1.601
1761142009.885049,0,-0.001105,0.001651,1.155343,-2.084,2.587,-1.607,-0.001105,0.001651,1.155343,-2.084,2.587,-1.607
1761142009.969007,0,-0.001119,0.001636,1.155152,-2.120,2.673,-1.612,-0.001119,0.001636,1.155152,-2.120,2.673,-1.612
1761142010.040265,0,-0.001136,0.001633,1.155176,-2.089,2.753,-1.617,-0.001136,0.001633,1.155176,-2.089,2.753,-1.617
1761142010.115527,0,-0.001125,0.001599,1.155224,-1.975,2.621,-1.625,-0.001125,0.001599,1.155224,-1.975,2.621,-1.625
1761142010.197386,0,-0.001102,0.001756,1.155562,-1.499,2.073,-1.565,-0.001102,0.001756,1.155562,-1.499,2.073,-1.565
1761142010.271615,0,-0.001129,0.001731,1.155280,-1.616,2.091,-1.568,-0.001129,0.001731,1.155280,-1.616,2.091,-1.568
1761142010.346729,0,-0.001103,0.001725,1.155280,-1.606,1.895,-1.567,-0.001103,0.001725,1.155280,-1.606,1.895,-1.567
1761142010.418404,0,-0.001123,0.001742,1.155271,-1.546,2.019,-1.565,-0.001123,0.001742,1.155271,-1.546,2.019,-1.565
1761142010.487721,0,-0.001138,0.001734,1.155261,-1.587,2.081,-1.584,-0.001138,0.001734,1.155261,-1.587,2.081,-1.584
1761142010.568519,0,-0.001131,0.001730,1.155317,-1.620,2.004,-1.573,-0.001131,0.001730,1.155317,-1.620,2.004,-1.573
1761142010.645738,0,-0.001092,0.001750,1.155335,-1.459,1.802,-1.564,-0.001092,0.001750,1.155335,-1.459,1.802,-1.564
1761142010.728799,0,-0.001102,0.001743,1.155094,-1.254,1.792,-1.571,-0.001102,0.001743,1.155094,-1.254,1.792,-1.571
1761142010.825516,0,-0.001143,0.001705,1.154866,-1.324,2.014,-1.589,-0.001143,0.001705,1.154866,-1.324,2.014,-1.589
1761142010.950195,0,-0.001164,0.001711,1.154772,-1.344,2.113,-1.596,-0.001164,0.001711,1.154772,-1.344,2.113,-1.596
1761142011.053740,0,-0.001170,0.001749,1.154796,-1.053,2.193,-1.590,-0.001170,0.001749,1.154796,-1.053,2.193,-1.590
1761142011.173531,0,-0.001133,0.001765,1.154824,-1.137,2.036,-1.574,-0.001133,0.001765,1.154824,-1.137,2.036,-1.574
1761142011.276793,0,-0.001171,0.001758,1.154542,-1.058,2.275,-1.580,-0.001171,0.001758,1.154542,-1.058,2.275,-1.580
1761142011.363634,0,-0.001174,0.001742,1.154349,-1.090,2.371,-1.584,-0.001174,0.001742,1.154349,-1.090,2.371,-1.584
1761142011.458274,0,-0.001177,0.001745,1.154452,-1.098,2.303,-1.591,-0.001177,0.001745,1.154452,-1.098,2.303,-1.591
1761142011.544958,0,-0.001151,0.001755,1.151849,-1.170,2.429,-1.582,-0.001151,0.001755,1.151849,-1.170,2.429,-1.582
1761142011.628296,0,-0.001125,0.001745,1.161263,-0.958,1.885,-1.575,-0.001125,0.001745,1.161263,-0.958,1.885,-1.575
1761142011.706365,0,-0.001168,0.001768,1.151844,-1.234,2.452,-1.587,-0.001168,0.001768,1.151844,-1.234,2.452,-1.587
1761142011.789996,0,-0.001194,0.001735,1.154246,-1.149,2.442,-1.594,-0.001194,0.001735,1.154246,-1.149,2.442,-1.594
1761142011.886555,0,-0.001208,0.001717,1.154164,-1.164,2.490,-1.595,-0.001208,0.001717,1.154164,-1.164,2.490,-1.595
1761142011.974634,0,-0.001188,0.001717,1.154211,-1.188,2.437,-1.602,-0.001188,0.001717,1.154211,-1.188,2.437,-1.602
1761142012.078747,0,-0.001178,0.001719,1.154124,-1.141,2.408,-1.594,-0.001178,0.001719,1.154124,-1.141,2.408,-1.594
1761142012.162336,0,-0.001181,0.001716,1.154218,-1.112,2.477,-1.596,-0.001181,0.001716,1.154218,-1.112,2.477,-1.596
1761142012.243919,0,-0.001190,0.001718,1.154155,-1.095,2.602,-1.595,-0.001190,0.001718,1.154155,-1.095,2.602,-1.595
1761142012.329267,0,-0.001164,0.001717,1.154129,-1.132,2.570,-1.598,-0.001164,0.001717,1.154129,-1.132,2.570,-1.598
1761142012.422977,0,-0.001164,0.001717,1.154234,-1.126,2.471,-1.588,-0.001164,0.001717,1.154234,-1.126,2.471,-1.588
1761142012.511664,0,-0.001146,0.001727,1.154315,-1.044,2.414,-1.583,-0.001146,0.001727,1.154315,-1.044,2.414,-1.583
1761142012.614556,0,-0.001140,0.001712,1.154271,-1.101,2.451,-1.584,-0.001140,0.001712,1.154271,-1.101,2.451,-1.584
1761142012.714287,0,-0.001151,0.001697,1.154232,-1.171,2.551,-1.599,-0.001151,0.001697,1.154232,-1.171,2.551,-1.599
1761142012.804215,0,-0.001193,0.001712,1.154418,-1.128,2.426,-1.594,-0.001193,0.001712,1.154418,-1.128,2.426,-1.594
1761142012.889818,0,-0.001126,0.001723,1.154252,-1.092,2.489,-1.593,-0.001126,0.001723,1.154252,-1.092,2.489,-1.593
1761142012.984189,0,-0.001146,0.001726,1.154338,-1.034,2.420,-1.587,-0.001146,0.001726,1.154338,-1.034,2.420,-1.587
1761142013.064414,0,-0.001187,0.001722,1.154195,-1.086,2.661,-1.596,-0.001187,0.001722,1.154195,-1.086,2.661,-1.596
1761142013.144280,0,-0.001156,0.001717,1.154151,-1.114,2.482,-1.597,-0.001156,0.001717,1.154151,-1.114,2.482,-1.597
1761142013.213105,0,-0.001163,0.001705,1.154024,-1.168,2.525,-1.596,-0.001163,0.001705,1.154024,-1.168,2.525,-1.596
1761142013.280697,0,-0.001141,0.001712,1.154234,-1.173,2.380,-1.592,-0.001141,0.001712,1.154234,-1.173,2.380,-1.592
1761142013.354222,0,-0.001146,0.001720,1.154100,-1.069,2.482,-1.590,-0.001146,0.001720,1.154100,-1.069,2.482,-1.590
1761142013.433521,0,-0.001139,0.001719,1.154095,-1.089,2.376,-1.585,-0.001139,0.001719,1.154095,-1.089,2.376,-1.585
1761142013.508826,0,-0.001159,0.001713,1.154060,-1.128,2.506,-1.584,-0.001159,0.001713,1.154060,-1.128,2.506,-1.584
1761142013.578491,0,-0.001143,0.001700,1.153893,-1.107,2.400,-1.590,-0.001143,0.001700,1.153893,-1.107,2.400,-1.590
1761142013.649859,0,-0.001142,0.001728,1.154035,-1.003,2.340,-1.580,-0.001142,0.001728,1.154035,-1.003,2.340,-1.580
1761142013.724680,0,-0.001155,0.001730,1.154038,-1.008,2.429,-1.581,-0.001155,0.001730,1.154038,-1.008,2.429,-1.581
1761142013.804401,0,-0.001084,0.001711,1.153238,-1.400,2.127,-1.588,-0.001084,0.001711,1.153238,-1.400,2.127,-1.588
1761142013.883121,0,-0.001148,0.001820,1.161981,-0.212,2.224,-1.567,-0.001148,0.001820,1.161981,-0.212,2.224,-1.567
1761142013.954699,0,-0.001151,0.001722,1.155822,-1.187,2.385,-1.591,-0.001151,0.001722,1.155822,-1.187,2.385,-1.591
1761142014.025360,0,-0.001103,0.001815,1.149392,-1.233,2.392,-1.583,-0.001103,0.001815,1.149392,-1.233,2.392,-1.583
1761142014.100533,0,-0.001083,0.001801,1.149541,-1.255,2.282,-1.578,-0.001083,0.001801,1.149541,-1.255,2.282,-1.578
1761142014.177190,0,-0.001118,0.001783,1.149382,-1.352,2.494,-1.594,-0.001118,0.001783,1.149382,-1.352,2.494,-1.594
1761142014.244361,0,-0.001118,0.001780,1.149402,-1.324,2.441,-1.582,-0.001118,0.001780,1.149402,-1.324,2.441,-1.582
1761142014.311129,0,-0.001095,0.001792,1.149403,-1.240,2.401,-1.590,-0.001095,0.001792,1.149403,-1.240,2.401,-1.590
1761142014.946975,0,-0.001113,0.001825,1.151032,-1.302,1.712,-1.549,-0.001113,0.001825,1.151032,-1.302,1.712,-1.549
1761142015.006665,0,-0.000997,0.001827,1.150236,-1.250,1.760,-1.575,-0.000997,0.001827,1.150236,-1.250,1.760,-1.575
1761142015.071888,0,-0.001137,0.001816,1.149815,-1.167,2.358,-1.584,-0.001137,0.001816,1.149815,-1.167,2.358,-1.584
1761142015.137130,0,-0.001076,0.001814,1.149960,-1.189,2.005,-1.575,-0.001076,0.001814,1.149960,-1.189,2.005,-1.575
1761142015.212921,0,-0.001127,0.001807,1.149860,-1.224,2.217,-1.575,-0.001127,0.001807,1.149860,-1.224,2.217,-1.575
1761142015.272079,0,-0.001140,0.001803,1.149677,-1.271,2.439,-1.592,-0.001140,0.001803,1.149677,-1.271,2.439,-1.592
1761142015.332775,0,-0.001115,0.001822,1.149902,-1.089,2.249,-1.570,-0.001115,0.001822,1.149902,-1.089,2.249,-1.570
1761142015.401974,0,-0.001141,0.001766,1.149835,-1.328,2.407,-1.588,-0.001141,0.001766,1.149835,-1.328,2.407,-1.588
1761142015.468179,0,-0.001117,0.001796,1.149900,-1.223,2.286,-1.579,-0.001117,0.001796,1.149900,-1.223,2.286,-1.579
1761142015.536085,0,-0.001111,0.001776,1.149857,-1.263,2.375,-1.579,-0.001111,0.001776,1.149857,-1.263,2.375,-1.579
1761142015.606116,0,-0.001122,0.001759,1.149868,-1.434,2.424,-1.586,-0.001122,0.001759,1.149868,-1.434,2.424,-1.586
1761142015.669449,0,-0.001073,0.001777,1.150071,-1.358,2.233,-1.566,-0.001073,0.001777,1.150071,-1.358,2.233,-1.566
1761142015.739205,0,-0.001093,0.001780,1.150016,-1.362,2.430,-1.570,-0.001093,0.001780,1.150016,-1.362,2.430,-1.570
1761142015.811821,0,-0.001069,0.001775,1.150042,-1.401,2.339,-1.570,-0.001069,0.001775,1.150042,-1.401,2.339,-1.570
1761142015.878701,0,-0.001090,0.001775,1.150066,-1.466,2.474,-1.588,-0.001090,0.001775,1.150066,-1.466,2.474,-1.588
1761142015.956040,0,-0.001068,0.001767,1.150074,-1.459,2.307,-1.580,-0.001068,0.001767,1.150074,-1.459,2.307,-1.580
1761142016.025588,0,-0.001079,0.001761,1.150035,-1.511,2.421,-1.585,-0.001079,0.001761,1.150035,-1.511,2.421,-1.585
1761142016.092983,0,-0.001099,0.001772,1.149961,-1.483,2.556,-1.590,-0.001099,0.001772,1.149961,-1.483,2.556,-1.590
1761142016.157282,0,-0.001084,0.001784,1.150045,-1.422,2.461,-1.586,-0.001084,0.001784,1.150045,-1.422,2.461,-1.586
1761142016.222548,0,-0.001087,0.001772,1.150052,-1.449,2.472,-1.583,-0.001087,0.001772,1.150052,-1.449,2.472,-1.583
1761142016.299985,0,-0.001066,0.001783,1.150046,-1.438,2.378,-1.584,-0.001066,0.001783,1.150046,-1.438,2.378,-1.584
1761142016.371008,0,-0.001068,0.001774,1.150035,-1.458,2.387,-1.581,-0.001068,0.001774,1.150035,-1.458,2.387,-1.581
1761142016.436860,0,-0.001057,0.001845,1.148164,-1.443,2.584,-1.576,-0.001057,0.001845,1.148164,-1.443,2.584,-1.576
1761142016.498629,0,-0.001027,0.001813,1.149001,-1.443,2.354,-1.579,-0.001027,0.001813,1.149001,-1.443,2.354,-1.579
1761142016.561645,0,-0.001103,0.001712,1.151686,-1.411,2.474,-1.592,-0.001103,0.001712,1.151686,-1.411,2.474,-1.592
1761142016.631450,0,-0.001112,0.001709,1.152656,-1.032,2.486,-1.581,-0.001112,0.001709,1.152656,-1.032,2.486,-1.581
1761142016.699576,0,-0.001121,0.001703,1.157119,-1.142,2.348,-1.583,-0.001121,0.001703,1.157119,-1.142,2.348,-1.583
1761142016.765619,0,-0.001114,0.001699,1.157142,-1.109,2.300,-1.591,-0.001114,0.001699,1.157142,-1.109,2.300,-1.591
1761142016.846059,0,-0.001071,0.001726,1.159740,-0.651,2.077,-1.565,-0.001071,0.001726,1.159740,-0.651,2.077,-1.565
1761142016.912936,0,-0.001110,0.001723,1.153208,-1.357,2.400,-1.594,-0.001110,0.001723,1.153208,-1.357,2.400,-1.594
1761142016.977815,0,-0.001109,0.001719,1.151533,-1.402,2.453,-1.596,-0.001109,0.001719,1.151533,-1.402,2.453,-1.596
1761142017.046497,0,-0.001047,0.001756,1.149023,-1.782,2.400,-1.593,-0.001047,0.001756,1.149023,-1.782,2.400,-1.593
1761142017.113244,0,-0.001108,0.001737,1.151373,-1.324,2.494,-1.588,-0.001108,0.001737,1.151373,-1.324,2.494,-1.588
1761142017.181098,0,-0.001112,0.001737,1.151450,-1.357,2.450,-1.595,-0.001112,0.001737,1.151450,-1.357,2.450,-1.595
1761142017.244845,0,-0.001109,0.001735,1.151413,-1.381,2.470,-1.595,-0.001109,0.001735,1.151413,-1.381,2.470,-1.595
1761142017.315996,0,-0.001071,0.001742,1.151546,-1.284,2.313,-1.584,-0.001071,0.001742,1.151546,-1.284,2.313,-1.584
1761142017.386740,0,-0.001062,0.001742,1.151500,-1.339,2.279,-1.588,-0.001062,0.001742,1.151500,-1.339,2.279,-1.588
1761142017.478338,0,-0.001077,0.001721,1.151521,-1.419,2.367,-1.584,-0.001077,0.001721,1.151521,-1.419,2.367,-1.584
1761142017.562943,0,-0.001080,0.001728,1.151405,-1.367,2.394,-1.589,-0.001080,0.001728,1.151405,-1.367,2.394,-1.589
1761142017.638660,0,-0.001075,0.001747,1.151503,-1.313,2.334,-1.586,-0.001075,0.001747,1.151503,-1.313,2.334,-1.586
1761142017.715969,0,-0.001106,0.001743,1.151410,-1.324,2.479,-1.586,-0.001106,0.001743,1.151410,-1.324,2.479,-1.586
1761142017.783634,0,-0.001084,0.001736,1.151371,-1.305,2.438,-1.588,-0.001084,0.001736,1.151371,-1.305,2.438,-1.588
1761142017.856940,0,-0.001098,0.001723,1.151434,-1.337,2.497,-1.592,-0.001098,0.001723,1.151434,-1.337,2.497,-1.592
1761142017.934289,0,-0.001089,0.001732,1.151420,-1.343,2.477,-1.596,-0.001089,0.001732,1.151420,-1.343,2.477,-1.596
1761142018.001858,0,-0.001097,0.001737,1.151333,-1.385,2.480,-1.593,-0.001097,0.001737,1.151333,-1.385,2.480,-1.593
1761142018.066037,0,-0.001091,0.001722,1.151386,-1.484,2.453,-1.595,-0.001091,0.001722,1.151386,-1.484,2.453,-1.595
1761142018.143313,0,-0.001092,0.001758,1.151411,-1.210,2.429,-1.590,-0.001092,0.001758,1.151411,-1.210,2.429,-1.590
1761142018.209599,0,-0.001109,0.001737,1.151283,-1.303,2.528,-1.589,-0.001109,0.001737,1.151283,-1.303,2.528,-1.589
1761142018.273897,0,-0.001085,0.001738,1.151243,-1.325,2.374,-1.591,-0.001085,0.001738,1.151243,-1.325,2.374,-1.591
1761142018.353495,0,-0.001089,0.001725,1.151298,-1.433,2.421,-1.592,-0.001089,0.001725,1.151298,-1.433,2.421,-1.592
1761142018.429526,0,-0.001112,0.001758,1.151274,-1.240,2.516,-1.583,-0.001112,0.001758,1.151274,-1.240,2.516,-1.583
1761142018.497599,0,-0.001111,0.001746,1.151112,-1.282,2.496,-1.594,-0.001111,0.001746,1.151112,-1.282,2.496,-1.594
1761142018.562323,0,-0.001091,0.001738,1.151142,-1.271,2.357,-1.587,-0.001091,0.001738,1.151142,-1.271,2.357,-1.587
1761142018.626544,0,-0.001071,0.001741,1.151158,-1.273,2.261,-1.575,-0.001071,0.001741,1.151158,-1.273,2.261,-1.575
1761142018.689591,0,-0.001090,0.001741,1.151071,-1.281,2.376,-1.589,-0.001090,0.001741,1.151071,-1.281,2.376,-1.589
1761142018.759890,0,-0.001090,0.001758,1.151125,-1.197,2.475,-1.583,-0.001090,0.001758,1.151125,-1.197,2.475,-1.583
1761142018.825495,0,-0.001072,0.001745,1.151209,-1.232,2.333,-1.578,-0.001072,0.001745,1.151209,-1.232,2.333,-1.578
1761142018.893635,0,-0.001091,0.001740,1.151178,-1.212,2.439,-1.582,-0.001091,0.001740,1.151178,-1.212,2.439,-1.582
1761142018.967199,0,-0.001084,0.001750,1.151181,-1.232,2.421,-1.589,-0.001084,0.001750,1.151181,-1.232,2.421,-1.589
1761142019.037139,0,-0.001054,0.001750,1.151201,-1.158,2.255,-1.574,-0.001054,0.001750,1.151201,-1.158,2.255,-1.574
1761142019.106407,0,-0.001099,0.001746,1.151191,-1.235,2.416,-1.586,-0.001099,0.001746,1.151191,-1.235,2.416,-1.586
1761142019.183314,0,-0.001083,0.001738,1.151191,-1.289,2.359,-1.588,-0.001083,0.001738,1.151191,-1.289,2.359,-1.588
1761142019.247153,0,-0.001070,0.001752,1.151168,-1.209,2.308,-1.583,-0.001070,0.001752,1.151168,-1.209,2.308,-1.583
1761142019.313768,0,-0.001065,0.001835,1.148968,-1.148,2.516,-1.579,-0.001065,0.001835,1.148968,-1.148,2.516,-1.579
1761142019.384566,0,-0.001135,0.001681,1.156521,-0.955,2.497,-1.593,-0.001135,0.001681,1.156521,-0.955,2.497,-1.593
1761142019.445928,0,-0.001093,0.001806,1.163254,-0.992,2.209,-1.564,-0.001093,0.001806,1.163254,-0.992,2.209,-1.564
1761142019.510477,0,-0.001107,0.001702,1.153598,-1.120,2.408,-1.579,-0.001107,0.001702,1.153598,-1.120,2.408,-1.579
1761142019.575178,0,-0.001072,0.001761,1.149282,-1.472,2.530,-1.585,-0.001072,0.001761,1.149282,-1.472,2.530,-1.585
1761142019.631770,0,-0.001088,0.001746,1.151319,-1.286,2.437,-1.594,-0.001088,0.001746,1.151319,-1.286,2.437,-1.594
1761142019.693450,0,-0.001089,0.001724,1.151264,-1.422,2.440,-1.596,-0.001089,0.001724,1.151264,-1.422,2.440,-1.596
1761142019.758201,0,-0.001098,0.001750,1.151316,-1.252,2.515,-1.595,-0.001098,0.001750,1.151316,-1.252,2.515,-1.595
1761142019.823895,0,-0.001088,0.001749,1.151286,-1.252,2.457,-1.591,-0.001088,0.001749,1.151286,-1.252,2.457,-1.591
1761142019.890514,0,-0.001089,0.001745,1.151285,-1.308,2.484,-1.596,-0.001089,0.001745,1.151285,-1.308,2.484,-1.596
1761142019.955809,0,-0.001071,0.001744,1.151355,-1.275,2.324,-1.595,-0.001071,0.001744,1.151355,-1.275,2.324,-1.595
1761142020.033046,0,-0.001088,0.001753,1.151332,-1.189,2.481,-1.592,-0.001088,0.001753,1.151332,-1.189,2.481,-1.592
1761142020.100037,0,-0.001075,0.001739,1.151321,-1.308,2.372,-1.591,-0.001075,0.001739,1.151321,-1.308,2.372,-1.591
1761142020.164934,0,-0.001088,0.001740,1.151336,-1.293,2.452,-1.584,-0.001088,0.001740,1.151336,-1.293,2.452,-1.584
1761142020.236286,0,-0.001090,0.001738,1.151275,-1.248,2.402,-1.590,-0.001090,0.001738,1.151275,-1.248,2.402,-1.590
1761142020.314384,0,-0.001097,0.001733,1.151328,-1.329,2.479,-1.597,-0.001097,0.001733,1.151328,-1.329,2.479,-1.597
1761142020.386950,0,-0.001094,0.001744,1.151285,-1.264,2.473,-1.593,-0.001094,0.001744,1.151285,-1.264,2.473,-1.593
1761142020.461506,0,-0.001093,0.001743,1.151331,-1.253,2.430,-1.594,-0.001093,0.001743,1.151331,-1.253,2.430,-1.594
1761142020.527849,0,-0.001099,0.001744,1.151366,-1.227,2.481,-1.586,-0.001099,0.001744,1.151366,-1.227,2.481,-1.586
1761142020.600532,0,-0.001085,0.001738,1.151203,-1.326,2.430,-1.590,-0.001085,0.001738,1.151203,-1.326,2.430,-1.590
1761142020.679625,0,-0.001074,0.001744,1.151307,-1.274,2.371,-1.596,-0.001074,0.001744,1.151307,-1.274,2.371,-1.596
1761142020.752680,0,-0.001095,0.001738,1.151289,-1.364,2.505,-1.592,-0.001095,0.001738,1.151289,-1.364,2.505,-1.592
1761142020.827529,0,-0.001099,0.001761,1.151335,-1.157,2.459,-1.587,-0.001099,0.001761,1.151335,-1.157,2.459,-1.587
1761142020.898802,0,-0.001100,0.001748,1.151239,-1.267,2.488,-1.596,-0.001100,0.001748,1.151239,-1.267,2.488,-1.596
1761142020.981597,0,-0.001099,0.001749,1.151222,-1.266,2.529,-1.589,-0.001099,0.001749,1.151222,-1.266,2.529,-1.589
1761142021.054744,0,-0.001088,0.001745,1.151228,-1.212,2.440,-1.587,-0.001088,0.001745,1.151228,-1.212,2.440,-1.587
1761142021.123379,0,-0.001109,0.001745,1.151138,-1.331,2.547,-1.601,-0.001109,0.001745,1.151138,-1.331,2.547,-1.601
1761142021.196385,0,-0.001081,0.001730,1.151244,-1.336,2.427,-1.599,-0.001081,0.001730,1.151244,-1.336,2.427,-1.599
1761142021.261043,0,-0.001090,0.001751,1.151164,-1.221,2.482,-1.596,-0.001090,0.001751,1.151164,-1.221,2.482,-1.596
1761142021.321643,0,-0.001072,0.001765,1.151243,-1.121,2.336,-1.584,-0.001072,0.001765,1.151243,-1.121,2.336,-1.584
1761142021.387522,0,-0.001091,0.001773,1.151205,-1.057,2.456,-1.583,-0.001091,0.001773,1.151205,-1.057,2.456,-1.583
1761142021.457943,0,-0.001098,0.001781,1.151168,-1.024,2.552,-1.584,-0.001098,0.001781,1.151168,-1.024,2.552,-1.584
1761142021.521595,0,-0.001083,0.001749,1.151139,-1.216,2.429,-1.592,-0.001083,0.001749,1.151139,-1.216,2.429,-1.592
1761142021.588439,0,-0.001095,0.001747,1.151222,-1.202,2.444,-1.587,-0.001095,0.001747,1.151222,-1.202,2.444,-1.587
1761142021.660070,0,-0.001084,0.001750,1.151184,-1.196,2.434,-1.593,-0.001084,0.001750,1.151184,-1.196,2.434,-1.593
1761142021.717765,0,-0.001078,0.001767,1.151321,-1.084,2.305,-1.577,-0.001078,0.001767,1.151321,-1.084,2.305,-1.577
1761142021.781543,0,-0.001090,0.001735,1.151201,-1.259,2.443,-1.586,-0.001090,0.001735,1.151201,-1.259,2.443,-1.586
1761142021.845664,0,-0.001081,0.001747,1.151165,-1.147,2.379,-1.584,-0.001081,0.001747,1.151165,-1.147,2.379,-1.584
1761142021.911715,0,-0.001095,0.001757,1.151181,-1.161,2.458,-1.589,-0.001095,0.001757,1.151181,-1.161,2.458,-1.589
1761142021.979892,0,-0.001081,0.001747,1.151082,-1.157,2.372,-1.583,-0.001081,0.001747,1.151082,-1.157,2.372,-1.583
1761142022.044362,0,-0.001067,0.001759,1.151179,-1.083,2.350,-1.579,-0.001067,0.001759,1.151179,-1.083,2.350,-1.579
1761142022.109598,0,-0.001083,0.001748,1.151170,-1.180,2.439,-1.581,-0.001083,0.001748,1.151170,-1.180,2.439,-1.581
1761142022.174689,0,-0.001089,0.001733,1.151148,-1.261,2.473,-1.590,-0.001089,0.001733,1.151148,-1.261,2.473,-1.590
1761142022.238451,0,-0.001095,0.001764,1.151219,-1.154,2.473,-1.593,-0.001095,0.001764,1.151219,-1.154,2.473,-1.593
1761142022.303940,0,-0.001074,0.001736,1.151119,-1.208,2.406,-1.584,-0.001074,0.001736,1.151119,-1.208,2.406,-1.584
1761142022.368230,0,-0.001099,0.001731,1.151139,-1.337,2.481,-1.591,-0.001099,0.001731,1.151139,-1.337,2.481,-1.591
1761142022.433502,0,-0.001096,0.001750,1.151194,-1.198,2.484,-1.595,-0.001096,0.001750,1.151194,-1.198,2.484,-1.595
1761142022.497647,0,-0.001089,0.001753,1.151321,-1.137,2.452,-1.585,-0.001089,0.001753,1.151321,-1.137,2.452,-1.585
1761142022.557856,0,-0.001095,0.001767,1.151268,-1.065,2.471,-1.590,-0.001095,0.001767,1.151268,-1.065,2.471,-1.590
1761142022.622908,0,-0.001078,0.001747,1.151267,-1.193,2.340,-1.593,-0.001078,0.001747,1.151267,-1.193,2.340,-1.593
1761142022.687219,0,-0.001099,0.001741,1.151218,-1.225,2.487,-1.597,-0.001099,0.001741,1.151218,-1.225,2.487,-1.597
1761142022.747864,0,-0.001096,0.001759,1.151234,-1.208,2.510,-1.595,-0.001096,0.001759,1.151234,-1.208,2.510,-1.595
1761142022.808726,0,-0.001079,0.001750,1.151247,-1.192,2.363,-1.589,-0.001079,0.001750,1.151247,-1.192,2.363,-1.589
1761142022.877513,0,-0.001100,0.001729,1.151201,-1.250,2.501,-1.596,-0.001100,0.001729,1.151201,-1.250,2.501,-1.596
1761142022.957665,0,-0.001098,0.001723,1.151234,-1.350,2.509,-1.594,-0.001098,0.001723,1.151234,-1.350,2.509,-1.594
1761142023.030578,0,-0.001110,0.001744,1.151312,-1.254,2.523,-1.598,-0.001110,0.001744,1.151312,-1.254,2.523,-1.598
1761142023.113086,0,-0.001091,0.001738,1.151246,-1.265,2.468,-1.596,-0.001091,0.001738,1.151246,-1.265,2.468,-1.596
1761142023.190741,0,-0.001106,0.001727,1.151266,-1.286,2.552,-1.593,-0.001106,0.001727,1.151266,-1.286,2.552,-1.593
1761142023.268009,0,-0.001107,0.001739,1.151201,-1.221,2.598,-1.595,-0.001107,0.001739,1.151201,-1.221,2.598,-1.595
1761142023.335202,0,-0.001108,0.001750,1.151269,-1.209,2.559,-1.594,-0.001108,0.001750,1.151269,-1.209,2.559,-1.594
1761142023.396449,0,-0.001076,0.001758,1.151307,-1.192,2.401,-1.586,-0.001076,0.001758,1.151307,-1.192,2.401,-1.586
1761142023.460921,0,-0.001099,0.001747,1.151179,-1.194,2.551,-1.589,-0.001099,0.001747,1.151179,-1.194,2.551,-1.589
1761142023.532182,0,-0.001101,0.001750,1.151165,-1.214,2.522,-1.597,-0.001101,0.001750,1.151165,-1.214,2.522,-1.597
1761142023.599857,0,-0.001084,0.001744,1.151241,-1.239,2.479,-1.594,-0.001084,0.001744,1.151241,-1.239,2.479,-1.594
1761142023.663567,0,-0.001107,0.001757,1.151158,-1.125,2.553,-1.592,-0.001107,0.001757,1.151158,-1.125,2.553,-1.592
1761142023.722425,0,-0.001092,0.001755,1.151272,-1.166,2.487,-1.595,-0.001092,0.001755,1.151272,-1.166,2.487,-1.595
1761142023.792893,0,-0.001096,0.001747,1.151222,-1.207,2.498,-1.585,-0.001096,0.001747,1.151222,-1.207,2.498,-1.585
1761142023.857239,0,-0.001098,0.001742,1.151268,-1.272,2.484,-1.598,-0.001098,0.001742,1.151268,-1.272,2.484,-1.598
1761142023.916928,0,-0.001094,0.001748,1.151184,-1.206,2.485,-1.590,-0.001094,0.001748,1.151184,-1.206,2.485,-1.590
1761142023.988699,0,-0.001096,0.001739,1.151130,-1.216,2.488,-1.591,-0.001096,0.001739,1.151130,-1.216,2.488,-1.591
1761142024.057032,0,-0.001112,0.001765,1.151100,-1.048,2.560,-1.591,-0.001112,0.001765,1.151100,-1.048,2.560,-1.591
1761142024.124723,0,-0.001098,0.001765,1.151103,-1.090,2.450,-1.584,-0.001098,0.001765,1.151103,-1.090,2.450,-1.584
1761142024.191530,0,-0.001091,0.001752,1.151071,-1.141,2.348,-1.591,-0.001091,0.001752,1.151071,-1.141,2.348,-1.591
1761142024.255783,0,-0.001089,0.001757,1.150983,-1.080,2.376,-1.593,-0.001089,0.001757,1.150983,-1.080,2.376,-1.593
1761142024.321443,0,-0.001090,0.001770,1.150936,-1.001,2.385,-1.580,-0.001090,0.001770,1.150936,-1.001,2.385,-1.580
1761142024.390180,0,-0.001096,0.001742,1.151009,-1.149,2.387,-1.587,-0.001096,0.001742,1.151009,-1.149,2.387,-1.587
1761142024.452383,0,-0.001116,0.001741,1.150903,-1.163,2.553,-1.589,-0.001116,0.001741,1.150903,-1.163,2.553,-1.589
1761142024.516091,0,-0.001093,0.001734,1.151018,-1.185,2.428,-1.593,-0.001093,0.001734,1.151018,-1.185,2.428,-1.593
1761142024.585732,0,-0.001091,0.001764,1.151065,-1.020,2.467,-1.584,-0.001091,0.001764,1.151065,-1.020,2.467,-1.584
1761142024.652927,0,-0.001088,0.001748,1.151256,-1.182,2.396,-1.585,-0.001088,0.001748,1.151256,-1.182,2.396,-1.585
1761142024.712661,0,-0.001111,0.001752,1.151170,-1.204,2.633,-1.597,-0.001111,0.001752,1.151170,-1.204,2.633,-1.597
1761142024.779425,0,-0.001102,0.001748,1.151192,-1.192,2.535,-1.593,-0.001102,0.001748,1.151192,-1.192,2.535,-1.593
1761142024.856594,0,-0.001074,0.001770,1.151295,-1.043,2.411,-1.579,-0.001074,0.001770,1.151295,-1.043,2.411,-1.579
1761142024.923160,0,-0.001088,0.001747,1.151300,-1.199,2.531,-1.594,-0.001088,0.001747,1.151300,-1.199,2.531,-1.594
1761142024.987854,0,-0.001074,0.001754,1.151369,-1.181,2.406,-1.579,-0.001074,0.001754,1.151369,-1.181,2.406,-1.579
1761142025.061860,0,-0.001070,0.001737,1.151406,-1.306,2.427,-1.596,-0.001070,0.001737,1.151406,-1.306,2.427,-1.596
1761142025.135280,0,-0.001085,0.001745,1.151376,-1.230,2.536,-1.597,-0.001085,0.001745,1.151376,-1.230,2.536,-1.597
1761142025.201042,0,-0.001066,0.001753,1.151441,-1.197,2.385,-1.591,-0.001066,0.001753,1.151441,-1.197,2.385,-1.591
1761142025.263889,0,-0.001086,0.001742,1.151398,-1.296,2.530,-1.596,-0.001086,0.001742,1.151398,-1.296,2.530,-1.596
1761142025.329218,0,-0.001070,0.001741,1.151417,-1.286,2.437,-1.596,-0.001070,0.001741,1.151417,-1.286,2.437,-1.596
1761142025.395225,0,-0.001067,0.001734,1.151484,-1.272,2.389,-1.590,-0.001067,0.001734,1.151484,-1.272,2.389,-1.590
1761142025.466569,0,-0.001069,0.001727,1.151393,-1.340,2.422,-1.591,-0.001069,0.001727,1.151393,-1.340,2.422,-1.591
1761142025.528788,0,-0.001077,0.001723,1.151395,-1.365,2.457,-1.599,-0.001077,0.001723,1.151395,-1.365,2.457,-1.599
1761142025.528788,51,-0.344133,2.424703,8.585273,8.530,62.072,-21.904,-0.344133,2.424703,8.585273,8.530,62.072,-21.904
1761142025.592038,0,-0.001089,0.001741,1.151435,-1.242,2.538,-1.592,-0.001089,0.001741,1.151435,-1.242,2.538,-1.592
1761142025.660236,0,-0.001082,0.001746,1.151279,-1.234,2.525,-1.593,-0.001082,0.001746,1.151279,-1.234,2.525,-1.593
1761142025.718016,0,-0.001079,0.001757,1.151348,-1.175,2.502,-1.598,-0.001079,0.001757,1.151348,-1.175,2.502,-1.598
1761142025.778367,0,-0.001079,0.001728,1.151305,-1.292,2.501,-1.600,-0.001079,0.001728,1.151305,-1.292,2.501,-1.600
1761142025.843888,0,-0.001081,0.001727,1.151308,-1.334,2.555,-1.601,-0.001081,0.001727,1.151308,-1.334,2.555,-1.601
1761142025.904539,0,-0.001067,0.001741,1.151299,-1.218,2.504,-1.602,-0.001067,0.001741,1.151299,-1.218,2.504,-1.602
1761142025.963372,0,-0.001089,0.001724,1.151344,-1.244,2.582,-1.599,-0.001089,0.001724,1.151344,-1.244,2.582,-1.599
1761142026.025478,0,-0.001079,0.001736,1.151311,-1.233,2.550,-1.596,-0.001079,0.001736,1.151311,-1.233,2.550,-1.596
1761142026.092637,0,-0.001052,0.001731,1.151311,-1.243,2.398,-1.599,-0.001052,0.001731,1.151311,-1.243,2.398,-1.599
1761142026.154771,0,-0.001062,0.001760,1.149793,-1.320,2.598,-1.600,-0.001062,0.001760,1.149793,-1.320,2.598,-1.600
1761142026.213668,0,-0.001104,0.001711,1.153718,-1.112,2.608,-1.601,-0.001104,0.001711,1.153718,-1.112,2.608,-1.601
1761142026.277328,0,-0.001093,0.001836,1.165611,-0.140,2.354,-1.562,-0.001093,0.001836,1.165611,-0.140,2.354,-1.562
1761142026.329171,0,-0.001086,0.001689,1.155705,-1.292,2.460,-1.590,-0.001086,0.001689,1.155705,-1.292,2.460,-1.590
1761142026.389189,0,-0.001068,0.001738,1.150722,-1.432,2.523,-1.605,-0.001068,0.001738,1.150722,-1.432,2.523,-1.605
1761142026.446618,0,-0.001109,0.001718,1.151134,-1.322,2.666,-1.606,-0.001109,0.001718,1.151134,-1.322,2.666,-1.606
1761142026.512393,0,-0.001078,0.001714,1.151151,-1.343,2.556,-1.605,-0.001078,0.001714,1.151151,-1.343,2.556,-1.605
1761142026.574563,0,-0.001073,0.001752,1.151212,-1.167,2.505,-1.596,-0.001073,0.001752,1.151212,-1.167,2.505,-1.596
1761142026.641535,0,-0.001091,0.001736,1.151182,-1.249,2.595,-1.601,-0.001091,0.001736,1.151182,-1.249,2.595,-1.601
1761142026.713136,0,-0.001104,0.001738,1.151118,-1.287,2.642,-1.596,-0.001104,0.001738,1.151118,-1.287,2.642,-1.596
1761142026.776004,0,-0.001079,0.001733,1.151061,-1.309,2.504,-1.598,-0.001079,0.001733,1.151061,-1.309,2.504,-1.598
1761142026.842327,0,-0.001096,0.001734,1.151132,-1.308,2.571,-1.606,-0.001096,0.001734,1.151132,-1.308,2.571,-1.606
1761142026.915628,0,-0.001095,0.001732,1.151114,-1.313,2.575,-1.600,-0.001095,0.001732,1.151114,-1.313,2.575,-1.600
1761142026.981561,0,-0.001080,0.001731,1.151076,-1.305,2.551,-1.598,-0.001080,0.001731,1.151076,-1.305,2.551,-1.598
1761142027.053651,0,-0.001082,0.001733,1.151128,-1.321,2.538,-1.603,-0.001082,0.001733,1.151128,-1.321,2.538,-1.603
1761142027.124390,0,-0.001080,0.001746,1.151151,-1.277,2.511,-1.594,-0.001080,0.001746,1.151151,-1.277,2.511,-1.594
1761142027.192170,0,-0.001100,0.001746,1.151067,-1.195,2.584,-1.592,-0.001100,0.001746,1.151067,-1.195,2.584,-1.592
1761142027.255428,0,-0.001098,0.001735,1.151062,-1.343,2.609,-1.607,-0.001098,0.001735,1.151062,-1.343,2.609,-1.607
1761142027.322212,0,-0.001085,0.001723,1.151169,-1.332,2.484,-1.597,-0.001085,0.001723,1.151169,-1.332,2.484,-1.597
1761142027.390102,0,-0.001086,0.001723,1.151126,-1.361,2.561,-1.599,-0.001086,0.001723,1.151126,-1.361,2.561,-1.599
1761142027.457204,0,-0.001102,0.001736,1.151142,-1.280,2.631,-1.607,-0.001102,0.001736,1.151142,-1.280,2.631,-1.607
1761142027.523911,0,-0.001091,0.001729,1.151151,-1.286,2.552,-1.597,-0.001091,0.001729,1.151151,-1.286,2.552,-1.597
1761142027.595297,0,-0.001094,0.001749,1.151129,-1.243,2.670,-1.601,-0.001094,0.001749,1.151129,-1.243,2.670,-1.601
1761142027.657812,0,-0.001082,0.001733,1.151143,-1.257,2.537,-1.598,-0.001082,0.001733,1.151143,-1.257,2.537,-1.598
1761142027.724608,0,-0.001086,0.001761,1.151210,-1.174,2.519,-1.594,-0.001086,0.001761,1.151210,-1.174,2.519,-1.594
1761142027.782062,0,-0.001093,0.001737,1.151224,-1.264,2.600,-1.602,-0.001093,0.001737,1.151224,-1.264,2.600,-1.602
1761142027.843758,0,-0.001094,0.001746,1.151118,-1.190,2.606,-1.591,-0.001094,0.001746,1.151118,-1.190,2.606,-1.591
1761142027.902696,0,-0.001090,0.001731,1.151172,-1.243,2.538,-1.587,-0.001090,0.001731,1.151172,-1.243,2.538,-1.587
1761142027.965423,0,-0.001078,0.001743,1.151131,-1.261,2.463,-1.593,-0.001078,0.001743,1.151131,-1.261,2.463,-1.593
1761142028.029700,0,-0.001086,0.001737,1.151225,-1.260,2.554,-1.594,-0.001086,0.001737,1.151225,-1.260,2.554,-1.594
1761142028.090883,0,-0.001085,0.001728,1.151213,-1.298,2.518,-1.597,-0.001085,0.001728,1.151213,-1.298,2.518,-1.597
1761142028.161643,0,-0.001076,0.001744,1.151269,-1.205,2.525,-1.593,-0.001076,0.001744,1.151269,-1.205,2.525,-1.593
1761142028.224528,0,-0.001084,0.001737,1.151100,-1.280,2.609,-1.597,-0.001084,0.001737,1.151100,-1.280,2.609,-1.597
1761142028.300553,0,-0.001091,0.001725,1.151174,-1.322,2.573,-1.602,-0.001091,0.001725,1.151174,-1.322,2.573,-1.602
1761142028.376847,0,-0.001075,0.001754,1.151147,-1.184,2.550,-1.592,-0.001075,0.001754,1.151147,-1.184,2.550,-1.592
1761142028.450064,0,-0.001092,0.001737,1.151190,-1.237,2.603,-1.596,-0.001092,0.001737,1.151190,-1.237,2.603,-1.596
1761142028.522818,0,-0.001081,0.001733,1.151191,-1.291,2.592,-1.597,-0.001081,0.001733,1.151191,-1.291,2.592,-1.597
1761142028.646354,0,-0.001079,0.001740,1.151218,-1.275,2.524,-1.598,-0.001079,0.001740,1.151218,-1.275,2.524,-1.598
1761142028.717134,0,-0.001089,0.001747,1.151198,-1.246,2.555,-1.604,-0.001089,0.001747,1.151198,-1.246,2.555,-1.604
1761142028.789879,0,-0.001089,0.001741,1.151187,-1.220,2.575,-1.600,-0.001089,0.001741,1.151187,-1.220,2.575,-1.600
1761142028.863153,0,-0.001084,0.001757,1.151149,-1.127,2.551,-1.596,-0.001084,0.001757,1.151149,-1.127,2.551,-1.596
1761142028.933518,0,-0.001076,0.001749,1.151208,-1.166,2.514,-1.592,-0.001076,0.001749,1.151208,-1.166,2.514,-1.592
1761142029.002107,0,-0.001073,0.001748,1.151147,-1.230,2.532,-1.597,-0.001073,0.001748,1.151147,-1.230,2.532,-1.597
1761142029.078316,0,-0.001079,0.001740,1.151160,-1.251,2.531,-1.592,-0.001079,0.001740,1.151160,-1.251,2.531,-1.592
1761142029.151435,0,-0.001092,0.001738,1.151163,-1.258,2.592,-1.594,-0.001092,0.001738,1.151163,-1.258,2.592,-1.594
1761142029.221125,0,-0.001080,0.001730,1.151234,-1.330,2.544,-1.599,-0.001080,0.001730,1.151234,-1.330,2.544,-1.599
1761142029.287911,0,-0.001071,0.001746,1.151189,-1.197,2.472,-1.599,-0.001071,0.001746,1.151189,-1.197,2.472,-1.599
1761142029.357068,0,-0.001080,0.001755,1.151129,-1.195,2.552,-1.595,-0.001080,0.001755,1.151129,-1.195,2.552,-1.595
1761142029.425591,0,-0.001067,0.001749,1.151176,-1.215,2.504,-1.596,-0.001067,0.001749,1.151176,-1.215,2.504,-1.596
1761142029.488459,0,-0.001068,0.001735,1.151169,-1.294,2.490,-1.596,-0.001068,0.001735,1.151169,-1.294,2.490,-1.596
1761142029.548164,0,-0.001082,0.001743,1.151093,-1.267,2.618,-1.599,-0.001082,0.001743,1.151093,-1.267,2.618,-1.599
1761142029.626840,0,-0.001095,0.001738,1.151190,-1.225,2.600,-1.591,-0.001095,0.001738,1.151190,-1.225,2.600,-1.591
1761142029.690537,0,-0.001069,0.001733,1.151224,-1.310,2.489,-1.600,-0.001069,0.001733,1.151224,-1.310,2.489,-1.600
1761142029.749188,0,-0.001093,0.001715,1.151123,-1.437,2.616,-1.607,-0.001093,0.001715,1.151123,-1.437,2.616,-1.607
1761142029.817424,0,-0.001078,0.001742,1.151184,-1.260,2.551,-1.593,-0.001078,0.001742,1.151184,-1.260,2.551,-1.593
1761142029.885456,0,-0.001079,0.001756,1.151112,-1.146,2.602,-1.594,-0.001079,0.001756,1.151112,-1.146,2.602,-1.594
1761142029.950622,0,-0.001083,0.001750,1.151240,-1.215,2.572,-1.590,-0.001083,0.001750,1.151240,-1.215,2.572,-1.590
1761142030.021235,0,-0.001075,0.001755,1.151179,-1.214,2.535,-1.592,-0.001075,0.001755,1.151179,-1.214,2.535,-1.592
1761142030.093540,0,-0.001084,0.001745,1.151212,-1.294,2.550,-1.595,-0.001084,0.001745,1.151212,-1.294,2.550,-1.595
1761142030.154217,0,-0.001078,0.001755,1.151128,-1.218,2.520,-1.594,-0.001078,0.001755,1.151128,-1.218,2.520,-1.594
1761142030.231577,0,-0.001085,0.001731,1.151179,-1.342,2.548,-1.599,-0.001085,0.001731,1.151179,-1.342,2.548,-1.599
1761142030.317317,0,-0.001075,0.001731,1.151137,-1.336,2.469,-1.601,-0.001075,0.001731,1.151137,-1.336,2.469,-1.601
1761142030.384605,0,-0.001088,0.001755,1.151141,-1.182,2.592,-1.600,-0.001088,0.001755,1.151141,-1.182,2.592,-1.600
1761142030.451839,0,-0.001077,0.001756,1.151119,-1.198,2.486,-1.599,-0.001077,0.001756,1.151119,-1.198,2.486,-1.599
1761142030.514914,0,-0.001092,0.001733,1.151156,-1.267,2.577,-1.601,-0.001092,0.001733,1.151156,-1.267,2.577,-1.601
1761142030.576395,0,-0.001097,0.001740,1.151120,-1.318,2.597,-1.599,-0.001097,0.001740,1.151120,-1.318,2.597,-1.599
1761142030.642419,0,-0.001085,0.001754,1.151151,-1.233,2.561,-1.589,-0.001085,0.001754,1.151151,-1.233,2.561,-1.589
1761142030.706709,0,-0.001086,0.001740,1.151135,-1.317,2.527,-1.595,-0.001086,0.001740,1.151135,-1.317,2.527,-1.595
1761142030.768474,0,-0.001098,0.001750,1.151078,-1.216,2.651,-1.591,-0.001098,0.001750,1.151078,-1.216,2.651,-1.591
1761142030.828927,0,-0.001074,0.001749,1.151211,-1.330,2.451,-1.594,-0.001074,0.001749,1.151211,-1.330,2.451,-1.594
1761142030.891397,0,-0.001083,0.001755,1.151162,-1.310,2.577,-1.602,-0.001083,0.001755,1.151162,-1.310,2.577,-1.602
1761142030.953082,0,-0.001060,0.001754,1.151162,-1.282,2.459,-1.600,-0.001060,0.001754,1.151162,-1.282,2.459,-1.600
1761142031.017185,0,-0.001083,0.001732,1.151109,-1.351,2.563,-1.592,-0.001083,0.001732,1.151109,-1.351,2.563,-1.592
1761142031.084679,0,-0.001077,0.001738,1.151163,-1.324,2.526,-1.600,-0.001077,0.001738,1.151163,-1.324,2.526,-1.600
1761142031.146481,0,-0.001074,0.001728,1.151083,-1.344,2.540,-1.598,-0.001074,0.001728,1.151083,-1.344,2.540,-1.598
1761142031.204242,0,-0.001071,0.001751,1.151098,-1.256,2.535,-1.598,-0.001071,0.001751,1.151098,-1.256,2.535,-1.598
1761142031.271486,0,-0.001079,0.001749,1.151110,-1.284,2.570,-1.599,-0.001079,0.001749,1.151110,-1.284,2.570,-1.599
1761142031.333059,0,-0.001076,0.001740,1.151161,-1.320,2.508,-1.596,-0.001076,0.001740,1.151161,-1.320,2.508,-1.596
1761142031.399693,0,-0.001091,0.001748,1.151150,-1.240,2.597,-1.589,-0.001091,0.001748,1.151150,-1.240,2.597,-1.589
1761142031.460369,0,-0.001079,0.001745,1.151182,-1.298,2.577,-1.597,-0.001079,0.001745,1.151182,-1.298,2.577,-1.597
1761142031.530825,0,-0.001088,0.001727,1.151067,-1.386,2.601,-1.595,-0.001088,0.001727,1.151067,-1.386,2.601,-1.595
1761142031.591649,0,-0.001080,0.001759,1.151080,-1.214,2.578,-1.596,-0.001080,0.001759,1.151080,-1.214,2.578,-1.596
1761142031.654208,0,-0.001071,0.001767,1.151137,-1.198,2.548,-1.586,-0.001071,0.001767,1.151137,-1.198,2.548,-1.586
1761142031.718270,0,-0.001068,0.001741,1.151151,-1.267,2.498,-1.595,-0.001068,0.001741,1.151151,-1.267,2.498,-1.595
1761142031.779542,0,-0.001089,0.001756,1.151036,-1.232,2.662,-1.599,-0.001089,0.001756,1.151036,-1.232,2.662,-1.599
1761142031.840116,0,-0.001071,0.001770,1.151164,-1.157,2.531,-1.598,-0.001071,0.001770,1.151164,-1.157,2.531,-1.598
1761142031.915320,0,-0.001065,0.001736,1.151239,-1.305,2.478,-1.595,-0.001065,0.001736,1.151239,-1.305,2.478,-1.595
1761142031.979899,0,-0.001072,0.001733,1.151092,-1.306,2.568,-1.595,-0.001072,0.001733,1.151092,-1.306,2.568,-1.595
1761142032.048268,0,-0.001075,0.001752,1.151071,-1.203,2.587,-1.597,-0.001075,0.001752,1.151071,-1.203,2.587,-1.597
1761142032.116583,0,-0.001095,0.001727,1.151098,-1.370,2.687,-1.608,-0.001095,0.001727,1.151098,-1.370,2.687,-1.608
1761142032.175947,0,-0.001093,0.001737,1.151032,-1.267,2.685,-1.606,-0.001093,0.001737,1.151032,-1.267,2.685,-1.606
1761142032.244343,0,-0.001077,0.001732,1.151155,-1.307,2.594,-1.602,-0.001077,0.001732,1.151155,-1.307,2.594,-1.602
1761142032.312271,0,-0.001098,0.001728,1.151050,-1.291,2.679,-1.605,-0.001098,0.001728,1.151050,-1.291,2.679,-1.605
1761142032.374247,0,-0.001079,0.001742,1.151078,-1.268,2.626,-1.604,-0.001079,0.001742,1.151078,-1.268,2.626,-1.604
1761142032.436810,0,-0.001082,0.001728,1.151060,-1.370,2.637,-1.602,-0.001082,0.001728,1.151060,-1.370,2.637,-1.602
1761142032.501681,0,-0.001070,0.001745,1.151128,-1.295,2.615,-1.594,-0.001070,0.001745,1.151128,-1.295,2.615,-1.594
1761142032.569463,0,-0.001082,0.001722,1.151016,-1.391,2.618,-1.604,-0.001082,0.001722,1.151016,-1.391,2.618,-1.604
1761142032.634833,0,-0.001088,0.001745,1.150968,-1.221,2.696,-1.595,-0.001088,0.001745,1.150968,-1.221,2.696,-1.595
1761142032.696527,0,-0.001087,0.001744,1.151099,-1.327,2.676,-1.602,-0.001087,0.001744,1.151099,-1.327,2.676,-1.602
1761142032.789637,0,-0.001083,0.001749,1.151122,-1.234,2.576,-1.602,-0.001083,0.001749,1.151122,-1.234,2.576,-1.602
1761142032.870732,0,-0.001078,0.001753,1.151103,-1.222,2.596,-1.592,-0.001078,0.001753,1.151103,-1.222,2.596,-1.592
1761142032.944676,0,-0.001078,0.001742,1.151150,-1.250,2.589,-1.597,-0.001078,0.001742,1.151150,-1.250,2.589,-1.597
1761142033.016754,0,-0.001084,0.001727,1.151067,-1.337,2.630,-1.601,-0.001084,0.001727,1.151067,-1.337,2.630,-1.601
1761142033.090727,0,-0.001077,0.001731,1.151081,-1.338,2.577,-1.608,-0.001077,0.001731,1.151081,-1.338,2.577,-1.608
1761142033.170103,0,-0.001068,0.001758,1.151136,-1.168,2.588,-1.596,-0.001068,0.001758,1.151136,-1.168,2.588,-1.596
1761142033.255805,0,-0.001076,0.001746,1.151099,-1.265,2.602,-1.608,-0.001076,0.001746,1.151099,-1.265,2.602,-1.608
1761142033.331069,0,-0.001089,0.001746,1.151112,-1.228,2.663,-1.600,-0.001089,0.001746,1.151112,-1.228,2.663,-1.600
1761142033.407065,0,-0.001081,0.001741,1.151087,-1.303,2.608,-1.598,-0.001081,0.001741,1.151087,-1.303,2.608,-1.598
1761142033.468621,0,-0.001082,0.001742,1.151109,-1.277,2.555,-1.597,-0.001082,0.001742,1.151109,-1.277,2.555,-1.597
1761142033.534349,0,-0.001072,0.001743,1.151112,-1.284,2.512,-1.594,-0.001072,0.001743,1.151112,-1.284,2.512,-1.594
1761142033.607228,0,-0.001083,0.001729,1.151001,-1.380,2.602,-1.603,-0.001083,0.001729,1.151001,-1.380,2.602,-1.603
1761142033.671044,0,-0.001080,0.001752,1.151091,-1.233,2.519,-1.594,-0.001080,0.001752,1.151091,-1.233,2.519,-1.594
1761142033.754652,0,-0.001089,0.001753,1.151098,-1.200,2.585,-1.596,-0.001089,0.001753,1.151098,-1.200,2.585,-1.596
1761142033.834870,0,-0.001091,0.001748,1.150974,-1.226,2.634,-1.600,-0.001091,0.001748,1.150974,-1.226,2.634,-1.600
1761142033.909713,0,-0.001087,0.001753,1.150998,-1.210,2.644,-1.599,-0.001087,0.001753,1.150998,-1.210,2.644,-1.599
1761142033.981764,0,-0.001080,0.001762,1.151011,-1.215,2.629,-1.601,-0.001080,0.001762,1.151011,-1.215,2.629,-1.601
1761142034.073895,0,-0.001066,0.001700,1.151018,-1.367,2.651,-1.612,-0.001066,0.001700,1.151018,-1.367,2.651,-1.612
1761142034.151623,0,-0.001028,0.001666,1.151047,-1.423,2.593,-1.622,-0.001028,0.001666,1.151047,-1.423,2.593,-1.622
1761142034.228552,0,-0.001037,0.001708,1.150986,-1.306,2.588,-1.614,-0.001037,0.001708,1.150986,-1.306,2.588,-1.614
1761142034.304802,0,-0.001034,0.001699,1.151050,-1.328,2.604,-1.615,-0.001034,0.001699,1.151050,-1.328,2.604,-1.615
1761142034.374106,0,-0.001022,0.001723,1.150943,-1.257,2.618,-1.608,-0.001022,0.001723,1.150943,-1.257,2.618,-1.608
1761142034.516588,0,-0.001066,0.001752,1.151217,-0.973,2.674,-1.587,-0.001066,0.001752,1.151217,-0.973,2.674,-1.587
1761142034.585006,0,-0.001043,0.001706,1.150997,-1.273,2.637,-1.623,-0.001043,0.001706,1.150997,-1.273,2.637,-1.623
1761142034.657495,0,-0.001044,0.001696,1.151046,-1.369,2.619,-1.621,-0.001044,0.001696,1.151046,-1.369,2.619,-1.621
1761142034.725763,0,-0.001033,0.001698,1.150985,-1.370,2.545,-1.622,-0.001033,0.001698,1.150985,-1.370,2.545,-1.622
1761142034.793262,0,-0.001053,0.001704,1.150959,-1.299,2.659,-1.616,-0.001053,0.001704,1.150959,-1.299,2.659,-1.616
1761142034.867449,0,-0.001032,0.001704,1.150996,-1.232,2.508,-1.613,-0.001032,0.001704,1.150996,-1.232,2.508,-1.613
1761142034.942106,0,-0.001040,0.001687,1.150862,-1.439,2.586,-1.617,-0.001040,0.001687,1.150862,-1.439,2.586,-1.617
1761142035.016837,0,-0.001057,0.001719,1.151052,-1.219,2.607,-1.602,-0.001057,0.001719,1.151052,-1.219,2.607,-1.602
1761142035.093767,0,-0.001038,0.001707,1.150990,-1.302,2.547,-1.612,-0.001038,0.001707,1.150990,-1.302,2.547,-1.612
1761142035.178438,0,-0.001054,0.001729,1.150960,-1.155,2.606,-1.610,-0.001054,0.001729,1.150960,-1.155,2.606,-1.610
1761142035.256641,0,-0.001040,0.001781,1.151703,-0.809,1.514,-1.594,-0.001040,0.001781,1.151703,-0.809,1.514,-1.594
1761142035.333821,0,-0.000929,0.001726,1.153741,-1.294,1.273,-1.580,-0.000929,0.001726,1.153741,-1.294,1.273,-1.580
1761142035.418596,0,-0.000976,0.001742,1.153972,-1.267,1.605,-1.593,-0.000976,0.001742,1.153972,-1.267,1.605,-1.593
1761142035.504731,0,-0.000978,0.001726,1.154124,-1.474,1.843,-1.613,-0.000978,0.001726,1.154124,-1.474,1.843,-1.613
1761142035.588870,0,-0.000989,0.001717,1.153994,-1.652,2.102,-1.613,-0.000989,0.001717,1.153994,-1.652,2.102,-1.613
1761142035.671914,0,-0.000894,0.001833,1.154403,-1.484,1.616,-1.600,-0.000894,0.001833,1.154403,-1.484,1.616,-1.600
1761142035.749929,0,-0.000902,0.001847,1.154520,-1.490,1.631,-1.597,-0.000902,0.001847,1.154520,-1.490,1.631,-1.597
1761142035.829404,0,-0.000915,0.001825,1.154413,-1.617,1.732,-1.606,-0.000915,0.001825,1.154413,-1.617,1.732,-1.606
1761142035.915234,0,-0.000905,0.001831,1.154382,-1.652,1.869,-1.607,-0.000905,0.001831,1.154382,-1.652,1.869,-1.607
1761142035.995069,0,-0.000910,0.001853,1.154421,-1.609,1.878,-1.610,-0.000910,0.001853,1.154421,-1.609,1.878,-1.610
1761142036.064908,0,-0.000903,0.001831,1.154341,-1.727,1.810,-1.610,-0.000903,0.001831,1.154341,-1.727,1.810,-1.610
1761142036.136222,0,-0.000920,0.001837,1.154334,-1.688,1.913,-1.617,-0.000920,0.001837,1.154334,-1.688,1.913,-1.617
1761142036.202943,0,-0.000901,0.001848,1.154354,-1.584,1.759,-1.596,-0.000901,0.001848,1.154354,-1.584,1.759,-1.596
1761142036.273815,0,-0.000914,0.001830,1.154344,-1.669,1.871,-1.606,-0.000914,0.001830,1.154344,-1.669,1.871,-1.606
1761142036.347881,0,-0.000925,0.001852,1.154272,-1.526,1.954,-1.600,-0.000925,0.001852,1.154272,-1.526,1.954,-1.600
1761142036.417269,0,-0.000709,0.001850,1.154384,-1.585,1.612,-1.519,-0.000709,0.001850,1.154384,-1.585,1.612,-1.519
1761142036.490703,0,-0.000666,0.001858,1.154257,-1.751,1.712,-1.508,-0.000666,0.001858,1.154257,-1.751,1.712,-1.508
1761142036.556604,0,-0.000668,0.001857,1.154227,-1.752,1.758,-1.505,-0.000668,0.001857,1.154227,-1.752,1.758,-1.505
1761142036.704629,0,-0.000681,0.001865,1.154295,-1.708,1.793,-1.511,-0.000681,0.001865,1.154295,-1.708,1.793,-1.511
1761142037.072935,0,-0.000652,0.001899,1.154218,-1.629,1.680,-1.500,-0.000652,0.001899,1.154218,-1.629,1.680,-1.500
1761142037.144868,0,-0.000675,0.001895,1.154280,-1.650,1.775,-1.501,-0.000675,0.001895,1.154280,-1.650,1.775,-1.501
1761142037.224188,0,-0.000655,0.001881,1.154172,-1.717,1.743,-1.499,-0.000655,0.001881,1.154172,-1.717,1.743,-1.499
1761142037.296744,0,-0.000658,0.001881,1.154072,-1.679,1.690,-1.499,-0.000658,0.001881,1.154072,-1.679,1.690,-1.499
1761142037.994202,0,-0.000673,0.001864,1.154147,-1.640,1.841,-1.501,-0.000673,0.001864,1.154147,-1.640,1.841,-1.501
1761142038.071043,0,-0.000655,0.001868,1.154317,-1.537,1.736,-1.493,-0.000655,0.001868,1.154317,-1.537,1.736,-1.493
1761142038.157127,0,-0.000690,0.001929,1.154262,-1.388,1.904,-1.477,-0.000690,0.001929,1.154262,-1.388,1.904,-1.477
1761142038.245370,0,-0.000691,0.001976,1.154304,-1.431,1.784,-1.454,-0.000691,0.001976,1.154304,-1.431,1.784,-1.454
1761142038.321633,0,-0.000696,0.001987,1.154362,-1.411,1.810,-1.457,-0.000696,0.001987,1.154362,-1.411,1.810,-1.457
1761142038.397366,0,-0.000625,0.002070,1.151580,-1.509,1.769,-1.452,-0.000625,0.002070,1.151580,-1.509,1.769,-1.452
1761142038.466065,0,-0.000663,0.001962,1.157983,-0.918,1.594,-1.435,-0.000663,0.001962,1.157983,-0.918,1.594,-1.435
1761142038.536309,0,-0.000687,0.002038,1.159933,-1.092,1.570,-1.421,-0.000687,0.002038,1.159933,-1.092,1.570,-1.421
1761142038.617173,0,-0.000647,0.002107,1.152578,-1.623,1.770,-1.435,-0.000647,0.002107,1.152578,-1.623,1.770,-1.435
1761142038.694113,0,-0.000706,0.002046,1.156902,-1.258,1.672,-1.423,-0.000706,0.002046,1.156902,-1.258,1.672,-1.423
1761142038.767228,0,-0.000719,0.002024,1.157006,-1.400,1.636,-1.428,-0.000719,0.002024,1.157006,-1.400,1.636,-1.428
1761142038.841676,0,-0.000722,0.002051,1.156966,-1.266,1.636,-1.424,-0.000722,0.002051,1.156966,-1.266,1.636,-1.424
1761142038.915644,0,-0.000727,0.002063,1.156931,-1.244,1.705,-1.422,-0.000727,0.002063,1.156931,-1.244,1.705,-1.422
1761142038.986857,0,-0.000736,0.002037,1.156969,-1.338,1.772,-1.423,-0.000736,0.002037,1.156969,-1.338,1.772,-1.423
1761142039.066270,0,-0.000731,0.002079,1.156922,-1.263,1.697,-1.401,-0.000731,0.002079,1.156922,-1.263,1.697,-1.401
1761142039.152494,0,-0.000768,0.002197,1.156908,-1.272,1.680,-1.351,-0.000768,0.002197,1.156908,-1.272,1.680,-1.351
1761142039.252033,0,-0.000815,0.002278,1.156921,-1.423,1.664,-1.315,-0.000815,0.002278,1.156921,-1.423,1.664,-1.315
1761142039.339413,0,-0.000888,0.002390,1.156931,-1.433,1.785,-1.260,-0.000888,0.002390,1.156931,-1.433,1.785,-1.260
1761142039.437202,0,-0.000906,0.002465,1.157035,-1.544,1.680,-1.189,-0.000906,0.002465,1.157035,-1.544,1.680,-1.189
1761142039.518219,0,-0.000934,0.002440,1.156966,-1.469,1.690,-1.128,-0.000934,0.002440,1.156966,-1.469,1.690,-1.128
1761142039.589758,0,-0.000999,0.002511,1.156841,-1.212,1.821,-1.050,-0.000999,0.002511,1.156841,-1.212,1.821,-1.050
1761142039.672908,0,-0.001012,0.002488,1.156923,-1.448,1.782,-1.053,-0.001012,0.002488,1.156923,-1.448,1.782,-1.053
1761142039.747954,0,-0.001072,0.002576,1.156821,-1.455,1.783,-1.013,-0.001072,0.002576,1.156821,-1.455,1.783,-1.013
1761142039.821380,0,-0.001104,0.002635,1.156873,-1.522,1.714,-0.993,-0.001104,0.002635,1.156873,-1.522,1.714,-0.993
1761142039.897416,0,-0.001138,0.002682,1.156834,-1.476,1.797,-0.967,-0.001138,0.002682,1.156834,-1.476,1.797,-0.967
1761142039.967574,0,-0.001187,0.002764,1.156902,-1.439,1.731,-0.924,-0.001187,0.002764,1.156902,-1.439,1.731,-0.924
1761142040.046055,0,-0.001167,0.002744,1.156834,-1.480,1.717,-0.919,-0.001167,0.002744,1.156834,-1.480,1.717,-0.919
1761142040.117417,0,-0.001158,0.002748,1.156864,-1.484,1.620,-0.916,-0.001158,0.002748,1.156864,-1.484,1.620,-0.916
1761142040.191349,0,-0.001176,0.002753,1.156867,-1.437,1.725,-0.919,-0.001176,0.002753,1.156867,-1.437,1.725,-0.919
1761142040.270483,0,-0.001244,0.002773,1.156772,-1.545,1.867,-0.890,-0.001244,0.002773,1.156772,-1.545,1.867,-0.890
1761142040.340122,0,-0.001259,0.002852,1.156835,-1.379,1.777,-0.867,-0.001259,0.002852,1.156835,-1.379,1.777,-0.867
1761142040.419235,0,-0.001270,0.002856,1.156896,-1.319,1.821,-0.856,-0.001270,0.002856,1.156896,-1.319,1.821,-0.856
1761142040.492726,0,-0.001264,0.002835,1.156848,-1.446,1.754,-0.870,-0.001264,0.002835,1.156848,-1.446,1.754,-0.870
1761142040.566866,0,-0.001270,0.002845,1.156837,-1.427,1.847,-0.865,-0.001270,0.002845,1.156837,-1.427,1.847,-0.865
1761142040.638193,0,-0.001257,0.002852,1.156919,-1.404,1.688,-0.866,-0.001257,0.002852,1.156919,-1.404,1.688,-0.866
1761142040.713868,0,-0.001264,0.002856,1.156852,-1.372,1.805,-0.864,-0.001264,0.002856,1.156852,-1.372,1.805,-0.864
1761142040.791393,0,-0.001249,0.002846,1.156872,-1.392,1.687,-0.860,-0.001249,0.002846,1.156872,-1.392,1.687,-0.860
1761142040.874496,0,-0.001262,0.002834,1.156867,-1.532,1.726,-0.875,-0.001262,0.002834,1.156867,-1.532,1.726,-0.875
1761142040.953622,0,-0.001272,0.002836,1.156819,-1.466,1.807,-0.871,-0.001272,0.002836,1.156819,-1.466,1.807,-0.871
1761142041.036219,0,-0.001277,0.002844,1.156792,-1.475,1.801,-0.878,-0.001277,0.002844,1.156792,-1.475,1.801,-0.878
1761142041.127851,0,-0.001262,0.002845,1.156816,-1.434,1.736,-0.875,-0.001262,0.002845,1.156816,-1.434,1.736,-0.875
1761142041.216852,0,-0.001261,0.002854,1.156782,-1.393,1.745,-0.869,-0.001261,0.002854,1.156782,-1.393,1.745,-0.869
1761142041.302476,0,-0.001260,0.002841,1.156830,-1.486,1.648,-0.870,-0.001260,0.002841,1.156830,-1.486,1.648,-0.870
1761142041.382705,0,-0.001289,0.002874,1.156799,-1.289,1.667,-0.871,-0.001289,0.002874,1.156799,-1.289,1.667,-0.871
1761142041.454793,0,-0.001287,0.002876,1.156672,-1.295,1.626,-0.873,-0.001287,0.002876,1.156672,-1.295,1.626,-0.873
1761142041.533547,0,-0.001254,0.002708,1.156570,-1.352,1.604,-0.915,-0.001254,0.002708,1.156570,-1.352,1.604,-0.915
1761142041.608055,0,-0.001243,0.002697,1.156479,-1.316,1.488,-0.917,-0.001243,0.002697,1.156479,-1.316,1.488,-0.917
1761142041.685509,0,-0.001258,0.002699,1.156837,-1.021,1.359,-0.922,-0.001258,0.002699,1.156837,-1.021,1.359,-0.922
1761142041.766043,0,-0.001247,0.002698,1.156911,-1.201,1.505,-0.923,-0.001247,0.002698,1.156911,-1.201,1.505,-0.923
1761142041.844037,0,-0.001185,0.002800,1.157070,-1.413,1.590,-0.948,-0.001185,0.002800,1.157070,-1.413,1.590,-0.948
1761142041.927111,0,-0.001195,0.002887,1.157007,-1.550,1.681,-0.934,-0.001195,0.002887,1.157007,-1.550,1.681,-0.934
1761142042.005634,0,-0.001186,0.003322,1.156946,-1.515,1.757,-0.870,-0.001186,0.003322,1.156946,-1.515,1.757,-0.870
1761142042.094884,0,-0.001212,0.003305,1.157024,-1.554,1.684,-0.878,-0.001212,0.003305,1.157024,-1.554,1.684,-0.878
1761142042.182471,0,-0.001210,0.003345,1.157008,-1.351,1.636,-0.869,-0.001210,0.003345,1.157008,-1.351,1.636,-0.869
1761142042.262087,0,-0.001210,0.003346,1.157118,-1.353,1.585,-0.861,-0.001210,0.003346,1.157118,-1.353,1.585,-0.861
1761142042.338140,0,-0.001244,0.003424,1.157214,-0.896,1.682,-0.839,-0.001244,0.003424,1.157214,-0.896,1.682,-0.839
1761142042.418968,0,-0.001283,0.003473,1.157443,-0.559,1.648,-0.817,-0.001283,0.003473,1.157443,-0.559,1.648,-0.817
1761142042.791546,0,-0.001216,0.003409,1.157336,-1.073,1.541,-0.815,-0.001216,0.003409,1.157336,-1.073,1.541,-0.815
1761142046.186275,0,-0.001395,0.003799,1.158349,1.403,1.687,-0.733,-0.001395,0.003799,1.158349,1.403,1.687,-0.733
1761142046.262538,0,-0.001268,0.003707,1.158282,1.084,1.056,-0.789,-0.001268,0.003707,1.158282,1.084,1.056,-0.789
1761142046.435071,0,-0.001374,0.003979,1.158064,2.657,1.186,-0.677,-0.001374,0.003979,1.158064,2.657,1.186,-0.677
1761142046.585171,0,-0.001361,0.004161,1.157990,3.878,0.570,-0.622,-0.001361,0.004161,1.157990,3.878,0.570,-0.622
1761142046.665504,0,-0.001365,0.003994,1.158169,2.814,0.964,-0.678,-0.001365,0.003994,1.158169,2.814,0.964,-0.678
1761142046.749635,0,-0.001377,0.003892,1.158291,2.042,1.353,-0.696,-0.001377,0.003892,1.158291,2.042,1.353,-0.696
1761142046.824079,0,-0.001360,0.003919,1.158163,2.303,1.263,-0.702,-0.001360,0.003919,1.158163,2.303,1.263,-0.702
1761142046.901217,0,-0.001389,0.004095,1.158173,3.430,0.845,-0.638,-0.001389,0.004095,1.158173,3.430,0.845,-0.638
1761142046.988257,0,-0.001324,0.004082,1.158234,3.432,0.491,-0.650,-0.001324,0.004082,1.158234,3.432,0.491,-0.650
1761142047.068600,0,-0.001359,0.004130,1.158078,3.701,0.603,-0.622,-0.001359,0.004130,1.158078,3.701,0.603,-0.622
1761142047.160474,0,-0.001397,0.004086,1.158054,3.401,0.907,-0.651,-0.001397,0.004086,1.158054,3.401,0.907,-0.651
1761142047.430607,0,-0.001417,0.004180,1.158162,3.985,0.623,-0.594,-0.001417,0.004180,1.158162,3.985,0.623,-0.594
1761142047.513931,0,-0.001416,0.004225,1.157919,4.303,0.498,-0.605,-0.001416,0.004225,1.157919,4.303,0.498,-0.605
1761142047.607835,0,-0.001431,0.004261,1.157947,4.478,0.473,-0.577,-0.001431,0.004261,1.157947,4.478,0.473,-0.577
1761142047.689055,0,-0.001395,0.004216,1.158052,4.252,0.402,-0.590,-0.001395,0.004216,1.158052,4.252,0.402,-0.590
1761142047.856422,0,-0.001381,0.004091,1.158201,3.414,0.750,-0.639,-0.001381,0.004091,1.158201,3.414,0.750,-0.639
1761142048.015920,0,-0.001395,0.004110,1.158123,3.495,0.844,-0.634,-0.001395,0.004110,1.158123,3.495,0.844,-0.634
1761142048.099132,0,-0.001403,0.004149,1.157882,3.769,0.825,-0.635,-0.001403,0.004149,1.157882,3.769,0.825,-0.635
1761142048.176048,0,-0.001383,0.004252,1.157808,4.604,0.173,-0.599,-0.001383,0.004252,1.157808,4.604,0.173,-0.599
1761142048.263132,0,-0.001395,0.004225,1.157819,4.317,0.446,-0.594,-0.001395,0.004225,1.157819,4.317,0.446,-0.594
1761142048.344558,0,-0.001364,0.004149,1.157913,3.926,0.566,-0.623,-0.001364,0.004149,1.157913,3.926,0.566,-0.623
1761142048.522432,0,-0.001342,0.004000,1.158193,2.876,0.825,-0.681,-0.001342,0.004000,1.158193,2.876,0.825,-0.681
1761142048.609159,0,-0.001407,0.004243,1.157955,4.517,0.254,-0.591,-0.001407,0.004243,1.157955,4.517,0.254,-0.591
1761142048.699133,0,-0.001383,0.004230,1.157483,4.331,0.606,-0.592,-0.001383,0.004230,1.157483,4.331,0.606,-0.592
1761142048.792472,0,-0.001395,0.004112,1.158126,3.478,0.892,-0.626,-0.001395,0.004112,1.158126,3.478,0.892,-0.626
1761142048.905272,0,-0.001368,0.004023,1.158225,2.926,0.959,-0.655,-0.001368,0.004023,1.158225,2.926,0.959,-0.655
1761142049.016977,0,-0.001382,0.004078,1.158090,3.313,0.832,-0.642,-0.001382,0.004078,1.158090,3.313,0.832,-0.642
1761142049.127870,0,-0.001400,0.004135,1.158019,3.679,0.833,-0.621,-0.001400,0.004135,1.158019,3.679,0.833,-0.621
1761142053.428747,0,-0.001397,0.004035,1.155638,2.798,0.998,-0.643,-0.001397,0.004035,1.155638,2.798,0.998,-0.643
1761142053.621343,0,-0.001308,0.003686,1.155302,1.078,1.617,-0.722,-0.001308,0.003686,1.155302,1.078,1.617,-0.722
1761142053.711868,0,-0.001301,0.003684,1.154893,1.344,1.975,-0.681,-0.001301,0.003684,1.154893,1.344,1.975,-0.681
1761142053.798959,0,-0.001186,0.003383,1.154716,-0.586,1.717,-0.821,-0.001186,0.003383,1.154716,-0.586,1.717,-0.821
1761142053.881701,0,-0.001130,0.003323,1.154564,-1.196,1.554,-0.838,-0.001130,0.003323,1.154564,-1.196,1.554,-0.838
1761142053.968034,0,-0.001045,0.003620,1.154771,-1.079,1.391,-0.723,-0.001045,0.003620,1.154771,-1.079,1.391,-0.723
1761142054.059824,0,-0.001058,0.003616,1.154692,-1.215,1.441,-0.735,-0.001058,0.003616,1.154692,-1.215,1.441,-0.735
1761142054.133770,0,-0.001043,0.003626,1.154706,-1.133,1.450,-0.727,-0.001043,0.003626,1.154706,-1.133,1.450,-0.727
1761142054.214266,0,-0.001053,0.003623,1.154751,-1.160,1.406,-0.723,-0.001053,0.003623,1.154751,-1.160,1.406,-0.723
1761142054.298197,0,-0.001043,0.003610,1.154733,-1.230,1.396,-0.734,-0.001043,0.003610,1.154733,-1.230,1.396,-0.734
1761142054.376224,0,-0.001057,0.003612,1.154686,-1.266,1.449,-0.729,-0.001057,0.003612,1.154686,-1.266,1.449,-0.729
1761142054.460643,0,-0.001037,0.003628,1.154705,-1.130,1.385,-0.729,-0.001037,0.003628,1.154705,-1.130,1.385,-0.729
1761142054.550930,0,-0.001048,0.003590,1.154790,-1.396,1.389,-0.725,-0.001048,0.003590,1.154790,-1.396,1.389,-0.725
1761142054.644735,0,-0.001037,0.003593,1.154749,-1.373,1.343,-0.729,-0.001037,0.003593,1.154749,-1.373,1.343,-0.729
1761142054.730685,0,-0.001049,0.003596,1.154771,-1.365,1.366,-0.727,-0.001049,0.003596,1.154771,-1.365,1.366,-0.727
1761142054.813086,0,-0.001047,0.003607,1.154761,-1.316,1.356,-0.733,-0.001047,0.003607,1.154761,-1.316,1.356,-0.733
1761142054.893911,0,-0.001069,0.003610,1.154811,-1.252,1.469,-0.732,-0.001069,0.003610,1.154811,-1.252,1.469,-0.732
1761142054.974514,0,-0.001043,0.003638,1.154734,-1.138,1.385,-0.726,-0.001043,0.003638,1.154734,-1.138,1.385,-0.726
1761142055.050879,0,-0.001036,0.003619,1.154729,-1.197,1.363,-0.726,-0.001036,0.003619,1.154729,-1.197,1.363,-0.726
1761142055.129315,0,-0.001048,0.003611,1.154702,-1.257,1.467,-0.730,-0.001048,0.003611,1.154702,-1.257,1.467,-0.730
1761142055.217052,0,-0.001043,0.003610,1.154721,-1.324,1.384,-0.733,-0.001043,0.003610,1.154721,-1.324,1.384,-0.733
1761142055.307740,0,-0.001065,0.003622,1.154801,-1.216,1.525,-0.728,-0.001065,0.003622,1.154801,-1.216,1.525,-0.728
1761142055.386510,0,-0.001039,0.003619,1.154793,-1.216,1.396,-0.730,-0.001039,0.003619,1.154793,-1.216,1.396,-0.730
1761142055.486044,0,-0.001038,0.003646,1.154816,-1.069,1.349,-0.727,-0.001038,0.003646,1.154816,-1.069,1.349,-0.727
1761142055.572414,0,-0.001049,0.003603,1.154790,-1.299,1.420,-0.730,-0.001049,0.003603,1.154790,-1.299,1.420,-0.730
1761142055.654636,0,-0.001067,0.003643,1.154713,-1.091,1.578,-0.726,-0.001067,0.003643,1.154713,-1.091,1.578,-0.726
1761142055.734618,0,-0.001040,0.003630,1.154843,-1.172,1.369,-0.732,-0.001040,0.003630,1.154843,-1.172,1.369,-0.732
1761142055.815828,0,-0.001050,0.003624,1.154733,-1.205,1.445,-0.732,-0.001050,0.003624,1.154733,-1.205,1.445,-0.732
1761142055.890726,0,-0.001033,0.003631,1.154733,-1.152,1.359,-0.728,-0.001033,0.003631,1.154733,-1.152,1.359,-0.728
1761142055.970483,0,-0.001059,0.003628,1.154818,-1.169,1.486,-0.731,-0.001059,0.003628,1.154818,-1.169,1.486,-0.731
1761142056.046859,0,-0.001048,0.003635,1.154741,-1.079,1.454,-0.728,-0.001048,0.003635,1.154741,-1.079,1.454,-0.728
1761142056.123538,0,-0.001058,0.003627,1.154837,-1.245,1.387,-0.738,-0.001058,0.003627,1.154837,-1.245,1.387,-0.738
1761142056.206495,0,-0.001039,0.003617,1.154793,-1.219,1.370,-0.730,-0.001039,0.003617,1.154793,-1.219,1.370,-0.730
1761142056.284735,0,-0.001056,0.003619,1.154800,-1.243,1.447,-0.729,-0.001056,0.003619,1.154800,-1.243,1.447,-0.729
1761142056.363136,0,-0.001050,0.003621,1.154844,-1.234,1.402,-0.735,-0.001050,0.003621,1.154844,-1.234,1.402,-0.735
1761142056.444920,0,-0.001061,0.003620,1.154818,-1.232,1.450,-0.728,-0.001061,0.003620,1.154818,-1.232,1.450,-0.728
1761142056.520243,0,-0.001059,0.003636,1.154799,-1.166,1.515,-0.728,-0.001059,0.003636,1.154799,-1.166,1.515,-0.728
1761142056.601333,0,-0.001034,0.003620,1.154825,-1.202,1.328,-0.732,-0.001034,0.003620,1.154825,-1.202,1.328,-0.732
1761142056.677538,0,-0.001047,0.003622,1.154713,-1.241,1.436,-0.728,-0.001047,0.003622,1.154713,-1.241,1.436,-0.728
1761142056.760176,0,-0.001041,0.003613,1.154833,-1.276,1.393,-0.735,-0.001041,0.003613,1.154833,-1.276,1.393,-0.735
1761142056.838198,0,-0.001035,0.003626,1.154871,-1.246,1.369,-0.722,-0.001035,0.003626,1.154871,-1.246,1.369,-0.722
1761142056.914443,0,-0.001052,0.003643,1.154821,-1.086,1.489,-0.731,-0.001052,0.003643,1.154821,-1.086,1.489,-0.731
1761142057.003357,0,-0.001051,0.003635,1.154807,-1.095,1.468,-0.725,-0.001051,0.003635,1.154807,-1.095,1.468,-0.725
1761142057.078713,0,-0.001032,0.003650,1.154801,-1.043,1.399,-0.724,-0.001032,0.003650,1.154801,-1.043,1.399,-0.724
1761142057.154475,0,-0.001030,0.003646,1.154765,-1.098,1.322,-0.729,-0.001030,0.003646,1.154765,-1.098,1.322,-0.729
1761142057.236811,0,-0.001034,0.003662,1.154825,-1.055,1.383,-0.730,-0.001034,0.003662,1.154825,-1.055,1.383,-0.730
1761142057.319085,0,-0.001048,0.003641,1.154791,-1.058,1.435,-0.731,-0.001048,0.003641,1.154791,-1.058,1.435,-0.731
1761142057.405979,0,-0.001028,0.003628,1.154808,-1.162,1.355,-0.726,-0.001028,0.003628,1.154808,-1.162,1.355,-0.726
1761142057.489228,0,-0.001037,0.003636,1.154889,-1.147,1.345,-0.720,-0.001037,0.003636,1.154889,-1.147,1.345,-0.720
1761142057.577694,0,-0.001026,0.003632,1.154825,-1.160,1.338,-0.727,-0.001026,0.003632,1.154825,-1.160,1.338,-0.727
1761142057.661436,0,-0.001049,0.003662,1.154830,-0.984,1.456,-0.731,-0.001049,0.003662,1.154830,-0.984,1.456,-0.731
1761142057.746471,0,-0.001054,0.003650,1.154764,-1.082,1.480,-0.723,-0.001054,0.003650,1.154764,-1.082,1.480,-0.723
1761142057.825847,0,-0.001044,0.003645,1.154816,-1.154,1.430,-0.729,-0.001044,0.003645,1.154816,-1.154,1.430,-0.729
1761142057.899479,0,-0.001029,0.003645,1.154759,-1.165,1.317,-0.730,-0.001029,0.003645,1.154759,-1.165,1.317,-0.730
1761142057.974112,0,-0.001039,0.003633,1.154783,-1.228,1.396,-0.737,-0.001039,0.003633,1.154783,-1.228,1.396,-0.737
1761142058.060602,0,-0.001041,0.003666,1.154789,-1.038,1.402,-0.733,-0.001041,0.003666,1.154789,-1.038,1.402,-0.733
1761142058.137749,0,-0.001041,0.003670,1.154755,-1.049,1.455,-0.726,-0.001041,0.003670,1.154755,-1.049,1.455,-0.726
1761142058.215019,0,-0.001042,0.003656,1.154761,-1.063,1.418,-0.728,-0.001042,0.003656,1.154761,-1.063,1.418,-0.728
1761142058.296851,0,-0.001047,0.003641,1.154753,-1.160,1.439,-0.731,-0.001047,0.003641,1.154753,-1.160,1.439,-0.731
1761142058.373974,0,-0.001036,0.003638,1.154795,-1.104,1.387,-0.723,-0.001036,0.003638,1.154795,-1.104,1.387,-0.723
1761142058.454277,0,-0.001054,0.003643,1.154802,-1.064,1.442,-0.729,-0.001054,0.003643,1.154802,-1.064,1.442,-0.729
1761142058.534497,0,-0.001021,0.003646,1.154259,-1.335,1.396,-0.732,-0.001021,0.003646,1.154259,-1.335,1.396,-0.732
1761142058.611967,0,-0.001067,0.003647,1.155033,-0.984,1.490,-0.730,-0.001067,0.003647,1.155033,-0.984,1.490,-0.730
1761142058.688153,0,-0.001069,0.003694,1.165216,0.003,1.314,-0.710,-0.001069,0.003694,1.165216,0.003,1.314,-0.710
1761142058.759941,0,-0.001067,0.003629,1.159867,-0.948,1.319,-0.720,-0.001067,0.003629,1.159867,-0.948,1.319,-0.720
1761142058.838275,0,-0.001037,0.003769,1.152574,-1.028,1.533,-0.717,-0.001037,0.003769,1.152574,-1.028,1.533,-0.717
1761142058.911560,0,-0.001065,0.003694,1.157026,-0.905,1.459,-0.692,-0.001065,0.003694,1.157026,-0.905,1.459,-0.692
1761142058.985811,0,-0.001079,0.003670,1.156979,-1.144,1.475,-0.704,-0.001079,0.003670,1.156979,-1.144,1.475,-0.704
1761142059.075582,0,-0.001112,0.003694,1.157016,-1.189,1.559,-0.688,-0.001112,0.003694,1.157016,-1.189,1.559,-0.688
1761142059.154334,0,-0.001119,0.003734,1.156845,-0.982,1.529,-0.685,-0.001119,0.003734,1.156845,-0.982,1.529,-0.685
1761142059.233539,0,-0.001116,0.003711,1.156757,-1.140,1.516,-0.689,-0.001116,0.003711,1.156757,-1.140,1.516,-0.689
1761142059.318856,0,-0.001138,0.003707,1.156718,-1.126,1.577,-0.690,-0.001138,0.003707,1.156718,-1.126,1.577,-0.690
1761142059.398688,0,-0.001110,0.003722,1.156697,-1.024,1.469,-0.688,-0.001110,0.003722,1.156697,-1.024,1.469,-0.688
1761142059.475760,0,-0.001113,0.003704,1.156727,-1.172,1.484,-0.682,-0.001113,0.003704,1.156727,-1.172,1.484,-0.682
1761142059.557591,0,-0.001382,0.004719,1.156970,5.476,-0.016,-0.325,-0.001382,0.004719,1.156970,5.476,-0.016,-0.325
1761142061.039918,0,-0.001163,0.003808,1.152351,-1.392,1.629,-0.666,-0.001163,0.003808,1.152351,-1.392,1.629,-0.666
1761142061.114475,0,-0.001158,0.003825,1.152496,-1.315,1.483,-0.668,-0.001158,0.003825,1.152496,-1.315,1.483,-0.668
1761142061.195549,0,-0.001158,0.003801,1.152349,-1.331,1.553,-0.673,-0.001158,0.003801,1.152349,-1.331,1.553,-0.673
1761142061.273211,0,-0.001142,0.003687,1.152517,-1.069,1.428,-0.714,-0.001142,0.003687,1.152517,-1.069,1.428,-0.714
1761142061.355361,0,-0.001164,0.003814,1.152168,-1.000,1.536,-0.666,-0.001164,0.003814,1.152168,-1.000,1.536,-0.666
1761142061.432701,0,-0.001124,0.003814,1.152322,-1.196,1.375,-0.664,-0.001124,0.003814,1.152322,-1.196,1.375,-0.664
1761142061.498082,0,-0.001156,0.003797,1.152315,-1.368,1.553,-0.675,-0.001156,0.003797,1.152315,-1.368,1.553,-0.675
1761142061.575793,0,-0.001144,0.003782,1.152294,-1.457,1.405,-0.671,-0.001144,0.003782,1.152294,-1.457,1.405,-0.671
1761142061.644369,0,-0.001131,0.003785,1.152257,-1.389,1.435,-0.672,-0.001131,0.003785,1.152257,-1.389,1.435,-0.672
1761142061.711561,0,-0.001146,0.003796,1.152321,-1.401,1.590,-0.670,-0.001146,0.003796,1.152321,-1.401,1.590,-0.670
1761142061.780908,0,-0.001140,0.003798,1.152158,-1.343,1.547,-0.662,-0.001140,0.003798,1.152158,-1.343,1.547,-0.662
1761142061.851736,0,-0.001144,0.003789,1.152298,-1.403,1.487,-0.667,-0.001144,0.003789,1.152298,-1.403,1.487,-0.667
1761142061.917592,0,-0.001143,0.003789,1.152252,-1.372,1.509,-0.669,-0.001143,0.003789,1.152252,-1.372,1.509,-0.669
1761142061.990377,0,-0.001140,0.003815,1.152173,-1.268,1.549,-0.670,-0.001140,0.003815,1.152173,-1.268,1.549,-0.670
1761142062.058241,0,-0.001158,0.003814,1.152194,-1.304,1.650,-0.670,-0.001158,0.003814,1.152194,-1.304,1.650,-0.670
1761142062.122877,0,-0.001145,0.003787,1.152249,-1.458,1.558,-0.664,-0.001145,0.003787,1.152249,-1.458,1.558,-0.664
1761142062.190057,0,-0.001142,0.003802,1.152141,-1.323,1.536,-0.671,-0.001142,0.003802,1.152141,-1.323,1.536,-0.671
1761142062.264785,0,-0.001138,0.003793,1.152219,-1.394,1.529,-0.674,-0.001138,0.003793,1.152219,-1.394,1.529,-0.674
1761142062.339147,0,-0.001145,0.003774,1.152167,-1.487,1.550,-0.667,-0.001145,0.003774,1.152167,-1.487,1.550,-0.667
1761142062.404442,0,-0.001149,0.003776,1.152157,-1.515,1.594,-0.675,-0.001149,0.003776,1.152157,-1.515,1.594,-0.675
1761142062.474255,0,-0.001170,0.003782,1.151997,-1.540,1.692,-0.674,-0.001170,0.003782,1.151997,-1.540,1.692,-0.674
1761142062.544178,0,-0.001150,0.003799,1.152174,-1.404,1.577,-0.673,-0.001150,0.003799,1.152174,-1.404,1.577,-0.673
1761142062.609335,0,-0.001162,0.003773,1.152107,-1.518,1.642,-0.673,-0.001162,0.003773,1.152107,-1.518,1.642,-0.673
1761142062.676704,0,-0.001142,0.003811,1.152044,-1.361,1.529,-0.664,-0.001142,0.003811,1.152044,-1.361,1.529,-0.664
1761142062.742361,0,-0.001139,0.003802,1.152100,-1.331,1.515,-0.664,-0.001139,0.003802,1.152100,-1.331,1.515,-0.664
1761142062.824021,0,-0.001150,0.003765,1.152116,-1.572,1.534,-0.678,-0.001150,0.003765,1.152116,-1.572,1.534,-0.678
1761142062.915884,0,-0.001150,0.003784,1.152054,-1.498,1.629,-0.673,-0.001150,0.003784,1.152054,-1.498,1.629,-0.673
1761142062.989269,0,-0.001122,0.003836,1.151186,-1.211,1.507,-0.680,-0.001122,0.003836,1.151186,-1.211,1.507,-0.680
1761142063.070883,0,-0.001157,0.003706,1.159723,-1.111,1.361,-0.666,-0.001157,0.003706,1.159723,-1.111,1.361,-0.666
1761142063.136752,0,-0.001140,0.003744,1.161757,-1.324,1.191,-0.665,-0.001140,0.003744,1.161757,-1.324,1.191,-0.665
1761142063.203769,0,-0.001165,0.003716,1.155565,-1.553,1.503,-0.680,-0.001165,0.003716,1.155565,-1.553,1.503,-0.680
1761142063.277126,0,-0.001148,0.003835,1.151107,-1.199,1.670,-0.676,-0.001148,0.003835,1.151107,-1.199,1.670,-0.676
1761142063.344164,0,-0.001145,0.003722,1.156440,-1.297,1.406,-0.672,-0.001145,0.003722,1.156440,-1.297,1.406,-0.672
1761142063.420844,0,-0.001159,0.003723,1.156348,-1.287,1.477,-0.670,-0.001159,0.003723,1.156348,-1.287,1.477,-0.670
1761142063.497079,0,-0.001140,0.003736,1.156408,-1.234,1.352,-0.672,-0.001140,0.003736,1.156408,-1.234,1.352,-0.672
1761142063.560183,0,-0.001147,0.003731,1.156439,-1.193,1.378,-0.665,-0.001147,0.003731,1.156439,-1.193,1.378,-0.665
1761142063.621289,0,-0.001146,0.003731,1.156421,-1.243,1.388,-0.671,-0.001146,0.003731,1.156421,-1.243,1.388,-0.671
1761142063.691805,0,-0.001149,0.003713,1.156411,-1.342,1.432,-0.674,-0.001149,0.003713,1.156411,-1.342,1.432,-0.674
1761142063.755967,0,-0.001163,0.003718,1.156381,-1.315,1.486,-0.671,-0.001163,0.003718,1.156381,-1.315,1.486,-0.671
1761142063.823106,0,-0.001125,0.003712,1.156456,-1.317,1.285,-0.676,-0.001125,0.003712,1.156456,-1.317,1.285,-0.676
1761142063.895326,0,-0.001163,0.003726,1.156387,-1.307,1.454,-0.674,-0.001163,0.003726,1.156387,-1.307,1.454,-0.674
1761142063.961372,0,-0.001151,0.003719,1.156360,-1.343,1.476,-0.674,-0.001151,0.003719,1.156360,-1.343,1.476,-0.674
1761142064.029164,0,-0.001142,0.003741,1.156379,-1.127,1.386,-0.668,-0.001142,0.003741,1.156379,-1.127,1.386,-0.668
1761142064.107527,0,-0.001132,0.003716,1.156408,-1.366,1.367,-0.668,-0.001132,0.003716,1.156408,-1.366,1.367,-0.668
1761142064.179290,0,-0.001164,0.003720,1.156314,-1.344,1.530,-0.680,-0.001164,0.003720,1.156314,-1.344,1.530,-0.680
1761142064.244450,0,-0.001139,0.003716,1.156256,-1.324,1.403,-0.673,-0.001139,0.003716,1.156256,-1.324,1.403,-0.673
1761142064.315649,0,-0.001145,0.003713,1.156341,-1.338,1.390,-0.675,-0.001145,0.003713,1.156341,-1.338,1.390,-0.675
1761142064.383072,0,-0.001147,0.003729,1.156419,-1.299,1.397,-0.676,-0.001147,0.003729,1.156419,-1.299,1.397,-0.676
1761142064.449733,0,-0.001147,0.003729,1.156386,-1.203,1.465,-0.672,-0.001147,0.003729,1.156386,-1.203,1.465,-0.672
1761142064.529474,0,-0.001169,0.003726,1.156373,-1.254,1.536,-0.675,-0.001169,0.003726,1.156373,-1.254,1.536,-0.675
1761142064.591117,0,-0.001129,0.003742,1.156466,-1.186,1.327,-0.664,-0.001129,0.003742,1.156466,-1.186,1.327,-0.664
1761142064.651718,0,-0.001146,0.003715,1.156382,-1.381,1.333,-0.671,-0.001146,0.003715,1.156382,-1.381,1.333,-0.671
1761142064.722466,0,-0.001134,0.003726,1.156388,-1.285,1.325,-0.669,-0.001134,0.003726,1.156388,-1.285,1.325,-0.669
1761142064.786623,0,-0.001160,0.003712,1.156392,-1.365,1.452,-0.671,-0.001160,0.003712,1.156392,-1.365,1.452,-0.671
1761142064.849436,0,-0.001125,0.003739,1.156379,-1.216,1.284,-0.668,-0.001125,0.003739,1.156379,-1.216,1.284,-0.668
1761142064.913057,0,-0.001150,0.003739,1.156328,-1.211,1.444,-0.669,-0.001150,0.003739,1.156328,-1.211,1.444,-0.669
1761142064.980917,0,-0.001147,0.003739,1.156313,-1.198,1.432,-0.667,-0.001147,0.003739,1.156313,-1.198,1.432,-0.667
1761142065.051642,0,-0.001125,0.003741,1.156356,-1.214,1.293,-0.668,-0.001125,0.003741,1.156356,-1.214,1.293,-0.668
1761142065.113261,0,-0.001139,0.003727,1.156362,-1.283,1.363,-0.672,-0.001139,0.003727,1.156362,-1.283,1.363,-0.672
1761142065.189346,0,-0.001167,0.003734,1.156395,-1.249,1.480,-0.680,-0.001167,0.003734,1.156395,-1.249,1.480,-0.680
1761142065.261243,0,-0.001137,0.003733,1.156432,-1.278,1.378,-0.672,-0.001137,0.003733,1.156432,-1.278,1.378,-0.672
1761142065.326214,0,-0.001136,0.003723,1.156346,-1.259,1.353,-0.665,-0.001136,0.003723,1.156346,-1.259,1.353,-0.665
1761142065.396358,0,-0.001129,0.003706,1.156409,-1.405,1.272,-0.672,-0.001129,0.003706,1.156409,-1.405,1.272,-0.672
1761142065.460458,0,-0.001152,0.003714,1.156393,-1.364,1.452,-0.675,-0.001152,0.003714,1.156393,-1.364,1.452,-0.675
1761142065.526960,0,-0.001149,0.003726,1.156326,-1.265,1.434,-0.676,-0.001149,0.003726,1.156326,-1.265,1.434,-0.676
1761142065.593138,0,-0.001142,0.003734,1.156403,-1.244,1.359,-0.663,-0.001142,0.003734,1.156403,-1.244,1.359,-0.663
1761142065.663380,0,-0.001163,0.003713,1.156391,-1.380,1.434,-0.675,-0.001163,0.003713,1.156391,-1.380,1.434,-0.675
1761142065.726803,0,-0.001148,0.003717,1.156380,-1.359,1.377,-0.670,-0.001148,0.003717,1.156380,-1.359,1.377,-0.670
1761142065.799962,0,-0.001137,0.003739,1.156358,-1.223,1.404,-0.661,-0.001137,0.003739,1.156358,-1.223,1.404,-0.661
1761142065.869166,0,-0.001138,0.003726,1.156376,-1.302,1.317,-0.675,-0.001138,0.003726,1.156376,-1.302,1.317,-0.675
1761142065.945863,0,-0.001134,0.003714,1.156355,-1.453,1.305,-0.674,-0.001134,0.003714,1.156355,-1.453,1.305,-0.674
1761142066.030040,0,-0.001137,0.003736,1.156333,-1.250,1.384,-0.672,-0.001137,0.003736,1.156333,-1.250,1.384,-0.672
1761142066.103842,0,-0.001153,0.003741,1.156285,-1.240,1.440,-0.665,-0.001153,0.003741,1.156285,-1.240,1.440,-0.665
1761142066.176387,0,-0.001137,0.003722,1.156408,-1.308,1.363,-0.669,-0.001137,0.003722,1.156408,-1.308,1.363,-0.669
1761142066.242910,0,-0.001158,0.003731,1.156373,-1.289,1.447,-0.674,-0.001158,0.003731,1.156373,-1.289,1.447,-0.674
1761142066.316637,0,-0.001147,0.003721,1.156369,-1.323,1.399,-0.673,-0.001147,0.003721,1.156369,-1.323,1.399,-0.673
1761142066.385798,0,-0.001162,0.003743,1.156354,-1.230,1.505,-0.671,-0.001162,0.003743,1.156354,-1.230,1.505,-0.671
1761142066.454468,0,-0.001146,0.003750,1.156367,-1.236,1.386,-0.672,-0.001146,0.003750,1.156367,-1.236,1.386,-0.672
1761142066.536586,0,-0.001155,0.003740,1.156346,-1.232,1.500,-0.671,-0.001155,0.003740,1.156346,-1.232,1.500,-0.671
1761142066.614858,0,-0.001134,0.003735,1.156409,-1.247,1.329,-0.664,-0.001134,0.003735,1.156409,-1.247,1.329,-0.664
1761142066.678540,0,-0.001150,0.003737,1.156365,-1.269,1.418,-0.669,-0.001150,0.003737,1.156365,-1.269,1.418,-0.669
1761142066.741347,0,-0.001135,0.003746,1.156383,-1.143,1.403,-0.665,-0.001135,0.003746,1.156383,-1.143,1.403,-0.665
1761142066.809475,0,-0.001151,0.003737,1.156361,-1.282,1.425,-0.673,-0.001151,0.003737,1.156361,-1.282,1.425,-0.673
1761142066.873724,0,-0.001130,0.003728,1.156392,-1.275,1.286,-0.674,-0.001130,0.003728,1.156392,-1.275,1.286,-0.674
1761142066.946155,0,-0.001138,0.003729,1.156335,-1.320,1.386,-0.667,-0.001138,0.003729,1.156335,-1.320,1.386,-0.667
1761142067.021499,0,-0.001151,0.003733,1.156318,-1.300,1.456,-0.672,-0.001151,0.003733,1.156318,-1.300,1.456,-0.672
1761142067.087767,0,-0.001143,0.003751,1.156367,-1.176,1.442,-0.671,-0.001143,0.003751,1.156367,-1.176,1.442,-0.671
1761142067.156423,0,-0.001133,0.003722,1.156327,-1.330,1.361,-0.668,-0.001133,0.003722,1.156327,-1.330,1.361,-0.668
1761142067.227832,0,-0.001135,0.003737,1.156399,-1.298,1.397,-0.668,-0.001135,0.003737,1.156399,-1.298,1.397,-0.668
1761142067.292385,0,-0.001136,0.003726,1.156307,-1.337,1.392,-0.673,-0.001136,0.003726,1.156307,-1.337,1.392,-0.673
1761142067.355011,0,-0.001147,0.003739,1.156353,-1.254,1.439,-0.671,-0.001147,0.003739,1.156353,-1.254,1.439,-0.671
1761142067.422795,0,-0.001156,0.003739,1.156333,-1.262,1.490,-0.667,-0.001156,0.003739,1.156333,-1.262,1.490,-0.667
1761142067.485063,0,-0.001154,0.003729,1.156275,-1.299,1.441,-0.679,-0.001154,0.003729,1.156275,-1.299,1.441,-0.679
1761142067.550272,0,-0.001147,0.003743,1.156358,-1.259,1.439,-0.675,-0.001147,0.003743,1.156358,-1.259,1.439,-0.675
1761142067.620933,0,-0.001150,0.003718,1.156304,-1.361,1.451,-0.675,-0.001150,0.003718,1.156304,-1.361,1.451,-0.675
1761142067.684413,0,-0.001134,0.003739,1.156325,-1.219,1.398,-0.663,-0.001134,0.003739,1.156325,-1.219,1.398,-0.663
1761142067.744615,0,-0.001131,0.003727,1.156254,-1.285,1.353,-0.667,-0.001131,0.003727,1.156254,-1.285,1.353,-0.667
1761142067.822047,0,-0.001142,0.003737,1.156355,-1.271,1.375,-0.670,-0.001142,0.003737,1.156355,-1.271,1.375,-0.670
1761142067.897897,0,-0.001147,0.003734,1.156390,-1.279,1.381,-0.673,-0.001147,0.003734,1.156390,-1.279,1.381,-0.673
1761142067.964110,0,-0.001144,0.003720,1.156369,-1.293,1.357,-0.668,-0.001144,0.003720,1.156369,-1.293,1.357,-0.668
1761142068.037439,0,-0.001135,0.003724,1.156344,-1.311,1.327,-0.676,-0.001135,0.003724,1.156344,-1.311,1.327,-0.676
1761142068.105656,0,-0.001157,0.003721,1.156366,-1.300,1.461,-0.671,-0.001157,0.003721,1.156366,-1.300,1.461,-0.671
1761142068.175737,0,-0.001159,0.003734,1.156292,-1.261,1.493,-0.676,-0.001159,0.003734,1.156292,-1.261,1.493,-0.676
1761142068.241359,0,-0.001150,0.003736,1.156354,-1.200,1.369,-0.672,-0.001150,0.003736,1.156354,-1.200,1.369,-0.672
1761142068.315751,0,-0.001155,0.003735,1.156291,-1.254,1.477,-0.673,-0.001155,0.003735,1.156291,-1.254,1.477,-0.673
1761142068.378513,0,-0.001151,0.003725,1.156309,-1.332,1.422,-0.671,-0.001151,0.003725,1.156309,-1.332,1.422,-0.671
1761142068.450938,0,-0.001144,0.003729,1.156341,-1.297,1.362,-0.674,-0.001144,0.003729,1.156341,-1.297,1.362,-0.674
1761142068.520693,0,-0.001124,0.003724,1.156310,-1.326,1.304,-0.672,-0.001124,0.003724,1.156310,-1.326,1.304,-0.672
1761142068.587783,0,-0.001176,0.003710,1.156300,-1.415,1.565,-0.672,-0.001176,0.003710,1.156300,-1.415,1.565,-0.672
1761142068.650991,0,-0.001138,0.003752,1.156245,-1.165,1.388,-0.675,-0.001138,0.003752,1.156245,-1.165,1.388,-0.675
1761142068.718570,0,-0.001148,0.003722,1.156305,-1.395,1.404,-0.676,-0.001148,0.003722,1.156305,-1.395,1.404,-0.676
1761142068.787141,0,-0.001146,0.003722,1.156325,-1.342,1.435,-0.671,-0.001146,0.003722,1.156325,-1.342,1.435,-0.671
1761142068.855946,0,-0.001146,0.003721,1.156335,-1.382,1.454,-0.675,-0.001146,0.003721,1.156335,-1.382,1.454,-0.675
1761142068.925256,0,-0.001151,0.003754,1.156264,-1.173,1.471,-0.666,-0.001151,0.003754,1.156264,-1.173,1.471,-0.666
1761142068.991748,0,-0.001165,0.003743,1.156318,-1.268,1.511,-0.672,-0.001165,0.003743,1.156318,-1.268,1.511,-0.672
1761142069.062016,0,-0.001135,0.003725,1.156373,-1.335,1.297,-0.677,-0.001135,0.003725,1.156373,-1.335,1.297,-0.677
1761142069.138613,0,-0.001167,0.003716,1.156249,-1.393,1.518,-0.676,-0.001167,0.003716,1.156249,-1.393,1.518,-0.676
1761142069.209655,0,-0.001162,0.003727,1.156278,-1.320,1.457,-0.675,-0.001162,0.003727,1.156278,-1.320,1.457,-0.675
1761142069.276195,0,-0.001163,0.003730,1.156251,-1.377,1.391,-0.669,-0.001163,0.003730,1.156251,-1.377,1.391,-0.669
1761142069.349305,0,-0.001162,0.003736,1.156209,-1.362,1.374,-0.676,-0.001162,0.003736,1.156209,-1.362,1.374,-0.676
1761142069.417861,0,-0.001172,0.003756,1.156218,-1.299,1.465,-0.666,-0.001172,0.003756,1.156218,-1.299,1.465,-0.666
1761142069.490008,0,-0.001161,0.003737,1.156231,-1.374,1.346,-0.671,-0.001161,0.003737,1.156231,-1.374,1.346,-0.671
1761142069.557700,0,-0.001152,0.003741,1.156289,-1.389,1.305,-0.681,-0.001152,0.003741,1.156289,-1.389,1.305,-0.681
1761142069.619816,0,-0.001139,0.003740,1.156316,-1.325,1.266,-0.663,-0.001139,0.003740,1.156316,-1.325,1.266,-0.663
1761142069.678651,0,-0.001144,0.003745,1.156241,-1.358,1.307,-0.663,-0.001144,0.003745,1.156241,-1.358,1.307,-0.663
1761142069.751110,0,-0.001153,0.003723,1.156241,-1.401,1.355,-0.668,-0.001153,0.003723,1.156241,-1.401,1.355,-0.668
1761142069.818899,0,-0.001166,0.003735,1.156299,-1.387,1.405,-0.666,-0.001166,0.003735,1.156299,-1.387,1.405,-0.666
1761142069.890212,0,-0.001163,0.003738,1.156277,-1.336,1.407,-0.670,-0.001163,0.003738,1.156277,-1.336,1.407,-0.670
1761142069.959771,0,-0.001182,0.003737,1.156259,-1.365,1.441,-0.672,-0.001182,0.003737,1.156259,-1.365,1.441,-0.672
1761142070.030363,0,-0.001173,0.003727,1.156173,-1.395,1.443,-0.670,-0.001173,0.003727,1.156173,-1.395,1.443,-0.670
1761142070.093549,0,-0.001158,0.003752,1.156238,-1.267,1.370,-0.668,-0.001158,0.003752,1.156238,-1.267,1.370,-0.668
1761142070.164874,0,-0.001148,0.003735,1.156275,-1.348,1.325,-0.672,-0.001148,0.003735,1.156275,-1.348,1.325,-0.672
1761142070.235023,0,-0.001149,0.003716,1.156232,-1.440,1.314,-0.669,-0.001149,0.003716,1.156232,-1.440,1.314,-0.669
1761142070.304752,0,-0.001170,0.003738,1.156295,-1.362,1.385,-0.671,-0.001170,0.003738,1.156295,-1.362,1.385,-0.671
1761142070.378670,0,-0.001128,0.003734,1.156240,-1.384,1.177,-0.672,-0.001128,0.003734,1.156240,-1.384,1.177,-0.672
1761142070.451008,0,-0.001159,0.003714,1.156234,-1.518,1.340,-0.676,-0.001159,0.003714,1.156234,-1.518,1.340,-0.676
1761142070.522705,0,-0.001164,0.003747,1.156188,-1.349,1.366,-0.665,-0.001164,0.003747,1.156188,-1.349,1.366,-0.665
1761142070.596480,0,-0.001166,0.003750,1.156200,-1.326,1.399,-0.660,-0.001166,0.003750,1.156200,-1.326,1.399,-0.660
1761142070.661666,0,-0.001161,0.003728,1.156138,-1.439,1.371,-0.672,-0.001161,0.003728,1.156138,-1.439,1.371,-0.672
1761142070.722211,0,-0.001213,0.003758,1.155961,-1.669,1.431,-0.667,-0.001213,0.003758,1.155961,-1.669,1.431,-0.667
1761142070.793244,0,-0.001357,0.003884,1.155513,-1.998,1.578,-0.638,-0.001357,0.003884,1.155513,-1.998,1.578,-0.638
1761142070.868271,0,-0.001423,0.003952,1.155396,-2.057,1.479,-0.635,-0.001423,0.003952,1.155396,-2.057,1.479,-0.635
1761142070.946673,0,-0.001452,0.004011,1.155185,-1.932,1.391,-0.629,-0.001452,0.004011,1.155185,-1.932,1.391,-0.629
1761142071.025977,0,-0.001556,0.004133,1.154960,-1.773,1.214,-0.635,-0.001556,0.004133,1.154960,-1.773,1.214,-0.635
1761142071.107292,0,-0.001817,0.004333,1.154459,-1.672,1.144,-0.626,-0.001817,0.004333,1.154459,-1.672,1.144,-0.626
1761142071.172307,0,-0.001823,0.004342,1.154266,-1.386,1.122,-0.632,-0.001823,0.004342,1.154266,-1.386,1.122,-0.632
1761142071.251538,0,-0.001825,0.004289,1.154174,-1.584,1.165,-0.641,-0.001825,0.004289,1.154174,-1.584,1.165,-0.641
1761142071.326710,0,-0.001827,0.004308,1.154033,-1.575,1.279,-0.646,-0.001827,0.004308,1.154033,-1.575,1.279,-0.646
1761142071.416012,0,-0.001814,0.004323,1.154036,-1.801,1.252,-0.636,-0.001814,0.004323,1.154036,-1.801,1.252,-0.636
1761142071.494720,0,-0.001813,0.004312,1.154033,-1.948,1.290,-0.637,-0.001813,0.004312,1.154033,-1.948,1.290,-0.637
1761142071.567775,0,-0.001696,0.004321,1.154130,-1.859,1.350,-0.591,-0.001696,0.004321,1.154130,-1.859,1.350,-0.591
1761142071.650515,0,-0.001514,0.004307,1.154340,-1.890,1.276,-0.557,-0.001514,0.004307,1.154340,-1.890,1.276,-0.557
1761142071.741949,0,-0.001417,0.004324,1.154567,-1.937,1.246,-0.531,-0.001417,0.004324,1.154567,-1.937,1.246,-0.531
1761142071.815665,0,-0.001434,0.004322,1.154554,-2.023,1.324,-0.543,-0.001434,0.004322,1.154554,-2.023,1.324,-0.543
1761142071.962015,0,-0.001382,0.004486,1.154468,-2.212,1.279,-0.488,-0.001382,0.004486,1.154468,-2.212,1.279,-0.488
1761142072.040362,0,-0.001254,0.005031,1.154189,-2.063,1.118,-0.342,-0.001254,0.005031,1.154189,-2.063,1.118,-0.342
1761142072.107534,0,0.000038,0.006601,1.154080,-1.978,1.601,0.187,0.000038,0.006601,1.154080,-1.978,1.601,0.187
1761142072.177060,0,0.002133,0.012788,1.155184,-1.897,1.340,1.336,0.002133,0.012788,1.155184,-1.897,1.340,1.336
1761142072.245760,0,0.002129,0.013279,1.155336,-1.770,1.288,1.379,0.002129,0.013279,1.155336,-1.770,1.288,1.379
1761142072.322120,0,0.001975,0.013156,1.155687,-1.594,1.231,1.313,0.001975,0.013156,1.155687,-1.594,1.231,1.313
1761142072.388478,0,0.001955,0.013144,1.156556,-1.283,1.182,1.323,0.001955,0.013144,1.156556,-1.283,1.182,1.323
1761142072.466297,0,0.002005,0.013170,1.162214,-1.543,0.810,1.327,0.002005,0.013170,1.162214,-1.543,0.810,1.327
1761142072.536692,0,0.001952,0.013205,1.152838,-1.656,1.223,1.314,0.001952,0.013205,1.152838,-1.656,1.223,1.314
1761142072.606892,0,0.001975,0.013184,1.153178,-1.275,1.099,1.316,0.001975,0.013184,1.153178,-1.275,1.099,1.316
1761142072.675431,0,0.001966,0.013153,1.155578,-1.636,1.079,1.309,0.001966,0.013153,1.155578,-1.636,1.079,1.309
1761142072.744776,0,0.001959,0.013160,1.155627,-1.595,1.097,1.309,0.001959,0.013160,1.155627,-1.595,1.097,1.309
1761142072.808330,0,0.001944,0.013169,1.155542,-1.514,1.168,1.312,0.001944,0.013169,1.155542,-1.514,1.168,1.312
1761142072.880946,0,0.001961,0.013169,1.155570,-1.520,1.104,1.317,0.001961,0.013169,1.155570,-1.520,1.104,1.317
1761142072.951191,0,0.001948,0.013170,1.155509,-1.512,1.108,1.312,0.001948,0.013170,1.155509,-1.512,1.108,1.312
1761142073.016265,0,0.001946,0.013163,1.155543,-1.636,1.122,1.311,0.001946,0.013163,1.155543,-1.636,1.122,1.311
1761142073.091759,0,0.002038,0.013430,1.155524,-1.714,1.018,1.266,0.002038,0.013430,1.155524,-1.714,1.018,1.266
1761142073.160493,0,0.001948,0.013558,1.155590,-1.463,1.208,1.297,0.001948,0.013558,1.155590,-1.463,1.208,1.297
1761142073.225801,0,0.001285,0.011977,1.156673,-1.454,1.446,1.674,0.001285,0.011977,1.156673,-1.454,1.446,1.674
1761142073.291543,0,0.000261,0.010974,1.155508,-1.474,1.230,2.062,0.000261,0.010974,1.155508,-1.474,1.230,2.062
1761142073.362839,0,0.000105,0.011103,1.155546,-1.408,1.186,2.076,0.000105,0.011103,1.155546,-1.408,1.186,2.076
1761142073.433885,0,0.000106,0.011123,1.155480,-1.416,1.128,2.074,0.000106,0.011123,1.155480,-1.416,1.128,2.074
1761142073.505699,0,0.000917,0.010510,1.155742,-1.463,0.963,1.815,0.000917,0.010510,1.155742,-1.463,0.963,1.815
1761142073.589984,0,0.001016,0.010418,1.155654,-1.315,1.276,1.762,0.001016,0.010418,1.155654,-1.315,1.276,1.762
1761142073.655830,0,0.001012,0.010386,1.155672,-1.331,1.316,1.756,0.001012,0.010386,1.155672,-1.331,1.316,1.756
1761142073.731050,0,0.001024,0.010376,1.155783,-1.409,1.178,1.747,0.001024,0.010376,1.155783,-1.409,1.178,1.747
1761142073.800238,0,0.001035,0.010368,1.155747,-1.407,1.146,1.761,0.001035,0.010368,1.155747,-1.407,1.146,1.761
1761142073.876974,0,0.001045,0.010356,1.155742,-1.379,1.216,1.767,0.001045,0.010356,1.155742,-1.379,1.216,1.767
1761142073.948145,0,0.000902,0.009791,1.156024,-1.347,1.255,1.741,0.000902,0.009791,1.156024,-1.347,1.255,1.741
1761142074.017845,0,0.000564,0.009601,1.155705,-1.431,1.150,1.636,0.000564,0.009601,1.155705,-1.431,1.150,1.636
1761142074.086078,0,0.000557,0.009559,1.155714,-1.735,1.232,1.643,0.000557,0.009559,1.155714,-1.735,1.232,1.643
1761142074.160764,0,0.000589,0.009525,1.155563,-1.591,1.249,1.651,0.000589,0.009525,1.155563,-1.591,1.249,1.651
1761142074.234140,0,0.000648,0.009494,1.155736,-1.722,1.004,1.665,0.000648,0.009494,1.155736,-1.722,1.004,1.665
1761142074.304409,0,0.000640,0.009348,1.155815,-1.601,1.036,1.696,0.000640,0.009348,1.155815,-1.601,1.036,1.696
1761142074.379064,0,0.000593,0.009352,1.155562,-1.652,1.225,1.701,0.000593,0.009352,1.155562,-1.652,1.225,1.701
1761142074.448726,0,0.000601,0.009357,1.155493,-1.653,1.217,1.697,0.000601,0.009357,1.155493,-1.653,1.217,1.697
1761142074.514495,0,0.000597,0.009379,1.155581,-1.543,1.248,1.696,0.000597,0.009379,1.155581,-1.543,1.248,1.696
1761142074.581877,0,0.000617,0.009360,1.155644,-1.598,1.165,1.704,0.000617,0.009360,1.155644,-1.598,1.165,1.704
1761142074.648854,0,0.000601,0.009352,1.155616,-1.629,1.208,1.703,0.000601,0.009352,1.155616,-1.629,1.208,1.703
1761142074.717572,0,0.000591,0.009243,1.155880,-1.525,1.150,1.715,0.000591,0.009243,1.155880,-1.525,1.150,1.715
1761142074.797919,0,0.000604,0.008943,1.155915,-1.346,1.254,1.807,0.000604,0.008943,1.155915,-1.346,1.254,1.807
1761142074.870679,0,0.000842,0.008651,1.155816,-1.489,1.115,1.853,0.000842,0.008651,1.155816,-1.489,1.115,1.853
1761142074.957606,0,0.000834,0.008512,1.155572,-1.355,1.220,1.904,0.000834,0.008512,1.155572,-1.355,1.220,1.904
1761142075.049520,0,0.000481,0.008278,1.155836,-1.222,1.268,2.047,0.000481,0.008278,1.155836,-1.222,1.268,2.047
1761142075.123770,0,0.000588,0.008126,1.155841,-1.190,1.205,2.055,0.000588,0.008126,1.155841,-1.190,1.205,2.055
1761142075.204421,0,0.000643,0.008059,1.155749,-1.173,1.484,2.034,0.000643,0.008059,1.155749,-1.173,1.484,2.034
1761142075.272587,0,0.000664,0.008049,1.155743,-1.170,1.384,2.036,0.000664,0.008049,1.155743,-1.170,1.384,2.036
1761142075.333864,0,0.000694,0.008027,1.155773,-1.342,1.347,2.036,0.000694,0.008027,1.155773,-1.342,1.347,2.036
1761142075.404278,0,0.000705,0.008078,1.155766,-1.205,1.271,2.035,0.000705,0.008078,1.155766,-1.205,1.271,2.035
1761142075.470467,0,0.000669,0.008088,1.155691,-1.339,1.325,2.022,0.000669,0.008088,1.155691,-1.339,1.325,2.022
1761142075.530661,0,0.000710,0.008098,1.155619,-1.347,1.298,2.017,0.000710,0.008098,1.155619,-1.347,1.298,2.017
1761142075.597642,0,0.000684,0.008061,1.155584,-1.495,1.456,2.015,0.000684,0.008061,1.155584,-1.495,1.456,2.015
1761142075.659803,0,0.000701,0.008073,1.155660,-1.391,1.313,2.019,0.000701,0.008073,1.155660,-1.391,1.313,2.019
1761142075.737710,0,0.000698,0.008085,1.155512,-1.422,1.371,2.016,0.000698,0.008085,1.155512,-1.422,1.371,2.016
1761142075.812062,0,0.000688,0.008088,1.155542,-1.453,1.423,2.018,0.000688,0.008088,1.155542,-1.453,1.423,2.018
1761142075.874255,0,0.000444,0.009073,1.155465,-1.758,1.190,1.565,0.000444,0.009073,1.155465,-1.758,1.190,1.565
1761142075.940175,0,0.000429,0.009054,1.155538,-1.921,1.163,1.562,0.000429,0.009054,1.155538,-1.921,1.163,1.562
1761142076.013221,0,0.000437,0.009062,1.155545,-1.836,1.205,1.566,0.000437,0.009062,1.155545,-1.836,1.205,1.566
1761142076.085868,0,0.000446,0.009090,1.155509,-1.700,1.208,1.571,0.000446,0.009090,1.155509,-1.700,1.208,1.571
1761142076.151175,0,0.000408,0.009041,1.155455,-1.988,1.294,1.571,0.000408,0.009041,1.155455,-1.988,1.294,1.571
1761142076.219990,0,0.000360,0.009053,1.155468,-1.880,1.332,1.566,0.000360,0.009053,1.155468,-1.880,1.332,1.566
1761142076.280863,0,0.000425,0.009080,1.155742,-1.732,1.266,1.571,0.000425,0.009080,1.155742,-1.732,1.266,1.571
1761142076.352329,0,0.000441,0.009081,1.155695,-1.839,1.265,1.564,0.000441,0.009081,1.155695,-1.839,1.265,1.564
1761142076.427089,0,0.000421,0.009074,1.155656,-1.874,1.300,1.570,0.000421,0.009074,1.155656,-1.874,1.300,1.570
1761142076.493190,0,0.000463,0.009098,1.155807,-1.708,1.343,1.561,0.000463,0.009098,1.155807,-1.708,1.343,1.561
1761142076.561733,0,0.000473,0.009071,1.155944,-1.931,1.237,1.563,0.000473,0.009071,1.155944,-1.931,1.237,1.563
1761142076.627468,0,0.000475,0.009092,1.156149,-1.707,1.338,1.562,0.000475,0.009092,1.156149,-1.707,1.338,1.562
1761142076.695531,0,0.000468,0.009045,1.156141,-1.989,1.326,1.557,0.000468,0.009045,1.156141,-1.989,1.326,1.557
1761142076.775443,0,0.000442,0.009066,1.156230,-1.794,1.479,1.565,0.000442,0.009066,1.156230,-1.794,1.479,1.565
1761142076.855656,0,0.000451,0.009066,1.156197,-1.916,1.451,1.562,0.000451,0.009066,1.156197,-1.916,1.451,1.562
1761142076.935098,0,0.000462,0.009036,1.156182,-2.031,1.419,1.558,0.000462,0.009036,1.156182,-2.031,1.419,1.558
1761142077.013559,0,0.000470,0.009084,1.156308,-1.785,1.403,1.563,0.000470,0.009084,1.156308,-1.785,1.403,1.563
1761142077.092621,0,0.000484,0.009105,1.156077,-1.833,1.344,1.562,0.000484,0.009105,1.156077,-1.833,1.344,1.562
1761142077.162448,0,0.000498,0.009093,1.156174,-1.819,1.271,1.565,0.000498,0.009093,1.156174,-1.819,1.271,1.565
1761142077.235077,0,0.000471,0.009085,1.156079,-1.830,1.390,1.554,0.000471,0.009085,1.156079,-1.830,1.390,1.554
1761142077.305420,0,0.000513,0.009033,1.155805,-2.075,1.454,1.571,0.000513,0.009033,1.155805,-2.075,1.454,1.571
1761142077.377072,0,0.000505,0.009048,1.155768,-2.204,1.366,1.551,0.000505,0.009048,1.155768,-2.204,1.366,1.551
1761142077.456228,0,0.000480,0.009163,1.153416,-1.631,1.497,1.564,0.000480,0.009163,1.153416,-1.631,1.497,1.564
1761142077.543726,0,0.000476,0.009140,1.162865,-1.542,1.356,1.558,0.000476,0.009140,1.162865,-1.542,1.356,1.558
1761142077.603875,0,0.000429,0.009080,1.157634,-2.096,1.479,1.553,0.000429,0.009080,1.157634,-2.096,1.479,1.553
1761142077.664925,0,0.000506,0.009180,1.151527,-2.004,1.655,1.547,0.000506,0.009180,1.151527,-2.004,1.655,1.547
1761142077.741009,0,0.000478,0.009146,1.153436,-1.805,1.471,1.553,0.000478,0.009146,1.153436,-1.805,1.471,1.553
1761142077.817139,0,0.000487,0.009111,1.153348,-2.021,1.517,1.551,0.000487,0.009111,1.153348,-2.021,1.517,1.551
1761142077.887800,0,0.000493,0.009108,1.153418,-2.040,1.479,1.543,0.000493,0.009108,1.153418,-2.040,1.479,1.543
1761142077.947295,0,0.000465,0.009130,1.153435,-1.909,1.553,1.549,0.000465,0.009130,1.153435,-1.909,1.553,1.549
1761142078.008126,0,0.000473,0.009149,1.153467,-1.777,1.503,1.543,0.000473,0.009149,1.153467,-1.777,1.503,1.543
1761142078.073418,0,0.000465,0.009146,1.153394,-1.804,1.512,1.550,0.000465,0.009146,1.153394,-1.804,1.512,1.550
1761142078.144740,0,0.000468,0.009148,1.153398,-1.777,1.486,1.551,0.000468,0.009148,1.153398,-1.777,1.486,1.551
1761142078.203109,0,0.000467,0.009122,1.153402,-1.952,1.485,1.545,0.000467,0.009122,1.153402,-1.952,1.485,1.545
1761142078.259216,0,0.000461,0.009146,1.153395,-1.818,1.578,1.540,0.000461,0.009146,1.153395,-1.818,1.578,1.540
1761142078.323757,0,0.000471,0.009135,1.153410,-1.864,1.534,1.554,0.000471,0.009135,1.153410,-1.864,1.534,1.554
1761142078.383587,0,0.000467,0.009125,1.153363,-1.925,1.571,1.552,0.000467,0.009125,1.153363,-1.925,1.571,1.552
1761142078.443279,0,0.000470,0.009139,1.153384,-1.853,1.560,1.545,0.000470,0.009139,1.153384,-1.853,1.560,1.545
1761142078.508588,0,0.000461,0.009133,1.153288,-1.892,1.565,1.544,0.000461,0.009133,1.153288,-1.892,1.565,1.544
1761142078.565732,0,0.000466,0.009136,1.153354,-1.857,1.552,1.541,0.000466,0.009136,1.153354,-1.857,1.552,1.541
1761142078.624553,0,0.000481,0.009130,1.153320,-1.910,1.493,1.551,0.000481,0.009130,1.153320,-1.910,1.493,1.551
1761142078.686775,0,0.000487,0.009140,1.153311,-1.846,1.471,1.547,0.000487,0.009140,1.153311,-1.846,1.471,1.547
1761142078.748971,0,0.000477,0.009124,1.153319,-1.926,1.529,1.549,0.000477,0.009124,1.153319,-1.926,1.529,1.549
1761142078.806639,0,0.000475,0.009140,1.153303,-1.804,1.546,1.546,0.000475,0.009140,1.153303,-1.804,1.546,1.546
1761142078.864794,0,0.000471,0.009128,1.153400,-1.945,1.519,1.553,0.000471,0.009128,1.153400,-1.945,1.519,1.553
1761142078.926193,0,0.000461,0.009130,1.153364,-1.903,1.550,1.537,0.000461,0.009130,1.153364,-1.903,1.550,1.537
1761142078.989115,0,0.000493,0.009129,1.153389,-1.956,1.501,1.554,0.000493,0.009129,1.153389,-1.956,1.501,1.554
1761142079.050790,0,0.000484,0.009113,1.153448,-2.062,1.446,1.548,0.000484,0.009113,1.153448,-2.062,1.446,1.548
1761142079.106557,0,0.000481,0.009138,1.153358,-1.920,1.524,1.552,0.000481,0.009138,1.153358,-1.920,1.524,1.552
1761142079.168755,0,0.000481,0.009134,1.153360,-1.915,1.517,1.546,0.000481,0.009134,1.153360,-1.915,1.517,1.546
1761142079.222399,0,0.000478,0.009137,1.153340,-1.938,1.448,1.546,0.000478,0.009137,1.153340,-1.938,1.448,1.546
1761142079.280263,0,0.000466,0.009121,1.153303,-1.989,1.538,1.544,0.000466,0.009121,1.153303,-1.989,1.538,1.544
1761142079.336843,0,0.000478,0.009123,1.153340,-1.977,1.486,1.545,0.000478,0.009123,1.153340,-1.977,1.486,1.545
1761142079.397013,0,0.000489,0.009121,1.153351,-1.975,1.547,1.551,0.000489,0.009121,1.153351,-1.975,1.547,1.551
1761142079.457049,0,0.000490,0.009111,1.153428,-2.058,1.467,1.547,0.000490,0.009111,1.153428,-2.058,1.467,1.547
1761142079.515729,0,0.000485,0.009130,1.153500,-1.925,1.458,1.552,0.000485,0.009130,1.153500,-1.925,1.458,1.552
1761142079.573904,0,0.000490,0.009144,1.153425,-1.845,1.462,1.549,0.000490,0.009144,1.153425,-1.845,1.462,1.549
1761142079.635837,0,0.000490,0.009125,1.153468,-1.941,1.451,1.546,0.000490,0.009125,1.153468,-1.941,1.451,1.546
1761142079.696702,0,0.000464,0.009127,1.153316,-1.926,1.522,1.544,0.000464,0.009127,1.153316,-1.926,1.522,1.544
1761142079.752657,0,0.000473,0.009139,1.153376,-1.869,1.505,1.554,0.000473,0.009139,1.153376,-1.869,1.505,1.554
1761142079.812427,0,0.000469,0.009131,1.153185,-1.929,1.569,1.556,0.000469,0.009131,1.153185,-1.929,1.569,1.556
1761142079.869597,0,0.000469,0.009128,1.153218,-1.874,1.533,1.542,0.000469,0.009128,1.153218,-1.874,1.533,1.542
1761142079.922387,0,0.000472,0.009129,1.153331,-1.912,1.557,1.547,0.000472,0.009129,1.153331,-1.912,1.557,1.547
1761142079.981662,0,0.000466,0.009125,1.153262,-1.901,1.488,1.548,0.000466,0.009125,1.153262,-1.901,1.488,1.548
1761142080.040461,0,0.000451,0.009140,1.153274,-1.818,1.567,1.547,0.000451,0.009140,1.153274,-1.818,1.567,1.547
1761142080.104785,0,0.000454,0.009144,1.153228,-1.787,1.574,1.551,0.000454,0.009144,1.153228,-1.787,1.574,1.551
1761142080.162258,0,0.000472,0.009129,1.153261,-1.846,1.535,1.552,0.000472,0.009129,1.153261,-1.846,1.535,1.552
1761142080.218890,0,0.000465,0.009133,1.153303,-1.837,1.482,1.538,0.000465,0.009133,1.153303,-1.837,1.482,1.538
1761142080.273906,0,0.000454,0.009131,1.153152,-1.842,1.618,1.546,0.000454,0.009131,1.153152,-1.842,1.618,1.546
1761142080.328320,0,0.000478,0.009113,1.153234,-1.948,1.540,1.545,0.000478,0.009113,1.153234,-1.948,1.540,1.545
1761142080.387202,0,0.000472,0.009124,1.153217,-1.885,1.601,1.551,0.000472,0.009124,1.153217,-1.885,1.601,1.551
1761142080.441621,0,0.000489,0.009135,1.153289,-1.877,1.527,1.556,0.000489,0.009135,1.153289,-1.877,1.527,1.556
1761142080.499751,0,0.000479,0.009146,1.153237,-1.786,1.480,1.550,0.000479,0.009146,1.153237,-1.786,1.480,1.550
1761142080.554646,0,0.000467,0.009110,1.153217,-2.006,1.563,1.545,0.000467,0.009110,1.153217,-2.006,1.563,1.545
1761142080.627963,0,0.000473,0.009130,1.153246,-1.870,1.545,1.547,0.000473,0.009130,1.153246,-1.870,1.545,1.547
1761142080.683149,0,0.000471,0.009128,1.153280,-1.902,1.542,1.546,0.000471,0.009128,1.153280,-1.902,1.542,1.546
1761142080.740908,0,0.000473,0.009129,1.153306,-1.900,1.584,1.544,0.000473,0.009129,1.153306,-1.900,1.584,1.544
1761142080.797761,0,0.000495,0.009135,1.153358,-1.830,1.453,1.557,0.000495,0.009135,1.153358,-1.830,1.453,1.557
1761142080.862579,0,0.000487,0.009116,1.153248,-1.948,1.554,1.544,0.000487,0.009116,1.153248,-1.948,1.554,1.544
1761142080.915069,0,0.000487,0.009106,1.153310,-2.000,1.525,1.552,0.000487,0.009106,1.153310,-2.000,1.525,1.552
1761142080.972313,0,0.000493,0.009128,1.153291,-1.894,1.516,1.552,0.000493,0.009128,1.153291,-1.894,1.516,1.552
1761142081.032426,0,0.000495,0.009128,1.153302,-1.897,1.480,1.554,0.000495,0.009128,1.153302,-1.897,1.480,1.554
1761142081.096143,0,0.000481,0.009138,1.153295,-1.862,1.534,1.556,0.000481,0.009138,1.153295,-1.862,1.534,1.556
1761142081.162060,0,0.000497,0.009113,1.153274,-1.990,1.500,1.545,0.000497,0.009113,1.153274,-1.990,1.500,1.545
1761142081.229251,0,0.000480,0.009116,1.153251,-1.939,1.470,1.539,0.000480,0.009116,1.153251,-1.939,1.470,1.539
1761142081.288280,0,0.000474,0.009148,1.153241,-1.786,1.545,1.556,0.000474,0.009148,1.153241,-1.786,1.545,1.556
1761142081.347461,0,0.000475,0.009134,1.153226,-1.805,1.537,1.552,0.000475,0.009134,1.153226,-1.805,1.537,1.552
1761142081.415138,0,0.000478,0.009122,1.153261,-1.927,1.520,1.539,0.000478,0.009122,1.153261,-1.927,1.520,1.539
1761142081.480866,0,0.000465,0.009129,1.153169,-1.864,1.567,1.557,0.000465,0.009129,1.153169,-1.864,1.567,1.557
1761142081.546932,0,0.000508,0.009115,1.153221,-1.978,1.481,1.554,0.000508,0.009115,1.153221,-1.978,1.481,1.554
1761142081.606396,0,0.000510,0.009097,1.153272,-2.025,1.504,1.545,0.000510,0.009097,1.153272,-2.025,1.504,1.545
1761142081.668490,0,0.000505,0.009109,1.153257,-2.000,1.512,1.549,0.000505,0.009109,1.153257,-2.000,1.512,1.549
1761142081.726894,0,0.000510,0.009103,1.153257,-2.047,1.488,1.549,0.000510,0.009103,1.153257,-2.047,1.488,1.549
1761142081.783982,0,0.000502,0.009122,1.153264,-1.957,1.527,1.553,0.000502,0.009122,1.153264,-1.957,1.527,1.553
1761142081.843046,0,0.000488,0.009152,1.153272,-1.731,1.605,1.551,0.000488,0.009152,1.153272,-1.731,1.605,1.551
1761142081.905063,0,0.000500,0.009128,1.153262,-1.900,1.478,1.560,0.000500,0.009128,1.153262,-1.900,1.478,1.560
1761142081.966652,0,0.000496,0.009125,1.153196,-1.912,1.519,1.555,0.000496,0.009125,1.153196,-1.912,1.519,1.555
1761142082.024247,0,0.000477,0.009132,1.153282,-1.870,1.628,1.545,0.000477,0.009132,1.153282,-1.870,1.628,1.545
1761142082.084587,0,0.000493,0.009163,1.153217,-1.680,1.554,1.558,0.000493,0.009163,1.153217,-1.680,1.554,1.558
1761142082.148766,0,0.000488,0.009132,1.153204,-1.879,1.548,1.547,0.000488,0.009132,1.153204,-1.879,1.548,1.547
1761142082.215497,0,0.000483,0.009127,1.153219,-1.932,1.591,1.549,0.000483,0.009127,1.153219,-1.932,1.591,1.549
1761142082.294075,0,0.000490,0.009132,1.153188,-1.907,1.519,1.543,0.000490,0.009132,1.153188,-1.907,1.519,1.543
1761142082.361639,0,0.000473,0.009109,1.153135,-2.041,1.534,1.546,0.000473,0.009109,1.153135,-2.041,1.534,1.546
1761142082.420462,0,0.000483,0.009140,1.153200,-1.838,1.577,1.552,0.000483,0.009140,1.153200,-1.838,1.577,1.552
1761142082.490959,0,0.000487,0.009139,1.153127,-1.856,1.587,1.550,0.000487,0.009139,1.153127,-1.856,1.587,1.550
1761142082.557143,0,0.000477,0.009135,1.153228,-1.849,1.604,1.545,0.000477,0.009135,1.153228,-1.849,1.604,1.545
1761142082.615853,0,0.000493,0.009116,1.153229,-1.942,1.601,1.557,0.000493,0.009116,1.153229,-1.942,1.601,1.557
1761142082.672966,0,0.000491,0.009121,1.153201,-1.929,1.544,1.548,0.000491,0.009121,1.153201,-1.929,1.544,1.548
1761142082.728314,0,0.000493,0.009142,1.153232,-1.786,1.507,1.545,0.000493,0.009142,1.153232,-1.786,1.507,1.545
1761142082.785502,0,0.000480,0.009113,1.153248,-1.927,1.577,1.543,0.000480,0.009113,1.153248,-1.927,1.577,1.543
1761142082.839927,0,0.000495,0.009133,1.153230,-1.881,1.591,1.549,0.000495,0.009133,1.153230,-1.881,1.591,1.549
1761142082.895381,0,0.000487,0.009134,1.153120,-1.836,1.572,1.551,0.000487,0.009134,1.153120,-1.836,1.572,1.551
1761142082.962030,0,0.000482,0.009109,1.153159,-1.973,1.567,1.542,0.000482,0.009109,1.153159,-1.973,1.567,1.542
1761142083.021568,0,0.000491,0.009104,1.153179,-2.076,1.541,1.552,0.000491,0.009104,1.153179,-2.076,1.541,1.552
1761142083.078771,0,0.000501,0.009103,1.153201,-2.018,1.479,1.552,0.000501,0.009103,1.153201,-2.018,1.479,1.552
1761142083.141651,0,0.000475,0.009121,1.153170,-1.859,1.582,1.553,0.000475,0.009121,1.153170,-1.859,1.582,1.553
1761142083.194833,0,0.000481,0.009122,1.153274,-1.900,1.577,1.546,0.000481,0.009122,1.153274,-1.900,1.577,1.546
1761142083.254297,0,0.000474,0.009131,1.153293,-1.775,1.552,1.545,0.000474,0.009131,1.153293,-1.775,1.552,1.545
1761142083.307400,0,0.000480,0.009134,1.153297,-1.832,1.524,1.546,0.000480,0.009134,1.153297,-1.832,1.524,1.546
1761142083.371333,0,0.000486,0.009105,1.153231,-2.044,1.559,1.547,0.000486,0.009105,1.153231,-2.044,1.559,1.547
1761142083.427452,0,0.000496,0.009111,1.153315,-2.008,1.529,1.548,0.000496,0.009111,1.153315,-2.008,1.529,1.548
1761142083.481648,0,0.000489,0.009118,1.153185,-1.943,1.543,1.551,0.000489,0.009118,1.153185,-1.943,1.543,1.551
1761142083.540663,0,0.000473,0.009122,1.153229,-1.924,1.549,1.549,0.000473,0.009122,1.153229,-1.924,1.549,1.549
1761142083.595866,0,0.000485,0.009144,1.153252,-1.795,1.495,1.548,0.000485,0.009144,1.153252,-1.795,1.495,1.548
1761142083.649705,0,0.000485,0.009138,1.153243,-1.821,1.535,1.558,0.000485,0.009138,1.153243,-1.821,1.535,1.558
1761142083.703984,0,0.000472,0.009133,1.153371,-1.838,1.557,1.552,0.000472,0.009133,1.153371,-1.838,1.557,1.552
1761142083.761773,0,0.000479,0.009119,1.153267,-1.970,1.591,1.552,0.000479,0.009119,1.153267,-1.970,1.591,1.552
1761142083.821286,0,0.000481,0.009129,1.153265,-1.860,1.480,1.547,0.000481,0.009129,1.153265,-1.860,1.480,1.547
1761142083.880045,0,0.000491,0.009106,1.153340,-2.026,1.497,1.547,0.000491,0.009106,1.153340,-2.026,1.497,1.547
1761142083.937096,0,0.000494,0.009117,1.153307,-1.977,1.490,1.552,0.000494,0.009117,1.153307,-1.977,1.490,1.552
1761142083.993843,0,0.000496,0.009124,1.153356,-1.953,1.464,1.550,0.000496,0.009124,1.153356,-1.953,1.464,1.550
1761142084.049484,0,0.000476,0.009121,1.153298,-1.935,1.523,1.550,0.000476,0.009121,1.153298,-1.935,1.523,1.550
1761142084.105652,0,0.000486,0.009134,1.153293,-1.855,1.529,1.557,0.000486,0.009134,1.153293,-1.855,1.529,1.557
1761142084.165389,0,0.000494,0.009120,1.153294,-1.932,1.489,1.551,0.000494,0.009120,1.153294,-1.932,1.489,1.551
1761142084.221050,0,0.000481,0.009123,1.153266,-1.918,1.526,1.548,0.000481,0.009123,1.153266,-1.918,1.526,1.548
1761142084.282870,0,0.000464,0.009146,1.153345,-1.751,1.593,1.552,0.000464,0.009146,1.153345,-1.751,1.593,1.552
1761142084.343595,0,0.000484,0.009113,1.153272,-1.986,1.562,1.553,0.000484,0.009113,1.153272,-1.986,1.562,1.553
1761142084.402356,0,0.000487,0.009128,1.153348,-1.897,1.544,1.552,0.000487,0.009128,1.153348,-1.897,1.544,1.552
1761142084.458217,0,0.000491,0.009105,1.153330,-2.028,1.506,1.554,0.000491,0.009105,1.153330,-2.028,1.506,1.554
1761142084.516401,0,0.000483,0.009122,1.153236,-1.898,1.470,1.546,0.000483,0.009122,1.153236,-1.898,1.470,1.546
1761142084.572502,0,0.000503,0.009133,1.153275,-1.862,1.493,1.560,0.000503,0.009133,1.153275,-1.862,1.493,1.560
1761142084.632408,0,0.000471,0.009127,1.153264,-1.876,1.573,1.548,0.000471,0.009127,1.153264,-1.876,1.573,1.548
1761142084.689499,0,0.000510,0.009132,1.153378,-1.907,1.484,1.553,0.000510,0.009132,1.153378,-1.907,1.484,1.553
1761142084.743908,0,0.000481,0.009144,1.153278,-1.759,1.521,1.555,0.000481,0.009144,1.153278,-1.759,1.521,1.555
1761142084.802888,0,0.000505,0.009117,1.153338,-1.997,1.489,1.560,0.000505,0.009117,1.153338,-1.997,1.489,1.560
1761142084.857643,0,0.000483,0.009112,1.153216,-1.974,1.520,1.546,0.000483,0.009112,1.153216,-1.974,1.520,1.546
1761142084.914421,0,0.000492,0.009112,1.153263,-2.010,1.566,1.552,0.000492,0.009112,1.153263,-2.010,1.566,1.552
1761142084.976578,0,0.000483,0.009129,1.153337,-1.879,1.492,1.550,0.000483,0.009129,1.153337,-1.879,1.492,1.550
1761142085.042624,0,0.000499,0.009130,1.153304,-1.859,1.509,1.552,0.000499,0.009130,1.153304,-1.859,1.509,1.552
1761142085.096704,0,0.000501,0.009117,1.153314,-2.000,1.500,1.554,0.000501,0.009117,1.153314,-2.000,1.500,1.554
1761142085.143869,0,0.000495,0.009133,1.153241,-1.865,1.531,1.554,0.000495,0.009133,1.153241,-1.865,1.531,1.554
1761142085.196574,0,0.000495,0.009129,1.153353,-1.882,1.501,1.551,0.000495,0.009129,1.153353,-1.882,1.501,1.551
1761142085.254276,0,0.000493,0.009124,1.153235,-1.917,1.462,1.550,0.000493,0.009124,1.153235,-1.917,1.462,1.550
1761142085.309366,0,0.000491,0.009103,1.153297,-2.095,1.518,1.545,0.000491,0.009103,1.153297,-2.095,1.518,1.545
1761142085.361051,0,0.000502,0.009096,1.153273,-2.109,1.476,1.552,0.000502,0.009096,1.153273,-2.109,1.476,1.552
1761142085.422827,0,0.000486,0.009152,1.153343,-1.748,1.543,1.550,0.000486,0.009152,1.153343,-1.748,1.543,1.550
1761142085.476304,0,0.000472,0.009133,1.153306,-1.882,1.572,1.551,0.000472,0.009133,1.153306,-1.882,1.572,1.551
1761142085.532252,0,0.000506,0.009113,1.153311,-1.983,1.509,1.556,0.000506,0.009113,1.153311,-1.983,1.509,1.556
1761142085.585516,0,0.000484,0.009121,1.153343,-1.987,1.407,1.549,0.000484,0.009121,1.153343,-1.987,1.407,1.549
1761142085.647746,0,0.000489,0.009125,1.153259,-1.942,1.558,1.555,0.000489,0.009125,1.153259,-1.942,1.558,1.555
1761142085.708918,0,0.000482,0.009125,1.153327,-1.868,1.568,1.547,0.000482,0.009125,1.153327,-1.868,1.568,1.547
1761142085.765969,0,0.000503,0.009109,1.153302,-2.040,1.533,1.557,0.000503,0.009109,1.153302,-2.040,1.533,1.557
1761142085.820802,0,0.000515,0.009110,1.153295,-2.005,1.434,1.553,0.000515,0.009110,1.153295,-2.005,1.434,1.553
1761142085.877538,0,0.000490,0.009136,1.153371,-1.856,1.462,1.556,0.000490,0.009136,1.153371,-1.856,1.462,1.556
1761142085.932851,0,0.000512,0.009131,1.153369,-1.928,1.528,1.555,0.000512,0.009131,1.153369,-1.928,1.528,1.555
1761142085.986234,0,0.000493,0.009112,1.153349,-2.014,1.563,1.548,0.000493,0.009112,1.153349,-2.014,1.563,1.548
1761142086.050443,0,0.000499,0.009120,1.153309,-1.969,1.468,1.555,0.000499,0.009120,1.153309,-1.969,1.468,1.555
1761142086.105686,0,0.000501,0.009107,1.153309,-2.064,1.500,1.552,0.000501,0.009107,1.153309,-2.064,1.500,1.552
1761142086.172342,0,0.000485,0.009122,1.153355,-1.979,1.567,1.550,0.000485,0.009122,1.153355,-1.979,1.567,1.550
1761142086.227554,0,0.000496,0.009107,1.153389,-2.069,1.485,1.546,0.000496,0.009107,1.153389,-2.069,1.485,1.546
1761142086.282573,0,0.000481,0.009117,1.153264,-2.025,1.566,1.557,0.000481,0.009117,1.153264,-2.025,1.566,1.557
1761142086.339259,0,0.000505,0.009125,1.153363,-1.944,1.528,1.555,0.000505,0.009125,1.153363,-1.944,1.528,1.555
1761142086.398086,0,0.000487,0.009135,1.153271,-1.858,1.603,1.555,0.000487,0.009135,1.153271,-1.858,1.603,1.555
1761142086.455679,0,0.000497,0.009104,1.153307,-1.986,1.537,1.551,0.000497,0.009104,1.153307,-1.986,1.537,1.551
1761142086.509855,0,0.000488,0.009133,1.153286,-1.884,1.568,1.550,0.000488,0.009133,1.153286,-1.884,1.568,1.550
1761142086.568820,0,0.000494,0.009118,1.153373,-2.019,1.544,1.541,0.000494,0.009118,1.153373,-2.019,1.544,1.541
1761142086.625580,0,0.000519,0.009104,1.153321,-2.074,1.484,1.549,0.000519,0.009104,1.153321,-2.074,1.484,1.549
1761142086.695626,0,0.000523,0.009105,1.153385,-2.091,1.493,1.544,0.000523,0.009105,1.153385,-2.091,1.493,1.544
1761142086.747153,0,0.000513,0.009132,1.153349,-1.895,1.535,1.549,0.000513,0.009132,1.153349,-1.895,1.535,1.549
1761142086.804212,0,0.000510,0.009109,1.153332,-2.020,1.512,1.548,0.000510,0.009109,1.153332,-2.020,1.512,1.548
1761142086.856791,0,0.000507,0.009126,1.153362,-1.945,1.458,1.547,0.000507,0.009126,1.153362,-1.945,1.458,1.547
1761142086.916766,0,0.000495,0.009123,1.153306,-1.981,1.550,1.548,0.000495,0.009123,1.153306,-1.981,1.550,1.548
1761142086.973023,0,0.000496,0.009135,1.153333,-1.900,1.550,1.550,0.000496,0.009135,1.153333,-1.900,1.550,1.550
1761142087.029331,0,0.000503,0.009112,1.153288,-2.013,1.524,1.548,0.000503,0.009112,1.153288,-2.013,1.524,1.548
1761142087.086428,0,0.000493,0.009110,1.153303,-2.094,1.515,1.553,0.000493,0.009110,1.153303,-2.094,1.515,1.553
1761142087.144622,0,0.000494,0.009117,1.153345,-2.013,1.502,1.556,0.000494,0.009117,1.153345,-2.013,1.502,1.556
1761142087.201742,0,0.000479,0.009119,1.153322,-1.971,1.535,1.546,0.000479,0.009119,1.153322,-1.971,1.535,1.546
1761142087.259513,0,0.000500,0.009138,1.153332,-1.884,1.561,1.551,0.000500,0.009138,1.153332,-1.884,1.561,1.551
1761142087.321256,0,0.000488,0.009109,1.153300,-2.025,1.579,1.550,0.000488,0.009109,1.153300,-2.025,1.579,1.550
1761142087.375418,0,0.000488,0.009120,1.153353,-1.983,1.561,1.549,0.000488,0.009120,1.153353,-1.983,1.561,1.549
1761142087.435849,0,0.000489,0.009147,1.153349,-1.852,1.544,1.549,0.000489,0.009147,1.153349,-1.852,1.544,1.549
1761142087.498595,0,0.000511,0.009131,1.153335,-1.964,1.510,1.561,0.000511,0.009131,1.153335,-1.964,1.510,1.561
1761142087.555740,0,0.000502,0.009131,1.153378,-1.932,1.528,1.553,0.000502,0.009131,1.153378,-1.932,1.528,1.553
1761142087.633900,0,0.000511,0.009127,1.153325,-1.954,1.453,1.557,0.000511,0.009127,1.153325,-1.954,1.453,1.557
1761142087.694650,0,0.000508,0.009129,1.153437,-1.902,1.409,1.565,0.000508,0.009129,1.153437,-1.902,1.409,1.565
1761142087.761530,0,0.000472,0.009145,1.153329,-1.829,1.548,1.556,0.000472,0.009145,1.153329,-1.829,1.548,1.556
1761142087.823953,0,0.000481,0.009128,1.153262,-1.961,1.405,1.551,0.000481,0.009128,1.153262,-1.961,1.405,1.551
1761142087.898175,0,0.000502,0.009115,1.153214,-2.037,1.541,1.556,0.000502,0.009115,1.153214,-2.037,1.541,1.556
1761142087.964924,0,0.000500,0.009127,1.153273,-1.950,1.512,1.555,0.000500,0.009127,1.153273,-1.950,1.512,1.555
1761142088.023751,0,0.000473,0.009129,1.153297,-1.859,1.563,1.551,0.000473,0.009129,1.153297,-1.859,1.563,1.551
1761142088.080489,0,0.000508,0.009118,1.153331,-1.975,1.524,1.554,0.000508,0.009118,1.153331,-1.975,1.524,1.554
1761142088.141097,0,0.000508,0.009086,1.153316,-2.160,1.511,1.553,0.000508,0.009086,1.153316,-2.160,1.511,1.553
1761142088.197675,0,0.000510,0.009145,1.153327,-1.809,1.569,1.551,0.000510,0.009145,1.153327,-1.809,1.569,1.551
1761142088.257954,0,0.000517,0.009121,1.153268,-1.977,1.500,1.558,0.000517,0.009121,1.153268,-1.977,1.500,1.558
1761142088.314156,0,0.000515,0.009124,1.153348,-1.950,1.444,1.553,0.000515,0.009124,1.153348,-1.950,1.444,1.553
1761142088.372660,0,0.000494,0.009127,1.153278,-1.935,1.595,1.555,0.000494,0.009127,1.153278,-1.935,1.595,1.555
1761142088.427094,0,0.000507,0.009093,1.153279,-2.110,1.551,1.554,0.000507,0.009093,1.153279,-2.110,1.551,1.554
1761142088.482407,0,0.000509,0.009129,1.153304,-1.938,1.476,1.551,0.000509,0.009129,1.153304,-1.938,1.476,1.551
1761142088.542174,0,0.000490,0.009119,1.153250,-2.010,1.560,1.543,0.000490,0.009119,1.153250,-2.010,1.560,1.543
1761142088.601223,0,0.000509,0.009113,1.153316,-2.030,1.562,1.557,0.000509,0.009113,1.153316,-2.030,1.562,1.557
1761142088.656763,0,0.000484,0.009112,1.153223,-2.038,1.585,1.553,0.000484,0.009112,1.153223,-2.038,1.585,1.553
1761142088.716980,0,0.000490,0.009125,1.153234,-1.973,1.555,1.554,0.000490,0.009125,1.153234,-1.973,1.555,1.554
1761142088.780306,0,0.000493,0.009106,1.153281,-2.055,1.584,1.551,0.000493,0.009106,1.153281,-2.055,1.584,1.551
1761142088.835055,0,0.000498,0.009141,1.153243,-1.935,1.506,1.549,0.000498,0.009141,1.153243,-1.935,1.506,1.549
1761142088.889652,0,0.000505,0.009137,1.153274,-1.925,1.496,1.554,0.000505,0.009137,1.153274,-1.925,1.496,1.554
1761142088.948665,0,0.000490,0.009134,1.153282,-1.929,1.565,1.555,0.000490,0.009134,1.153282,-1.929,1.565,1.555
1761142089.002809,0,0.000492,0.009107,1.153318,-2.074,1.574,1.555,0.000492,0.009107,1.153318,-2.074,1.574,1.555
1761142089.059606,0,0.000489,0.009120,1.153188,-2.043,1.527,1.552,0.000489,0.009120,1.153188,-2.043,1.527,1.552
1761142089.113705,0,0.000502,0.009116,1.153231,-2.065,1.518,1.557,0.000502,0.009116,1.153231,-2.065,1.518,1.557
1761142089.166430,0,0.000476,0.009126,1.153264,-1.986,1.586,1.545,0.000476,0.009126,1.153264,-1.986,1.586,1.545
1761142089.222059,0,0.000495,0.009124,1.153236,-1.987,1.523,1.548,0.000495,0.009124,1.153236,-1.987,1.523,1.548
1761142089.281885,0,0.000496,0.009118,1.153308,-2.025,1.502,1.547,0.000496,0.009118,1.153308,-2.025,1.502,1.547
1761142089.340501,0,0.000494,0.009120,1.153247,-2.030,1.508,1.547,0.000494,0.009120,1.153247,-2.030,1.508,1.547
1761142089.400828,0,0.000479,0.009115,1.153171,-2.057,1.632,1.555,0.000479,0.009115,1.153171,-2.057,1.632,1.555
1761142089.453519,0,0.000481,0.009143,1.153256,-1.861,1.584,1.553,0.000481,0.009143,1.153256,-1.861,1.584,1.553
1761142089.508694,0,0.000481,0.009125,1.153236,-1.968,1.574,1.553,0.000481,0.009125,1.153236,-1.968,1.574,1.553
1761142089.562444,0,0.000494,0.009119,1.153200,-2.005,1.507,1.556,0.000494,0.009119,1.153200,-2.005,1.507,1.556
1761142089.625916,0,0.000483,0.009114,1.153227,-2.056,1.554,1.548,0.000483,0.009114,1.153227,-2.056,1.554,1.548
1761142089.683896,0,0.000470,0.009120,1.153243,-2.035,1.589,1.545,0.000470,0.009120,1.153243,-2.035,1.589,1.545
1761142089.741652,0,0.000490,0.009133,1.153341,-1.940,1.542,1.554,0.000490,0.009133,1.153341,-1.940,1.542,1.554
1761142089.800339,0,0.000497,0.009115,1.153249,-2.029,1.496,1.553,0.000497,0.009115,1.153249,-2.029,1.496,1.553
1761142089.856877,0,0.000477,0.009116,1.153205,-2.077,1.614,1.546,0.000477,0.009116,1.153205,-2.077,1.614,1.546
1761142089.913021,0,0.000483,0.009118,1.153283,-2.019,1.539,1.556,0.000483,0.009118,1.153283,-2.019,1.539,1.556
1761142089.969949,0,0.000478,0.009117,1.153267,-2.066,1.567,1.550,0.000478,0.009117,1.153267,-2.066,1.567,1.550
1761142090.032864,0,0.000470,0.009127,1.153268,-1.983,1.588,1.543,0.000470,0.009127,1.153268,-1.983,1.588,1.543
1761142090.087237,0,0.000480,0.009133,1.153294,-1.978,1.545,1.547,0.000480,0.009133,1.153294,-1.978,1.545,1.547
1761142090.144510,0,0.000494,0.009139,1.153313,-1.969,1.520,1.551,0.000494,0.009139,1.153313,-1.969,1.520,1.551
1761142090.196996,0,0.000476,0.009134,1.153195,-1.953,1.592,1.551,0.000476,0.009134,1.153195,-1.953,1.592,1.551
1761142090.260144,0,0.000500,0.009148,1.153304,-1.898,1.486,1.558,0.000500,0.009148,1.153304,-1.898,1.486,1.558
1761142090.316506,0,0.000490,0.009113,1.153239,-2.085,1.531,1.547,0.000490,0.009113,1.153239,-2.085,1.531,1.547
1761142090.377033,0,0.000467,0.009119,1.153159,-2.012,1.591,1.541,0.000467,0.009119,1.153159,-2.012,1.591,1.541
1761142090.436785,0,0.000489,0.009131,1.153252,-1.930,1.552,1.550,0.000489,0.009131,1.153252,-1.930,1.552,1.550
1761142090.489949,0,0.000482,0.009147,1.153276,-1.933,1.590,1.554,0.000482,0.009147,1.153276,-1.933,1.590,1.554
1761142090.550320,0,0.000474,0.009119,1.153190,-2.032,1.569,1.546,0.000474,0.009119,1.153190,-2.032,1.569,1.546
1761142090.610541,0,0.000481,0.009131,1.153231,-2.022,1.486,1.548,0.000481,0.009131,1.153231,-2.022,1.486,1.548
1761142090.664225,0,0.000483,0.009116,1.153201,-2.042,1.578,1.554,0.000483,0.009116,1.153201,-2.042,1.578,1.554
1761142090.719516,0,0.000485,0.009107,1.153201,-2.105,1.543,1.550,0.000485,0.009107,1.153201,-2.105,1.543,1.550
1761142090.774282,0,0.000484,0.009144,1.153270,-1.889,1.564,1.547,0.000484,0.009144,1.153270,-1.889,1.564,1.547
1761142090.827864,0,0.000478,0.009127,1.153313,-1.992,1.569,1.547,0.000478,0.009127,1.153313,-1.992,1.569,1.547
1761142090.886119,0,0.000494,0.009116,1.153222,-2.038,1.567,1.552,0.000494,0.009116,1.153222,-2.038,1.567,1.552
1761142090.943973,0,0.000482,0.009141,1.153209,-1.902,1.563,1.557,0.000482,0.009141,1.153209,-1.902,1.563,1.557
1761142090.998690,0,0.000486,0.009128,1.153263,-1.978,1.582,1.548,0.000486,0.009128,1.153263,-1.978,1.582,1.548
1761142091.057579,0,0.000487,0.009126,1.153364,-1.969,1.563,1.554,0.000487,0.009126,1.153364,-1.969,1.563,1.554
1761142091.112947,0,0.000469,0.009133,1.153282,-1.971,1.641,1.550,0.000469,0.009133,1.153282,-1.971,1.641,1.550
1761142091.168739,0,0.000508,0.009108,1.153252,-2.105,1.539,1.559,0.000508,0.009108,1.153252,-2.105,1.539,1.559
1761142091.226176,0,0.000478,0.009123,1.153293,-1.977,1.539,1.555,0.000478,0.009123,1.153293,-1.977,1.539,1.555
1761142091.287431,0,0.000472,0.009145,1.153300,-1.915,1.595,1.546,0.000472,0.009145,1.153300,-1.915,1.595,1.546
1761142091.347136,0,0.000474,0.009139,1.153287,-1.923,1.570,1.549,0.000474,0.009139,1.153287,-1.923,1.570,1.549
1761142091.406962,0,0.000502,0.009117,1.153219,-2.112,1.586,1.553,0.000502,0.009117,1.153219,-2.112,1.586,1.553
1761142091.463728,0,0.000486,0.009130,1.153312,-2.001,1.540,1.546,0.000486,0.009130,1.153312,-2.001,1.540,1.546
1761142091.530118,0,0.000457,0.009129,1.153313,-1.967,1.625,1.543,0.000457,0.009129,1.153313,-1.967,1.625,1.543
1761142091.592336,0,0.000455,0.009111,1.153257,-2.075,1.567,1.563,0.000455,0.009111,1.153257,-2.075,1.567,1.563
1761142091.659666,0,0.000465,0.009143,1.153250,-1.896,1.536,1.550,0.000465,0.009143,1.153250,-1.896,1.536,1.550
1761142091.722809,0,0.000508,0.009099,1.153258,-2.157,1.529,1.550,0.000508,0.009099,1.153258,-2.157,1.529,1.550
1761142091.787627,0,0.000481,0.009123,1.153224,-2.032,1.631,1.551,0.000481,0.009123,1.153224,-2.032,1.631,1.551
1761142091.847073,0,0.000497,0.009135,1.153345,-1.913,1.463,1.557,0.000497,0.009135,1.153345,-1.913,1.463,1.557
1761142091.910390,0,0.000477,0.009113,1.153247,-2.068,1.611,1.545,0.000477,0.009113,1.153247,-2.068,1.611,1.545
1761142091.964105,0,0.000494,0.009119,1.153270,-2.035,1.530,1.550,0.000494,0.009119,1.153270,-2.035,1.530,1.550
1761142092.018259,0,0.000500,0.009106,1.153233,-2.090,1.502,1.552,0.000500,0.009106,1.153233,-2.090,1.502,1.552
1761142092.073904,0,0.000480,0.009127,1.153130,-1.930,1.551,1.548,0.000480,0.009127,1.153130,-1.930,1.551,1.548
1761142092.133130,0,0.000480,0.009116,1.153176,-2.044,1.559,1.552,0.000480,0.009116,1.153176,-2.044,1.559,1.552
1761142092.188271,0,0.000468,0.009126,1.153147,-1.988,1.567,1.547,0.000468,0.009126,1.153147,-1.988,1.567,1.547
1761142092.245097,0,0.000465,0.009131,1.153151,-1.926,1.556,1.549,0.000465,0.009131,1.153151,-1.926,1.556,1.549
1761142092.300353,0,0.000472,0.009117,1.153147,-1.991,1.569,1.547,0.000472,0.009117,1.153147,-1.991,1.569,1.547
1761142092.363923,0,0.000504,0.009116,1.153168,-1.983,1.468,1.553,0.000504,0.009116,1.153168,-1.983,1.468,1.553
1761142092.419172,0,0.000488,0.009131,1.153236,-1.853,1.581,1.551,0.000488,0.009131,1.153236,-1.853,1.581,1.551
1761142092.473319,0,0.000476,0.009140,1.153139,-1.802,1.554,1.550,0.000476,0.009140,1.153139,-1.802,1.554,1.550
1761142092.531636,0,0.000487,0.009120,1.153246,-1.969,1.414,1.556,0.000487,0.009120,1.153246,-1.969,1.414,1.556
1761142092.587190,0,0.000478,0.009107,1.153123,-2.044,1.495,1.544,0.000478,0.009107,1.153123,-2.044,1.495,1.544
1761142092.644014,0,0.000492,0.009110,1.153108,-2.083,1.570,1.555,0.000492,0.009110,1.153108,-2.083,1.570,1.555
1761142092.698292,0,0.000489,0.009145,1.153242,-1.846,1.612,1.557,0.000489,0.009145,1.153242,-1.846,1.612,1.557
1761142092.771402,0,0.000501,0.009134,1.153228,-1.947,1.480,1.558,0.000501,0.009134,1.153228,-1.947,1.480,1.558
1761142092.851744,0,0.000496,0.009134,1.153150,-1.864,1.513,1.561,0.000496,0.009134,1.153150,-1.864,1.513,1.561
1761142092.927915,0,0.000471,0.009145,1.153130,-1.845,1.603,1.551,0.000471,0.009145,1.153130,-1.845,1.603,1.551
1761142093.006503,0,0.000496,0.009157,1.153169,-1.774,1.531,1.552,0.000496,0.009157,1.153169,-1.774,1.531,1.552
1761142093.070054,0,0.000485,0.009135,1.153151,-1.940,1.529,1.556,0.000485,0.009135,1.153151,-1.940,1.529,1.556
1761142093.130039,0,0.000509,0.009138,1.153182,-1.906,1.503,1.558,0.000509,0.009138,1.153182,-1.906,1.503,1.558
1761142093.202581,0,0.000484,0.009118,1.153152,-1.975,1.599,1.546,0.000484,0.009118,1.153152,-1.975,1.599,1.546
1761142093.267407,0,0.000496,0.009133,1.153188,-1.928,1.509,1.550,0.000496,0.009133,1.153188,-1.928,1.509,1.550
1761142093.344650,0,0.000486,0.009138,1.153190,-1.943,1.538,1.549,0.000486,0.009138,1.153190,-1.943,1.538,1.549
1761142093.413898,0,0.000497,0.009098,1.153188,-2.139,1.495,1.557,0.000497,0.009098,1.153188,-2.139,1.495,1.557
1761142093.474618,0,0.000482,0.009124,1.153198,-1.997,1.535,1.547,0.000482,0.009124,1.153198,-1.997,1.535,1.547
1761142093.535573,0,0.000486,0.009121,1.153214,-1.994,1.521,1.551,0.000486,0.009121,1.153214,-1.994,1.521,1.551
1761142093.602116,0,0.000483,0.009129,1.153206,-1.944,1.523,1.552,0.000483,0.009129,1.153206,-1.944,1.523,1.552
1761142093.662829,0,0.000495,0.009120,1.153228,-2.053,1.529,1.544,0.000495,0.009120,1.153228,-2.053,1.529,1.544
1761142093.723991,0,0.000484,0.009142,1.153248,-1.920,1.509,1.543,0.000484,0.009142,1.153248,-1.920,1.509,1.543
1761142093.781403,0,0.000478,0.009124,1.153342,-2.044,1.540,1.549,0.000478,0.009124,1.153342,-2.044,1.540,1.549
1761142093.835209,0,0.000475,0.009137,1.153199,-1.908,1.570,1.552,0.000475,0.009137,1.153199,-1.908,1.570,1.552
1761142093.889390,0,0.000490,0.009140,1.153258,-1.890,1.531,1.559,0.000490,0.009140,1.153258,-1.890,1.531,1.559
1761142093.941522,0,0.000505,0.009123,1.153202,-2.073,1.481,1.552,0.000505,0.009123,1.153202,-2.073,1.481,1.552
1761142094.002719,0,0.000491,0.009115,1.153199,-2.062,1.511,1.544,0.000491,0.009115,1.153199,-2.062,1.511,1.544
1761142094.062433,0,0.000482,0.009118,1.153259,-2.016,1.602,1.547,0.000482,0.009118,1.153259,-2.016,1.602,1.547
1761142094.119794,0,0.000460,0.009131,1.153234,-1.963,1.538,1.549,0.000460,0.009131,1.153234,-1.963,1.538,1.549
1761142094.175655,0,0.000484,0.009138,1.153248,-1.944,1.564,1.554,0.000484,0.009138,1.153248,-1.944,1.564,1.554
1761142094.234041,0,0.000493,0.009129,1.153225,-1.960,1.507,1.554,0.000493,0.009129,1.153225,-1.960,1.507,1.554
1761142094.290406,0,0.000507,0.009117,1.153164,-2.045,1.517,1.557,0.000507,0.009117,1.153164,-2.045,1.517,1.557
1761142094.347649,0,0.000494,0.009136,1.153248,-1.929,1.517,1.552,0.000494,0.009136,1.153248,-1.929,1.517,1.552
1761142094.409382,0,0.000509,0.009125,1.153239,-1.988,1.548,1.550,0.000509,0.009125,1.153239,-1.988,1.548,1.550
1761142094.462938,0,0.000495,0.009135,1.153155,-1.938,1.538,1.551,0.000495,0.009135,1.153155,-1.938,1.538,1.551
1761142094.516119,0,0.000490,0.009123,1.153242,-1.993,1.580,1.555,0.000490,0.009123,1.153242,-1.993,1.580,1.555
1761142094.571941,0,0.000495,0.009121,1.153221,-2.037,1.548,1.546,0.000495,0.009121,1.153221,-2.037,1.548,1.546
1761142094.632353,0,0.000491,0.009148,1.153154,-1.821,1.529,1.554,0.000491,0.009148,1.153154,-1.821,1.529,1.554
1761142094.690572,0,0.000483,0.009122,1.153138,-2.031,1.566,1.548,0.000483,0.009122,1.153138,-2.031,1.566,1.548
1761142094.746263,0,0.000465,0.009119,1.152925,-2.016,1.598,1.554,0.000465,0.009119,1.152925,-2.016,1.598,1.554
1761142094.795134,0,0.000480,0.009138,1.152899,-1.837,1.384,1.558,0.000480,0.009138,1.152899,-1.837,1.384,1.558
1761142094.850854,0,0.000507,0.009139,1.152859,-1.827,1.384,1.558,0.000507,0.009139,1.152859,-1.827,1.384,1.558
1761142094.902081,0,0.000505,0.009153,1.152781,-1.764,1.449,1.566,0.000505,0.009153,1.152781,-1.764,1.449,1.566
1761142094.953676,0,0.000484,0.009142,1.152807,-1.813,1.471,1.561,0.000484,0.009142,1.152807,-1.813,1.471,1.561
1761142095.005879,0,0.000499,0.009150,1.152900,-1.757,1.466,1.561,0.000499,0.009150,1.152900,-1.757,1.466,1.561
1761142095.065580,0,0.000492,0.009124,1.152796,-1.885,1.458,1.557,0.000492,0.009124,1.152796,-1.885,1.458,1.557
1761142095.117838,0,0.000496,0.009117,1.152801,-2.026,1.426,1.552,0.000496,0.009117,1.152801,-2.026,1.426,1.552
1761142095.173687,0,0.000481,0.009112,1.152869,-2.079,1.452,1.559,0.000481,0.009112,1.152869,-2.079,1.452,1.559
1761142095.231180,0,0.000499,0.009102,1.153046,-2.254,1.400,1.559,0.000499,0.009102,1.153046,-2.254,1.400,1.559
1761142095.284075,0,0.000487,0.009153,1.153065,-1.870,1.486,1.554,0.000487,0.009153,1.153065,-1.870,1.486,1.554
1761142095.338847,0,0.000472,0.009125,1.153130,-2.038,1.525,1.555,0.000472,0.009125,1.153130,-2.038,1.525,1.555
1761142095.394630,0,0.000479,0.009096,1.152995,-2.167,1.520,1.551,0.000479,0.009096,1.152995,-2.167,1.520,1.551
1761142095.460090,0,0.000474,0.009102,1.152975,-2.165,1.514,1.558,0.000474,0.009102,1.152975,-2.165,1.514,1.558
1761142095.512270,0,0.000463,0.009089,1.152963,-2.258,1.581,1.553,0.000463,0.009089,1.152963,-2.258,1.581,1.553
1761142095.575504,0,0.000468,0.009125,1.152843,-2.027,1.524,1.559,0.000468,0.009125,1.152843,-2.027,1.524,1.559
1761142095.639166,0,0.000488,0.009153,1.152860,-1.826,1.348,1.556,0.000488,0.009153,1.152860,-1.826,1.348,1.556
1761142095.699439,0,0.000519,0.009250,1.149604,-1.769,1.595,1.559,0.000519,0.009250,1.149604,-1.769,1.595,1.559
1761142095.752335,0,0.000484,0.009145,1.150834,-2.207,1.529,1.555,0.000484,0.009145,1.150834,-2.207,1.529,1.555
1761142095.801564,0,0.000506,0.009161,1.151012,-2.050,1.406,1.562,0.000506,0.009161,1.151012,-2.050,1.406,1.562
1761142095.852268,0,0.000490,0.009186,1.150818,-1.857,1.311,1.564,0.000490,0.009186,1.150818,-1.857,1.311,1.564
1761142095.906487,0,0.000461,0.009145,1.150865,-2.034,1.545,1.558,0.000461,0.009145,1.150865,-2.034,1.545,1.558
1761142095.961296,0,0.000477,0.009193,1.150981,-1.845,1.459,1.553,0.000477,0.009193,1.150981,-1.845,1.459,1.553
1761142096.017663,0,0.000492,0.009201,1.151185,-1.609,1.416,1.562,0.000492,0.009201,1.151185,-1.609,1.416,1.562
1761142096.075483,0,0.000490,0.009152,1.155651,-1.584,1.269,1.562,0.000490,0.009152,1.155651,-1.584,1.269,1.562
1761142096.128223,0,0.000484,0.009170,1.158648,-1.287,1.243,1.574,0.000484,0.009170,1.158648,-1.287,1.243,1.574
1761142096.181868,0,0.000480,0.009194,1.162415,-1.034,1.216,1.575,0.000480,0.009194,1.162415,-1.034,1.216,1.575
1761142096.233210,0,0.000484,0.009162,1.157492,-1.641,1.337,1.559,0.000484,0.009162,1.157492,-1.641,1.337,1.559
1761142096.293986,0,0.000457,0.009108,1.155386,-1.898,1.368,1.558,0.000457,0.009108,1.155386,-1.898,1.368,1.558
1761142096.362550,0,0.000481,0.009172,1.151039,-2.083,1.437,1.560,0.000481,0.009172,1.151039,-2.083,1.437,1.560
1761142096.419641,0,0.000529,0.009244,1.149566,-1.863,1.458,1.558,0.000529,0.009244,1.149566,-1.863,1.458,1.558
1761142096.474307,0,0.000481,0.009155,1.155642,-1.530,1.357,1.557,0.000481,0.009155,1.155642,-1.530,1.357,1.557
1761142096.537521,0,0.000474,0.009113,1.155534,-1.885,1.335,1.557,0.000474,0.009113,1.155534,-1.885,1.335,1.557
1761142096.597174,0,0.000478,0.009123,1.155636,-1.869,1.363,1.555,0.000478,0.009123,1.155636,-1.869,1.363,1.555
1761142096.659899,0,0.000492,0.009106,1.155623,-2.000,1.402,1.566,0.000492,0.009106,1.155623,-2.000,1.402,1.566
1761142096.731765,0,0.000498,0.009138,1.155677,-1.828,1.394,1.557,0.000498,0.009138,1.155677,-1.828,1.394,1.557
1761142096.801153,0,0.000501,0.009116,1.155736,-1.916,1.323,1.552,0.000501,0.009116,1.155736,-1.916,1.323,1.552
1761142096.872219,0,0.000497,0.009124,1.155647,-1.914,1.377,1.562,0.000497,0.009124,1.155647,-1.914,1.377,1.562
1761142096.934824,0,0.000492,0.009103,1.155735,-2.036,1.423,1.557,0.000492,0.009103,1.155735,-2.036,1.423,1.557
1761142096.993634,0,0.000507,0.009138,1.155793,-1.827,1.407,1.567,0.000507,0.009138,1.155793,-1.827,1.407,1.567
1761142097.058152,0,0.000516,0.009125,1.155830,-1.906,1.391,1.563,0.000516,0.009125,1.155830,-1.906,1.391,1.563
1761142097.119277,0,0.000508,0.009093,1.155696,-2.055,1.356,1.564,0.000508,0.009093,1.155696,-2.055,1.356,1.564
1761142097.176577,0,0.000529,0.009137,1.155828,-1.878,1.240,1.570,0.000529,0.009137,1.155828,-1.878,1.240,1.570
1761142097.231658,0,0.000512,0.009126,1.155834,-1.914,1.441,1.559,0.000512,0.009126,1.155834,-1.914,1.441,1.559
1761142097.289081,0,0.000512,0.009154,1.155849,-1.754,1.375,1.562,0.000512,0.009154,1.155849,-1.754,1.375,1.562
1761142097.352576,0,0.000505,0.009107,1.155793,-1.990,1.387,1.564,0.000505,0.009107,1.155793,-1.990,1.387,1.564
1761142097.411237,0,0.000508,0.009118,1.155805,-1.911,1.434,1.562,0.000508,0.009118,1.155805,-1.911,1.434,1.562
1761142097.476836,0,0.000498,0.009119,1.155662,-1.953,1.413,1.563,0.000498,0.009119,1.155662,-1.953,1.413,1.563
1761142097.543498,0,0.000485,0.009108,1.155645,-1.995,1.432,1.555,0.000485,0.009108,1.155645,-1.995,1.432,1.555
1761142097.607024,0,0.000497,0.009084,1.155681,-2.130,1.425,1.565,0.000497,0.009084,1.155681,-2.130,1.425,1.565
1761142100.624144,0,0.001415,0.008928,1.155666,-1.659,1.358,1.493,0.001415,0.008928,1.155666,-1.659,1.358,1.493
1761142151.442314,0,0.001388,0.008894,1.153217,-2.068,1.711,1.523,0.001388,0.008894,1.153217,-2.068,1.711,1.523
1761142151.511399,0,0.001395,0.008895,1.153156,-2.040,1.533,1.530,0.001395,0.008895,1.153156,-2.040,1.533,1.530
1761142151.574715,0,0.001391,0.008867,1.153033,-2.352,1.597,1.531,0.001391,0.008867,1.153033,-2.352,1.597,1.531
1761142151.639628,0,0.001366,0.008858,1.152971,-2.387,1.686,1.517,0.001366,0.008858,1.152971,-2.387,1.686,1.517
1761142151.718339,0,0.001391,0.008875,1.153053,-2.356,1.609,1.531,0.001391,0.008875,1.153053,-2.356,1.609,1.531
1761142151.787608,0,0.001369,0.008845,1.153031,-2.526,1.687,1.535,0.001369,0.008845,1.153031,-2.526,1.687,1.535
1761142151.863733,0,0.001379,0.008865,1.153087,-2.391,1.633,1.525,0.001379,0.008865,1.153087,-2.391,1.633,1.525
1761142151.936772,0,0.001389,0.008890,1.153111,-2.302,1.637,1.520,0.001389,0.008890,1.153111,-2.302,1.637,1.520
1761142152.004724,0,0.001369,0.008867,1.153081,-2.428,1.693,1.532,0.001369,0.008867,1.153081,-2.428,1.693,1.532
1761142152.068686,0,0.001367,0.008843,1.152980,-2.540,1.705,1.517,0.001367,0.008843,1.152980,-2.540,1.705,1.517
1761142152.145208,0,0.001376,0.008859,1.153065,-2.439,1.690,1.518,0.001376,0.008859,1.153065,-2.439,1.690,1.518
1761142152.212043,0,0.001391,0.008876,1.153120,-2.381,1.578,1.526,0.001391,0.008876,1.153120,-2.381,1.578,1.526
1761142152.301832,0,0.001373,0.008856,1.153142,-2.424,1.599,1.525,0.001373,0.008856,1.153142,-2.424,1.599,1.525
1761142152.419527,0,0.001392,0.008884,1.153141,-2.294,1.543,1.531,0.001392,0.008884,1.153141,-2.294,1.543,1.531
1761142152.497146,0,0.001358,0.008879,1.153131,-2.309,1.695,1.524,0.001358,0.008879,1.153131,-2.309,1.695,1.524
1761142152.575287,0,0.001378,0.008872,1.153120,-2.326,1.613,1.527,0.001378,0.008872,1.153120,-2.326,1.613,1.527
1761142152.651367,0,0.001365,0.008887,1.153161,-2.270,1.683,1.535,0.001365,0.008887,1.153161,-2.270,1.683,1.535
1761142152.730455,0,0.001377,0.008886,1.153069,-2.362,1.624,1.531,0.001377,0.008886,1.153069,-2.362,1.624,1.531
1761142152.843565,0,0.001382,0.008861,1.153015,-2.424,1.616,1.532,0.001382,0.008861,1.153015,-2.424,1.616,1.532
1761142152.940640,0,0.001381,0.008860,1.153039,-2.398,1.577,1.528,0.001381,0.008860,1.153039,-2.398,1.577,1.528
1761142153.015552,0,0.001377,0.008857,1.153147,-2.427,1.589,1.526,0.001377,0.008857,1.153147,-2.427,1.589,1.526
1761142153.094243,0,0.001381,0.008863,1.153106,-2.382,1.561,1.526,0.001381,0.008863,1.153106,-2.382,1.561,1.526
1761142153.163768,0,0.001376,0.008875,1.153042,-2.415,1.674,1.529,0.001376,0.008875,1.153042,-2.415,1.674,1.529
1761142153.231810,0,0.001385,0.008876,1.153086,-2.312,1.601,1.532,0.001385,0.008876,1.153086,-2.312,1.601,1.532
1761142153.300608,0,0.001376,0.008870,1.153135,-2.365,1.581,1.523,0.001376,0.008870,1.153135,-2.365,1.581,1.523
1761142153.369382,0,0.001374,0.008867,1.153140,-2.380,1.604,1.531,0.001374,0.008867,1.153140,-2.380,1.604,1.531
1761142153.432621,0,0.001383,0.008853,1.153009,-2.495,1.655,1.524,0.001383,0.008853,1.153009,-2.495,1.655,1.524
1761142153.497377,0,0.001366,0.008845,1.153072,-2.525,1.664,1.523,0.001366,0.008845,1.153072,-2.525,1.664,1.523
1761142153.567424,0,0.001374,0.008857,1.153043,-2.411,1.635,1.521,0.001374,0.008857,1.153043,-2.411,1.635,1.521
1761142153.637835,0,0.001411,0.008685,1.154809,-2.429,1.529,1.519,0.001411,0.008685,1.154809,-2.429,1.529,1.519
1761142153.702372,0,0.001371,0.008898,1.154128,-1.937,1.691,1.537,0.001371,0.008898,1.154128,-1.937,1.691,1.537
1761142153.772162,0,0.001359,0.008923,1.153696,-2.188,1.874,1.521,0.001359,0.008923,1.153696,-2.188,1.874,1.521
1761142153.840237,0,0.001351,0.008891,1.153177,-2.278,1.640,1.517,0.001351,0.008891,1.153177,-2.278,1.640,1.517
1761142153.906434,0,0.001381,0.008862,1.152975,-2.509,1.632,1.524,0.001381,0.008862,1.152975,-2.509,1.632,1.524
1761142153.979607,0,0.001403,0.008878,1.153145,-2.380,1.542,1.522,0.001403,0.008878,1.153145,-2.380,1.542,1.522
1761142154.044895,0,0.001371,0.008878,1.153197,-2.305,1.577,1.533,0.001371,0.008878,1.153197,-2.305,1.577,1.533
1761142154.106208,0,0.001349,0.008944,1.153293,-1.914,1.627,1.520,0.001349,0.008944,1.153293,-1.914,1.627,1.520
1761142154.174176,0,0.001323,0.008900,1.153160,-2.139,1.726,1.523,0.001323,0.008900,1.153160,-2.139,1.726,1.523
1761142154.249044,0,0.001345,0.008941,1.153279,-1.885,1.560,1.531,0.001345,0.008941,1.153279,-1.885,1.560,1.531
1761142154.317247,0,0.001361,0.008869,1.153185,-2.365,1.656,1.527,0.001361,0.008869,1.153185,-2.365,1.656,1.527
1761142154.385510,0,0.001423,0.008953,1.153248,-1.832,1.579,1.521,0.001423,0.008953,1.153248,-1.832,1.579,1.521
1761142154.452977,0,0.001529,0.008927,1.153486,-2.028,1.470,1.523,0.001529,0.008927,1.153486,-2.028,1.470,1.523
1761142154.516340,0,0.001502,0.008817,1.153179,-2.725,1.664,1.528,0.001502,0.008817,1.153179,-2.725,1.664,1.528
1761142154.586307,0,0.001415,0.008906,1.153141,-2.174,1.541,1.525,0.001415,0.008906,1.153141,-2.174,1.541,1.525
1761142154.658843,0,0.001348,0.008892,1.153146,-2.203,1.716,1.528,0.001348,0.008892,1.153146,-2.203,1.716,1.528
1761142154.726611,0,0.001359,0.008898,1.153205,-2.171,1.711,1.520,0.001359,0.008898,1.153205,-2.171,1.711,1.520
1761142154.790418,0,0.001348,0.008880,1.153153,-2.335,1.662,1.520,0.001348,0.008880,1.153153,-2.335,1.662,1.520
1761142154.861957,0,0.001376,0.008872,1.152901,-2.359,1.635,1.515,0.001376,0.008872,1.152901,-2.359,1.635,1.515
1761142154.934250,0,0.001342,0.008927,1.153309,-1.900,1.701,1.532,0.001342,0.008927,1.153309,-1.900,1.701,1.532
1761142155.001145,0,0.001357,0.008865,1.153191,-2.401,1.558,1.521,0.001357,0.008865,1.153191,-2.401,1.558,1.521
1761142155.072041,0,0.001365,0.008879,1.153149,-2.333,1.554,1.518,0.001365,0.008879,1.153149,-2.333,1.554,1.518
1761142155.136293,0,0.001361,0.008883,1.153099,-2.259,1.595,1.521,0.001361,0.008883,1.153099,-2.259,1.595,1.521
1761142155.203171,0,0.001349,0.008886,1.153122,-2.215,1.653,1.523,0.001349,0.008886,1.153122,-2.215,1.653,1.523
1761142155.275576,0,0.001355,0.008902,1.153123,-2.160,1.607,1.522,0.001355,0.008902,1.153123,-2.160,1.607,1.522
1761142155.344489,0,0.001352,0.008905,1.153132,-2.060,1.659,1.518,0.001352,0.008905,1.153132,-2.060,1.659,1.518
1761142155.413344,0,0.001361,0.008903,1.153269,-2.131,1.570,1.522,0.001361,0.008903,1.153269,-2.131,1.570,1.522
1761142155.481568,0,0.001238,0.008901,1.153310,-2.041,1.600,1.531,0.001238,0.008901,1.153310,-2.041,1.600,1.531
1761142155.545445,0,0.001333,0.008912,1.153163,-2.092,1.639,1.515,0.001333,0.008912,1.153163,-2.092,1.639,1.515
1761142155.614213,0,0.001269,0.008921,1.153244,-1.977,1.685,1.517,0.001269,0.008921,1.153244,-1.977,1.685,1.517
1761142155.684430,0,0.001363,0.008924,1.153089,-2.066,1.620,1.525,0.001363,0.008924,1.153089,-2.066,1.620,1.525
1761142155.755747,0,0.001320,0.008937,1.153263,-1.912,1.641,1.516,0.001320,0.008937,1.153263,-1.912,1.641,1.516
1761142155.823868,0,0.001354,0.008912,1.153043,-2.084,1.622,1.515,0.001354,0.008912,1.153043,-2.084,1.622,1.515
1761142155.892743,0,0.001341,0.008911,1.152984,-2.056,1.597,1.524,0.001341,0.008911,1.152984,-2.056,1.597,1.524
1761142155.959612,0,0.001305,0.008931,1.152912,-1.903,1.718,1.510,0.001305,0.008931,1.152912,-1.903,1.718,1.510
1761142156.025340,0,0.001345,0.008937,1.153064,-1.886,1.620,1.524,0.001345,0.008937,1.153064,-1.886,1.620,1.524
1761142156.095812,0,0.001334,0.008931,1.153111,-1.941,1.666,1.523,0.001334,0.008931,1.153111,-1.941,1.666,1.523
1761142156.152733,0,0.001323,0.008929,1.152976,-1.976,1.755,1.520,0.001323,0.008929,1.152976,-1.976,1.755,1.520
1761142156.211157,0,0.001325,0.008927,1.152914,-2.006,1.727,1.520,0.001325,0.008927,1.152914,-2.006,1.727,1.520
1761142156.268075,0,0.001331,0.008909,1.152937,-2.095,1.773,1.516,0.001331,0.008909,1.152937,-2.095,1.773,1.516
1761142156.330644,0,0.001339,0.008928,1.153011,-1.981,1.663,1.529,0.001339,0.008928,1.153011,-1.981,1.663,1.529
1761142156.388435,0,0.001316,0.008919,1.152950,-2.032,1.748,1.519,0.001316,0.008919,1.152950,-2.032,1.748,1.519
1761142156.443871,0,0.001345,0.008911,1.152890,-2.144,1.701,1.514,0.001345,0.008911,1.152890,-2.144,1.701,1.514
1761142156.505176,0,0.001336,0.008908,1.152824,-2.104,1.724,1.514,0.001336,0.008908,1.152824,-2.104,1.724,1.514
1761142156.559197,0,0.001345,0.008907,1.153027,-2.129,1.640,1.517,0.001345,0.008907,1.153027,-2.129,1.640,1.517
1761142156.615280,0,0.001375,0.008936,1.153087,-1.889,1.693,1.531,0.001375,0.008936,1.153087,-1.889,1.693,1.531
1761142156.677106,0,0.001283,0.008927,1.152972,-1.970,1.663,1.520,0.001283,0.008927,1.152972,-1.970,1.663,1.520
1761142156.739944,0,0.001332,0.008939,1.153038,-1.919,1.702,1.524,0.001332,0.008939,1.153038,-1.919,1.702,1.524
1761142156.798773,0,0.001325,0.008935,1.153033,-1.943,1.668,1.525,0.001325,0.008935,1.153033,-1.943,1.668,1.525
1761142156.855422,0,0.001355,0.008911,1.153069,-2.067,1.539,1.523,0.001355,0.008911,1.153069,-2.067,1.539,1.523
1761142156.918770,0,0.001330,0.008929,1.153225,-1.980,1.666,1.523,0.001330,0.008929,1.153225,-1.980,1.666,1.523
1761142156.979234,0,0.001420,0.008936,1.150262,-2.362,1.610,1.524,0.001420,0.008936,1.150262,-2.362,1.610,1.524
1761142157.037924,0,0.001328,0.008873,1.154168,-2.002,1.678,1.528,0.001328,0.008873,1.154168,-2.002,1.678,1.528
1761142157.115653,0,0.001333,0.008920,1.164133,-1.362,1.588,1.554,0.001333,0.008920,1.164133,-1.362,1.588,1.554
1761142157.180435,0,0.001318,0.008842,1.157624,-2.366,1.607,1.529,0.001318,0.008842,1.157624,-2.366,1.607,1.529
1761142157.246279,0,0.001359,0.008900,1.150859,-2.590,1.754,1.517,0.001359,0.008900,1.150859,-2.590,1.754,1.517
1761142157.303060,0,0.001327,0.008918,1.153249,-2.058,1.721,1.526,0.001327,0.008918,1.153249,-2.058,1.721,1.526
1761142157.365594,0,0.001352,0.008909,1.153367,-2.125,1.645,1.515,0.001352,0.008909,1.153367,-2.125,1.645,1.515
1761142157.427460,0,0.001348,0.008912,1.153381,-2.053,1.590,1.523,0.001348,0.008912,1.153381,-2.053,1.590,1.523
1761142157.484157,0,0.001341,0.008902,1.153347,-2.146,1.621,1.519,0.001341,0.008902,1.153347,-2.146,1.621,1.519
1761142157.546738,0,0.001348,0.008911,1.153354,-2.061,1.666,1.515,0.001348,0.008911,1.153354,-2.061,1.666,1.515
1761142157.621047,0,0.001351,0.008898,1.153189,-2.154,1.570,1.525,0.001351,0.008898,1.153189,-2.154,1.570,1.525
1761142157.697136,0,0.001352,0.008900,1.153187,-2.113,1.575,1.515,0.001352,0.008900,1.153187,-2.113,1.575,1.515
1761142157.764144,0,0.001354,0.008892,1.153249,-2.174,1.621,1.522,0.001354,0.008892,1.153249,-2.174,1.621,1.522
1761142157.827801,0,0.001360,0.008922,1.153275,-1.968,1.628,1.524,0.001360,0.008922,1.153275,-1.968,1.628,1.524
1761142157.899869,0,0.001355,0.008899,1.153229,-2.159,1.634,1.523,0.001355,0.008899,1.153229,-2.159,1.634,1.523
1761142157.975141,0,0.001373,0.008916,1.153297,-2.082,1.569,1.524,0.001373,0.008916,1.153297,-2.082,1.569,1.524
1761142158.040033,0,0.001362,0.008924,1.153231,-1.999,1.607,1.525,0.001362,0.008924,1.153231,-1.999,1.607,1.525
1761142158.100807,0,0.001362,0.008912,1.153288,-2.083,1.658,1.523,0.001362,0.008912,1.153288,-2.083,1.658,1.523
1761142158.159770,0,0.001351,0.008916,1.153303,-2.045,1.646,1.518,0.001351,0.008916,1.153303,-2.045,1.646,1.518
1761142158.216979,0,0.001337,0.008899,1.153199,-2.190,1.668,1.519,0.001337,0.008899,1.153199,-2.190,1.668,1.519
1761142158.276253,0,0.001347,0.008898,1.153215,-2.196,1.585,1.519,0.001347,0.008898,1.153215,-2.196,1.585,1.519
1761142158.333500,0,0.001360,0.008907,1.153306,-2.108,1.604,1.522,0.001360,0.008907,1.153306,-2.108,1.604,1.522
1761142158.396250,0,0.001362,0.008895,1.153303,-2.208,1.524,1.517,0.001362,0.008895,1.153303,-2.208,1.524,1.517
1761142158.449881,0,0.001365,0.008908,1.153279,-2.032,1.594,1.523,0.001365,0.008908,1.153279,-2.032,1.594,1.523
1761142158.507988,0,0.001342,0.008903,1.153253,-2.114,1.635,1.519,0.001342,0.008903,1.153253,-2.114,1.635,1.519
1761142158.563949,0,0.001335,0.008875,1.153134,-2.292,1.652,1.525,0.001335,0.008875,1.153134,-2.292,1.652,1.525
1761142158.625771,0,0.001353,0.008911,1.153304,-2.075,1.604,1.520,0.001353,0.008911,1.153304,-2.075,1.604,1.520
1761142158.682735,0,0.001340,0.008915,1.153214,-2.083,1.700,1.511,0.001340,0.008915,1.153214,-2.083,1.700,1.511
1761142158.742899,0,0.001359,0.008912,1.153242,-2.058,1.623,1.514,0.001359,0.008912,1.153242,-2.058,1.623,1.514
1761142158.804301,0,0.001360,0.008920,1.153246,-2.016,1.620,1.522,0.001360,0.008920,1.153246,-2.016,1.620,1.522
1761142158.860576,0,0.001372,0.008903,1.153321,-2.129,1.584,1.521,0.001372,0.008903,1.153321,-2.129,1.584,1.521
1761142158.922839,0,0.001351,0.008909,1.153154,-2.074,1.618,1.517,0.001351,0.008909,1.153154,-2.074,1.618,1.517
1761142158.982102,0,0.001350,0.008884,1.153162,-2.293,1.626,1.520,0.001350,0.008884,1.153162,-2.293,1.626,1.520
1761142159.045027,0,0.001357,0.008927,1.153316,-1.997,1.615,1.522,0.001357,0.008927,1.153316,-1.997,1.615,1.522
1761142159.103229,0,0.001355,0.008918,1.153287,-2.009,1.592,1.521,0.001355,0.008918,1.153287,-2.009,1.592,1.521
1761142159.160790,0,0.001359,0.008929,1.153256,-1.929,1.621,1.525,0.001359,0.008929,1.153256,-1.929,1.621,1.525
1761142159.221986,0,0.001343,0.008943,1.153290,-1.930,1.653,1.524,0.001343,0.008943,1.153290,-1.930,1.653,1.524
1761142159.278162,0,0.001351,0.008887,1.153210,-2.222,1.596,1.525,0.001351,0.008887,1.153210,-2.222,1.596,1.525
1761142159.336265,0,0.001353,0.008904,1.153210,-2.082,1.544,1.526,0.001353,0.008904,1.153210,-2.082,1.544,1.526
1761142159.392739,0,0.001352,0.008895,1.153162,-2.212,1.673,1.514,0.001352,0.008895,1.153162,-2.212,1.673,1.514
1761142159.458366,0,0.001364,0.008932,1.153297,-1.964,1.629,1.520,0.001364,0.008932,1.153297,-1.964,1.629,1.520
1761142159.517481,0,0.001347,0.008897,1.153146,-2.187,1.649,1.518,0.001347,0.008897,1.153146,-2.187,1.649,1.518
1761142159.573818,0,0.001347,0.008901,1.153283,-2.139,1.683,1.528,0.001347,0.008901,1.153283,-2.139,1.683,1.528
1761142159.634613,0,0.001363,0.008885,1.153198,-2.245,1.577,1.527,0.001363,0.008885,1.153198,-2.245,1.577,1.527
1761142159.695106,0,0.001369,0.008927,1.153279,-1.975,1.581,1.528,0.001369,0.008927,1.153279,-1.975,1.581,1.528
1761142159.752649,0,0.001364,0.008911,1.153301,-2.090,1.543,1.518,0.001364,0.008911,1.153301,-2.090,1.543,1.518
1761142159.809124,0,0.001360,0.008887,1.153219,-2.230,1.627,1.518,0.001360,0.008887,1.153219,-2.230,1.627,1.518
1761142159.871101,0,0.001348,0.008898,1.153066,-2.099,1.682,1.521,0.001348,0.008898,1.153066,-2.099,1.682,1.521
1761142159.928072,0,0.001381,0.008909,1.153253,-2.115,1.590,1.523,0.001381,0.008909,1.153253,-2.115,1.590,1.523
1761142159.991421,0,0.001366,0.008885,1.153130,-2.236,1.564,1.520,0.001366,0.008885,1.153130,-2.236,1.564,1.520
1761142160.052222,0,0.001341,0.008878,1.153118,-2.307,1.732,1.519,0.001341,0.008878,1.153118,-2.307,1.732,1.519
1761142160.111298,0,0.001353,0.008894,1.153189,-2.133,1.603,1.522,0.001353,0.008894,1.153189,-2.133,1.603,1.522
1761142160.169866,0,0.001353,0.008879,1.153205,-2.289,1.638,1.524,0.001353,0.008879,1.153205,-2.289,1.638,1.524
1761142160.228596,0,0.001354,0.008908,1.153174,-2.077,1.715,1.518,0.001354,0.008908,1.153174,-2.077,1.715,1.518
1761142160.291793,0,0.001346,0.008884,1.153116,-2.267,1.667,1.514,0.001346,0.008884,1.153116,-2.267,1.667,1.514
1761142160.349182,0,0.001359,0.008895,1.153316,-2.253,1.579,1.519,0.001359,0.008895,1.153316,-2.253,1.579,1.519
1761142160.404349,0,0.001367,0.008888,1.153132,-2.251,1.552,1.521,0.001367,0.008888,1.153132,-2.251,1.552,1.521
1761142160.467179,0,0.001360,0.008872,1.153076,-2.262,1.611,1.524,0.001360,0.008872,1.153076,-2.262,1.611,1.524
1761142160.519350,0,0.001360,0.008904,1.153296,-2.127,1.682,1.518,0.001360,0.008904,1.153296,-2.127,1.682,1.518
1761142160.576842,0,0.001360,0.008903,1.153141,-2.147,1.630,1.529,0.001360,0.008903,1.153141,-2.147,1.630,1.529
1761142160.631934,0,0.001347,0.008897,1.153137,-2.170,1.684,1.520,0.001347,0.008897,1.153137,-2.170,1.684,1.520
1761142160.692116,0,0.001380,0.008917,1.153201,-2.047,1.612,1.519,0.001380,0.008917,1.153201,-2.047,1.612,1.519
1761142160.747995,0,0.001365,0.008906,1.153156,-2.096,1.647,1.515,0.001365,0.008906,1.153156,-2.096,1.647,1.515
1761142160.804249,0,0.001354,0.008892,1.153124,-2.190,1.623,1.524,0.001354,0.008892,1.153124,-2.190,1.623,1.524
1761142160.869940,0,0.001367,0.008859,1.153046,-2.445,1.650,1.522,0.001367,0.008859,1.153046,-2.445,1.650,1.522
1761142160.927699,0,0.001375,0.008891,1.153145,-2.217,1.563,1.522,0.001375,0.008891,1.153145,-2.217,1.563,1.522
1761142160.988100,0,0.001354,0.008884,1.153092,-2.308,1.667,1.514,0.001354,0.008884,1.153092,-2.308,1.667,1.514
1761142161.050504,0,0.001359,0.008886,1.153122,-2.327,1.664,1.523,0.001359,0.008886,1.153122,-2.327,1.664,1.523
1761142161.112330,0,0.001344,0.008910,1.153089,-2.203,1.687,1.519,0.001344,0.008910,1.153089,-2.203,1.687,1.519
1761142161.166241,0,0.001382,0.008938,1.153343,-2.011,1.527,1.520,0.001382,0.008938,1.153343,-2.011,1.527,1.520
1761142161.223549,0,0.001338,0.008886,1.153140,-2.256,1.648,1.527,0.001338,0.008886,1.153140,-2.256,1.648,1.527
1761142161.289984,0,0.001350,0.008912,1.153184,-2.086,1.681,1.521,0.001350,0.008912,1.153184,-2.086,1.681,1.521
1761142161.346597,0,0.001365,0.008898,1.153149,-2.206,1.642,1.511,0.001365,0.008898,1.153149,-2.206,1.642,1.511
1761142161.402318,0,0.001360,0.008887,1.153160,-2.245,1.596,1.523,0.001360,0.008887,1.153160,-2.245,1.596,1.523
1761142161.460115,0,0.001376,0.008888,1.153228,-2.233,1.509,1.522,0.001376,0.008888,1.153228,-2.233,1.509,1.522
1761142161.594479,0,0.001367,0.008898,1.153107,-2.177,1.636,1.527,0.001367,0.008898,1.153107,-2.177,1.636,1.527
1761142161.656058,0,0.001381,0.008913,1.153279,-2.118,1.533,1.523,0.001381,0.008913,1.153279,-2.118,1.533,1.523
1761142161.719106,0,0.001349,0.008900,1.153136,-2.188,1.616,1.519,0.001349,0.008900,1.153136,-2.188,1.616,1.519
1761142161.776604,0,0.001358,0.008910,1.153208,-2.148,1.615,1.521,0.001358,0.008910,1.153208,-2.148,1.615,1.521
1761142161.832863,0,0.001373,0.008874,1.153157,-2.342,1.519,1.521,0.001373,0.008874,1.153157,-2.342,1.519,1.521
1761142161.890138,0,0.001363,0.008871,1.153126,-2.375,1.629,1.525,0.001363,0.008871,1.153126,-2.375,1.629,1.525
1761142161.948156,0,0.001351,0.008886,1.153139,-2.348,1.643,1.525,0.001351,0.008886,1.153139,-2.348,1.643,1.525
1761142162.009222,0,0.001361,0.008881,1.153122,-2.351,1.592,1.518,0.001361,0.008881,1.153122,-2.351,1.592,1.518
1761142162.066221,0,0.001352,0.008883,1.153110,-2.312,1.652,1.524,0.001352,0.008883,1.153110,-2.312,1.652,1.524
1761142162.123495,0,0.001355,0.008906,1.153151,-2.204,1.596,1.518,0.001355,0.008906,1.153151,-2.204,1.596,1.518
1761142162.179432,0,0.001360,0.008894,1.153186,-2.266,1.648,1.519,0.001360,0.008894,1.153186,-2.266,1.648,1.519
1761142162.235472,0,0.001365,0.008889,1.153151,-2.334,1.589,1.517,0.001365,0.008889,1.153151,-2.334,1.589,1.517
1761142162.293252,0,0.001358,0.008890,1.153159,-2.319,1.574,1.523,0.001358,0.008890,1.153159,-2.319,1.574,1.523
1761142162.351428,0,0.001372,0.008903,1.153279,-2.179,1.621,1.521,0.001372,0.008903,1.153279,-2.179,1.621,1.521
1761142162.407529,0,0.001387,0.008909,1.153266,-2.164,1.487,1.527,0.001387,0.008909,1.153266,-2.164,1.487,1.527
1761142163.356688,0,0.001373,0.008913,1.153222,-2.141,1.554,1.521,0.001373,0.008913,1.153222,-2.141,1.554,1.521
1761142163.440777,0,0.001369,0.008866,1.153130,-2.439,1.581,1.522,0.001369,0.008866,1.153130,-2.439,1.581,1.522
1761142163.516369,0,0.001353,0.008884,1.153163,-2.304,1.622,1.527,0.001353,0.008884,1.153163,-2.304,1.622,1.527
1761142163.580512,0,0.001365,0.008874,1.153135,-2.388,1.659,1.518,0.001365,0.008874,1.153135,-2.388,1.659,1.518
1761142163.654341,0,0.001363,0.008853,1.153140,-2.579,1.666,1.524,0.001363,0.008853,1.153140,-2.579,1.666,1.524
1761142163.722346,0,0.001358,0.008873,1.153126,-2.400,1.660,1.518,0.001358,0.008873,1.153126,-2.400,1.660,1.518
1761142163.790186,0,0.001371,0.008894,1.153223,-2.243,1.671,1.520,0.001371,0.008894,1.153223,-2.243,1.671,1.520
1761142163.860227,0,0.001372,0.008881,1.153198,-2.356,1.607,1.526,0.001372,0.008881,1.153198,-2.356,1.607,1.526
1761142163.926103,0,0.001357,0.008851,1.153052,-2.522,1.662,1.512,0.001357,0.008851,1.153052,-2.522,1.662,1.512
1761142163.995560,0,0.001388,0.008879,1.153143,-2.346,1.588,1.525,0.001388,0.008879,1.153143,-2.346,1.588,1.525
1761142164.070385,0,0.001359,0.008874,1.153152,-2.445,1.657,1.528,0.001359,0.008874,1.153152,-2.445,1.657,1.528
1761142164.135720,0,0.001368,0.008881,1.153207,-2.385,1.609,1.531,0.001368,0.008881,1.153207,-2.385,1.609,1.531
1761142164.200172,0,0.001381,0.008856,1.153053,-2.562,1.573,1.530,0.001381,0.008856,1.153053,-2.562,1.573,1.530
1761142164.265859,0,0.001370,0.008868,1.153173,-2.426,1.589,1.526,0.001370,0.008868,1.153173,-2.426,1.589,1.526
1761142164.331625,0,0.001383,0.008892,1.153277,-2.267,1.542,1.523,0.001383,0.008892,1.153277,-2.267,1.542,1.523
1761142164.404976,0,0.001378,0.008888,1.153225,-2.349,1.556,1.530,0.001378,0.008888,1.153225,-2.349,1.556,1.530
1761142164.471927,0,0.001363,0.008883,1.153134,-2.398,1.654,1.521,0.001363,0.008883,1.153134,-2.398,1.654,1.521
1761142164.533834,0,0.001345,0.008862,1.153121,-2.494,1.695,1.520,0.001345,0.008862,1.153121,-2.494,1.695,1.520
1761142164.602354,0,0.001364,0.008878,1.153134,-2.406,1.613,1.526,0.001364,0.008878,1.153134,-2.406,1.613,1.526
1761142164.672849,0,0.001368,0.008874,1.153156,-2.439,1.665,1.524,0.001368,0.008874,1.153156,-2.439,1.665,1.524
1761142164.741948,0,0.001346,0.008866,1.153212,-2.448,1.708,1.524,0.001346,0.008866,1.153212,-2.448,1.708,1.524
1761142164.804471,0,0.001364,0.008883,1.153127,-2.399,1.676,1.530,0.001364,0.008883,1.153127,-2.399,1.676,1.530
1761142164.870235,0,0.001367,0.008860,1.153118,-2.521,1.657,1.522,0.001367,0.008860,1.153118,-2.521,1.657,1.522
1761142164.935755,0,0.001387,0.008874,1.153205,-2.461,1.551,1.526,0.001387,0.008874,1.153205,-2.461,1.551,1.526
1761142165.002332,0,0.001384,0.008887,1.153125,-2.350,1.559,1.523,0.001384,0.008887,1.153125,-2.350,1.559,1.523
1761142165.073890,0,0.001357,0.008892,1.153170,-2.323,1.639,1.528,0.001357,0.008892,1.153170,-2.323,1.639,1.528
1761142165.131582,0,0.001366,0.008873,1.153109,-2.453,1.629,1.527,0.001366,0.008873,1.153109,-2.453,1.629,1.527
1761142165.196572,0,0.001365,0.008876,1.153173,-2.434,1.636,1.516,0.001365,0.008876,1.153173,-2.434,1.636,1.516
1761142165.269903,0,0.001357,0.008898,1.153088,-2.326,1.679,1.529,0.001357,0.008898,1.153088,-2.326,1.679,1.529
1761142165.333407,0,0.001355,0.008880,1.153135,-2.436,1.645,1.526,0.001355,0.008880,1.153135,-2.436,1.645,1.526
1761142165.392840,0,0.001370,0.008874,1.153115,-2.437,1.592,1.527,0.001370,0.008874,1.153115,-2.437,1.592,1.527
1761142165.458736,0,0.001368,0.008919,1.153269,-2.201,1.617,1.524,0.001368,0.008919,1.153269,-2.201,1.617,1.524
1761142165.516160,0,0.001355,0.008895,1.153234,-2.310,1.635,1.517,0.001355,0.008895,1.153234,-2.310,1.635,1.517
1761142165.573080,0,0.001373,0.008867,1.153120,-2.528,1.635,1.528,0.001373,0.008867,1.153120,-2.528,1.635,1.528
1761142165.632928,0,0.001365,0.008890,1.153159,-2.364,1.627,1.527,0.001365,0.008890,1.153159,-2.364,1.627,1.527
1761142165.697315,0,0.001366,0.008884,1.153155,-2.353,1.588,1.529,0.001366,0.008884,1.153155,-2.353,1.588,1.529
1761142165.754653,0,0.001365,0.008879,1.153128,-2.452,1.650,1.519,0.001365,0.008879,1.153128,-2.452,1.650,1.519
1761142165.812900,0,0.001365,0.008923,1.153335,-2.118,1.654,1.522,0.001365,0.008923,1.153335,-2.118,1.654,1.522
1761142165.873702,0,0.001382,0.008905,1.153264,-2.202,1.622,1.524,0.001382,0.008905,1.153264,-2.202,1.622,1.524
1761142165.933817,0,0.001368,0.008879,1.153098,-2.440,1.598,1.523,0.001368,0.008879,1.153098,-2.440,1.598,1.523
1761142165.990749,0,0.001361,0.008886,1.153100,-2.377,1.687,1.523,0.001361,0.008886,1.153100,-2.377,1.687,1.523
1761142166.050226,0,0.001342,0.008922,1.153151,-2.148,1.634,1.520,0.001342,0.008922,1.153151,-2.148,1.634,1.520
1761142166.110707,0,0.001377,0.008864,1.152985,-2.514,1.583,1.523,0.001377,0.008864,1.152985,-2.514,1.583,1.523
1761142166.163122,0,0.001369,0.008876,1.153097,-2.408,1.672,1.534,0.001369,0.008876,1.153097,-2.408,1.672,1.534
1761142166.215370,0,0.001359,0.008924,1.153282,-2.151,1.711,1.520,0.001359,0.008924,1.153282,-2.151,1.711,1.520
1761142166.271258,0,0.001353,0.008922,1.153253,-2.131,1.665,1.525,0.001353,0.008922,1.153253,-2.131,1.665,1.525
1761142166.328120,0,0.001398,0.008876,1.153047,-2.453,1.581,1.532,0.001398,0.008876,1.153047,-2.453,1.581,1.532
1761142166.387100,0,0.001370,0.008914,1.153172,-2.178,1.616,1.525,0.001370,0.008914,1.153172,-2.178,1.616,1.525
1761142166.441596,0,0.001406,0.008917,1.153232,-2.213,1.567,1.518,0.001406,0.008917,1.153232,-2.213,1.567,1.518
1761142166.497011,0,0.001376,0.008881,1.153089,-2.394,1.601,1.529,0.001376,0.008881,1.153089,-2.394,1.601,1.529
1761142166.556981,0,0.001388,0.008898,1.153204,-2.280,1.530,1.529,0.001388,0.008898,1.153204,-2.280,1.530,1.529
1761142166.614758,0,0.001369,0.008879,1.153160,-2.407,1.641,1.525,0.001369,0.008879,1.153160,-2.407,1.641,1.525
1761142166.673820,0,0.001365,0.008892,1.153140,-2.381,1.606,1.525,0.001365,0.008892,1.153140,-2.381,1.606,1.525
1761142166.731653,0,0.001372,0.008885,1.153061,-2.380,1.603,1.523,0.001372,0.008885,1.153061,-2.380,1.603,1.523
1761142166.785690,0,0.001374,0.008903,1.153169,-2.316,1.611,1.508,0.001374,0.008903,1.153169,-2.316,1.611,1.508
1761142166.840955,0,0.001382,0.008888,1.153081,-2.357,1.541,1.529,0.001382,0.008888,1.153081,-2.357,1.541,1.529
1761142166.899738,0,0.001379,0.008903,1.153148,-2.261,1.679,1.520,0.001379,0.008903,1.153148,-2.261,1.679,1.520
1761142166.960759,0,0.001358,0.008923,1.153061,-2.150,1.634,1.526,0.001358,0.008923,1.153061,-2.150,1.634,1.526
1761142167.019889,0,0.001379,0.008924,1.153215,-2.151,1.614,1.518,0.001379,0.008924,1.153215,-2.151,1.614,1.518
1761142167.080919,0,0.001394,0.008933,1.153316,-2.108,1.590,1.521,0.001394,0.008933,1.153316,-2.108,1.590,1.521
1761142167.143619,0,0.001379,0.008904,1.153181,-2.288,1.545,1.522,0.001379,0.008904,1.153181,-2.288,1.545,1.522
1761142167.201539,0,0.001377,0.008854,1.153008,-2.598,1.573,1.526,0.001377,0.008854,1.153008,-2.598,1.573,1.526
1761142167.259554,0,0.001385,0.008914,1.153219,-2.261,1.630,1.516,0.001385,0.008914,1.153219,-2.261,1.630,1.516
1761142167.315986,0,0.001381,0.008886,1.152996,-2.423,1.575,1.530,0.001381,0.008886,1.152996,-2.423,1.575,1.530
1761142167.377064,0,0.001392,0.008876,1.153140,-2.485,1.527,1.528,0.001392,0.008876,1.153140,-2.485,1.527,1.528
1761142167.430352,0,0.001392,0.008887,1.153087,-2.446,1.603,1.525,0.001392,0.008887,1.153087,-2.446,1.603,1.525
1761142167.530654,0,0.001375,0.008926,1.153277,-2.166,1.634,1.527,0.001375,0.008926,1.153277,-2.166,1.634,1.527
1761142168.624106,0,0.001539,0.008998,1.165692,-2.061,0.986,1.621,0.001539,0.008998,1.165692,-2.061,0.986,1.621
1761142169.753227,0,0.001535,0.008994,1.165673,-2.083,0.996,1.620,0.001535,0.008994,1.165673,-2.083,0.996,1.620
1761142170.905865,0,0.001404,0.009234,1.176577,-1.075,0.897,1.776,0.001404,0.009234,1.176577,-1.075,0.897,1.776
1761142172.067143,0,0.001407,0.009233,1.176594,-1.070,0.878,1.777,0.001407,0.009233,1.176594,-1.070,0.878,1.777
1761142173.242249,0,0.001526,0.009551,1.189029,1.502,0.122,1.838,0.001526,0.009551,1.189029,1.502,0.122,1.838
1761142174.417234,0,0.001526,0.009551,1.189027,1.497,0.120,1.837,0.001526,0.009551,1.189027,1.497,0.120,1.837
1761142175.477359,0,0.001380,0.009774,1.201598,2.338,0.023,1.710,0.001380,0.009774,1.201598,2.338,0.023,1.710
1761142176.563117,0,0.001379,0.009768,1.201615,2.323,0.028,1.711,0.001379,0.009768,1.201615,2.323,0.028,1.711
1761142177.691831,0,0.001258,0.009711,1.215272,1.244,-0.148,1.687,0.001258,0.009711,1.215272,1.244,-0.148,1.687
1761142178.868769,0,0.001259,0.009713,1.215275,1.252,-0.150,1.687,0.001259,0.009713,1.215275,1.252,-0.150,1.687
1761142180.025724,0,0.001430,0.009630,1.226642,1.169,-1.250,1.549,0.001430,0.009630,1.226642,1.169,-1.250,1.549
1761142181.194318,0,0.001429,0.009631,1.226642,1.174,-1.247,1.549,0.001429,0.009631,1.226642,1.174,-1.247,1.549
1761142182.361459,0,0.001263,0.009573,1.240659,1.296,-0.024,1.431,0.001263,0.009573,1.240659,1.296,-0.024,1.431
1761142183.523906,0,0.001262,0.009574,1.240654,1.300,-0.013,1.431,0.001262,0.009574,1.240654,1.300,-0.013,1.431
1761142184.708942,0,0.000931,0.009727,1.255181,2.844,1.237,1.355,0.000931,0.009727,1.255181,2.844,1.237,1.355
1761142185.858918,0,0.000930,0.009724,1.255181,2.822,1.236,1.355,0.000930,0.009724,1.255181,2.822,1.236,1.355
1761142187.023743,0,0.001070,0.010053,1.266943,4.578,0.394,1.269,0.001070,0.010053,1.266943,4.578,0.394,1.269
1761142188.192038,0,0.001069,0.010052,1.266946,4.575,0.395,1.269,0.001069,0.010052,1.266946,4.575,0.395,1.269
1761142189.360448,0,0.001487,0.010109,1.279870,4.283,-1.287,1.270,0.001487,0.010109,1.279870,4.283,-1.287,1.270
1761142190.523089,0,0.001291,0.009941,1.282057,2.930,-1.161,1.250,0.001291,0.009941,1.282057,2.930,-1.161,1.250
1761142191.691677,0,0.001215,0.010141,1.294031,3.906,0.699,1.272,0.001215,0.010141,1.294031,3.906,0.699,1.272
1761142192.858696,0,0.001065,0.010257,1.294452,4.723,0.430,1.313,0.001065,0.010257,1.294452,4.723,0.430,1.313
1761142194.027991,0,0.001518,0.010308,1.307502,4.409,-1.517,1.299,0.001518,0.010308,1.307502,4.409,-1.517,1.299
1761142195.194921,0,0.001317,0.010144,1.309890,3.034,-1.306,1.276,0.001317,0.010144,1.309890,3.034,-1.306,1.276
1761142196.357384,0,0.001241,0.010355,1.322611,3.981,0.788,1.313,0.001241,0.010355,1.322611,3.981,0.788,1.313
1761142197.522675,0,0.001086,0.010468,1.323022,4.824,0.554,1.356,0.001086,0.010468,1.323022,4.824,0.554,1.356
1761142198.597050,0,0.001412,0.010351,1.337996,4.547,-0.442,1.426,0.001412,0.010351,1.337996,4.547,-0.442,1.426
1761142199.745829,0,0.001192,0.010132,1.340801,2.715,-0.134,1.377,0.001192,0.010132,1.340801,2.715,-0.134,1.377
1761142200.842728,0,0.001533,0.010580,1.350521,5.741,0.169,1.541,0.001533,0.010580,1.350521,5.741,0.169,1.541
1761142201.932304,0,0.000978,0.010044,1.354489,2.840,1.703,1.417,0.000978,0.010044,1.354489,2.840,1.703,1.417
1761142202.995908,0,0.001527,0.010386,1.368512,3.149,0.407,1.616,0.001527,0.010386,1.368512,3.149,0.407,1.616
1761142204.069084,0,0.001045,0.010138,1.369895,2.756,1.232,1.596,0.001045,0.010138,1.369895,2.756,1.232,1.596
1761142211.238199,0,0.001355,0.008898,1.153123,-2.383,1.719,1.523,0.001355,0.008898,1.153123,-2.383,1.719,1.523
1761142211.335067,0,0.001488,0.008991,1.153096,-2.258,1.481,1.522,0.001488,0.008991,1.153096,-2.258,1.481,1.522
1761142211.407068,0,0.001482,0.009020,1.153107,-2.085,1.519,1.520,0.001482,0.009020,1.153107,-2.085,1.519,1.520
1761142211.465681,0,0.001498,0.008987,1.153078,-2.272,1.514,1.520,0.001498,0.008987,1.153078,-2.272,1.514,1.520
1761142211.521850,0,0.001487,0.008981,1.153014,-2.338,1.520,1.519,0.001487,0.008981,1.153014,-2.338,1.520,1.519
1761142211.578040,0,0.001490,0.008987,1.153048,-2.271,1.468,1.515,0.001490,0.008987,1.153048,-2.271,1.468,1.515
1761142211.641086,0,0.001487,0.008976,1.153040,-2.363,1.456,1.523,0.001487,0.008976,1.153040,-2.363,1.456,1.523
1761142211.708266,0,0.001492,0.008977,1.152962,-2.341,1.519,1.525,0.001492,0.008977,1.152962,-2.341,1.519,1.525
1761142211.763858,0,0.001467,0.008997,1.153028,-2.247,1.603,1.514,0.001467,0.008997,1.153028,-2.247,1.603,1.514
1761142211.828382,0,0.001492,0.008973,1.153045,-2.415,1.527,1.523,0.001492,0.008973,1.153045,-2.415,1.527,1.523
1761142211.886922,0,0.001477,0.008985,1.152920,-2.307,1.539,1.516,0.001477,0.008985,1.152920,-2.307,1.539,1.516
1761142211.946533,0,0.001496,0.008997,1.152955,-2.236,1.524,1.523,0.001496,0.008997,1.152955,-2.236,1.524,1.523
1761142212.018934,0,0.001482,0.008974,1.152904,-2.372,1.490,1.523,0.001482,0.008974,1.152904,-2.372,1.490,1.523
1761142212.076512,0,0.001482,0.008983,1.153050,-2.311,1.552,1.523,0.001482,0.008983,1.153050,-2.311,1.552,1.523
1761142212.132701,0,0.001499,0.009002,1.152908,-2.173,1.379,1.531,0.001499,0.009002,1.152908,-2.173,1.379,1.531
1761142212.183416,0,0.001486,0.008960,1.152980,-2.443,1.492,1.529,0.001486,0.008960,1.152980,-2.443,1.492,1.529
1761142212.236524,0,0.001481,0.008994,1.152907,-2.210,1.482,1.516,0.001481,0.008994,1.152907,-2.210,1.482,1.516
1761142212.291130,0,0.001477,0.008995,1.152926,-2.229,1.492,1.527,0.001477,0.008995,1.152926,-2.229,1.492,1.527
1761142212.372395,0,0.001488,0.008977,1.152921,-2.303,1.469,1.518,0.001488,0.008977,1.152921,-2.303,1.469,1.518
1761142212.429172,0,0.001512,0.008979,1.153004,-2.311,1.404,1.522,0.001512,0.008979,1.153004,-2.311,1.404,1.522
1761142212.482892,0,0.001489,0.009011,1.152899,-2.255,1.458,1.519,0.001489,0.009011,1.152899,-2.255,1.458,1.519
1761142212.538011,0,0.001475,0.008999,1.152860,-2.298,1.499,1.522,0.001475,0.008999,1.152860,-2.298,1.499,1.522
1761142212.588514,0,0.001485,0.008995,1.152976,-2.274,1.481,1.521,0.001485,0.008995,1.152976,-2.274,1.481,1.521
1761142212.642341,0,0.001486,0.009023,1.152960,-2.025,1.497,1.527,0.001486,0.009023,1.152960,-2.025,1.497,1.527
1761142212.698570,0,0.001482,0.008981,1.152884,-2.344,1.532,1.519,0.001482,0.008981,1.152884,-2.344,1.532,1.519
1761142212.764561,0,0.001496,0.008999,1.152993,-2.199,1.414,1.526,0.001496,0.008999,1.152993,-2.199,1.414,1.526
1761142212.849014,0,0.001486,0.008988,1.152938,-2.281,1.457,1.522,0.001486,0.008988,1.152938,-2.281,1.457,1.522
1761142212.923657,0,0.001515,0.008991,1.152948,-2.280,1.454,1.518,0.001515,0.008991,1.152948,-2.280,1.454,1.518
1761142212.996232,0,0.001497,0.008984,1.152903,-2.287,1.438,1.515,0.001497,0.008984,1.152903,-2.287,1.438,1.515
1761142213.061219,0,0.001502,0.008984,1.152903,-2.378,1.479,1.531,0.001502,0.008984,1.152903,-2.378,1.479,1.531
1761142213.119633,0,0.001516,0.008954,1.153743,-2.275,1.452,1.529,0.001516,0.008954,1.153743,-2.275,1.452,1.529
1761142213.173603,0,0.001490,0.009019,1.153068,-2.089,1.465,1.515,0.001490,0.009019,1.153068,-2.089,1.465,1.515
1761142213.223916,0,0.001485,0.009003,1.152955,-2.168,1.461,1.525,0.001485,0.009003,1.152955,-2.168,1.461,1.525
1761142213.279153,0,0.001493,0.008982,1.152918,-2.327,1.492,1.525,0.001493,0.008982,1.152918,-2.327,1.492,1.525
1761142213.331619,0,0.001508,0.008964,1.152875,-2.423,1.409,1.531,0.001508,0.008964,1.152875,-2.423,1.409,1.531
1761142213.396150,0,0.001483,0.008984,1.152927,-2.293,1.475,1.523,0.001483,0.008984,1.152927,-2.293,1.475,1.523
1761142213.455169,0,0.001483,0.008998,1.152915,-2.232,1.524,1.515,0.001483,0.008998,1.152915,-2.232,1.524,1.515
1761142213.508112,0,0.001493,0.009004,1.153039,-2.149,1.444,1.516,0.001493,0.009004,1.153039,-2.149,1.444,1.516
1761142213.563754,0,0.001492,0.008998,1.152977,-2.220,1.477,1.518,0.001492,0.008998,1.152977,-2.220,1.477,1.518
1761142213.614154,0,0.001489,0.009011,1.152975,-2.138,1.454,1.524,0.001489,0.009011,1.152975,-2.138,1.454,1.524
1761142213.662487,0,0.001488,0.009009,1.152973,-2.178,1.442,1.516,0.001488,0.009009,1.152973,-2.178,1.442,1.516
1761142213.714288,0,0.001499,0.009005,1.153027,-2.165,1.434,1.519,0.001499,0.009005,1.153027,-2.165,1.434,1.519
1761142213.769981,0,0.001494,0.008976,1.152947,-2.357,1.445,1.526,0.001494,0.008976,1.152947,-2.357,1.445,1.526
1761142213.823027,0,0.001488,0.009000,1.152982,-2.192,1.426,1.520,0.001488,0.009000,1.152982,-2.192,1.426,1.520
1761142213.876321,0,0.001494,0.008983,1.153047,-2.294,1.518,1.520,0.001494,0.008983,1.153047,-2.294,1.518,1.520
1761142213.931399,0,0.001488,0.009021,1.153002,-2.041,1.479,1.522,0.001488,0.009021,1.153002,-2.041,1.479,1.522
1761142213.995930,0,0.001488,0.009000,1.152987,-2.178,1.473,1.522,0.001488,0.009000,1.152987,-2.178,1.473,1.522
1761142214.058953,0,0.001483,0.009003,1.152933,-2.184,1.488,1.519,0.001483,0.009003,1.152933,-2.184,1.488,1.519
1761142214.112553,0,0.001488,0.008972,1.152988,-2.350,1.515,1.524,0.001488,0.008972,1.152988,-2.350,1.515,1.524
1761142214.164378,0,0.001482,0.008988,1.152921,-2.265,1.446,1.521,0.001482,0.008988,1.152921,-2.265,1.446,1.521
1761142214.224567,0,0.001487,0.008985,1.153048,-2.250,1.464,1.524,0.001487,0.008985,1.153048,-2.250,1.464,1.524
1761142214.276774,0,0.001479,0.009002,1.153015,-2.142,1.469,1.520,0.001479,0.009002,1.153015,-2.142,1.469,1.520
1761142214.328925,0,0.001056,0.008830,1.153833,-1.653,2.421,1.691,0.001056,0.008830,1.153833,-1.653,2.421,1.691
1761142214.396569,0,0.000354,0.007899,1.153030,-2.340,1.593,2.242,0.000354,0.007899,1.153030,-2.340,1.593,2.242
1761142214.459664,0,0.000372,0.007902,1.153046,-2.231,1.465,2.253,0.000372,0.007902,1.153046,-2.231,1.465,2.253
1761142214.518489,0,0.000368,0.007883,1.153014,-2.375,1.493,2.249,0.000368,0.007883,1.153014,-2.375,1.493,2.249
1761142214.567284,0,0.000369,0.007896,1.153050,-2.309,1.504,2.256,0.000369,0.007896,1.153050,-2.309,1.504,2.256
1761142214.622380,0,0.000367,0.007881,1.153036,-2.356,1.508,2.254,0.000367,0.007881,1.153036,-2.356,1.508,2.254
1761142214.673279,0,0.000378,0.007893,1.153003,-2.265,1.401,2.262,0.000378,0.007893,1.153003,-2.265,1.401,2.262
1761142214.723441,0,0.000374,0.007892,1.153038,-2.314,1.476,2.259,0.000374,0.007892,1.153038,-2.314,1.476,2.259
1761142214.774168,0,0.000372,0.007917,1.152980,-2.155,1.467,2.258,0.000372,0.007917,1.152980,-2.155,1.467,2.258
1761142214.832994,0,0.000380,0.007888,1.153019,-2.347,1.459,2.261,0.000380,0.007888,1.153019,-2.347,1.459,2.261
1761142214.884794,0,0.000357,0.007897,1.153041,-2.276,1.472,2.257,0.000357,0.007897,1.153041,-2.276,1.472,2.257
1761142214.934952,0,0.000364,0.007900,1.152955,-2.203,1.508,2.254,0.000364,0.007900,1.152955,-2.203,1.508,2.254
1761142214.990614,0,0.000375,0.007886,1.153010,-2.355,1.427,2.253,0.000375,0.007886,1.153010,-2.355,1.427,2.253
1761142215.062190,0,0.000361,0.007895,1.153049,-2.339,1.493,2.250,0.000361,0.007895,1.153049,-2.339,1.493,2.250
1761142215.116302,0,0.000377,0.007892,1.153038,-2.295,1.407,2.260,0.000377,0.007892,1.153038,-2.295,1.407,2.260
1761142215.171469,0,0.000376,0.007908,1.153019,-2.224,1.441,2.254,0.000376,0.007908,1.153019,-2.224,1.441,2.254
1761142215.230002,0,0.000372,0.007889,1.152963,-2.387,1.448,2.255,0.000372,0.007889,1.152963,-2.387,1.448,2.255
1761142215.282959,0,0.000371,0.007896,1.152989,-2.305,1.475,2.258,0.000371,0.007896,1.152989,-2.305,1.475,2.258
1761142215.336591,0,0.000370,0.007880,1.152980,-2.385,1.487,2.253,0.000370,0.007880,1.152980,-2.385,1.487,2.253
1761142215.391380,0,0.000372,0.007898,1.153020,-2.306,1.448,2.259,0.000372,0.007898,1.153020,-2.306,1.448,2.259
1761142215.449666,0,0.000375,0.007899,1.153098,-2.297,1.431,2.248,0.000375,0.007899,1.153098,-2.297,1.431,2.248
1761142215.505360,0,0.000358,0.007890,1.153042,-2.327,1.540,2.247,0.000358,0.007890,1.153042,-2.327,1.540,2.247
1761142215.563496,0,0.000365,0.007907,1.153041,-2.253,1.490,2.250,0.000365,0.007907,1.153041,-2.253,1.490,2.250
1761142215.621310,0,0.000362,0.007906,1.153026,-2.223,1.534,2.252,0.000362,0.007906,1.153026,-2.223,1.534,2.252
1761142215.676593,0,0.000359,0.007896,1.152994,-2.294,1.555,2.251,0.000359,0.007896,1.152994,-2.294,1.555,2.251
1761142215.731069,0,0.000373,0.007880,1.153016,-2.360,1.498,2.254,0.000373,0.007880,1.153016,-2.360,1.498,2.254
1761142215.781198,0,0.000360,0.007899,1.152934,-2.284,1.514,2.249,0.000360,0.007899,1.152934,-2.284,1.514,2.249
1761142215.833826,0,0.000373,0.007890,1.152920,-2.372,1.484,2.252,0.000373,0.007890,1.152920,-2.372,1.484,2.252
1761142215.908157,0,0.000373,0.007902,1.152970,-2.332,1.446,2.248,0.000373,0.007902,1.152970,-2.332,1.446,2.248
1761142215.977299,0,0.000369,0.007895,1.152917,-2.280,1.489,2.246,0.000369,0.007895,1.152917,-2.280,1.489,2.246
1761142216.041384,0,0.000379,0.007897,1.152998,-2.345,1.448,2.260,0.000379,0.007897,1.152998,-2.345,1.448,2.260
1761142216.105354,0,0.000352,0.007883,1.152962,-2.368,1.552,2.250,0.000352,0.007883,1.152962,-2.368,1.552,2.250
1761142216.177692,0,0.000380,0.007882,1.152943,-2.389,1.471,2.255,0.000380,0.007882,1.152943,-2.389,1.471,2.255
1761142216.241559,0,0.000371,0.007902,1.152940,-2.216,1.453,2.250,0.000371,0.007902,1.152940,-2.216,1.453,2.250
1761142216.309681,0,0.000372,0.007908,1.152968,-2.237,1.459,2.258,0.000372,0.007908,1.152968,-2.237,1.459,2.258
1761142216.375305,0,0.000360,0.007884,1.152980,-2.301,1.571,2.255,0.000360,0.007884,1.152980,-2.301,1.571,2.255
1761142216.441099,0,0.000384,0.007895,1.152984,-2.265,1.457,2.252,0.000384,0.007895,1.152984,-2.265,1.457,2.252
1761142216.500673,0,0.000381,0.007921,1.152970,-2.175,1.518,2.257,0.000381,0.007921,1.152970,-2.175,1.518,2.257
1761142216.564223,0,0.000398,0.007899,1.152850,-2.284,1.502,2.251,0.000398,0.007899,1.152850,-2.284,1.502,2.251
1761142216.625501,0,0.000361,0.007887,1.152909,-2.380,1.499,2.249,0.000361,0.007887,1.152909,-2.380,1.499,2.249
1761142216.701530,0,0.000409,0.007917,1.152931,-2.180,1.348,2.261,0.000409,0.007917,1.152931,-2.180,1.348,2.261
1761142216.764777,0,0.000395,0.007922,1.152903,-2.211,1.459,2.257,0.000395,0.007922,1.152903,-2.211,1.459,2.257
1761142216.830677,0,0.000392,0.007892,1.152859,-2.353,1.363,2.254,0.000392,0.007892,1.152859,-2.353,1.363,2.254
1761142216.896228,0,0.000370,0.007903,1.152885,-2.264,1.462,2.252,0.000370,0.007903,1.152885,-2.264,1.462,2.252
1761142216.958512,0,0.000386,0.007912,1.152843,-2.262,1.361,2.254,0.000386,0.007912,1.152843,-2.262,1.361,2.254
1761142217.039058,0,0.000383,0.007913,1.152947,-2.265,1.415,2.252,0.000383,0.007913,1.152947,-2.265,1.415,2.252
1761142217.127368,0,0.000404,0.007934,1.152956,-2.085,1.403,2.263,0.000404,0.007934,1.152956,-2.085,1.403,2.263
1761142217.186795,0,0.000380,0.007898,1.152915,-2.298,1.480,2.251,0.000380,0.007898,1.152915,-2.298,1.480,2.251
1761142217.260941,0,0.000380,0.007917,1.152846,-2.197,1.503,2.257,0.000380,0.007917,1.152846,-2.197,1.503,2.257
1761142217.333105,0,0.000393,0.007903,1.152946,-2.255,1.459,2.255,0.000393,0.007903,1.152946,-2.255,1.459,2.255
1761142217.412165,0,0.000384,0.007901,1.152856,-2.297,1.486,2.252,0.000384,0.007901,1.152856,-2.297,1.486,2.252
1761142217.479469,0,0.000379,0.007902,1.152896,-2.265,1.495,2.246,0.000379,0.007902,1.152896,-2.265,1.495,2.246
1761142217.553611,0,0.000398,0.007909,1.152909,-2.289,1.361,2.260,0.000398,0.007909,1.152909,-2.289,1.361,2.260
1761142217.630112,0,0.000375,0.007931,1.152916,-2.128,1.414,2.255,0.000375,0.007931,1.152916,-2.128,1.414,2.255
1761142217.709507,0,0.000376,0.007907,1.152887,-2.254,1.497,2.255,0.000376,0.007907,1.152887,-2.254,1.497,2.255
1761142217.782307,0,0.000387,0.007904,1.152864,-2.300,1.487,2.252,0.000387,0.007904,1.152864,-2.300,1.487,2.252
1761142217.861047,0,0.000376,0.007901,1.152845,-2.326,1.488,2.253,0.000376,0.007901,1.152845,-2.326,1.488,2.253
1761142217.934407,0,0.000387,0.007895,1.152850,-2.414,1.405,2.255,0.000387,0.007895,1.152850,-2.414,1.405,2.255
1761142218.009632,0,0.000374,0.007919,1.152864,-2.241,1.491,2.251,0.000374,0.007919,1.152864,-2.241,1.491,2.251
1761142218.084650,0,0.000372,0.007908,1.152834,-2.275,1.499,2.249,0.000372,0.007908,1.152834,-2.275,1.499,2.249
1761142218.153596,0,0.000393,0.007896,1.152821,-2.357,1.421,2.249,0.000393,0.007896,1.152821,-2.357,1.421,2.249
1761142218.222304,0,0.000391,0.007929,1.152752,-2.212,1.398,2.266,0.000391,0.007929,1.152752,-2.212,1.398,2.266
1761142218.293816,0,0.000385,0.007924,1.152796,-2.235,1.436,2.255,0.000385,0.007924,1.152796,-2.235,1.436,2.255
1761142218.363539,0,0.000375,0.007926,1.152829,-2.213,1.480,2.252,0.000375,0.007926,1.152829,-2.213,1.480,2.252
1761142218.431720,0,0.000393,0.007923,1.152767,-2.242,1.457,2.257,0.000393,0.007923,1.152767,-2.242,1.457,2.257
1761142218.505229,0,0.000377,0.007913,1.152710,-2.303,1.504,2.254,0.000377,0.007913,1.152710,-2.303,1.504,2.254
1761142218.573871,0,0.000384,0.007923,1.152716,-2.266,1.425,2.253,0.000384,0.007923,1.152716,-2.266,1.425,2.253
1761142218.641557,0,0.000378,0.007910,1.152642,-2.360,1.468,2.255,0.000378,0.007910,1.152642,-2.360,1.468,2.255
1761142218.706770,0,0.000374,0.007938,1.152765,-2.259,1.532,2.256,0.000374,0.007938,1.152765,-2.259,1.532,2.256
1761142218.769879,0,0.000365,0.007920,1.152670,-2.366,1.525,2.251,0.000365,0.007920,1.152670,-2.366,1.525,2.251
1761142218.841686,0,0.000400,0.007928,1.152860,-2.297,1.334,2.253,0.000400,0.007928,1.152860,-2.297,1.334,2.253
1761142218.912114,0,0.000377,0.007926,1.152633,-2.308,1.473,2.252,0.000377,0.007926,1.152633,-2.308,1.473,2.252
1761142218.983603,0,0.000395,0.007919,1.152704,-2.336,1.396,2.255,0.000395,0.007919,1.152704,-2.336,1.396,2.255
1761142219.057569,0,0.000395,0.007924,1.152718,-2.299,1.367,2.260,0.000395,0.007924,1.152718,-2.299,1.367,2.260
1761142219.124120,0,0.000381,0.007925,1.152670,-2.328,1.434,2.247,0.000381,0.007925,1.152670,-2.328,1.434,2.247
1761142219.190977,0,0.000371,0.007929,1.152695,-2.287,1.543,2.245,0.000371,0.007929,1.152695,-2.287,1.543,2.245
1761142219.257335,0,0.000390,0.007921,1.152750,-2.375,1.422,2.255,0.000390,0.007921,1.152750,-2.375,1.422,2.255
1761142219.314717,0,0.000365,0.007928,1.152781,-2.321,1.549,2.249,0.000365,0.007928,1.152781,-2.321,1.549,2.249
1761142219.375437,0,0.000383,0.007929,1.152764,-2.350,1.440,2.244,0.000383,0.007929,1.152764,-2.350,1.440,2.244
1761142219.436833,0,0.000407,0.007942,1.152712,-2.305,1.267,2.256,0.000407,0.007942,1.152712,-2.305,1.267,2.256
1761142219.497179,0,0.000394,0.007932,1.152808,-2.252,1.378,2.259,0.000394,0.007932,1.152808,-2.252,1.378,2.259
1761142219.562236,0,0.000387,0.007929,1.152810,-2.294,1.439,2.254,0.000387,0.007929,1.152810,-2.294,1.439,2.254
1761142219.625675,0,0.000380,0.007931,1.152755,-2.283,1.487,2.251,0.000380,0.007931,1.152755,-2.283,1.487,2.251
1761142219.683503,0,0.000373,0.007926,1.152824,-2.307,1.449,2.254,0.000373,0.007926,1.152824,-2.307,1.449,2.254
1761142219.746355,0,0.000364,0.007922,1.152817,-2.284,1.563,2.247,0.000364,0.007922,1.152817,-2.284,1.563,2.247
1761142219.801996,0,0.000398,0.007963,1.150934,-2.632,1.598,2.242,0.000398,0.007963,1.150934,-2.632,1.598,2.242
1761142219.861091,0,0.000398,0.007971,1.150492,-2.315,1.701,2.258,0.000398,0.007971,1.150492,-2.315,1.701,2.258
1761142219.923933,0,0.000364,0.007907,1.152792,-2.425,1.474,2.254,0.000364,0.007907,1.152792,-2.425,1.474,2.254
1761142219.988914,0,0.000361,0.007907,1.156526,-1.818,1.379,2.253,0.000361,0.007907,1.156526,-1.818,1.379,2.253
1761142220.054988,0,0.000369,0.007952,1.158976,-1.665,1.333,2.263,0.000369,0.007952,1.158976,-1.665,1.333,2.263
1761142220.118587,0,0.000349,0.007934,1.158222,-2.035,1.414,2.251,0.000349,0.007934,1.158222,-2.035,1.414,2.251
1761142220.179957,0,0.000385,0.007981,1.150598,-2.482,1.690,2.246,0.000385,0.007981,1.150598,-2.482,1.690,2.246
1761142220.241089,0,0.000346,0.007908,1.155413,-2.215,1.425,2.254,0.000346,0.007908,1.155413,-2.215,1.425,2.254
1761142220.310000,0,0.000357,0.007917,1.155400,-2.171,1.323,2.260,0.000357,0.007917,1.155400,-2.171,1.323,2.260
1761142220.374763,0,0.000344,0.007901,1.155497,-2.275,1.355,2.250,0.000344,0.007901,1.155497,-2.275,1.355,2.250
1761142220.443608,0,0.000354,0.007905,1.155549,-2.214,1.364,2.255,0.000354,0.007905,1.155549,-2.214,1.364,2.255
1761142220.511582,0,0.000362,0.007898,1.155499,-2.195,1.336,2.251,0.000362,0.007898,1.155499,-2.195,1.336,2.251
1761142220.574258,0,0.000350,0.007918,1.155503,-2.178,1.403,2.259,0.000350,0.007918,1.155503,-2.178,1.403,2.259
1761142220.633710,0,0.000361,0.007909,1.155461,-2.207,1.398,2.254,0.000361,0.007909,1.155461,-2.207,1.398,2.254
1761142220.698459,0,0.000371,0.007898,1.155488,-2.225,1.318,2.251,0.000371,0.007898,1.155488,-2.225,1.318,2.251
1761142220.760660,0,0.000365,0.007909,1.155473,-2.172,1.353,2.255,0.000365,0.007909,1.155473,-2.172,1.353,2.255
1761142220.822878,0,0.000362,0.007902,1.155426,-2.249,1.365,2.245,0.000362,0.007902,1.155426,-2.249,1.365,2.245
1761142220.886277,0,0.000359,0.007914,1.155495,-2.199,1.341,2.253,0.000359,0.007914,1.155495,-2.199,1.341,2.253
1761142220.951025,0,0.000352,0.007933,1.155455,-2.083,1.440,2.261,0.000352,0.007933,1.155455,-2.083,1.440,2.261
1761142221.014046,0,0.000352,0.007903,1.155534,-2.226,1.337,2.248,0.000352,0.007903,1.155534,-2.226,1.337,2.248
1761142221.085669,0,0.000350,0.007906,1.155544,-2.232,1.338,2.256,0.000350,0.007906,1.155544,-2.232,1.338,2.256
1761142221.149257,0,0.000350,0.007900,1.155449,-2.248,1.394,2.255,0.000350,0.007900,1.155449,-2.248,1.394,2.255
1761142221.213269,0,0.000350,0.007911,1.155520,-2.190,1.362,2.248,0.000350,0.007911,1.155520,-2.190,1.362,2.248
1761142221.286948,0,0.000353,0.007915,1.155550,-2.146,1.352,2.253,0.000353,0.007915,1.155550,-2.146,1.352,2.253
1761142221.357675,0,0.000357,0.007920,1.155503,-2.186,1.353,2.251,0.000357,0.007920,1.155503,-2.186,1.353,2.251
1761142221.426335,0,0.000335,0.007915,1.155450,-2.180,1.440,2.253,0.000335,0.007915,1.155450,-2.180,1.440,2.253
1761142221.484049,0,0.000346,0.007902,1.155406,-2.317,1.455,2.254,0.000346,0.007902,1.155406,-2.317,1.455,2.254
1761142221.549747,0,0.000347,0.007910,1.155427,-2.197,1.404,2.254,0.000347,0.007910,1.155427,-2.197,1.404,2.254
1761142221.612489,0,0.000381,0.007908,1.155409,-2.252,1.248,2.256,0.000381,0.007908,1.155409,-2.252,1.248,2.256
1761142221.676119,0,0.000359,0.007915,1.155490,-2.188,1.342,2.250,0.000359,0.007915,1.155490,-2.188,1.342,2.250
1761142221.736725,0,0.000358,0.007892,1.155490,-2.260,1.335,2.252,0.000358,0.007892,1.155490,-2.260,1.335,2.252
1761142221.799972,0,0.000350,0.007921,1.155509,-2.132,1.397,2.255,0.000350,0.007921,1.155509,-2.132,1.397,2.255
1761142221.865054,0,0.000357,0.007908,1.155509,-2.174,1.346,2.253,0.000357,0.007908,1.155509,-2.174,1.346,2.253
1761142221.929399,0,0.000357,0.007909,1.155479,-2.190,1.302,2.255,0.000357,0.007909,1.155479,-2.190,1.302,2.255
1761142221.994477,0,0.000369,0.007932,1.155517,-2.040,1.304,2.263,0.000369,0.007932,1.155517,-2.040,1.304,2.263
1761142222.058573,0,0.000359,0.007924,1.155505,-2.155,1.345,2.253,0.000359,0.007924,1.155505,-2.155,1.345,2.253
1761142222.125748,0,0.000355,0.007914,1.155468,-2.199,1.341,2.250,0.000355,0.007914,1.155468,-2.199,1.341,2.250
1761142222.185441,0,0.000362,0.007904,1.155555,-2.199,1.313,2.246,0.000362,0.007904,1.155555,-2.199,1.313,2.246
1761142222.245206,0,0.000365,0.007947,1.155492,-2.060,1.328,2.253,0.000365,0.007947,1.155492,-2.060,1.328,2.253
1761142222.306799,0,0.000360,0.007913,1.155500,-2.190,1.353,2.259,0.000360,0.007913,1.155500,-2.190,1.353,2.259
1761142222.380227,0,0.000350,0.007919,1.155495,-2.150,1.441,2.253,0.000350,0.007919,1.155495,-2.150,1.441,2.253
1761142222.446775,0,0.000361,0.007914,1.155402,-2.209,1.435,2.256,0.000361,0.007914,1.155402,-2.209,1.435,2.256
1761142222.527987,0,0.000361,0.007918,1.155528,-2.155,1.342,2.254,0.000361,0.007918,1.155528,-2.155,1.342,2.254
1761142222.597090,0,0.000374,0.007906,1.155434,-2.292,1.317,2.254,0.000374,0.007906,1.155434,-2.292,1.317,2.254
1761142222.667218,0,0.000361,0.007909,1.155485,-2.202,1.369,2.249,0.000361,0.007909,1.155485,-2.202,1.369,2.249
1761142222.745481,0,0.000360,0.007905,1.155518,-2.246,1.321,2.247,0.000360,0.007905,1.155518,-2.246,1.321,2.247
1761142222.823070,0,0.000359,0.007916,1.155449,-2.190,1.376,2.250,0.000359,0.007916,1.155449,-2.190,1.376,2.250
1761142222.888385,0,0.000362,0.007925,1.155464,-2.175,1.329,2.258,0.000362,0.007925,1.155464,-2.175,1.329,2.258
1761142222.965203,0,0.000367,0.007906,1.155541,-2.228,1.294,2.251,0.000367,0.007906,1.155541,-2.228,1.294,2.251
1761142223.030569,0,0.000376,0.007895,1.155496,-2.291,1.290,2.251,0.000376,0.007895,1.155496,-2.291,1.290,2.251
1761142223.099745,0,0.000357,0.007916,1.155522,-2.176,1.386,2.250,0.000357,0.007916,1.155522,-2.176,1.386,2.250
1761142223.163840,0,0.000345,0.007915,1.155481,-2.206,1.434,2.254,0.000345,0.007915,1.155481,-2.206,1.434,2.254
1761142223.232190,0,0.000357,0.007919,1.155489,-2.204,1.364,2.251,0.000357,0.007919,1.155489,-2.204,1.364,2.251
1761142223.298470,0,0.000366,0.007928,1.155481,-2.144,1.347,2.257,0.000366,0.007928,1.155481,-2.144,1.347,2.257
1761142223.368476,0,0.000364,0.007910,1.155525,-2.237,1.363,2.252,0.000364,0.007910,1.155525,-2.237,1.363,2.252
1761142223.437601,0,0.000356,0.007915,1.155490,-2.182,1.367,2.253,0.000356,0.007915,1.155490,-2.182,1.367,2.253
1761142223.497943,0,0.000356,0.007913,1.155470,-2.199,1.354,2.249,0.000356,0.007913,1.155470,-2.199,1.354,2.249
1761142223.555077,0,0.000371,0.007923,1.155547,-2.134,1.316,2.259,0.000371,0.007923,1.155547,-2.134,1.316,2.259
1761142223.617819,0,0.000359,0.007939,1.155475,-2.077,1.374,2.257,0.000359,0.007939,1.155475,-2.077,1.374,2.257
1761142223.674114,0,0.000367,0.007921,1.155543,-2.117,1.358,2.252,0.000367,0.007921,1.155543,-2.117,1.358,2.252
1761142223.737808,0,0.000374,0.007926,1.155534,-2.123,1.283,2.256,0.000374,0.007926,1.155534,-2.123,1.283,2.256
1761142223.805858,0,0.000365,0.007902,1.155397,-2.267,1.350,2.250,0.000365,0.007902,1.155397,-2.267,1.350,2.250
1761142223.866035,0,0.000367,0.007901,1.155404,-2.282,1.357,2.249,0.000367,0.007901,1.155404,-2.282,1.357,2.249
1761142223.928504,0,0.000364,0.007923,1.155445,-2.142,1.337,2.260,0.000364,0.007923,1.155445,-2.142,1.337,2.260
1761142223.994807,0,0.000355,0.007910,1.155449,-2.248,1.380,2.245,0.000355,0.007910,1.155449,-2.248,1.380,2.245
1761142224.070161,0,0.000371,0.007919,1.155489,-2.155,1.307,2.252,0.000371,0.007919,1.155489,-2.155,1.307,2.252
1761142224.140488,0,0.000362,0.007915,1.155542,-2.187,1.334,2.247,0.000362,0.007915,1.155542,-2.187,1.334,2.247
1761142224.213833,0,0.000352,0.007915,1.155597,-2.166,1.400,2.251,0.000352,0.007915,1.155597,-2.166,1.400,2.251
1761142224.285170,0,0.000362,0.007910,1.155462,-2.228,1.345,2.249,0.000362,0.007910,1.155462,-2.228,1.345,2.249
1761142224.346298,0,0.000370,0.007935,1.155496,-2.053,1.356,2.256,0.000370,0.007935,1.155496,-2.053,1.356,2.256
1761142224.417620,0,0.000366,0.007924,1.155589,-2.125,1.357,2.252,0.000366,0.007924,1.155589,-2.125,1.357,2.252
1761142224.490233,0,0.000382,0.007906,1.155566,-2.190,1.271,2.254,0.000382,0.007906,1.155566,-2.190,1.271,2.254
1761142224.549336,0,0.000363,0.007914,1.155590,-2.216,1.323,2.251,0.000363,0.007914,1.155590,-2.216,1.323,2.251
1761142224.608897,0,0.000356,0.007932,1.155505,-2.123,1.401,2.255,0.000356,0.007932,1.155505,-2.123,1.401,2.255
1761142224.670253,0,0.000365,0.007916,1.155499,-2.160,1.363,2.254,0.000365,0.007916,1.155499,-2.160,1.363,2.254
1761142224.731730,0,0.000364,0.007929,1.155564,-2.098,1.324,2.260,0.000364,0.007929,1.155564,-2.098,1.324,2.260
1761142224.795973,0,0.000355,0.007919,1.155572,-2.169,1.373,2.253,0.000355,0.007919,1.155572,-2.169,1.373,2.253
1761142224.859014,0,0.000347,0.007926,1.155484,-2.134,1.439,2.257,0.000347,0.007926,1.155484,-2.134,1.439,2.257
1761142224.920647,0,0.000358,0.007919,1.155605,-2.187,1.352,2.250,0.000358,0.007919,1.155605,-2.187,1.352,2.250
1761142224.982315,0,0.000353,0.007918,1.155543,-2.134,1.413,2.250,0.000353,0.007918,1.155543,-2.134,1.413,2.250
1761142225.050665,0,0.000355,0.007920,1.155522,-2.162,1.405,2.253,0.000355,0.007920,1.155522,-2.162,1.405,2.253
1761142225.122464,0,0.000373,0.007907,1.155464,-2.231,1.316,2.250,0.000373,0.007907,1.155464,-2.231,1.316,2.250
1761142225.190471,0,0.000357,0.007901,1.155481,-2.303,1.372,2.247,0.000357,0.007901,1.155481,-2.303,1.372,2.247
1761142225.257563,0,0.000352,0.007920,1.155548,-2.175,1.409,2.256,0.000352,0.007920,1.155548,-2.175,1.409,2.256
1761142225.323111,0,0.000365,0.007911,1.155569,-2.246,1.295,2.247,0.000365,0.007911,1.155569,-2.246,1.295,2.247
1761142225.387361,0,0.000350,0.007913,1.155455,-2.190,1.415,2.253,0.000350,0.007913,1.155455,-2.190,1.415,2.253
1761142225.449109,0,0.000355,0.007928,1.155509,-2.138,1.383,2.248,0.000355,0.007928,1.155509,-2.138,1.383,2.248
1761142225.517010,0,0.000352,0.007927,1.155482,-2.115,1.381,2.252,0.000352,0.007927,1.155482,-2.115,1.381,2.252
1761142225.579858,0,0.000362,0.007908,1.155406,-2.241,1.375,2.254,0.000362,0.007908,1.155406,-2.241,1.375,2.254
1761142225.643074,0,0.000371,0.007923,1.155473,-2.151,1.301,2.253,0.000371,0.007923,1.155473,-2.151,1.301,2.253
1761142225.710840,0,0.000366,0.007916,1.155467,-2.196,1.372,2.255,0.000366,0.007916,1.155467,-2.196,1.372,2.255
1761142225.771313,0,0.000364,0.007909,1.155473,-2.229,1.320,2.254,0.000364,0.007909,1.155473,-2.229,1.320,2.254
1761142225.825454,0,0.000356,0.007916,1.155469,-2.187,1.408,2.258,0.000356,0.007916,1.155469,-2.187,1.408,2.258
1761142225.887854,0,0.000375,0.007938,1.155470,-2.060,1.366,2.259,0.000375,0.007938,1.155470,-2.060,1.366,2.259
1761142225.945698,0,0.000362,0.007935,1.155515,-2.141,1.361,2.250,0.000362,0.007935,1.155515,-2.141,1.361,2.250
1761142226.003299,0,0.000361,0.007914,1.155517,-2.220,1.355,2.250,0.000361,0.007914,1.155517,-2.220,1.355,2.250
1761142226.062415,0,0.000374,0.007916,1.155486,-2.234,1.294,2.251,0.000374,0.007916,1.155486,-2.234,1.294,2.251
1761142226.126501,0,0.000354,0.007904,1.155469,-2.264,1.382,2.246,0.000354,0.007904,1.155469,-2.264,1.382,2.246
1761142226.190832,0,0.000370,0.007912,1.155474,-2.253,1.314,2.245,0.000370,0.007912,1.155474,-2.253,1.314,2.245
1761142226.257875,0,0.000355,0.007918,1.155444,-2.205,1.373,2.249,0.000355,0.007918,1.155444,-2.205,1.373,2.249
1761142226.321555,0,0.000348,0.007924,1.155471,-2.132,1.412,2.255,0.000348,0.007924,1.155471,-2.132,1.412,2.255
1761142226.384759,0,0.000365,0.007925,1.155437,-2.168,1.337,2.254,0.000365,0.007925,1.155437,-2.168,1.337,2.254
1761142226.444969,0,0.000347,0.007931,1.155468,-2.112,1.391,2.250,0.000347,0.007931,1.155468,-2.112,1.391,2.250
1761142226.508685,0,0.000346,0.007928,1.155464,-2.158,1.444,2.254,0.000346,0.007928,1.155464,-2.158,1.444,2.254
1761142226.578396,0,0.000353,0.007919,1.155574,-2.149,1.376,2.255,0.000353,0.007919,1.155574,-2.149,1.376,2.255
1761142226.642657,0,0.000352,0.007922,1.155468,-2.181,1.393,2.250,0.000352,0.007922,1.155468,-2.181,1.393,2.250
1761142226.705700,0,0.000346,0.007931,1.155462,-2.117,1.451,2.258,0.000346,0.007931,1.155462,-2.117,1.451,2.258
1761142226.769810,0,0.000370,0.007921,1.155465,-2.155,1.309,2.250,0.000370,0.007921,1.155465,-2.155,1.309,2.250
1761142226.834148,0,0.000358,0.007914,1.155414,-2.165,1.349,2.249,0.000358,0.007914,1.155414,-2.165,1.349,2.249
1761142226.896330,0,0.000349,0.007923,1.155469,-2.166,1.431,2.252,0.000349,0.007923,1.155469,-2.166,1.431,2.252
1761142226.959403,0,0.000364,0.007931,1.155559,-2.097,1.326,2.256,0.000364,0.007931,1.155559,-2.097,1.326,2.256
1761142227.016532,0,0.000349,0.007910,1.155531,-2.192,1.392,2.249,0.000349,0.007910,1.155531,-2.192,1.392,2.249
1761142227.070738,0,0.000348,0.007909,1.155483,-2.223,1.467,2.248,0.000348,0.007909,1.155483,-2.223,1.467,2.248
1761142227.130686,0,0.000357,0.007899,1.155442,-2.290,1.380,2.254,0.000357,0.007899,1.155442,-2.290,1.380,2.254
1761142227.193019,0,0.000361,0.007921,1.155514,-2.073,1.363,2.254,0.000361,0.007921,1.155514,-2.073,1.363,2.254
1761142227.258343,0,0.000351,0.007909,1.155517,-2.254,1.418,2.251,0.000351,0.007909,1.155517,-2.254,1.418,2.251
1761142227.319970,0,0.000362,0.007935,1.155546,-2.067,1.342,2.256,0.000362,0.007935,1.155546,-2.067,1.342,2.256
1761142227.384664,0,0.000352,0.007912,1.155453,-2.196,1.386,2.249,0.000352,0.007912,1.155453,-2.196,1.386,2.249
1761142227.449944,0,0.000350,0.007908,1.155481,-2.204,1.438,2.255,0.000350,0.007908,1.155481,-2.204,1.438,2.255
1761142227.510674,0,0.000345,0.007922,1.155513,-2.180,1.396,2.251,0.000345,0.007922,1.155513,-2.180,1.396,2.251
1761142227.573702,0,0.000366,0.007913,1.155550,-2.218,1.288,2.250,0.000366,0.007913,1.155550,-2.218,1.288,2.250
1761142227.640122,0,0.000352,0.007920,1.155440,-2.148,1.387,2.258,0.000352,0.007920,1.155440,-2.148,1.387,2.258
1761142227.700804,0,0.000359,0.007928,1.155563,-2.114,1.341,2.248,0.000359,0.007928,1.155563,-2.114,1.341,2.248
1761142227.761211,0,0.000332,0.007914,1.155461,-2.200,1.463,2.253,0.000332,0.007914,1.155461,-2.200,1.463,2.253
1761142227.838380,0,0.000337,0.007926,1.155460,-2.170,1.445,2.257,0.000337,0.007926,1.155460,-2.170,1.445,2.257
1761142227.910505,0,0.000355,0.007916,1.155557,-2.181,1.285,2.253,0.000355,0.007916,1.155557,-2.181,1.285,2.253
1761142227.986647,0,0.000353,0.007915,1.155435,-2.209,1.418,2.250,0.000353,0.007915,1.155435,-2.209,1.418,2.250
1761142228.055801,0,0.000350,0.007922,1.155507,-2.191,1.352,2.251,0.000350,0.007922,1.155507,-2.191,1.352,2.251
1761142228.125186,0,0.000358,0.007916,1.155532,-2.210,1.329,2.248,0.000358,0.007916,1.155532,-2.210,1.329,2.248
1761142228.209783,0,0.000341,0.007914,1.155412,-2.178,1.421,2.261,0.000341,0.007914,1.155412,-2.178,1.421,2.261
1761142228.273839,0,0.000349,0.007915,1.155448,-2.182,1.370,2.257,0.000349,0.007915,1.155448,-2.182,1.370,2.257
1761142228.342910,0,0.000343,0.007909,1.155486,-2.232,1.371,2.252,0.000343,0.007909,1.155486,-2.232,1.371,2.252
1761142228.410029,0,0.000351,0.007929,1.155548,-2.095,1.348,2.253,0.000351,0.007929,1.155548,-2.095,1.348,2.253
1761142228.472085,0,0.000341,0.007911,1.155546,-2.216,1.394,2.249,0.000341,0.007911,1.155546,-2.216,1.394,2.249
1761142228.535403,0,0.000353,0.007908,1.155505,-2.226,1.363,2.254,0.000353,0.007908,1.155505,-2.226,1.363,2.254
1761142228.600536,0,0.000338,0.007913,1.155535,-2.218,1.423,2.249,0.000338,0.007913,1.155535,-2.218,1.423,2.249
1761142228.660888,0,0.000332,0.007905,1.155482,-2.232,1.503,2.254,0.000332,0.007905,1.155482,-2.232,1.503,2.254
1761142228.716515,0,0.000343,0.007912,1.155527,-2.206,1.352,2.250,0.000343,0.007912,1.155527,-2.206,1.352,2.250
1761142228.772682,0,0.000327,0.007904,1.155585,-2.214,1.400,2.254,0.000327,0.007904,1.155585,-2.214,1.400,2.254
1761142228.836293,0,0.000345,0.007927,1.155494,-2.093,1.354,2.261,0.000345,0.007927,1.155494,-2.093,1.354,2.261
1761142228.898090,0,0.000333,0.007916,1.155582,-2.146,1.381,2.250,0.000333,0.007916,1.155582,-2.146,1.381,2.250
1761142228.955110,0,0.000336,0.007924,1.155530,-2.115,1.408,2.254,0.000336,0.007924,1.155530,-2.115,1.408,2.254
1761142229.018755,0,0.000348,0.007904,1.155563,-2.167,1.318,2.254,0.000348,0.007904,1.155563,-2.167,1.318,2.254
1761142229.086492,0,0.000335,0.007907,1.155473,-2.176,1.364,2.250,0.000335,0.007907,1.155473,-2.176,1.364,2.250
1761142229.148038,0,0.000350,0.007903,1.155528,-2.201,1.304,2.251,0.000350,0.007903,1.155528,-2.201,1.304,2.251
1761142229.205829,0,0.000332,0.007900,1.155434,-2.240,1.449,2.248,0.000332,0.007900,1.155434,-2.240,1.449,2.248
1761142229.270619,0,0.000335,0.007916,1.155482,-2.192,1.386,2.251,0.000335,0.007916,1.155482,-2.192,1.386,2.251
1761142229.330681,0,0.000336,0.007919,1.155460,-2.185,1.431,2.257,0.000336,0.007919,1.155460,-2.185,1.431,2.257
1761142229.388386,0,0.000343,0.007921,1.155461,-2.208,1.346,2.256,0.000343,0.007921,1.155461,-2.208,1.346,2.256
1761142229.452190,0,0.000350,0.007920,1.155493,-2.169,1.327,2.251,0.000350,0.007920,1.155493,-2.169,1.327,2.251
1761142229.519091,0,0.000334,0.007930,1.155494,-2.110,1.460,2.259,0.000334,0.007930,1.155494,-2.110,1.460,2.259
1761142229.578830,0,0.000334,0.007927,1.155583,-2.137,1.397,2.250,0.000334,0.007927,1.155583,-2.137,1.397,2.250
1761142229.636949,0,0.000337,0.007908,1.155542,-2.256,1.365,2.243,0.000337,0.007908,1.155542,-2.256,1.365,2.243
1761142229.693800,0,0.000320,0.007922,1.155526,-2.201,1.442,2.249,0.000320,0.007922,1.155526,-2.201,1.442,2.249
1761142229.751701,0,0.000329,0.007918,1.155500,-2.221,1.389,2.252,0.000329,0.007918,1.155500,-2.221,1.389,2.252
1761142229.807236,0,0.000325,0.007928,1.155543,-2.149,1.429,2.248,0.000325,0.007928,1.155543,-2.149,1.429,2.248
1761142229.873374,0,0.000352,0.007911,1.155459,-2.287,1.357,2.247,0.000352,0.007911,1.155459,-2.287,1.357,2.247
1761142229.930780,0,0.000336,0.007938,1.155383,-2.150,1.404,2.257,0.000336,0.007938,1.155383,-2.150,1.404,2.257
1761142229.989030,0,0.000344,0.007917,1.155522,-2.246,1.371,2.244,0.000344,0.007917,1.155522,-2.246,1.371,2.244
1761142230.054492,0,0.000330,0.007899,1.155496,-2.303,1.394,2.247,0.000330,0.007899,1.155496,-2.303,1.394,2.247
1761142230.118869,0,0.000352,0.007920,1.155527,-2.170,1.341,2.255,0.000352,0.007920,1.155527,-2.170,1.341,2.255
1761142230.179588,0,0.000346,0.007917,1.155467,-2.189,1.361,2.252,0.000346,0.007917,1.155467,-2.189,1.361,2.252
1761142230.240154,0,0.000346,0.007931,1.155582,-2.127,1.376,2.252,0.000346,0.007931,1.155582,-2.127,1.376,2.252
1761142230.304827,0,0.000322,0.007921,1.155476,-2.187,1.547,2.247,0.000322,0.007921,1.155476,-2.187,1.547,2.247
1761142230.368976,0,0.000355,0.007938,1.155461,-2.144,1.349,2.255,0.000355,0.007938,1.155461,-2.144,1.349,2.255
1761142230.432811,0,0.000338,0.007939,1.155464,-2.130,1.446,2.257,0.000338,0.007939,1.155464,-2.130,1.446,2.257
1761142230.493599,0,0.000356,0.007908,1.155475,-2.250,1.338,2.248,0.000356,0.007908,1.155475,-2.250,1.338,2.248
1761142230.562162,0,0.000335,0.007933,1.155490,-2.127,1.450,2.251,0.000335,0.007933,1.155490,-2.127,1.450,2.251
1761142230.628313,0,0.000356,0.007914,1.155491,-2.251,1.311,2.251,0.000356,0.007914,1.155491,-2.251,1.311,2.251
1761142230.696001,0,0.000361,0.007926,1.155518,-2.186,1.326,2.254,0.000361,0.007926,1.155518,-2.186,1.326,2.254
1761142230.749801,0,0.000361,0.007927,1.155520,-2.143,1.337,2.254,0.000361,0.007927,1.155520,-2.143,1.337,2.254
1761142230.806971,0,0.000365,0.007917,1.155499,-2.195,1.308,2.251,0.000365,0.007917,1.155499,-2.195,1.308,2.251
1761142230.868147,0,0.000357,0.007922,1.155422,-2.216,1.338,2.250,0.000357,0.007922,1.155422,-2.216,1.338,2.250
1761142230.933328,0,0.000327,0.007926,1.155541,-2.147,1.467,2.258,0.000327,0.007926,1.155541,-2.147,1.467,2.258
1761142230.991402,0,0.000331,0.007926,1.155459,-2.187,1.487,2.258,0.000331,0.007926,1.155459,-2.187,1.487,2.258
1761142231.049661,0,0.000341,0.007917,1.155476,-2.203,1.457,2.255,0.000341,0.007917,1.155476,-2.203,1.457,2.255
1761142231.108327,0,0.000350,0.007939,1.155538,-2.138,1.348,2.256,0.000350,0.007939,1.155538,-2.138,1.348,2.256
1761142231.170024,0,0.000346,0.007936,1.155462,-2.185,1.358,2.251,0.000346,0.007936,1.155462,-2.185,1.358,2.251
1761142231.227446,0,0.000356,0.007927,1.155523,-2.169,1.352,2.258,0.000356,0.007927,1.155523,-2.169,1.352,2.258
1761142231.284640,0,0.000356,0.007906,1.155481,-2.317,1.295,2.246,0.000356,0.007906,1.155481,-2.317,1.295,2.246
1761142231.345113,0,0.000343,0.007916,1.155453,-2.232,1.363,2.252,0.000343,0.007916,1.155453,-2.232,1.363,2.252
1761142231.402032,0,0.000335,0.007921,1.155501,-2.209,1.455,2.251,0.000335,0.007921,1.155501,-2.209,1.455,2.251
1761142231.458176,0,0.000344,0.007942,1.155461,-2.105,1.484,2.258,0.000344,0.007942,1.155461,-2.105,1.484,2.258
1761142231.516793,0,0.000363,0.007923,1.155486,-2.189,1.273,2.254,0.000363,0.007923,1.155486,-2.189,1.273,2.254
1761142231.580539,0,0.000347,0.007937,1.155466,-2.078,1.424,2.254,0.000347,0.007937,1.155466,-2.078,1.424,2.254
1761142231.641818,0,0.000344,0.007909,1.155466,-2.265,1.397,2.253,0.000344,0.007909,1.155466,-2.265,1.397,2.253
1761142231.703341,0,0.000339,0.007927,1.155441,-2.163,1.448,2.251,0.000339,0.007927,1.155441,-2.163,1.448,2.251
1761142231.772695,0,0.000336,0.007930,1.155411,-2.178,1.451,2.254,0.000336,0.007930,1.155411,-2.178,1.451,2.254
1761142231.832547,0,0.000344,0.007937,1.155459,-2.134,1.415,2.256,0.000344,0.007937,1.155459,-2.134,1.415,2.256
1761142231.895737,0,0.000353,0.007911,1.155398,-2.290,1.380,2.250,0.000353,0.007911,1.155398,-2.290,1.380,2.250
1761142231.959831,0,0.000336,0.007916,1.155519,-2.183,1.451,2.248,0.000336,0.007916,1.155519,-2.183,1.451,2.248
1761142232.023790,0,0.000356,0.007928,1.155528,-2.149,1.333,2.248,0.000356,0.007928,1.155528,-2.149,1.333,2.248
1761142232.087566,0,0.000336,0.007936,1.155518,-2.176,1.365,2.247,0.000336,0.007936,1.155518,-2.176,1.365,2.247
1761142232.148206,0,0.000346,0.007956,1.155535,-1.995,1.439,2.261,0.000346,0.007956,1.155535,-1.995,1.439,2.261
1761142232.216826,0,0.000333,0.007939,1.155437,-2.077,1.443,2.265,0.000333,0.007939,1.155437,-2.077,1.443,2.265
1761142232.284547,0,0.000337,0.007920,1.155443,-2.216,1.397,2.249,0.000337,0.007920,1.155443,-2.216,1.397,2.249
1761142232.348164,0,0.000351,0.007919,1.155471,-2.248,1.368,2.247,0.000351,0.007919,1.155471,-2.248,1.368,2.247
1761142232.417708,0,0.000324,0.007913,1.155486,-2.262,1.460,2.251,0.000324,0.007913,1.155486,-2.262,1.460,2.251
1761142232.478300,0,0.000349,0.007948,1.155436,-2.095,1.285,2.248,0.000349,0.007948,1.155436,-2.095,1.285,2.248
1761142232.544539,0,0.000323,0.007938,1.155376,-2.120,1.526,2.254,0.000323,0.007938,1.155376,-2.120,1.526,2.254
1761142232.611412,0,0.000332,0.007924,1.155472,-2.201,1.405,2.249,0.000332,0.007924,1.155472,-2.201,1.405,2.249
1761142232.676807,0,0.000339,0.007929,1.155507,-2.102,1.416,2.259,0.000339,0.007929,1.155507,-2.102,1.416,2.259
1761142232.740802,0,0.000346,0.007932,1.155577,-2.157,1.324,2.249,0.000346,0.007932,1.155577,-2.157,1.324,2.249
1761142232.802582,0,0.000354,0.007930,1.155447,-2.187,1.395,2.254,0.000354,0.007930,1.155447,-2.187,1.395,2.254
1761142232.861911,0,0.000345,0.007914,1.155437,-2.228,1.398,2.245,0.000345,0.007914,1.155437,-2.228,1.398,2.245
1761142232.926698,0,0.000350,0.007925,1.155523,-2.200,1.425,2.251,0.000350,0.007925,1.155523,-2.200,1.425,2.251
1761142232.993559,0,0.000350,0.007930,1.155496,-2.179,1.348,2.252,0.000350,0.007930,1.155496,-2.179,1.348,2.252
1761142233.062108,0,0.000345,0.007924,1.155512,-2.164,1.396,2.255,0.000345,0.007924,1.155512,-2.164,1.396,2.255
1761142233.122804,0,0.000356,0.007916,1.155536,-2.200,1.297,2.250,0.000356,0.007916,1.155536,-2.200,1.297,2.250
1761142233.187460,0,0.000335,0.007917,1.155455,-2.158,1.395,2.255,0.000335,0.007917,1.155455,-2.158,1.395,2.255
1761142233.261546,0,0.000334,0.007901,1.155484,-2.275,1.436,2.254,0.000334,0.007901,1.155484,-2.275,1.436,2.254
1761142233.337442,0,0.000357,0.007933,1.155512,-2.085,1.359,2.255,0.000357,0.007933,1.155512,-2.085,1.359,2.255
1761142233.404101,0,0.000343,0.007923,1.155457,-2.167,1.398,2.258,0.000343,0.007923,1.155457,-2.167,1.398,2.258
1761142233.475801,0,0.000354,0.007926,1.155441,-2.156,1.376,2.251,0.000354,0.007926,1.155441,-2.156,1.376,2.251
1761142233.541165,0,0.000356,0.007924,1.155489,-2.158,1.304,2.254,0.000356,0.007924,1.155489,-2.158,1.304,2.254
1761142233.611792,0,0.000340,0.007929,1.155518,-2.168,1.425,2.252,0.000340,0.007929,1.155518,-2.168,1.425,2.252
1761142233.684541,0,0.000366,0.007907,1.155467,-2.272,1.306,2.254,0.000366,0.007907,1.155467,-2.272,1.306,2.254
1761142233.753150,0,0.000362,0.007950,1.155530,-2.059,1.303,2.258,0.000362,0.007950,1.155530,-2.059,1.303,2.258
1761142233.831295,0,0.000349,0.007942,1.155450,-2.176,1.396,2.253,0.000349,0.007942,1.155450,-2.176,1.396,2.253
1761142233.900134,0,0.000377,0.007934,1.155461,-2.176,1.288,2.254,0.000377,0.007934,1.155461,-2.176,1.288,2.254
1761142233.962284,0,0.000341,0.007931,1.155428,-2.139,1.485,2.254,0.000341,0.007931,1.155428,-2.139,1.485,2.254
1761142234.025395,0,0.000363,0.007946,1.155478,-2.036,1.363,2.260,0.000363,0.007946,1.155478,-2.036,1.363,2.260
1761142234.094280,0,0.000352,0.007928,1.155519,-2.186,1.414,2.255,0.000352,0.007928,1.155519,-2.186,1.414,2.255
1761142234.161082,0,0.000359,0.007934,1.155478,-2.159,1.363,2.258,0.000359,0.007934,1.155478,-2.159,1.363,2.258
1761142234.225726,0,0.000354,0.007929,1.155472,-2.190,1.430,2.251,0.000354,0.007929,1.155472,-2.190,1.430,2.251
1761142234.290661,0,0.000359,0.007939,1.155493,-2.103,1.421,2.251,0.000359,0.007939,1.155493,-2.103,1.421,2.251
1761142234.354460,0,0.000363,0.007928,1.155455,-2.203,1.365,2.252,0.000363,0.007928,1.155455,-2.203,1.365,2.252
1761142234.409513,0,0.000363,0.007947,1.155456,-2.114,1.383,2.253,0.000363,0.007947,1.155456,-2.114,1.383,2.253
1761142234.472529,0,0.000358,0.007918,1.155474,-2.237,1.363,2.249,0.000358,0.007918,1.155474,-2.237,1.363,2.249
1761142234.534879,0,0.000367,0.007945,1.155506,-2.115,1.361,2.251,0.000367,0.007945,1.155506,-2.115,1.361,2.251
1761142234.597585,0,0.000358,0.007941,1.155501,-2.101,1.437,2.251,0.000358,0.007941,1.155501,-2.101,1.437,2.251
1761142234.662363,0,0.000358,0.007924,1.155453,-2.173,1.473,2.252,0.000358,0.007924,1.155453,-2.173,1.473,2.252
1761142234.723269,0,0.000354,0.007938,1.155516,-2.140,1.444,2.254,0.000354,0.007938,1.155516,-2.140,1.444,2.254
1761142234.781963,0,0.000358,0.007921,1.155499,-2.193,1.378,2.254,0.000358,0.007921,1.155499,-2.193,1.378,2.254
1761142234.843329,0,0.000367,0.007930,1.155420,-2.154,1.390,2.255,0.000367,0.007930,1.155420,-2.154,1.390,2.255
1761142234.907807,0,0.000365,0.007930,1.155493,-2.134,1.394,2.249,0.000365,0.007930,1.155493,-2.134,1.394,2.249
1761142234.972174,0,0.000347,0.007902,1.155429,-2.296,1.424,2.249,0.000347,0.007902,1.155429,-2.296,1.424,2.249
1761142235.042835,0,0.000363,0.007956,1.155534,-2.030,1.392,2.258,0.000363,0.007956,1.155534,-2.030,1.392,2.258
1761142235.108014,0,0.000358,0.007938,1.155521,-2.183,1.387,2.252,0.000358,0.007938,1.155521,-2.183,1.387,2.252
1761142235.168431,0,0.000367,0.007931,1.155521,-2.195,1.346,2.248,0.000367,0.007931,1.155521,-2.195,1.346,2.248
1761142235.231855,0,0.000351,0.007944,1.155557,-2.085,1.436,2.261,0.000351,0.007944,1.155557,-2.085,1.436,2.261
1761142235.294685,0,0.000359,0.007939,1.155530,-2.112,1.375,2.254,0.000359,0.007939,1.155530,-2.112,1.375,2.254
1761142235.362490,0,0.000344,0.007942,1.155533,-2.146,1.415,2.252,0.000344,0.007942,1.155533,-2.146,1.415,2.252
1761142235.426726,0,0.000363,0.007937,1.155453,-2.215,1.348,2.250,0.000363,0.007937,1.155453,-2.215,1.348,2.250
1761142235.486685,0,0.000362,0.007935,1.155523,-2.192,1.374,2.255,0.000362,0.007935,1.155523,-2.192,1.374,2.255
1761142235.549853,0,0.000356,0.007949,1.155510,-2.078,1.377,2.253,0.000356,0.007949,1.155510,-2.078,1.377,2.253
1761142235.612632,0,0.000361,0.007932,1.155431,-2.168,1.387,2.257,0.000361,0.007932,1.155431,-2.168,1.387,2.257
1761142235.672732,0,0.000357,0.007925,1.155489,-2.208,1.389,2.248,0.000357,0.007925,1.155489,-2.208,1.389,2.248
1761142235.735080,0,0.000351,0.007916,1.155583,-2.194,1.371,2.255,0.000351,0.007916,1.155583,-2.194,1.371,2.255
1761142235.796283,0,0.000350,0.007897,1.155431,-2.263,1.418,2.247,0.000350,0.007897,1.155431,-2.263,1.418,2.247
1761142235.852966,0,0.000363,0.007918,1.155451,-2.188,1.328,2.256,0.000363,0.007918,1.155451,-2.188,1.328,2.256
1761142235.914447,0,0.000333,0.007906,1.155482,-2.233,1.459,2.253,0.000333,0.007906,1.155482,-2.233,1.459,2.253
1761142235.979032,0,0.000355,0.007926,1.155442,-2.156,1.383,2.258,0.000355,0.007926,1.155442,-2.156,1.383,2.258
1761142236.046440,0,0.000352,0.007932,1.155515,-2.076,1.342,2.259,0.000352,0.007932,1.155515,-2.076,1.342,2.259
1761142236.111209,0,0.000358,0.007922,1.155521,-2.200,1.362,2.247,0.000358,0.007922,1.155521,-2.200,1.362,2.247
1761142236.179549,0,0.000370,0.007926,1.155487,-2.197,1.311,2.243,0.000370,0.007926,1.155487,-2.197,1.311,2.243
1761142236.247676,0,0.000357,0.007933,1.155542,-2.112,1.369,2.257,0.000357,0.007933,1.155542,-2.112,1.369,2.257
1761142236.313548,0,0.000344,0.007923,1.155455,-2.223,1.467,2.250,0.000344,0.007923,1.155455,-2.223,1.467,2.250
1761142236.379270,0,0.000350,0.007940,1.155448,-2.188,1.413,2.254,0.000350,0.007940,1.155448,-2.188,1.413,2.254
1761142236.434831,0,0.000358,0.007928,1.155508,-2.183,1.363,2.259,0.000358,0.007928,1.155508,-2.183,1.363,2.259
1761142236.493602,0,0.000354,0.007923,1.155431,-2.211,1.417,2.257,0.000354,0.007923,1.155431,-2.211,1.417,2.257
1761142236.556377,0,0.000346,0.007919,1.155475,-2.254,1.426,2.253,0.000346,0.007919,1.155475,-2.254,1.426,2.253
1761142236.611991,0,0.000372,0.007943,1.155376,-2.155,1.307,2.256,0.000372,0.007943,1.155376,-2.155,1.307,2.256
1761142236.674207,0,0.000343,0.007931,1.155544,-2.222,1.404,2.248,0.000343,0.007931,1.155544,-2.222,1.404,2.248
1761142236.736805,0,0.000341,0.007936,1.155518,-2.158,1.474,2.255,0.000341,0.007936,1.155518,-2.158,1.474,2.255
1761142236.805619,0,0.000354,0.007953,1.155472,-2.072,1.426,2.251,0.000354,0.007953,1.155472,-2.072,1.426,2.251
1761142236.867793,0,0.000365,0.007916,1.155426,-2.316,1.392,2.255,0.000365,0.007916,1.155426,-2.316,1.392,2.255
1761142236.932369,0,0.000340,0.007928,1.155405,-2.200,1.515,2.258,0.000340,0.007928,1.155405,-2.200,1.515,2.258
1761142236.998128,0,0.000345,0.007938,1.155445,-2.132,1.501,2.257,0.000345,0.007938,1.155445,-2.132,1.501,2.257
1761142237.061013,0,0.000353,0.007945,1.155497,-2.157,1.349,2.256,0.000353,0.007945,1.155497,-2.157,1.349,2.256
1761142237.121691,0,0.000355,0.007951,1.155465,-2.098,1.373,2.260,0.000355,0.007951,1.155465,-2.098,1.373,2.260
1761142237.187272,0,0.000358,0.007940,1.155479,-2.195,1.413,2.251,0.000358,0.007940,1.155479,-2.195,1.413,2.251
1761142237.249620,0,0.000357,0.007938,1.155457,-2.151,1.406,2.251,0.000357,0.007938,1.155457,-2.151,1.406,2.251
1761142237.315325,0,0.000362,0.007941,1.155462,-2.152,1.351,2.254,0.000362,0.007941,1.155462,-2.152,1.351,2.254
1761142237.382979,0,0.000358,0.007950,1.155490,-2.088,1.439,2.257,0.000358,0.007950,1.155490,-2.088,1.439,2.257
1761142237.459359,0,0.000356,0.007944,1.155462,-2.157,1.379,2.258,0.000356,0.007944,1.155462,-2.157,1.379,2.258
1761142237.525584,0,0.000362,0.007951,1.155428,-2.097,1.394,2.255,0.000362,0.007951,1.155428,-2.097,1.394,2.255
1761142237.589756,0,0.000366,0.007931,1.155396,-2.284,1.335,2.250,0.000366,0.007931,1.155396,-2.284,1.335,2.250
1761142237.663139,0,0.000352,0.007942,1.155480,-2.115,1.433,2.256,0.000352,0.007942,1.155480,-2.115,1.433,2.256
1761142237.726544,0,0.000362,0.007939,1.155438,-2.175,1.355,2.251,0.000362,0.007939,1.155438,-2.175,1.355,2.251
1761142237.794486,0,0.000366,0.007937,1.155464,-2.177,1.341,2.250,0.000366,0.007937,1.155464,-2.177,1.341,2.250
1761142237.858839,0,0.000368,0.007938,1.155494,-2.183,1.297,2.249,0.000368,0.007938,1.155494,-2.183,1.297,2.249
1761142237.923589,0,0.000374,0.007945,1.155451,-2.129,1.319,2.256,0.000374,0.007945,1.155451,-2.129,1.319,2.256
1761142237.990129,0,0.000353,0.007961,1.155416,-2.073,1.388,2.253,0.000353,0.007961,1.155416,-2.073,1.388,2.253
1761142238.064579,0,0.000366,0.007937,1.155434,-2.219,1.336,2.248,0.000366,0.007937,1.155434,-2.219,1.336,2.248
1761142238.132320,0,0.000365,0.007921,1.155447,-2.280,1.367,2.250,0.000365,0.007921,1.155447,-2.280,1.367,2.250
1761142238.203153,0,0.000367,0.007963,1.155484,-1.987,1.318,2.258,0.000367,0.007963,1.155484,-1.987,1.318,2.258
1761142238.267884,0,0.000359,0.007939,1.155458,-2.172,1.362,2.257,0.000359,0.007939,1.155458,-2.172,1.362,2.257
1761142238.334123,0,0.000359,0.007926,1.155477,-2.197,1.405,2.250,0.000359,0.007926,1.155477,-2.197,1.405,2.250
1761142238.395886,0,0.000364,0.007927,1.155409,-2.240,1.362,2.253,0.000364,0.007927,1.155409,-2.240,1.362,2.253
1761142238.456358,0,0.000363,0.007930,1.155442,-2.220,1.349,2.247,0.000363,0.007930,1.155442,-2.220,1.349,2.247
1761142238.521018,0,0.000358,0.007932,1.155490,-2.205,1.375,2.249,0.000358,0.007932,1.155490,-2.205,1.375,2.249
1761142238.583659,0,0.000366,0.007946,1.155463,-2.155,1.361,2.249,0.000366,0.007946,1.155463,-2.155,1.361,2.249
1761142238.653838,0,0.000346,0.007934,1.155456,-2.181,1.433,2.259,0.000346,0.007934,1.155456,-2.181,1.433,2.259
1761142238.725152,0,0.000372,0.007936,1.155449,-2.199,1.313,2.253,0.000372,0.007936,1.155449,-2.199,1.313,2.253
1761142238.799298,0,0.000358,0.007923,1.155463,-2.248,1.363,2.251,0.000358,0.007923,1.155463,-2.248,1.363,2.251
1761142238.869930,0,0.000357,0.007940,1.155517,-2.129,1.360,2.256,0.000357,0.007940,1.155517,-2.129,1.360,2.256
1761142238.938677,0,0.000360,0.007946,1.155348,-2.159,1.415,2.249,0.000360,0.007946,1.155348,-2.159,1.415,2.249
1761142239.013490,0,0.000370,0.007955,1.155479,-2.075,1.367,2.256,0.000370,0.007955,1.155479,-2.075,1.367,2.256
1761142239.090161,0,0.000366,0.007937,1.155458,-2.172,1.366,2.253,0.000366,0.007937,1.155458,-2.172,1.366,2.253
1761142239.158362,0,0.000335,0.007921,1.155454,-2.258,1.435,2.245,0.000335,0.007921,1.155454,-2.258,1.435,2.245
1761142239.223968,0,0.000350,0.007939,1.155495,-2.111,1.464,2.264,0.000350,0.007939,1.155495,-2.111,1.464,2.264
1761142239.297013,0,0.000376,0.007936,1.155447,-2.188,1.329,2.250,0.000376,0.007936,1.155447,-2.188,1.329,2.250
1761142239.361694,0,0.000366,0.007949,1.155530,-2.084,1.351,2.255,0.000366,0.007949,1.155530,-2.084,1.351,2.255
1761142239.422374,0,0.000357,0.007944,1.155484,-2.118,1.394,2.253,0.000357,0.007944,1.155484,-2.118,1.394,2.253
1761142239.483825,0,0.000365,0.007929,1.155387,-2.208,1.358,2.250,0.000365,0.007929,1.155387,-2.208,1.358,2.250
1761142239.542007,0,0.000347,0.007931,1.155434,-2.182,1.422,2.250,0.000347,0.007931,1.155434,-2.182,1.422,2.250
1761142239.598917,0,0.000351,0.007935,1.155487,-2.172,1.394,2.254,0.000351,0.007935,1.155487,-2.172,1.394,2.254
1761142239.662724,0,0.000360,0.007945,1.155494,-2.123,1.382,2.257,0.000360,0.007945,1.155494,-2.123,1.382,2.257
1761142239.721475,0,0.000360,0.007942,1.155393,-2.129,1.419,2.256,0.000360,0.007942,1.155393,-2.129,1.419,2.256
1761142239.778310,0,0.000377,0.007952,1.155471,-2.060,1.287,2.258,0.000377,0.007952,1.155471,-2.060,1.287,2.258
1761142239.841426,0,0.000358,0.007948,1.155447,-2.085,1.387,2.259,0.000358,0.007948,1.155447,-2.085,1.387,2.259
1761142239.905689,0,0.000369,0.007934,1.155390,-2.227,1.354,2.253,0.000369,0.007934,1.155390,-2.227,1.354,2.253
1761142239.970690,0,0.000370,0.007946,1.155478,-2.126,1.321,2.258,0.000370,0.007946,1.155478,-2.126,1.321,2.258
1761142240.035042,0,0.000355,0.007951,1.155449,-2.147,1.383,2.255,0.000355,0.007951,1.155449,-2.147,1.383,2.255
1761142240.103866,0,0.000379,0.007943,1.155524,-2.154,1.261,2.255,0.000379,0.007943,1.155524,-2.154,1.261,2.255
1761142240.168662,0,0.000351,0.007933,1.155392,-2.218,1.446,2.251,0.000351,0.007933,1.155392,-2.218,1.446,2.251
1761142240.231893,0,0.000368,0.007924,1.155426,-2.262,1.366,2.250,0.000368,0.007924,1.155426,-2.262,1.366,2.250
1761142240.294011,0,0.000360,0.007933,1.155435,-2.223,1.374,2.247,0.000360,0.007933,1.155435,-2.223,1.374,2.247
1761142240.356651,0,0.000366,0.007935,1.155536,-2.180,1.326,2.251,0.000366,0.007935,1.155536,-2.180,1.326,2.251
1761142240.423278,0,0.000362,0.007947,1.155521,-2.130,1.378,2.256,0.000362,0.007947,1.155521,-2.130,1.378,2.256
1761142240.486081,0,0.000361,0.007936,1.155429,-2.214,1.409,2.245,0.000361,0.007936,1.155429,-2.214,1.409,2.245
1761142240.554553,0,0.000374,0.007953,1.155465,-2.127,1.346,2.257,0.000374,0.007953,1.155465,-2.127,1.346,2.257
1761142240.615366,0,0.000360,0.007939,1.155467,-2.169,1.405,2.250,0.000360,0.007939,1.155467,-2.169,1.405,2.250
1761142240.681136,0,0.000348,0.007933,1.155466,-2.228,1.411,2.251,0.000348,0.007933,1.155466,-2.228,1.411,2.251
1761142240.753385,0,0.000364,0.007921,1.155423,-2.315,1.327,2.246,0.000364,0.007921,1.155423,-2.315,1.327,2.246
1761142240.816162,0,0.000362,0.007937,1.155397,-2.171,1.413,2.257,0.000362,0.007937,1.155397,-2.171,1.413,2.257
1761142240.879748,0,0.000356,0.007930,1.155356,-2.251,1.418,2.248,0.000356,0.007930,1.155356,-2.251,1.418,2.248
1761142240.952856,0,0.000363,0.007939,1.155392,-2.199,1.379,2.256,0.000363,0.007939,1.155392,-2.199,1.379,2.256
1761142241.014533,0,0.000370,0.007945,1.155388,-2.175,1.394,2.252,0.000370,0.007945,1.155388,-2.175,1.394,2.252
1761142241.070540,0,0.000370,0.007962,1.155505,-2.062,1.308,2.252,0.000370,0.007962,1.155505,-2.062,1.308,2.252
1761142241.133824,0,0.000378,0.007944,1.155450,-2.168,1.295,2.252,0.000378,0.007944,1.155450,-2.168,1.295,2.252
1761142241.195603,0,0.000373,0.007924,1.155395,-2.292,1.346,2.250,0.000373,0.007924,1.155395,-2.292,1.346,2.250
1761142241.257347,0,0.000356,0.007936,1.155475,-2.195,1.398,2.250,0.000356,0.007936,1.155475,-2.195,1.398,2.250
1761142241.318361,0,0.000364,0.007940,1.155490,-2.170,1.323,2.252,0.000364,0.007940,1.155490,-2.170,1.323,2.252
1761142241.383850,0,0.000372,0.007938,1.155538,-2.072,1.359,2.253,0.000372,0.007938,1.155538,-2.072,1.359,2.253
1761142241.446212,0,0.000373,0.007942,1.155471,-2.147,1.387,2.257,0.000373,0.007942,1.155471,-2.147,1.387,2.257
1761142241.504235,0,0.000373,0.007936,1.155479,-2.231,1.379,2.249,0.000373,0.007936,1.155479,-2.231,1.379,2.249
1761142241.562847,0,0.000363,0.007944,1.155460,-2.138,1.401,2.250,0.000363,0.007944,1.155460,-2.138,1.401,2.250
1761142241.623588,0,0.000366,0.007943,1.155499,-2.151,1.412,2.254,0.000366,0.007943,1.155499,-2.151,1.412,2.254
1761142241.688299,0,0.000365,0.007943,1.155438,-2.150,1.420,2.257,0.000365,0.007943,1.155438,-2.150,1.420,2.257
1761142241.749513,0,0.000367,0.007945,1.155494,-2.146,1.337,2.252,0.000367,0.007945,1.155494,-2.146,1.337,2.252
1761142241.815199,0,0.000361,0.007931,1.155523,-2.250,1.366,2.246,0.000361,0.007931,1.155523,-2.250,1.366,2.246
1761142241.883049,0,0.000364,0.007938,1.155476,-2.183,1.358,2.255,0.000364,0.007938,1.155476,-2.183,1.358,2.255
1761142241.951372,0,0.000360,0.007943,1.155515,-2.165,1.388,2.253,0.000360,0.007943,1.155515,-2.165,1.388,2.253
1761142242.018020,0,0.000380,0.007962,1.155532,-2.077,1.309,2.260,0.000380,0.007962,1.155532,-2.077,1.309,2.260
1761142242.084704,0,0.000362,0.007931,1.155508,-2.239,1.310,2.248,0.000362,0.007931,1.155508,-2.239,1.310,2.248
1761142242.149133,0,0.000371,0.007940,1.155489,-2.188,1.328,2.259,0.000371,0.007940,1.155489,-2.188,1.328,2.259
1761142242.218790,0,0.000383,0.007963,1.155448,-2.053,1.369,2.256,0.000383,0.007963,1.155448,-2.053,1.369,2.256
1761142242.280703,0,0.000355,0.007939,1.155468,-2.191,1.397,2.253,0.000355,0.007939,1.155468,-2.191,1.397,2.253
1761142242.346423,0,0.000366,0.007933,1.155558,-2.228,1.310,2.250,0.000366,0.007933,1.155558,-2.228,1.310,2.250
1761142242.414890,0,0.000356,0.007941,1.155439,-2.167,1.411,2.260,0.000356,0.007941,1.155439,-2.167,1.411,2.260
1761142242.471224,0,0.000365,0.007944,1.155497,-2.199,1.322,2.251,0.000365,0.007944,1.155497,-2.199,1.322,2.251
1761142242.532423,0,0.000362,0.007958,1.155493,-2.104,1.396,2.253,0.000362,0.007958,1.155493,-2.104,1.396,2.253
1761142242.588220,0,0.000360,0.007933,1.155472,-2.242,1.410,2.247,0.000360,0.007933,1.155472,-2.242,1.410,2.247
1761142242.657179,0,0.000384,0.007940,1.155475,-2.197,1.303,2.250,0.000384,0.007940,1.155475,-2.197,1.303,2.250
1761142242.711329,0,0.000377,0.007961,1.155520,-2.068,1.353,2.257,0.000377,0.007961,1.155520,-2.068,1.353,2.257
1761142242.772949,0,0.000368,0.007967,1.155520,-2.040,1.338,2.257,0.000368,0.007967,1.155520,-2.040,1.338,2.257
1761142242.844251,0,0.000349,0.007945,1.155433,-2.144,1.485,2.256,0.000349,0.007945,1.155433,-2.144,1.485,2.256
1761142242.917386,0,0.000363,0.007948,1.155545,-2.114,1.392,2.257,0.000363,0.007948,1.155545,-2.114,1.392,2.257
1761142242.990299,0,0.000368,0.007943,1.155481,-2.144,1.410,2.253,0.000368,0.007943,1.155481,-2.144,1.410,2.253
1761142243.061005,0,0.000357,0.007926,1.155434,-2.290,1.459,2.247,0.000357,0.007926,1.155434,-2.290,1.459,2.247
1761142243.132240,0,0.000357,0.007945,1.155432,-2.223,1.391,2.253,0.000357,0.007945,1.155432,-2.223,1.391,2.253
1761142243.201341,0,0.000367,0.007956,1.155419,-2.062,1.393,2.257,0.000367,0.007956,1.155419,-2.062,1.393,2.257
1761142243.267950,0,0.000373,0.007947,1.155455,-2.157,1.380,2.255,0.000373,0.007947,1.155455,-2.157,1.380,2.255
1761142243.333206,0,0.000357,0.007945,1.155416,-2.194,1.370,2.248,0.000357,0.007945,1.155416,-2.194,1.370,2.248
1761142243.394344,0,0.000375,0.007951,1.155490,-2.124,1.301,2.259,0.000375,0.007951,1.155490,-2.124,1.301,2.259
1761142243.464595,0,0.000390,0.007942,1.155488,-2.207,1.298,2.244,0.000390,0.007942,1.155488,-2.207,1.298,2.244
1761142243.527869,0,0.000384,0.007947,1.155523,-2.189,1.302,2.253,0.000384,0.007947,1.155523,-2.189,1.302,2.253
1761142243.594069,0,0.000381,0.007966,1.155464,-2.081,1.262,2.257,0.000381,0.007966,1.155464,-2.081,1.262,2.257
1761142243.660636,0,0.000367,0.007953,1.155504,-2.122,1.359,2.256,0.000367,0.007953,1.155504,-2.122,1.359,2.256
1761142243.729973,0,0.000364,0.007960,1.155488,-2.119,1.401,2.255,0.000364,0.007960,1.155488,-2.119,1.401,2.255
1761142243.788012,0,0.000377,0.007943,1.155523,-2.169,1.319,2.250,0.000377,0.007943,1.155523,-2.169,1.319,2.250
1761142243.849729,0,0.000386,0.007950,1.155540,-2.122,1.279,2.259,0.000386,0.007950,1.155540,-2.122,1.279,2.259
1761142243.913759,0,0.000387,0.007967,1.155522,-2.030,1.303,2.260,0.000387,0.007967,1.155522,-2.030,1.303,2.260
1761142243.974427,0,0.000369,0.007942,1.155511,-2.217,1.376,2.251,0.000369,0.007942,1.155511,-2.217,1.376,2.251
1761142244.049792,0,0.000364,0.007963,1.155565,-2.061,1.360,2.256,0.000364,0.007963,1.155565,-2.061,1.360,2.256
1761142244.138577,0,0.000364,0.007959,1.155433,-2.160,1.368,2.252,0.000364,0.007959,1.155433,-2.160,1.368,2.252
1761142244.206266,0,0.000368,0.007959,1.155557,-2.074,1.363,2.254,0.000368,0.007959,1.155557,-2.074,1.363,2.254
1761142244.279368,0,0.000370,0.007946,1.155563,-2.136,1.416,2.256,0.000370,0.007946,1.155563,-2.136,1.416,2.256
1761142244.356790,0,0.000380,0.007950,1.155414,-2.190,1.305,2.255,0.000380,0.007950,1.155414,-2.190,1.305,2.255
1761142244.426291,0,0.000378,0.007945,1.155474,-2.216,1.371,2.254,0.000378,0.007945,1.155474,-2.216,1.371,2.254
1761142244.494825,0,0.000366,0.007949,1.155475,-2.185,1.438,2.251,0.000366,0.007949,1.155475,-2.185,1.438,2.251
1761142244.567472,0,0.000374,0.007946,1.155449,-2.180,1.360,2.254,0.000374,0.007946,1.155449,-2.180,1.360,2.254
1761142244.637649,0,0.000375,0.007960,1.155504,-2.114,1.350,2.260,0.000375,0.007960,1.155504,-2.114,1.350,2.260
1761142244.706068,0,0.000354,0.007946,1.155522,-2.132,1.440,2.254,0.000354,0.007946,1.155522,-2.132,1.440,2.254
1761142244.768819,0,0.000377,0.007948,1.155539,-2.136,1.345,2.255,0.000377,0.007948,1.155539,-2.136,1.345,2.255
1761142244.835556,0,0.000359,0.007963,1.155494,-2.084,1.424,2.251,0.000359,0.007963,1.155494,-2.084,1.424,2.251
1761142244.904256,0,0.000368,0.007963,1.155428,-2.125,1.359,2.255,0.000368,0.007963,1.155428,-2.125,1.359,2.255
1761142244.971832,0,0.000374,0.007961,1.155487,-2.159,1.371,2.251,0.000374,0.007961,1.155487,-2.159,1.371,2.251
1761142245.034988,0,0.000387,0.007980,1.155539,-1.966,1.302,2.259,0.000387,0.007980,1.155539,-1.966,1.302,2.259
1761142245.099570,0,0.000376,0.007962,1.155413,-2.131,1.352,2.261,0.000376,0.007962,1.155413,-2.131,1.352,2.261
1761142245.167260,0,0.000370,0.007956,1.155443,-2.162,1.399,2.249,0.000370,0.007956,1.155443,-2.162,1.399,2.249
1761142245.226632,0,0.000363,0.007948,1.155483,-2.180,1.389,2.249,0.000363,0.007948,1.155483,-2.180,1.389,2.249
1761142245.289435,0,0.000363,0.007962,1.155378,-2.106,1.439,2.257,0.000363,0.007962,1.155378,-2.106,1.439,2.257
1761142245.356187,0,0.000373,0.007971,1.155423,-2.106,1.392,2.252,0.000373,0.007971,1.155423,-2.106,1.392,2.252
1761142245.412189,0,0.000378,0.007961,1.155463,-2.146,1.315,2.253,0.000378,0.007961,1.155463,-2.146,1.315,2.253
1761142245.473983,0,0.000371,0.007960,1.155472,-2.098,1.397,2.256,0.000371,0.007960,1.155472,-2.098,1.397,2.256
1761142245.543762,0,0.000372,0.007949,1.155406,-2.193,1.441,2.254,0.000372,0.007949,1.155406,-2.193,1.441,2.254
1761142245.608065,0,0.000378,0.007964,1.155385,-2.139,1.361,2.248,0.000378,0.007964,1.155385,-2.139,1.361,2.248
1761142245.670645,0,0.000368,0.007948,1.155433,-2.209,1.403,2.249,0.000368,0.007948,1.155433,-2.209,1.403,2.249
1761142245.733441,0,0.000387,0.007953,1.155445,-2.147,1.345,2.258,0.000387,0.007953,1.155445,-2.147,1.345,2.258
1761142245.800823,0,0.000379,0.007943,1.155440,-2.288,1.353,2.252,0.000379,0.007943,1.155440,-2.288,1.353,2.252
1761142245.862507,0,0.000374,0.007955,1.155407,-2.146,1.352,2.261,0.000374,0.007955,1.155407,-2.146,1.352,2.261
1761142245.924264,0,0.000376,0.007942,1.155425,-2.269,1.388,2.253,0.000376,0.007942,1.155425,-2.269,1.388,2.253
1761142245.987908,0,0.000375,0.007971,1.155484,-2.050,1.372,2.259,0.000375,0.007971,1.155484,-2.050,1.372,2.259
1761142246.047114,0,0.000366,0.007965,1.155447,-2.135,1.393,2.256,0.000366,0.007965,1.155447,-2.135,1.393,2.256
1761142246.111194,0,0.000389,0.007954,1.155446,-2.138,1.343,2.260,0.000389,0.007954,1.155446,-2.138,1.343,2.260
1761142246.182639,0,0.000356,0.007958,1.155488,-2.134,1.438,2.253,0.000356,0.007958,1.155488,-2.134,1.438,2.253
1761142246.249008,0,0.000375,0.007978,1.155415,-2.040,1.367,2.259,0.000375,0.007978,1.155415,-2.040,1.367,2.259
1761142246.314149,0,0.000376,0.007952,1.155471,-2.172,1.391,2.255,0.000376,0.007952,1.155471,-2.172,1.391,2.255
1761142246.386650,0,0.000388,0.007966,1.155447,-2.088,1.333,2.262,0.000388,0.007966,1.155447,-2.088,1.333,2.262
1761142246.452829,0,0.000374,0.007950,1.155443,-2.176,1.409,2.251,0.000374,0.007950,1.155443,-2.176,1.409,2.251
1761142246.511037,0,0.000392,0.007948,1.155441,-2.175,1.300,2.252,0.000392,0.007948,1.155441,-2.175,1.300,2.252
1761142246.575295,0,0.000383,0.007948,1.155490,-2.179,1.340,2.254,0.000383,0.007948,1.155490,-2.179,1.340,2.254
1761142246.641897,0,0.000382,0.007953,1.155500,-2.137,1.405,2.258,0.000382,0.007953,1.155500,-2.137,1.405,2.258
1761142246.704652,0,0.000377,0.007952,1.155488,-2.145,1.418,2.248,0.000377,0.007952,1.155488,-2.145,1.418,2.248
1761142246.768386,0,0.000369,0.007946,1.155496,-2.200,1.418,2.246,0.000369,0.007946,1.155496,-2.200,1.418,2.246
1761142246.834618,0,0.000393,0.007962,1.155477,-2.067,1.304,2.261,0.000393,0.007962,1.155477,-2.067,1.304,2.261
1761142246.897456,0,0.000370,0.007960,1.155413,-2.071,1.419,2.254,0.000370,0.007960,1.155413,-2.071,1.419,2.254
1761142246.956048,0,0.000376,0.007951,1.155490,-2.158,1.379,2.255,0.000376,0.007951,1.155490,-2.158,1.379,2.255
1761142247.016157,0,0.000376,0.007934,1.155379,-2.240,1.403,2.254,0.000376,0.007934,1.155379,-2.240,1.403,2.254
1761142247.090564,0,0.000374,0.007962,1.155422,-2.099,1.387,2.253,0.000374,0.007962,1.155422,-2.099,1.387,2.253
1761142247.154862,0,0.000395,0.007943,1.155480,-2.189,1.289,2.252,0.000395,0.007943,1.155480,-2.189,1.289,2.252
1761142247.220091,0,0.000384,0.007961,1.155457,-2.075,1.357,2.259,0.000384,0.007961,1.155457,-2.075,1.357,2.259
1761142247.288292,0,0.000365,0.007938,1.155479,-2.178,1.397,2.247,0.000365,0.007938,1.155479,-2.178,1.397,2.247
1761142247.349617,0,0.000372,0.007954,1.155487,-2.152,1.397,2.254,0.000372,0.007954,1.155487,-2.152,1.397,2.254
1761142247.419645,0,0.000376,0.007946,1.155464,-2.178,1.378,2.248,0.000376,0.007946,1.155464,-2.178,1.378,2.248
1761142247.478120,0,0.000375,0.007944,1.155484,-2.190,1.354,2.252,0.000375,0.007944,1.155484,-2.190,1.354,2.252
1761142247.536745,0,0.000365,0.007959,1.155430,-2.128,1.432,2.254,0.000365,0.007959,1.155430,-2.128,1.432,2.254
1761142247.619072,0,0.000373,0.007961,1.155386,-2.087,1.382,2.256,0.000373,0.007961,1.155386,-2.087,1.382,2.256
1761142247.683234,0,0.000381,0.007954,1.155371,-2.129,1.385,2.261,0.000381,0.007954,1.155371,-2.129,1.385,2.261
1761142247.748571,0,0.000378,0.007949,1.155494,-2.178,1.350,2.256,0.000378,0.007949,1.155494,-2.178,1.350,2.256
1761142247.811629,0,0.000378,0.007954,1.155413,-2.143,1.378,2.254,0.000378,0.007954,1.155413,-2.143,1.378,2.254
1761142247.881508,0,0.000369,0.007941,1.155371,-2.281,1.458,2.248,0.000369,0.007941,1.155371,-2.281,1.458,2.248
1761142247.947826,0,0.000369,0.007967,1.155461,-2.089,1.397,2.258,0.000369,0.007967,1.155461,-2.089,1.397,2.258
1761142248.009098,0,0.000380,0.007943,1.155407,-2.259,1.365,2.255,0.000380,0.007943,1.155407,-2.259,1.365,2.255
1761142248.083304,0,0.000368,0.007973,1.155387,-2.113,1.455,2.258,0.000368,0.007973,1.155387,-2.113,1.455,2.258
1761142248.155253,0,0.000383,0.007995,1.155437,-1.984,1.446,2.263,0.000383,0.007995,1.155437,-1.984,1.446,2.263
1761142248.227423,0,0.000362,0.007977,1.155498,-2.085,1.407,2.257,0.000362,0.007977,1.155498,-2.085,1.407,2.257
1761142248.302065,0,0.000385,0.007939,1.155479,-2.297,1.311,2.253,0.000385,0.007939,1.155479,-2.297,1.311,2.253
1761142248.369866,0,0.000400,0.007980,1.155500,-2.031,1.232,2.260,0.000400,0.007980,1.155500,-2.031,1.232,2.260
1761142248.439758,0,0.000386,0.007963,1.155429,-2.093,1.352,2.259,0.000386,0.007963,1.155429,-2.093,1.352,2.259
1761142248.516008,0,0.000392,0.007979,1.155472,-2.062,1.259,2.259,0.000392,0.007979,1.155472,-2.062,1.259,2.259
1761142248.577139,0,0.000371,0.007962,1.155481,-2.154,1.399,2.256,0.000371,0.007962,1.155481,-2.154,1.399,2.256
1761142248.641355,0,0.000377,0.007957,1.155415,-2.190,1.363,2.249,0.000377,0.007957,1.155415,-2.190,1.363,2.249
1761142248.710502,0,0.000375,0.007969,1.155480,-2.133,1.338,2.253,0.000375,0.007969,1.155480,-2.133,1.338,2.253
1761142248.773210,0,0.000376,0.007949,1.155408,-2.228,1.348,2.253,0.000376,0.007949,1.155408,-2.228,1.348,2.253
1761142248.841400,0,0.000372,0.007948,1.155479,-2.235,1.374,2.255,0.000372,0.007948,1.155479,-2.235,1.374,2.255
1761142248.915245,0,0.000377,0.007970,1.155462,-2.111,1.329,2.258,0.000377,0.007970,1.155462,-2.111,1.329,2.258
1761142248.982650,0,0.000380,0.007953,1.155471,-2.210,1.374,2.252,0.000380,0.007953,1.155471,-2.210,1.374,2.252
1761142249.055876,0,0.000387,0.007956,1.155473,-2.170,1.327,2.253,0.000387,0.007956,1.155473,-2.170,1.327,2.253
1761142249.134041,0,0.000359,0.007955,1.155394,-2.187,1.448,2.250,0.000359,0.007955,1.155394,-2.187,1.448,2.250
1761142249.215032,0,0.000370,0.007953,1.155471,-2.198,1.400,2.252,0.000370,0.007953,1.155471,-2.198,1.400,2.252
1761142249.286935,0,0.000390,0.007980,1.155506,-2.045,1.325,2.258,0.000390,0.007980,1.155506,-2.045,1.325,2.258
1761142249.361383,0,0.000385,0.007966,1.155374,-2.121,1.377,2.256,0.000385,0.007966,1.155374,-2.121,1.377,2.256
1761142249.427538,0,0.000373,0.007979,1.155373,-2.064,1.404,2.258,0.000373,0.007979,1.155373,-2.064,1.404,2.258
1761142249.507127,0,0.000386,0.007958,1.155488,-2.170,1.300,2.253,0.000386,0.007958,1.155488,-2.170,1.300,2.253
1761142249.576096,0,0.000362,0.007974,1.155450,-2.083,1.411,2.255,0.000362,0.007974,1.155450,-2.083,1.411,2.255
1761142249.646164,0,0.000369,0.007959,1.155403,-2.167,1.401,2.252,0.000369,0.007959,1.155403,-2.167,1.401,2.252
1761142249.710213,0,0.000373,0.007964,1.155438,-2.135,1.396,2.256,0.000373,0.007964,1.155438,-2.135,1.396,2.256
1761142249.785307,0,0.000374,0.007940,1.155451,-2.277,1.396,2.255,0.000374,0.007940,1.155451,-2.277,1.396,2.255
1761142249.854570,0,0.000377,0.007968,1.155493,-2.130,1.344,2.254,0.000377,0.007968,1.155493,-2.130,1.344,2.254
1761142249.922606,0,0.000390,0.007969,1.155462,-2.069,1.283,2.265,0.000390,0.007969,1.155462,-2.069,1.283,2.265
1761142249.989995,0,0.000392,0.007953,1.155416,-2.168,1.292,2.253,0.000392,0.007953,1.155416,-2.168,1.292,2.253
1761142250.057271,0,0.000375,0.007939,1.155484,-2.216,1.340,2.248,0.000375,0.007939,1.155484,-2.216,1.340,2.248
1761142250.125437,0,0.000372,0.007946,1.155442,-2.242,1.403,2.250,0.000372,0.007946,1.155442,-2.242,1.403,2.250
1761142250.202196,0,0.000365,0.007955,1.155475,-2.161,1.406,2.256,0.000365,0.007955,1.155475,-2.161,1.406,2.256
1761142250.270905,0,0.000369,0.007978,1.155427,-2.071,1.389,2.257,0.000369,0.007978,1.155427,-2.071,1.389,2.257
1761142250.343220,0,0.000364,0.007982,1.155483,-2.015,1.412,2.262,0.000364,0.007982,1.155483,-2.015,1.412,2.262
1761142250.409310,0,0.000380,0.007968,1.155403,-2.143,1.413,2.254,0.000380,0.007968,1.155403,-2.143,1.413,2.254
1761142250.476751,0,0.000373,0.007971,1.155419,-2.141,1.382,2.250,0.000373,0.007971,1.155419,-2.141,1.382,2.250
1761142250.542184,0,0.000375,0.007966,1.155481,-2.173,1.378,2.256,0.000375,0.007966,1.155481,-2.173,1.378,2.256
1761142250.610260,0,0.000392,0.007955,1.155368,-2.228,1.325,2.249,0.000392,0.007955,1.155368,-2.228,1.325,2.249
1761142250.674159,0,0.000382,0.007968,1.155503,-2.135,1.335,2.258,0.000382,0.007968,1.155503,-2.135,1.335,2.258
1761142250.733959,0,0.000398,0.007974,1.155443,-2.163,1.277,2.250,0.000398,0.007974,1.155443,-2.163,1.277,2.250
1761142250.802886,0,0.000388,0.007961,1.155376,-2.186,1.364,2.259,0.000388,0.007961,1.155376,-2.186,1.364,2.259
1761142250.865101,0,0.000373,0.007973,1.155445,-2.108,1.391,2.252,0.000373,0.007973,1.155445,-2.108,1.391,2.252
1761142250.931478,0,0.000368,0.007963,1.155389,-2.136,1.430,2.257,0.000368,0.007963,1.155389,-2.136,1.430,2.257
1761142250.992535,0,0.000367,0.007971,1.155412,-2.078,1.432,2.255,0.000367,0.007971,1.155412,-2.078,1.432,2.255
1761142251.060961,0,0.000382,0.007966,1.155455,-2.116,1.390,2.255,0.000382,0.007966,1.155455,-2.116,1.390,2.255
1761142251.118022,0,0.000370,0.007958,1.155448,-2.181,1.435,2.256,0.000370,0.007958,1.155448,-2.181,1.435,2.256
1761142251.187860,0,0.000392,0.007969,1.155520,-2.089,1.296,2.254,0.000392,0.007969,1.155520,-2.089,1.296,2.254
1761142251.254714,0,0.000375,0.007967,1.155488,-2.116,1.426,2.259,0.000375,0.007967,1.155488,-2.116,1.426,2.259
1761142251.322026,0,0.000370,0.007967,1.155432,-2.118,1.458,2.253,0.000370,0.007967,1.155432,-2.118,1.458,2.253
1761142251.395829,0,0.000377,0.007956,1.155377,-2.195,1.445,2.256,0.000377,0.007956,1.155377,-2.195,1.445,2.256
1761142251.459133,0,0.000391,0.007971,1.155450,-2.066,1.344,2.255,0.000391,0.007971,1.155450,-2.066,1.344,2.255
1761142251.523400,0,0.000383,0.007971,1.155382,-2.112,1.405,2.255,0.000383,0.007971,1.155382,-2.112,1.405,2.255
1761142251.589219,0,0.000375,0.007974,1.155397,-2.064,1.452,2.261,0.000375,0.007974,1.155397,-2.064,1.452,2.261
1761142251.656023,0,0.000368,0.007989,1.155488,-2.038,1.415,2.256,0.000368,0.007989,1.155488,-2.038,1.415,2.256
1761142251.719095,0,0.000376,0.007970,1.155480,-2.111,1.366,2.252,0.000376,0.007970,1.155480,-2.111,1.366,2.252
1761142251.781706,0,0.000387,0.007976,1.155437,-2.082,1.363,2.259,0.000387,0.007976,1.155437,-2.082,1.363,2.259
1761142251.844310,0,0.000392,0.007984,1.155420,-2.044,1.330,2.259,0.000392,0.007984,1.155420,-2.044,1.330,2.259
1761142251.905349,0,0.000364,0.007980,1.155435,-2.062,1.453,2.256,0.000364,0.007980,1.155435,-2.062,1.453,2.256
1761142251.964440,0,0.000368,0.007972,1.155402,-2.149,1.424,2.252,0.000368,0.007972,1.155402,-2.149,1.424,2.252
1761142252.036040,0,0.000384,0.007963,1.155396,-2.162,1.383,2.251,0.000384,0.007963,1.155396,-2.162,1.383,2.251
1761142252.098713,0,0.000372,0.007956,1.155401,-2.292,1.464,2.247,0.000372,0.007956,1.155401,-2.292,1.464,2.247
1761142252.160484,0,0.000387,0.007962,1.155485,-2.167,1.361,2.258,0.000387,0.007962,1.155485,-2.167,1.361,2.258
1761142252.226097,0,0.000385,0.007966,1.155384,-2.181,1.417,2.250,0.000385,0.007966,1.155384,-2.181,1.417,2.250
1761142252.291416,0,0.000370,0.007945,1.155383,-2.215,1.441,2.260,0.000370,0.007945,1.155383,-2.215,1.441,2.260
1761142252.356712,0,0.000388,0.007974,1.155488,-2.066,1.331,2.258,0.000388,0.007974,1.155488,-2.066,1.331,2.258
1761142252.419894,0,0.000374,0.007941,1.155395,-2.275,1.378,2.244,0.000374,0.007941,1.155395,-2.275,1.378,2.244
1761142252.493341,0,0.000390,0.007961,1.155420,-2.159,1.319,2.256,0.000390,0.007961,1.155420,-2.159,1.319,2.256
1761142252.562629,0,0.000373,0.007972,1.155360,-2.150,1.427,2.256,0.000373,0.007972,1.155360,-2.150,1.427,2.256
1761142252.625311,0,0.000390,0.007964,1.155420,-2.139,1.346,2.256,0.000390,0.007964,1.155420,-2.139,1.346,2.256
1761142252.694645,0,0.000382,0.007966,1.155432,-2.122,1.370,2.257,0.000382,0.007966,1.155432,-2.122,1.370,2.257
1761142252.759172,0,0.000373,0.007967,1.155427,-2.180,1.443,2.245,0.000373,0.007967,1.155427,-2.180,1.443,2.245
1761142252.823330,0,0.000388,0.007983,1.155463,-2.076,1.312,2.261,0.000388,0.007983,1.155463,-2.076,1.312,2.261
1761142252.890671,0,0.000380,0.007976,1.155492,-2.091,1.389,2.254,0.000380,0.007976,1.155492,-2.091,1.389,2.254
1761142252.953726,0,0.000381,0.007988,1.155492,-2.030,1.345,2.262,0.000381,0.007988,1.155492,-2.030,1.345,2.262
1761142253.020836,0,0.000385,0.007954,1.155410,-2.192,1.332,2.252,0.000385,0.007954,1.155410,-2.192,1.332,2.252
1761142253.083194,0,0.000392,0.007964,1.155462,-2.189,1.328,2.256,0.000392,0.007964,1.155462,-2.189,1.328,2.256
1761142253.139390,0,0.000376,0.007972,1.155481,-2.090,1.383,2.257,0.000376,0.007972,1.155481,-2.090,1.383,2.257
1761142253.201353,0,0.000368,0.007960,1.155437,-2.147,1.426,2.258,0.000368,0.007960,1.155437,-2.147,1.426,2.258
1761142253.259987,0,0.000383,0.007963,1.155549,-2.144,1.322,2.255,0.000383,0.007963,1.155549,-2.144,1.322,2.255
1761142253.325906,0,0.000371,0.007962,1.155412,-2.144,1.431,2.253,0.000371,0.007962,1.155412,-2.144,1.431,2.253
1761142253.387611,0,0.000396,0.007963,1.155429,-2.179,1.276,2.256,0.000396,0.007963,1.155429,-2.179,1.276,2.256
1761142253.454487,0,0.000392,0.007958,1.155460,-2.172,1.328,2.258,0.000392,0.007958,1.155460,-2.172,1.328,2.258
1761142253.518540,0,0.000395,0.007963,1.155425,-2.146,1.286,2.258,0.000395,0.007963,1.155425,-2.146,1.286,2.258
1761142253.582040,0,0.000390,0.007973,1.155450,-2.077,1.320,2.257,0.000390,0.007973,1.155450,-2.077,1.320,2.257
1761142253.643199,0,0.000378,0.007985,1.155467,-2.019,1.394,2.260,0.000378,0.007985,1.155467,-2.019,1.394,2.260
1761142253.712227,0,0.000387,0.007960,1.155507,-2.162,1.338,2.251,0.000387,0.007960,1.155507,-2.162,1.338,2.251
1761142253.780602,0,0.000380,0.007959,1.155409,-2.138,1.405,2.256,0.000380,0.007959,1.155409,-2.138,1.405,2.256
1761142253.846269,0,0.000372,0.007943,1.155462,-2.225,1.440,2.250,0.000372,0.007943,1.155462,-2.225,1.440,2.250
1761142253.917707,0,0.000374,0.007959,1.155454,-2.146,1.403,2.254,0.000374,0.007959,1.155454,-2.146,1.403,2.254
1761142253.976097,0,0.000373,0.007942,1.155461,-2.234,1.399,2.253,0.000373,0.007942,1.155461,-2.234,1.399,2.253
1761142254.044433,0,0.000396,0.007969,1.155407,-2.152,1.342,2.260,0.000396,0.007969,1.155407,-2.152,1.342,2.260
1761142254.106467,0,0.000360,0.007973,1.155350,-2.079,1.474,2.256,0.000360,0.007973,1.155350,-2.079,1.474,2.256
1761142254.174022,0,0.000389,0.007970,1.155424,-2.089,1.311,2.258,0.000389,0.007970,1.155424,-2.089,1.311,2.258
1761142254.237205,0,0.000404,0.007970,1.155482,-2.116,1.287,2.256,0.000404,0.007970,1.155482,-2.116,1.287,2.256
1761142254.304960,0,0.000400,0.007966,1.155445,-2.109,1.316,2.256,0.000400,0.007966,1.155445,-2.109,1.316,2.256
1761142254.372575,0,0.000378,0.007965,1.155377,-2.179,1.394,2.248,0.000378,0.007965,1.155377,-2.179,1.394,2.248
1761142254.440927,0,0.000389,0.007949,1.155445,-2.234,1.348,2.248,0.000389,0.007949,1.155445,-2.234,1.348,2.248
1761142254.506824,0,0.000384,0.007934,1.155435,-2.290,1.333,2.246,0.000384,0.007934,1.155435,-2.290,1.333,2.246
1761142254.572608,0,0.000403,0.007968,1.155494,-2.129,1.320,2.258,0.000403,0.007968,1.155494,-2.129,1.320,2.258
1761142254.636380,0,0.000383,0.007956,1.155438,-2.162,1.421,2.259,0.000383,0.007956,1.155438,-2.162,1.421,2.259
1761142254.699214,0,0.000389,0.007955,1.155480,-2.181,1.352,2.254,0.000389,0.007955,1.155480,-2.181,1.352,2.254
1761142254.771782,0,0.000388,0.007961,1.155455,-2.143,1.365,2.259,0.000388,0.007961,1.155455,-2.143,1.365,2.259
1761142254.844721,0,0.000395,0.007964,1.155530,-2.133,1.275,2.261,0.000395,0.007964,1.155530,-2.133,1.275,2.261
1761142254.919938,0,0.000366,0.007954,1.155471,-2.150,1.458,2.257,0.000366,0.007954,1.155471,-2.150,1.458,2.257
1761142254.992479,0,0.000387,0.007968,1.155466,-2.088,1.358,2.257,0.000387,0.007968,1.155466,-2.088,1.358,2.257
1761142255.064696,0,0.000382,0.007961,1.155407,-2.141,1.362,2.258,0.000382,0.007961,1.155407,-2.141,1.362,2.258
1761142255.128291,0,0.000394,0.007961,1.155392,-2.175,1.304,2.252,0.000394,0.007961,1.155392,-2.175,1.304,2.252
1761142255.216486,0,0.000387,0.007941,1.155400,-2.262,1.360,2.248,0.000387,0.007941,1.155400,-2.262,1.360,2.248
1761142255.287711,0,0.000383,0.007961,1.155394,-2.140,1.357,2.254,0.000383,0.007961,1.155394,-2.140,1.357,2.254
1761142255.362049,0,0.000374,0.007960,1.155487,-2.196,1.462,2.255,0.000374,0.007960,1.155487,-2.196,1.462,2.255
1761142255.434086,0,0.000393,0.007980,1.155471,-2.089,1.313,2.259,0.000393,0.007980,1.155471,-2.089,1.313,2.259
1761142255.492862,0,0.000380,0.007989,1.155469,-2.027,1.415,2.259,0.000380,0.007989,1.155469,-2.027,1.415,2.259
1761142255.555378,0,0.000384,0.007959,1.155412,-2.219,1.388,2.254,0.000384,0.007959,1.155412,-2.219,1.388,2.254
1761142255.619630,0,0.000372,0.007972,1.155348,-2.138,1.444,2.257,0.000372,0.007972,1.155348,-2.138,1.444,2.257
1761142255.682977,0,0.000382,0.007974,1.155494,-2.085,1.379,2.262,0.000382,0.007974,1.155494,-2.085,1.379,2.262
1761142255.747504,0,0.000380,0.007968,1.155477,-2.144,1.378,2.254,0.000380,0.007968,1.155477,-2.144,1.378,2.254
1761142255.812769,0,0.000399,0.007966,1.155470,-2.134,1.256,2.255,0.000399,0.007966,1.155470,-2.134,1.256,2.255
1761142255.868524,0,0.000387,0.007968,1.155400,-2.107,1.371,2.258,0.000387,0.007968,1.155400,-2.107,1.371,2.258
1761142255.925292,0,0.000370,0.007979,1.155394,-2.102,1.402,2.258,0.000370,0.007979,1.155394,-2.102,1.402,2.258
1761142255.988877,0,0.000383,0.007969,1.155372,-2.109,1.342,2.261,0.000383,0.007969,1.155372,-2.109,1.342,2.261
1761142256.049922,0,0.000398,0.007973,1.155393,-2.113,1.331,2.259,0.000398,0.007973,1.155393,-2.113,1.331,2.259
1761142256.114244,0,0.000355,0.007959,1.155356,-2.181,1.471,2.250,0.000355,0.007959,1.155356,-2.181,1.471,2.250
1761142256.178550,0,0.000366,0.007949,1.155324,-2.288,1.456,2.253,0.000366,0.007949,1.155324,-2.288,1.456,2.253
1761142256.245717,0,0.000395,0.007993,1.155269,-2.056,1.273,2.255,0.000395,0.007993,1.155269,-2.056,1.273,2.255
1761142256.311948,0,0.000398,0.007995,1.155281,-2.042,1.309,2.268,0.000398,0.007995,1.155281,-2.042,1.309,2.268
1761142256.379228,0,0.000396,0.007988,1.155278,-1.989,1.313,2.261,0.000396,0.007988,1.155278,-1.989,1.313,2.261
1761142256.452522,0,0.000401,0.007995,1.155173,-1.982,1.326,2.267,0.000401,0.007995,1.155173,-1.982,1.326,2.267
1761142256.518674,0,0.000393,0.008006,1.155074,-1.989,1.370,2.267,0.000393,0.008006,1.155074,-1.989,1.370,2.267
1761142256.580677,0,0.000376,0.007978,1.155090,-2.082,1.454,2.255,0.000376,0.007978,1.155090,-2.082,1.454,2.255
1761142256.649813,0,0.000377,0.008003,1.155010,-1.977,1.431,2.263,0.000377,0.008003,1.155010,-1.977,1.431,2.263
1761142256.711977,0,0.000382,0.007986,1.154962,-2.016,1.446,2.255,0.000382,0.007986,1.154962,-2.016,1.446,2.255
1761142256.773741,0,0.000379,0.007979,1.154930,-2.045,1.419,2.256,0.000379,0.007979,1.154930,-2.045,1.419,2.256
1761142256.839607,0,0.000405,0.007973,1.154868,-2.060,1.307,2.269,0.000405,0.007973,1.154868,-2.060,1.307,2.269
1761142256.898139,0,0.000387,0.007996,1.154932,-1.875,1.365,2.263,0.000387,0.007996,1.154932,-1.875,1.365,2.263
1761142256.957733,0,0.000377,0.008008,1.154883,-1.910,1.429,2.270,0.000377,0.008008,1.154883,-1.910,1.429,2.270
1761142257.016991,0,0.000375,0.007989,1.154770,-1.998,1.490,2.261,0.000375,0.007989,1.154770,-1.998,1.490,2.261
1761142257.080849,0,0.000391,0.007980,1.154761,-2.046,1.368,2.260,0.000391,0.007980,1.154761,-2.046,1.368,2.260
1761142257.141372,0,0.000373,0.007990,1.154896,-1.977,1.403,2.262,0.000373,0.007990,1.154896,-1.977,1.403,2.262
1761142257.207085,0,0.000373,0.007989,1.154855,-2.001,1.409,2.266,0.000373,0.007989,1.154855,-2.001,1.409,2.266
1761142257.270661,0,0.000368,0.007981,1.154888,-2.025,1.423,2.266,0.000368,0.007981,1.154888,-2.025,1.423,2.266
1761142257.339886,0,0.000373,0.007957,1.154894,-2.114,1.382,2.265,0.000373,0.007957,1.154894,-2.114,1.382,2.265
1761142257.410921,0,0.000361,0.007990,1.154860,-1.948,1.478,2.265,0.000361,0.007990,1.154860,-1.948,1.478,2.265
1761142257.482067,0,0.000372,0.007984,1.154818,-2.039,1.429,2.256,0.000372,0.007984,1.154818,-2.039,1.429,2.256
1761142257.548728,0,0.000368,0.007969,1.154818,-2.099,1.420,2.263,0.000368,0.007969,1.154818,-2.099,1.420,2.263
1761142257.617577,0,0.000383,0.007984,1.154664,-2.073,1.387,2.262,0.000383,0.007984,1.154664,-2.073,1.387,2.262
1761142257.687818,0,0.000393,0.007988,1.154817,-2.010,1.317,2.262,0.000393,0.007988,1.154817,-2.010,1.317,2.262
1761142257.752500,0,0.000376,0.008006,1.154880,-1.968,1.369,2.262,0.000376,0.008006,1.154880,-1.968,1.369,2.262
1761142257.814615,0,0.000373,0.007999,1.154832,-2.000,1.456,2.260,0.000373,0.007999,1.154832,-2.000,1.456,2.260
1761142257.877878,0,0.000364,0.007970,1.154909,-2.127,1.499,2.256,0.000364,0.007970,1.154909,-2.127,1.499,2.256
1761142257.944758,0,0.000392,0.008031,1.150939,-2.395,1.608,2.256,0.000392,0.008031,1.150939,-2.395,1.608,2.256
1761142258.007903,0,0.000386,0.008001,1.151618,-2.105,1.585,2.258,0.000386,0.008001,1.151618,-2.105,1.585,2.258
1761142258.070708,0,0.000392,0.007989,1.154985,-2.041,1.290,2.259,0.000392,0.007989,1.154985,-2.041,1.290,2.259
1761142258.146316,0,0.000425,0.008034,1.160865,-1.483,1.253,2.274,0.000425,0.008034,1.160865,-1.483,1.253,2.274
1761142258.210097,0,0.000434,0.008124,1.166419,-1.585,1.229,2.278,0.000434,0.008124,1.166419,-1.585,1.229,2.278
1761142258.267943,0,0.000379,0.008031,1.158759,-1.976,1.485,2.260,0.000379,0.008031,1.158759,-1.976,1.485,2.260
1761142258.338152,0,0.000394,0.008013,1.155023,-1.890,1.332,2.267,0.000394,0.008013,1.155023,-1.890,1.332,2.267
1761142258.404822,0,0.000386,0.007991,1.152588,-2.236,1.451,2.265,0.000386,0.007991,1.152588,-2.236,1.451,2.265
1761142258.473455,0,0.000409,0.008065,1.149013,-2.422,1.662,2.244,0.000409,0.008065,1.149013,-2.422,1.662,2.244
1761142258.541689,0,0.000381,0.007996,1.152533,-2.233,1.466,2.257,0.000381,0.007996,1.152533,-2.233,1.466,2.257
1761142258.609465,0,0.000373,0.008001,1.152471,-2.151,1.575,2.257,0.000373,0.008001,1.152471,-2.151,1.575,2.257
1761142258.667573,0,0.000372,0.007991,1.152484,-2.191,1.533,2.262,0.000372,0.007991,1.152484,-2.191,1.533,2.262
1761142258.728972,0,0.000387,0.007980,1.152390,-2.307,1.438,2.258,0.000387,0.007980,1.152390,-2.307,1.438,2.258
1761142258.791576,0,0.000383,0.007985,1.152518,-2.221,1.465,2.258,0.000383,0.007985,1.152518,-2.221,1.465,2.258
1761142258.855633,0,0.000350,0.007968,1.152415,-2.334,1.605,2.252,0.000350,0.007968,1.152415,-2.334,1.605,2.252
1761142258.920792,0,0.000381,0.007993,1.152505,-2.161,1.508,2.255,0.000381,0.007993,1.152505,-2.161,1.508,2.255
1761142258.986771,0,0.000381,0.007995,1.152637,-2.113,1.452,2.263,0.000381,0.007995,1.152637,-2.113,1.452,2.263
1761142259.052881,0,0.000380,0.007982,1.152635,-2.234,1.470,2.257,0.000380,0.007982,1.152635,-2.234,1.470,2.257
1761142259.120998,0,0.000379,0.007996,1.152568,-2.169,1.508,2.253,0.000379,0.007996,1.152568,-2.169,1.508,2.253
1761142259.181295,0,0.000395,0.007968,1.152544,-2.318,1.430,2.258,0.000395,0.007968,1.152544,-2.318,1.430,2.258
1761142259.244151,0,0.000373,0.007979,1.152514,-2.255,1.508,2.256,0.000373,0.007979,1.152514,-2.255,1.508,2.256
1761142259.314017,0,0.000404,0.007991,1.152654,-2.192,1.385,2.261,0.000404,0.007991,1.152654,-2.192,1.385,2.261
1761142259.388018,0,0.000364,0.007986,1.152609,-2.236,1.542,2.255,0.000364,0.007986,1.152609,-2.236,1.542,2.255
1761142259.460069,0,0.000382,0.007987,1.152690,-2.245,1.461,2.258,0.000382,0.007987,1.152690,-2.245,1.461,2.258
1761142259.527760,0,0.000392,0.008005,1.152700,-2.139,1.430,2.256,0.000392,0.008005,1.152700,-2.139,1.430,2.256
1761142259.598858,0,0.000392,0.007984,1.152639,-2.253,1.451,2.258,0.000392,0.007984,1.152639,-2.253,1.451,2.258
1761142259.659544,0,0.000389,0.007992,1.152689,-2.206,1.469,2.257,0.000389,0.007992,1.152689,-2.206,1.469,2.257
1761142259.722589,0,0.000391,0.008006,1.152682,-2.163,1.444,2.256,0.000391,0.008006,1.152682,-2.163,1.444,2.256
1761142259.783732,0,0.000390,0.007986,1.152665,-2.206,1.511,2.258,0.000390,0.007986,1.152665,-2.206,1.511,2.258
1761142259.846806,0,0.000406,0.008008,1.152734,-2.123,1.321,2.262,0.000406,0.008008,1.152734,-2.123,1.321,2.262
1761142259.909788,0,0.000395,0.007985,1.152656,-2.224,1.401,2.267,0.000395,0.007985,1.152656,-2.224,1.401,2.267
1761142259.974385,0,0.000400,0.008003,1.152651,-2.265,1.375,2.251,0.000400,0.008003,1.152651,-2.265,1.375,2.251
1761142260.039944,0,0.000394,0.008001,1.152721,-2.233,1.452,2.258,0.000394,0.008001,1.152721,-2.233,1.452,2.258
1761142260.105086,0,0.000408,0.008043,1.150710,-2.217,1.528,2.255,0.000408,0.008043,1.150710,-2.217,1.528,2.255
1761142260.157707,0,0.000373,0.008030,1.159460,-1.583,1.463,2.264,0.000373,0.008030,1.159460,-1.583,1.463,2.264
1761142260.230377,0,0.000378,0.008006,1.157211,-2.194,1.365,2.260,0.000378,0.008006,1.157211,-2.194,1.365,2.260
1761142260.306741,0,0.000402,0.008033,1.150553,-2.361,1.646,2.247,0.000402,0.008033,1.150553,-2.361,1.646,2.247
1761142260.378808,0,0.000377,0.007989,1.152692,-2.254,1.485,2.250,0.000377,0.007989,1.152692,-2.254,1.485,2.250
1761142260.455710,0,0.000398,0.007997,1.152639,-2.181,1.413,2.257,0.000398,0.007997,1.152639,-2.181,1.413,2.257
1761142260.522846,0,0.000405,0.007993,1.152592,-2.280,1.350,2.262,0.000405,0.007993,1.152592,-2.280,1.350,2.262
1761142260.603557,0,0.000397,0.007989,1.152564,-2.246,1.435,2.255,0.000397,0.007989,1.152564,-2.246,1.435,2.255
1761142260.668386,0,0.000392,0.007994,1.152563,-2.290,1.492,2.258,0.000392,0.007994,1.152563,-2.290,1.492,2.258
1761142260.734086,0,0.000386,0.008008,1.152622,-2.172,1.476,2.261,0.000386,0.008008,1.152622,-2.172,1.476,2.261
1761142260.796351,0,0.000393,0.008008,1.152572,-2.164,1.468,2.254,0.000393,0.008008,1.152572,-2.164,1.468,2.254
1761142260.857985,0,0.000412,0.008018,1.152597,-2.127,1.433,2.259,0.000412,0.008018,1.152597,-2.127,1.433,2.259
1761142260.923048,0,0.000375,0.007991,1.152639,-2.277,1.551,2.248,0.000375,0.007991,1.152639,-2.277,1.551,2.248
1761142260.990115,0,0.000409,0.007992,1.152601,-2.296,1.449,2.253,0.000409,0.007992,1.152601,-2.296,1.449,2.253
1761142261.065943,0,0.000421,0.008001,1.152719,-2.198,1.404,2.254,0.000421,0.008001,1.152719,-2.198,1.404,2.254
1761142261.143230,0,0.000422,0.007995,1.152714,-2.232,1.444,2.251,0.000422,0.007995,1.152714,-2.232,1.444,2.251
1761142261.213936,0,0.000435,0.007982,1.152686,-2.303,1.434,2.257,0.000435,0.007982,1.152686,-2.303,1.434,2.257
1761142261.299879,0,0.000435,0.008009,1.152801,-2.156,1.378,2.258,0.000435,0.008009,1.152801,-2.156,1.378,2.258
1761142261.373443,0,0.000408,0.007993,1.152832,-2.243,1.467,2.253,0.000408,0.007993,1.152832,-2.243,1.467,2.253
1761142261.445015,0,0.000399,0.007992,1.152919,-2.264,1.414,2.250,0.000399,0.007992,1.152919,-2.264,1.414,2.250
1761142261.516435,0,0.000391,0.007988,1.152950,-2.247,1.424,2.250,0.000391,0.007988,1.152950,-2.247,1.424,2.250
1761142261.592370,0,0.000384,0.007984,1.152964,-2.319,1.431,2.252,0.000384,0.007984,1.152964,-2.319,1.431,2.252
1761142261.669061,0,0.000406,0.007988,1.152980,-2.338,1.339,2.248,0.000406,0.007988,1.152980,-2.338,1.339,2.248
1761142261.744016,0,0.000405,0.008006,1.152972,-2.228,1.309,2.251,0.000405,0.008006,1.152972,-2.228,1.309,2.251
1761142261.810154,0,0.000401,0.007993,1.153095,-2.313,1.411,2.251,0.000401,0.007993,1.153095,-2.313,1.411,2.251
1761142261.877650,0,0.000425,0.007996,1.153005,-2.324,1.290,2.253,0.000425,0.007996,1.153005,-2.324,1.290,2.253
1761142261.940729,0,0.000398,0.007997,1.152994,-2.272,1.435,2.252,0.000398,0.007997,1.152994,-2.272,1.435,2.252
1761142262.002192,0,0.000382,0.007960,1.152950,-2.444,1.520,2.244,0.000382,0.007960,1.152950,-2.444,1.520,2.244
1761142262.068946,0,0.000384,0.007982,1.152944,-2.345,1.487,2.240,0.000384,0.007982,1.152944,-2.345,1.487,2.240
1761142262.125627,0,0.000393,0.007984,1.152916,-2.283,1.458,2.260,0.000393,0.007984,1.152916,-2.283,1.458,2.260
1761142262.183400,0,0.000405,0.007994,1.152981,-2.246,1.371,2.252,0.000405,0.007994,1.152981,-2.246,1.371,2.252
1761142262.249656,0,0.000400,0.007978,1.152905,-2.347,1.422,2.251,0.000400,0.007978,1.152905,-2.347,1.422,2.251
1761142262.313745,0,0.000424,0.008043,1.150162,-2.286,1.658,2.243,0.000424,0.008043,1.150162,-2.286,1.658,2.243
1761142262.372532,0,0.000405,0.007967,1.152943,-2.377,1.411,2.247,0.000405,0.007967,1.152943,-2.377,1.411,2.247
1761142262.434362,0,0.000385,0.007961,1.155539,-2.209,1.382,2.254,0.000385,0.007961,1.155539,-2.209,1.382,2.254
1761142262.498904,0,0.000400,0.007997,1.158671,-1.917,1.272,2.257,0.000400,0.007997,1.158671,-1.917,1.272,2.257
1761142262.563648,0,0.000411,0.008037,1.162714,-1.718,1.197,2.267,0.000411,0.008037,1.162714,-1.718,1.197,2.267
1761142262.619855,0,0.000401,0.007973,1.153040,-2.539,1.415,2.250,0.000401,0.007973,1.153040,-2.539,1.415,2.250
1761142262.685166,0,0.000442,0.008062,1.150580,-1.998,1.602,2.253,0.000442,0.008062,1.150580,-1.998,1.602,2.253
1761142262.736843,0,0.000385,0.007951,1.155371,-2.256,1.378,2.253,0.000385,0.007951,1.155371,-2.256,1.378,2.253
1761142262.799818,0,0.000396,0.007968,1.155427,-2.159,1.347,2.253,0.000396,0.007968,1.155427,-2.159,1.347,2.253
1761142262.860436,0,0.000386,0.007983,1.155470,-2.090,1.354,2.256,0.000386,0.007983,1.155470,-2.090,1.354,2.256
1761142262.923546,0,0.000400,0.007973,1.155353,-2.128,1.388,2.251,0.000400,0.007973,1.155353,-2.128,1.388,2.251
1761142262.983459,0,0.000394,0.007979,1.155351,-2.114,1.413,2.260,0.000394,0.007979,1.155351,-2.114,1.413,2.260
1761142263.041494,0,0.000380,0.007994,1.155501,-2.071,1.401,2.258,0.000380,0.007994,1.155501,-2.071,1.401,2.258
1761142263.108026,0,0.000385,0.007987,1.155486,-2.100,1.426,2.266,0.000385,0.007987,1.155486,-2.100,1.426,2.266
1761142263.168752,0,0.000406,0.007988,1.155411,-2.113,1.341,2.264,0.000406,0.007988,1.155411,-2.113,1.341,2.264
1761142263.227184,0,0.000392,0.007961,1.155443,-2.284,1.314,2.254,0.000392,0.007961,1.155443,-2.284,1.314,2.254
1761142263.289626,0,0.000387,0.007979,1.155432,-2.163,1.411,2.256,0.000387,0.007979,1.155432,-2.163,1.411,2.256
1761142263.359229,0,0.000365,0.007969,1.155360,-2.281,1.494,2.257,0.000365,0.007969,1.155360,-2.281,1.494,2.257
1761142263.426744,0,0.000395,0.007984,1.155421,-2.147,1.333,2.255,0.000395,0.007984,1.155421,-2.147,1.333,2.255
1761142263.491071,0,0.000386,0.007971,1.155501,-2.174,1.372,2.250,0.000386,0.007971,1.155501,-2.174,1.372,2.250
1761142263.562756,0,0.000382,0.007983,1.155371,-2.167,1.431,2.264,0.000382,0.007983,1.155371,-2.167,1.431,2.264
1761142263.633427,0,0.000385,0.007979,1.155395,-2.148,1.385,2.254,0.000385,0.007979,1.155395,-2.148,1.385,2.254
1761142263.705701,0,0.000384,0.007981,1.155368,-2.152,1.401,2.256,0.000384,0.007981,1.155368,-2.152,1.401,2.256
1761142263.780082,0,0.000405,0.007981,1.155398,-2.162,1.322,2.259,0.000405,0.007981,1.155398,-2.162,1.322,2.259
1761142263.844433,0,0.000376,0.007991,1.155455,-2.105,1.415,2.258,0.000376,0.007991,1.155455,-2.105,1.415,2.258
1761142263.907267,0,0.000395,0.007988,1.155307,-2.155,1.355,2.258,0.000395,0.007988,1.155307,-2.155,1.355,2.258
1761142263.969869,0,0.000410,0.007972,1.155434,-2.206,1.288,2.255,0.000410,0.007972,1.155434,-2.206,1.288,2.255
1761142264.023952,0,0.000398,0.007986,1.155415,-2.157,1.364,2.254,0.000398,0.007986,1.155415,-2.157,1.364,2.254
1761142264.085844,0,0.000395,0.007982,1.155327,-2.185,1.342,2.262,0.000395,0.007982,1.155327,-2.185,1.342,2.262
1761142264.153280,0,0.000388,0.008003,1.155395,-2.007,1.393,2.268,0.000388,0.008003,1.155395,-2.007,1.393,2.268
1761142264.213449,0,0.000374,0.007994,1.155411,-2.047,1.429,2.261,0.000374,0.007994,1.155411,-2.047,1.429,2.261
1761142264.277820,0,0.000396,0.007983,1.155488,-2.130,1.363,2.259,0.000396,0.007983,1.155488,-2.130,1.363,2.259
1761142264.340020,0,0.000391,0.007992,1.155433,-2.120,1.319,2.255,0.000391,0.007992,1.155433,-2.120,1.319,2.255
1761142264.411221,0,0.000391,0.007989,1.155407,-2.132,1.353,2.260,0.000391,0.007989,1.155407,-2.132,1.353,2.260
1761142264.473752,0,0.000394,0.007969,1.155448,-2.196,1.306,2.257,0.000394,0.007969,1.155448,-2.196,1.306,2.257
1761142264.540411,0,0.000393,0.007985,1.155446,-2.110,1.363,2.264,0.000393,0.007985,1.155446,-2.110,1.363,2.264
1761142264.617998,0,0.000386,0.007981,1.155443,-2.148,1.378,2.255,0.000386,0.007981,1.155443,-2.148,1.378,2.255
1761142264.684232,0,0.000400,0.008001,1.155405,-2.042,1.291,2.257,0.000400,0.008001,1.155405,-2.042,1.291,2.257
1761142264.751280,0,0.000395,0.007991,1.155388,-2.062,1.379,2.263,0.000395,0.007991,1.155388,-2.062,1.379,2.263
1761142264.818143,0,0.000397,0.007982,1.155350,-2.161,1.340,2.262,0.000397,0.007982,1.155350,-2.161,1.340,2.262
1761142264.877500,0,0.000381,0.007990,1.155316,-2.088,1.440,2.258,0.000381,0.007990,1.155316,-2.088,1.440,2.258
1761142264.939313,0,0.000390,0.007981,1.155356,-2.094,1.388,2.263,0.000390,0.007981,1.155356,-2.094,1.388,2.263
1761142265.002042,0,0.000416,0.007976,1.155245,-2.136,1.322,2.258,0.000416,0.007976,1.155245,-2.136,1.322,2.258
1761142265.062752,0,0.000384,0.007971,1.155287,-2.181,1.432,2.264,0.000384,0.007971,1.155287,-2.181,1.432,2.264
1761142265.120899,0,0.000371,0.007979,1.155293,-2.190,1.441,2.252,0.000371,0.007979,1.155293,-2.190,1.441,2.252
1761142265.181276,0,0.000402,0.007978,1.155300,-2.164,1.329,2.263,0.000402,0.007978,1.155300,-2.164,1.329,2.263
1761142265.242409,0,0.000408,0.008006,1.155179,-2.058,1.311,2.264,0.000408,0.008006,1.155179,-2.058,1.311,2.264
1761142265.305978,0,0.000401,0.007985,1.155190,-2.114,1.367,2.260,0.000401,0.007985,1.155190,-2.114,1.367,2.260
1761142265.371737,0,0.000385,0.007986,1.155153,-2.076,1.421,2.258,0.000385,0.007986,1.155153,-2.076,1.421,2.258
1761142265.440993,0,0.000391,0.007966,1.155165,-2.218,1.389,2.247,0.000391,0.007966,1.155165,-2.218,1.389,2.247
1761142265.507929,0,0.000382,0.007972,1.155127,-2.130,1.394,2.259,0.000382,0.007972,1.155127,-2.130,1.394,2.259
1761142265.573541,0,0.000393,0.007954,1.155123,-2.230,1.315,2.258,0.000393,0.007954,1.155123,-2.230,1.315,2.258
1761142265.645800,0,0.000411,0.007969,1.155069,-2.179,1.362,2.254,0.000411,0.007969,1.155069,-2.179,1.362,2.254
1761142265.721553,0,0.000418,0.007979,1.155056,-2.095,1.345,2.255,0.000418,0.007979,1.155056,-2.095,1.345,2.255
1761142265.792334,0,0.000405,0.007986,1.154999,-2.034,1.395,2.258,0.000405,0.007986,1.154999,-2.034,1.395,2.258
1761142265.864965,0,0.000387,0.007977,1.154874,-2.094,1.432,2.261,0.000387,0.007977,1.154874,-2.094,1.432,2.261
1761142265.936044,0,0.000388,0.007968,1.154997,-2.157,1.396,2.264,0.000388,0.007968,1.154997,-2.157,1.396,2.264
1761142266.010608,0,0.000384,0.007981,1.155010,-2.065,1.432,2.262,0.000384,0.007981,1.155010,-2.065,1.432,2.262
1761142266.077675,0,0.000404,0.007978,1.155028,-2.095,1.347,2.261,0.000404,0.007978,1.155028,-2.095,1.347,2.261
1761142266.146477,0,0.000413,0.007985,1.155069,-2.086,1.334,2.258,0.000413,0.007985,1.155069,-2.086,1.334,2.258
1761142266.214260,0,0.000414,0.007998,1.155059,-1.986,1.248,2.265,0.000414,0.007998,1.155059,-1.986,1.248,2.265
1761142266.291722,0,0.000392,0.007981,1.154904,-2.113,1.403,2.260,0.000392,0.007981,1.154904,-2.113,1.403,2.260
1761142266.361856,0,0.000390,0.007985,1.155061,-2.098,1.405,2.262,0.000390,0.007985,1.155061,-2.098,1.405,2.262
1761142266.434788,0,0.000413,0.007999,1.155087,-2.068,1.300,2.265,0.000413,0.007999,1.155087,-2.068,1.300,2.265
1761142266.504205,0,0.000409,0.007998,1.155122,-2.011,1.257,2.262,0.000409,0.007998,1.155122,-2.011,1.257,2.262
1761142266.577527,0,0.000393,0.007992,1.155120,-2.076,1.364,2.257,0.000393,0.007992,1.155120,-2.076,1.364,2.257
1761142266.653879,0,0.000378,0.007992,1.155218,-2.038,1.449,2.262,0.000378,0.007992,1.155218,-2.038,1.449,2.262
1761142266.724149,0,0.000406,0.008007,1.152309,-2.126,1.468,2.265,0.000406,0.008007,1.152309,-2.126,1.468,2.265
1761142266.786304,0,0.000412,0.008027,1.159663,-1.536,1.261,2.262,0.000412,0.008027,1.159663,-1.536,1.261,2.262
1761142266.841089,0,0.000398,0.007985,1.154374,-2.254,1.384,2.258,0.000398,0.007985,1.154374,-2.254,1.384,2.258
1761142266.904022,0,0.000435,0.008056,1.149296,-2.506,1.618,2.242,0.000435,0.008056,1.149296,-2.506,1.618,2.242
1761142266.961853,0,0.000470,0.008091,1.148969,-2.162,1.548,2.259,0.000470,0.008091,1.148969,-2.162,1.548,2.259
1761142267.020009,0,0.000413,0.007992,1.152734,-2.234,1.369,2.258,0.000413,0.007992,1.152734,-2.234,1.369,2.258
1761142267.083122,0,0.000395,0.007985,1.152648,-2.270,1.415,2.257,0.000395,0.007985,1.152648,-2.270,1.415,2.257
1761142267.141199,0,0.000418,0.008026,1.152641,-2.050,1.408,2.259,0.000418,0.008026,1.152641,-2.050,1.408,2.259
1761142267.203713,0,0.000385,0.007982,1.152625,-2.318,1.508,2.257,0.000385,0.007982,1.152625,-2.318,1.508,2.257
1761142267.269337,0,0.000410,0.007972,1.152586,-2.346,1.349,2.247,0.000410,0.007972,1.152586,-2.346,1.349,2.247
1761142267.344463,0,0.000410,0.007978,1.152665,-2.287,1.341,2.249,0.000410,0.007978,1.152665,-2.287,1.341,2.249
1761142267.412306,0,0.000399,0.008005,1.152696,-2.186,1.435,2.253,0.000399,0.008005,1.152696,-2.186,1.435,2.253
1761142267.478513,0,0.000412,0.007983,1.152650,-2.317,1.395,2.254,0.000412,0.007983,1.152650,-2.317,1.395,2.254
1761142267.548190,0,0.000399,0.007993,1.152610,-2.247,1.441,2.255,0.000399,0.007993,1.152610,-2.247,1.441,2.255
1761142267.617838,0,0.000413,0.008007,1.152658,-2.166,1.374,2.261,0.000413,0.008007,1.152658,-2.166,1.374,2.261
1761142267.693338,0,0.000406,0.007987,1.152644,-2.316,1.384,2.255,0.000406,0.007987,1.152644,-2.316,1.384,2.255
1761142267.767483,0,0.000417,0.007998,1.152602,-2.209,1.380,2.252,0.000417,0.007998,1.152602,-2.209,1.380,2.252
1761142267.840667,0,0.000397,0.007999,1.152647,-2.229,1.471,2.255,0.000397,0.007999,1.152647,-2.229,1.471,2.255
1761142267.914076,0,0.000414,0.007989,1.152655,-2.315,1.422,2.252,0.000414,0.007989,1.152655,-2.315,1.422,2.252
1761142267.978377,0,0.000413,0.007997,1.152736,-2.255,1.411,2.253,0.000413,0.007997,1.152736,-2.255,1.411,2.253
1761142268.047325,0,0.000402,0.007996,1.152648,-2.280,1.412,2.253,0.000402,0.007996,1.152648,-2.280,1.412,2.253
1761142268.121148,0,0.000400,0.008002,1.152664,-2.232,1.430,2.254,0.000400,0.008002,1.152664,-2.232,1.430,2.254
1761142268.193927,0,0.000419,0.008007,1.152645,-2.233,1.359,2.262,0.000419,0.008007,1.152645,-2.233,1.359,2.262
1761142268.261764,0,0.000397,0.007981,1.152660,-2.387,1.411,2.257,0.000397,0.007981,1.152660,-2.387,1.411,2.257
1761142268.340439,0,0.000394,0.008023,1.152724,-2.111,1.415,2.255,0.000394,0.008023,1.152724,-2.111,1.415,2.255
1761142268.406775,0,0.000403,0.008006,1.152721,-2.221,1.354,2.259,0.000403,0.008006,1.152721,-2.221,1.354,2.259
1761142268.471538,0,0.000386,0.007990,1.152765,-2.335,1.439,2.251,0.000386,0.007990,1.152765,-2.335,1.439,2.251
1761142268.544868,0,0.000373,0.007999,1.152750,-2.293,1.511,2.247,0.000373,0.007999,1.152750,-2.293,1.511,2.247
1761142268.614756,0,0.000402,0.008008,1.152828,-2.249,1.361,2.256,0.000402,0.008008,1.152828,-2.249,1.361,2.256
1761142268.690055,0,0.000389,0.007995,1.152810,-2.351,1.442,2.254,0.000389,0.007995,1.152810,-2.351,1.442,2.254
1761142268.761250,0,0.000395,0.007999,1.152964,-2.321,1.401,2.246,0.000395,0.007999,1.152964,-2.321,1.401,2.246
1761142268.825867,0,0.000405,0.008005,1.152914,-2.342,1.354,2.251,0.000405,0.008005,1.152914,-2.342,1.354,2.251
1761142268.888026,0,0.000412,0.007996,1.152979,-2.383,1.300,2.250,0.000412,0.007996,1.152979,-2.383,1.300,2.250
1761142268.956096,0,0.000415,0.007989,1.153019,-2.342,1.374,2.254,0.000415,0.007989,1.153019,-2.342,1.374,2.254
1761142269.014884,0,0.000400,0.008011,1.153045,-2.241,1.451,2.254,0.000400,0.008011,1.153045,-2.241,1.451,2.254
1761142269.074250,0,0.000418,0.007996,1.153026,-2.310,1.322,2.256,0.000418,0.007996,1.153026,-2.310,1.322,2.256
1761142269.133950,0,0.000385,0.008000,1.152973,-2.350,1.504,2.247,0.000385,0.008000,1.152973,-2.350,1.504,2.247
1761142269.201202,0,0.000411,0.008019,1.153017,-2.191,1.406,2.258,0.000411,0.008019,1.153017,-2.191,1.406,2.258
1761142269.261125,0,0.000406,0.007995,1.152917,-2.361,1.436,2.246,0.000406,0.007995,1.152917,-2.361,1.436,2.246
1761142269.321155,0,0.000392,0.007998,1.152904,-2.345,1.490,2.244,0.000392,0.007998,1.152904,-2.345,1.490,2.244
1761142269.384432,0,0.000397,0.007996,1.152866,-2.381,1.475,2.252,0.000397,0.007996,1.152866,-2.381,1.475,2.252
1761142269.445198,0,0.000402,0.007990,1.155478,-2.154,1.318,2.251,0.000402,0.007990,1.155478,-2.154,1.318,2.251
1761142269.506906,0,0.000397,0.008020,1.158727,-1.891,1.386,2.254,0.000397,0.008020,1.158727,-1.891,1.386,2.254
1761142269.564589,0,0.000413,0.008057,1.162874,-1.624,1.265,2.271,0.000413,0.008057,1.162874,-1.624,1.265,2.271
1761142269.626195,0,0.000380,0.007994,1.158757,-1.925,1.434,2.257,0.000380,0.007994,1.158757,-1.925,1.434,2.257
1761142269.686816,0,0.000404,0.007997,1.155387,-2.118,1.361,2.264,0.000404,0.007997,1.155387,-2.118,1.361,2.264
1761142269.750472,0,0.000435,0.008094,1.150007,-2.093,1.716,2.248,0.000435,0.008094,1.150007,-2.093,1.716,2.248
1761142269.812208,0,0.000388,0.007970,1.155372,-2.277,1.371,2.256,0.000388,0.007970,1.155372,-2.277,1.371,2.256
1761142269.873861,0,0.000396,0.007977,1.155481,-2.203,1.313,2.250,0.000396,0.007977,1.155481,-2.203,1.313,2.250
1761142269.944269,0,0.000380,0.007988,1.155443,-2.156,1.429,2.257,0.000380,0.007988,1.155443,-2.156,1.429,2.257
1761142270.016881,0,0.000393,0.007996,1.155408,-2.126,1.360,2.249,0.000393,0.007996,1.155408,-2.126,1.360,2.249
1761142270.076041,0,0.000398,0.007962,1.155476,-2.282,1.323,2.252,0.000398,0.007962,1.155476,-2.282,1.323,2.252
1761142270.133267,0,0.000396,0.007982,1.155455,-2.171,1.367,2.258,0.000396,0.007982,1.155455,-2.171,1.367,2.258
1761142270.198528,0,0.000365,0.007983,1.155510,-2.169,1.465,2.252,0.000365,0.007983,1.155510,-2.169,1.465,2.252
1761142270.258717,0,0.000385,0.008001,1.155471,-2.140,1.430,2.259,0.000385,0.008001,1.155471,-2.140,1.430,2.259
1761142270.320458,0,0.000398,0.008003,1.155442,-2.099,1.377,2.261,0.000398,0.008003,1.155442,-2.099,1.377,2.261
1761142270.381627,0,0.000409,0.007981,1.155539,-2.164,1.277,2.253,0.000409,0.007981,1.155539,-2.164,1.277,2.253
1761142270.448590,0,0.000399,0.007988,1.155463,-2.155,1.358,2.263,0.000399,0.007988,1.155463,-2.155,1.358,2.263
1761142270.517387,0,0.000399,0.007968,1.155434,-2.271,1.336,2.257,0.000399,0.007968,1.155434,-2.271,1.336,2.257
1761142270.583713,0,0.000379,0.007988,1.155431,-2.095,1.476,2.257,0.000379,0.007988,1.155431,-2.095,1.476,2.257
1761142270.649280,0,0.000382,0.007985,1.155414,-2.136,1.464,2.262,0.000382,0.007985,1.155414,-2.136,1.464,2.262
1761142270.711899,0,0.000402,0.008005,1.155339,-2.082,1.395,2.258,0.000402,0.008005,1.155339,-2.082,1.395,2.258
1761142270.780041,0,0.000394,0.008015,1.155374,-1.979,1.409,2.265,0.000394,0.008015,1.155374,-1.979,1.409,2.265
1761142270.839987,0,0.000419,0.007984,1.155386,-2.179,1.314,2.258,0.000419,0.007984,1.155386,-2.179,1.314,2.258
1761142270.903157,0,0.000392,0.008010,1.155410,-2.039,1.411,2.260,0.000392,0.008010,1.155410,-2.039,1.411,2.260
1761142271.653094,0,0.000107,0.008917,1.155259,-2.157,1.521,1.660,0.000107,0.008917,1.155259,-2.157,1.521,1.660
1761142271.729366,0,0.000091,0.008919,1.155173,-2.239,1.615,1.649,0.000091,0.008919,1.155173,-2.239,1.615,1.649
1761142271.799591,0,0.000068,0.008917,1.155214,-2.193,1.800,1.657,0.000068,0.008917,1.155214,-2.193,1.800,1.657
1761142271.867511,0,0.000117,0.008905,1.155380,-2.210,1.514,1.639,0.000117,0.008905,1.155380,-2.210,1.514,1.639
1761142271.939750,0,0.000117,0.008937,1.155111,-2.221,1.557,1.647,0.000117,0.008937,1.155111,-2.221,1.557,1.647
1761142272.006952,0,0.000087,0.008943,1.155198,-2.158,1.689,1.652,0.000087,0.008943,1.155198,-2.158,1.689,1.652
1761142272.077137,0,0.000108,0.008866,1.155585,-2.231,1.595,1.648,0.000108,0.008866,1.155585,-2.231,1.595,1.648
1761142272.146171,0,0.000095,0.008921,1.155268,-2.213,1.655,1.652,0.000095,0.008921,1.155268,-2.213,1.655,1.652
1761142272.212538,0,0.000091,0.008920,1.155269,-2.213,1.638,1.654,0.000091,0.008920,1.155269,-2.213,1.638,1.654
1761142272.278583,0,0.000101,0.008943,1.155176,-2.191,1.622,1.652,0.000101,0.008943,1.155176,-2.191,1.622,1.652
1761142272.345123,0,0.000104,0.008944,1.155297,-2.147,1.606,1.652,0.000104,0.008944,1.155297,-2.147,1.606,1.652
1761142272.414798,0,0.000118,0.008937,1.155281,-2.168,1.513,1.660,0.000118,0.008937,1.155281,-2.168,1.513,1.660
1761142272.486103,0,0.000110,0.008937,1.155276,-2.154,1.594,1.655,0.000110,0.008937,1.155276,-2.154,1.594,1.655
1761142272.550644,0,0.000105,0.008928,1.155307,-2.212,1.540,1.645,0.000105,0.008928,1.155307,-2.212,1.540,1.645
1761142272.616397,0,0.000090,0.008921,1.155274,-2.203,1.696,1.648,0.000090,0.008921,1.155274,-2.203,1.696,1.648
1761142272.680699,0,0.000121,0.008921,1.155181,-2.263,1.548,1.647,0.000121,0.008921,1.155181,-2.263,1.548,1.647
1761142272.746256,0,0.000119,0.008925,1.155298,-2.268,1.489,1.652,0.000119,0.008925,1.155298,-2.268,1.489,1.652
1761142272.836439,0,0.000108,0.008920,1.155280,-2.268,1.549,1.646,0.000108,0.008920,1.155280,-2.268,1.549,1.646
1761142272.920303,0,0.000110,0.008938,1.155369,-2.108,1.580,1.656,0.000110,0.008938,1.155369,-2.108,1.580,1.656
1761142272.995939,0,0.000107,0.008921,1.155233,-2.221,1.624,1.646,0.000107,0.008921,1.155233,-2.221,1.624,1.646
1761142273.059128,0,0.000087,0.008884,1.155283,-2.367,1.767,1.653,0.000087,0.008884,1.155283,-2.367,1.767,1.653
1761142273.126317,0,0.000106,0.008929,1.155235,-2.232,1.602,1.650,0.000106,0.008929,1.155235,-2.232,1.602,1.650
1761142273.193353,0,0.000111,0.008916,1.155220,-2.247,1.557,1.646,0.000111,0.008916,1.155220,-2.247,1.557,1.646
1761142273.253973,0,0.000104,0.008923,1.155286,-2.203,1.622,1.646,0.000104,0.008923,1.155286,-2.203,1.622,1.646
1761142273.319091,0,0.000081,0.008918,1.155285,-2.197,1.716,1.653,0.000081,0.008918,1.155285,-2.197,1.716,1.653
1761142273.385362,0,0.000109,0.008928,1.155180,-2.253,1.568,1.646,0.000109,0.008928,1.155180,-2.253,1.568,1.646
1761142273.443402,0,0.000117,0.008934,1.155321,-2.103,1.485,1.648,0.000117,0.008934,1.155321,-2.103,1.485,1.648
1761142273.511973,0,0.000134,0.008918,1.155362,-2.178,1.399,1.643,0.000134,0.008918,1.155362,-2.178,1.399,1.643
1761142273.578344,0,0.000120,0.008949,1.155208,-2.102,1.490,1.654,0.000120,0.008949,1.155208,-2.102,1.490,1.654
1761142273.636588,0,0.000122,0.008953,1.155241,-2.024,1.470,1.653,0.000122,0.008953,1.155241,-2.024,1.470,1.653
1761142273.697216,0,0.000104,0.008929,1.155202,-2.064,1.654,1.663,0.000104,0.008929,1.155202,-2.064,1.654,1.663
1761142273.758335,0,0.000106,0.008935,1.155037,-2.149,1.580,1.654,0.000106,0.008935,1.155037,-2.149,1.580,1.654
1761142273.818880,0,0.000134,0.008871,1.155424,-2.163,1.492,1.657,0.000134,0.008871,1.155424,-2.163,1.492,1.657
1761142273.875418,0,0.000130,0.008881,1.155409,-2.134,1.462,1.653,0.000130,0.008881,1.155409,-2.134,1.462,1.653
1761142273.931692,0,0.000179,0.008929,1.155198,-2.095,1.216,1.642,0.000179,0.008929,1.155198,-2.095,1.216,1.642
1761142273.998983,0,0.000091,0.008920,1.155190,-2.075,1.731,1.658,0.000091,0.008920,1.155190,-2.075,1.731,1.658
1761142274.060170,0,0.000108,0.008936,1.154961,-2.156,1.607,1.652,0.000108,0.008936,1.154961,-2.156,1.607,1.652
1761142274.122719,0,0.000106,0.008953,1.154995,-2.101,1.599,1.653,0.000106,0.008953,1.154995,-2.101,1.599,1.653
1761142274.187557,0,0.000094,0.008887,1.155289,-2.185,1.748,1.643,0.000094,0.008887,1.155289,-2.185,1.748,1.643
1761142274.252385,0,0.000077,0.008933,1.155091,-2.013,1.863,1.665,0.000077,0.008933,1.155091,-2.013,1.863,1.665
1761142274.315163,0,0.000098,0.008949,1.154966,-2.131,1.590,1.638,0.000098,0.008949,1.154966,-2.131,1.590,1.638
1761142274.373921,0,0.000070,0.008905,1.155110,-2.150,1.855,1.657,0.000070,0.008905,1.155110,-2.150,1.855,1.657
1761142274.442456,0,0.000093,0.008941,1.155184,-2.018,1.737,1.654,0.000093,0.008941,1.155184,-2.018,1.737,1.654
1761142274.507503,0,0.000104,0.008916,1.155263,-2.051,1.676,1.651,0.000104,0.008916,1.155263,-2.051,1.676,1.651
1761142274.574040,0,0.000065,0.008908,1.155176,-2.178,1.831,1.646,0.000065,0.008908,1.155176,-2.178,1.831,1.646
1761142274.644704,0,0.000130,0.008922,1.155470,-1.988,1.497,1.650,0.000130,0.008922,1.155470,-1.988,1.497,1.650
1761142274.707923,0,0.000081,0.008922,1.155164,-2.098,1.795,1.654,0.000081,0.008922,1.155164,-2.098,1.795,1.654
1761142274.772579,0,0.000127,0.008936,1.155262,-2.060,1.592,1.644,0.000127,0.008936,1.155262,-2.060,1.592,1.644
1761142274.838187,0,0.000136,0.008911,1.155420,-2.068,1.512,1.640,0.000136,0.008911,1.155420,-2.068,1.512,1.640
1761142274.898925,0,0.000136,0.008918,1.155209,-2.187,1.501,1.636,0.000136,0.008918,1.155209,-2.187,1.501,1.636
1761142274.981018,0,0.000182,0.008953,1.151529,-2.637,1.461,1.631,0.000182,0.008953,1.151529,-2.637,1.461,1.631
1761142275.051689,0,0.000158,0.008979,1.153633,-1.708,1.524,1.639,0.000158,0.008979,1.153633,-1.708,1.524,1.639
1761142275.117237,0,0.000172,0.008986,1.162284,-2.008,1.258,1.644,0.000172,0.008986,1.162284,-2.008,1.258,1.644
1761142275.178428,0,0.000167,0.009056,1.167325,-1.642,1.259,1.669,0.000167,0.009056,1.167325,-1.642,1.259,1.669
1761142275.246100,0,0.000169,0.009044,1.162482,-1.542,1.281,1.659,0.000169,0.009044,1.162482,-1.542,1.281,1.659
1761142275.327216,0,0.000199,0.009052,1.158533,-1.463,1.226,1.632,0.000199,0.009052,1.158533,-1.463,1.226,1.632
1761142275.416453,0,0.000237,0.009145,1.151207,-1.399,1.379,1.593,0.000237,0.009145,1.151207,-1.399,1.379,1.593
1761142275.496619,0,0.000187,0.009149,1.155906,-0.694,1.552,1.603,0.000187,0.009149,1.155906,-0.694,1.552,1.603
1761142275.565766,0,0.000210,0.009162,1.156134,-0.633,1.425,1.595,0.000210,0.009162,1.156134,-0.633,1.425,1.595
1761142275.640518,0,0.000235,0.009291,1.156247,0.275,1.602,1.590,0.000235,0.009291,1.156247,0.275,1.602,1.590
1761142275.709227,0,0.000296,0.009497,1.156366,1.550,1.776,1.537,0.000296,0.009497,1.156366,1.550,1.776,1.537
1761142275.778694,0,0.000315,0.009519,1.156352,1.671,1.667,1.534,0.000315,0.009519,1.156352,1.671,1.667,1.534
1761142275.844501,0,0.000316,0.009557,1.156189,1.948,1.762,1.544,0.000316,0.009557,1.156189,1.948,1.762,1.544
1761142275.911856,0,0.000283,0.009533,1.156294,1.836,1.888,1.532,0.000283,0.009533,1.156294,1.836,1.888,1.532
1761142275.973553,0,0.000323,0.009524,1.156383,1.846,1.695,1.529,0.000323,0.009524,1.156383,1.846,1.695,1.529
1761142276.036536,0,0.000280,0.009441,1.156166,1.218,1.641,1.546,0.000280,0.009441,1.156166,1.218,1.641,1.546
1761142276.104765,0,0.000332,0.009539,1.156254,1.860,1.613,1.530,0.000332,0.009539,1.156254,1.860,1.613,1.530
1761142276.168897,0,0.000319,0.009578,1.156293,2.153,1.894,1.524,0.000319,0.009578,1.156293,2.153,1.894,1.524
1761142276.231835,0,0.000314,0.009563,1.156229,2.010,1.764,1.531,0.000314,0.009563,1.156229,2.010,1.764,1.531
1761142276.298111,0,0.000379,0.009872,1.155832,4.044,2.497,1.491,0.000379,0.009872,1.155832,4.044,2.497,1.491
1761142276.364208,0,0.000413,0.009984,1.155520,4.826,2.814,1.450,0.000413,0.009984,1.155520,4.826,2.814,1.450
1761142276.440877,0,0.000509,0.010104,1.155301,5.547,2.947,1.434,0.000509,0.010104,1.155301,5.547,2.947,1.434
1761142276.518283,0,0.000492,0.010122,1.155071,5.841,3.202,1.441,0.000492,0.010122,1.155071,5.841,3.202,1.441
1761142279.492056,0,0.002094,0.011466,1.124956,15.365,19.642,1.823,0.002094,0.011466,1.124956,15.365,19.642,1.823
1761142288.435840,0,-0.024645,0.122648,1.150132,-2.958,1.326,34.759,-0.024645,0.122648,1.150132,-2.958,1.326,34.759
1761142288.492931,0,-0.021739,0.133372,1.147382,-0.546,2.358,39.890,-0.021739,0.133372,1.147382,-0.546,2.358,39.890
1761142288.548276,0,-0.021291,0.133912,1.147738,-0.612,1.743,40.256,-0.021291,0.133912,1.147738,-0.612,1.743,40.256
1761142288.609765,0,-0.021287,0.133910,1.147894,-0.681,1.841,40.253,-0.021287,0.133910,1.147894,-0.681,1.841,40.253
1761142288.669080,0,-0.021289,0.133902,1.147954,-0.728,2.008,40.234,-0.021289,0.133902,1.147954,-0.728,2.008,40.234
1761142288.723756,0,-0.021276,0.133914,1.147801,-0.696,1.802,40.251,-0.021276,0.133914,1.147801,-0.696,1.802,40.251
1761142288.781649,0,-0.021267,0.133913,1.147832,-0.786,1.812,40.254,-0.021267,0.133913,1.147832,-0.786,1.812,40.254
1761142288.840831,0,-0.021275,0.133895,1.147754,-0.655,1.876,40.250,-0.021275,0.133895,1.147754,-0.655,1.876,40.250
1761142288.901221,0,-0.021292,0.133894,1.147778,-0.714,1.907,40.254,-0.021292,0.133894,1.147778,-0.714,1.907,40.254
1761142288.961476,0,-0.021244,0.133902,1.148028,-0.953,1.862,40.242,-0.021244,0.133902,1.148028,-0.953,1.862,40.242
1761142289.025970,0,-0.021251,0.133930,1.147681,-0.829,1.835,40.244,-0.021251,0.133930,1.147681,-0.829,1.835,40.244
1761142289.083081,0,-0.021220,0.133720,1.155139,-0.777,1.367,40.279,-0.021220,0.133720,1.155139,-0.777,1.367,40.279
1761142289.140675,0,-0.021241,0.133864,1.162277,-1.369,1.635,40.273,-0.021241,0.133864,1.162277,-1.369,1.635,40.273
1761142289.201380,0,-0.021261,0.133758,1.158250,-0.959,1.708,40.262,-0.021261,0.133758,1.158250,-0.959,1.708,40.262
1761142289.270640,0,-0.021228,0.133702,1.153360,-1.056,1.880,40.258,-0.021228,0.133702,1.153360,-1.056,1.880,40.258
1761142289.328396,0,-0.021254,0.133818,1.148560,-0.834,1.920,40.255,-0.021254,0.133818,1.148560,-0.834,1.920,40.255
1761142289.696960,0,-0.021170,0.133579,1.151827,-0.768,1.583,40.265,-0.021170,0.133579,1.151827,-0.768,1.583,40.265
1761142290.179348,0,-0.021171,0.133589,1.151850,-0.722,1.604,40.262,-0.021171,0.133589,1.151850,-0.722,1.604,40.262
1761142290.250888,0,-0.021172,0.133583,1.151938,-0.872,1.648,40.265,-0.021172,0.133583,1.151938,-0.872,1.648,40.265
1761142290.314577,0,-0.021301,0.133498,1.151911,-0.687,2.251,40.274,-0.021301,0.133498,1.151911,-0.687,2.251,40.274
1761142290.371725,0,-0.021320,0.133487,1.152091,-1.027,2.440,40.260,-0.021320,0.133487,1.152091,-1.027,2.440,40.260
1761142290.432116,0,-0.021929,0.133782,1.152082,-1.043,1.649,39.651,-0.021929,0.133782,1.152082,-1.043,1.649,39.651
1761142290.496883,0,-0.022134,0.133679,1.151812,-0.857,1.652,39.515,-0.022134,0.133679,1.151812,-0.857,1.652,39.515
1761142290.553056,0,-0.022144,0.133661,1.151704,-0.756,1.642,39.512,-0.022144,0.133661,1.151704,-0.756,1.642,39.512
1761142290.608696,0,-0.022146,0.133659,1.151741,-0.797,1.671,39.513,-0.022146,0.133659,1.151741,-0.797,1.671,39.513
1761142290.663766,0,-0.022155,0.133653,1.151733,-0.826,1.692,39.514,-0.022155,0.133653,1.151733,-0.826,1.692,39.514
1761142290.729531,0,-0.022147,0.133643,1.151771,-0.903,1.641,39.509,-0.022147,0.133643,1.151771,-0.903,1.641,39.509
1761142290.784628,0,-0.022182,0.133686,1.153521,-0.610,1.594,39.508,-0.022182,0.133686,1.153521,-0.610,1.594,39.508
1761142290.842996,0,-0.022187,0.133838,1.163029,-0.582,1.468,39.506,-0.022187,0.133838,1.163029,-0.582,1.468,39.506
1761142290.901713,0,-0.022151,0.133642,1.153297,-1.049,1.968,39.492,-0.022151,0.133642,1.153297,-1.049,1.968,39.492
1761142292.189103,0,0.000366,-0.006210,1.150605,-2.395,1.465,2.481,0.000366,-0.006210,1.150605,-2.395,1.465,2.481
1761142292.250439,0,0.000350,-0.006205,1.150648,-2.291,1.552,2.493,0.000350,-0.006205,1.150648,-2.291,1.552,2.493
1761142292.312261,0,0.000362,-0.006226,1.150584,-2.421,1.481,2.480,0.000362,-0.006226,1.150584,-2.421,1.481,2.480
1761142292.375966,0,0.000341,-0.006223,1.150590,-2.468,1.589,2.483,0.000341,-0.006223,1.150590,-2.468,1.589,2.483
1761142292.435863,0,0.000337,-0.006206,1.150597,-2.305,1.599,2.491,0.000337,-0.006206,1.150597,-2.305,1.599,2.491
1761142292.499686,0,0.000355,-0.006217,1.150576,-2.426,1.520,2.490,0.000355,-0.006217,1.150576,-2.426,1.520,2.490
1761142292.570377,0,0.000332,-0.006218,1.150570,-2.344,1.567,2.488,0.000332,-0.006218,1.150570,-2.344,1.567,2.488
1761142292.637502,0,0.000318,-0.006213,1.150524,-2.366,1.646,2.487,0.000318,-0.006213,1.150524,-2.366,1.646,2.487
1761142292.702016,0,0.000323,-0.006214,1.150537,-2.362,1.641,2.491,0.000323,-0.006214,1.150537,-2.362,1.641,2.491
1761142292.767038,0,0.000340,-0.006225,1.150572,-2.414,1.578,2.485,0.000340,-0.006225,1.150572,-2.414,1.578,2.485
1761142292.833243,0,0.000343,-0.006197,1.150600,-2.252,1.538,2.495,0.000343,-0.006197,1.150600,-2.252,1.538,2.495
1761142292.905583,0,0.000342,-0.006216,1.150522,-2.390,1.617,2.487,0.000342,-0.006216,1.150522,-2.390,1.617,2.487
1761142292.972610,0,0.000354,-0.006195,1.149743,-2.236,1.600,2.498,0.000354,-0.006195,1.149743,-2.236,1.600,2.498
1761142293.041547,0,0.000358,-0.006229,1.159457,-1.530,1.287,2.506,0.000358,-0.006229,1.159457,-1.530,1.287,2.506
1761142293.106251,0,0.000365,-0.006193,1.161971,-1.478,1.175,2.520,0.000365,-0.006193,1.161971,-1.478,1.175,2.520
1761142293.169413,0,0.000390,-0.006240,1.158322,-1.697,1.246,2.502,0.000390,-0.006240,1.158322,-1.697,1.246,2.502
1761142293.237687,0,0.000329,-0.006265,1.154351,-2.176,1.610,2.496,0.000329,-0.006265,1.154351,-2.176,1.610,2.496
1761142293.305050,0,0.000346,-0.006237,1.152657,-1.940,1.673,2.493,0.000346,-0.006237,1.152657,-1.940,1.673,2.493
1761142293.370195,0,0.000394,-0.006255,1.152597,-2.064,1.527,2.485,0.000394,-0.006255,1.152597,-2.064,1.527,2.485
1761142293.448960,0,0.000399,-0.006253,1.150550,-2.448,1.617,2.486,0.000399,-0.006253,1.150550,-2.448,1.617,2.486
1761142293.521593,0,0.000400,-0.006202,1.149206,-2.398,1.759,2.490,0.000400,-0.006202,1.149206,-2.398,1.759,2.490
1761142293.596246,0,0.000361,-0.006253,1.152684,-2.106,1.672,2.489,0.000361,-0.006253,1.152684,-2.106,1.672,2.489
1761142293.677999,0,0.000373,-0.006262,1.152717,-2.101,1.628,2.490,0.000373,-0.006262,1.152717,-2.101,1.628,2.490
1761142293.740253,0,0.000390,-0.006263,1.152649,-2.154,1.482,2.487,0.000390,-0.006263,1.152649,-2.154,1.482,2.487
1761142293.802320,0,0.000394,-0.006258,1.152622,-2.072,1.512,2.495,0.000394,-0.006258,1.152622,-2.072,1.512,2.495
1761142293.872000,0,0.000374,-0.006241,1.152651,-2.018,1.592,2.487,0.000374,-0.006241,1.152651,-2.018,1.592,2.487
1761142293.931427,0,0.000363,-0.006232,1.152741,-1.994,1.570,2.490,0.000363,-0.006232,1.152741,-1.994,1.570,2.490
1761142293.993357,0,0.000357,-0.006236,1.152663,-2.032,1.630,2.483,0.000357,-0.006236,1.152663,-2.032,1.630,2.483
1761142294.056060,0,0.000380,-0.006245,1.152675,-2.018,1.603,2.485,0.000380,-0.006245,1.152675,-2.018,1.603,2.485
1761142294.114883,0,0.000384,-0.006250,1.152567,-2.075,1.528,2.484,0.000384,-0.006250,1.152567,-2.075,1.528,2.484
1761142294.175596,0,0.000358,-0.006248,1.152598,-2.081,1.656,2.489,0.000358,-0.006248,1.152598,-2.081,1.656,2.489
1761142294.243967,0,0.000365,-0.006234,1.152515,-1.998,1.690,2.490,0.000365,-0.006234,1.152515,-1.998,1.690,2.490
1761142294.312577,0,0.000364,-0.006235,1.152650,-1.978,1.601,2.483,0.000364,-0.006235,1.152650,-1.978,1.601,2.483
1761142294.372723,0,0.000365,-0.006251,1.152719,-2.092,1.599,2.483,0.000365,-0.006251,1.152719,-2.092,1.599,2.483
1761142294.465159,0,0.000377,-0.006234,1.152683,-2.000,1.512,2.493,0.000377,-0.006234,1.152683,-2.000,1.512,2.493
1761142294.529284,0,0.000368,-0.006232,1.152762,-2.003,1.562,2.491,0.000368,-0.006232,1.152762,-2.003,1.562,2.491
1761142294.592336,0,0.000380,-0.006212,1.152780,-1.912,1.535,2.488,0.000380,-0.006212,1.152780,-1.912,1.535,2.488
1761142294.664676,0,0.000375,-0.006262,1.152697,-2.121,1.530,2.488,0.000375,-0.006262,1.152697,-2.121,1.530,2.488
1761142294.732095,0,0.000385,-0.006235,1.152776,-1.980,1.493,2.486,0.000385,-0.006235,1.152776,-1.980,1.493,2.486
1761142294.795441,0,0.000358,-0.006238,1.152734,-2.029,1.601,2.487,0.000358,-0.006238,1.152734,-2.029,1.601,2.487
1761142294.860822,0,0.000360,-0.006230,1.152831,-1.937,1.649,2.488,0.000360,-0.006230,1.152831,-1.937,1.649,2.488
1761142294.927077,0,0.000362,-0.006257,1.152767,-2.089,1.648,2.475,0.000362,-0.006257,1.152767,-2.089,1.648,2.475
1761142294.987885,0,0.000352,-0.006246,1.152835,-2.107,1.714,2.478,0.000352,-0.006246,1.152835,-2.107,1.714,2.478
1761142295.059518,0,0.000378,-0.006261,1.152762,-2.161,1.691,2.478,0.000378,-0.006261,1.152762,-2.161,1.691,2.478
1761142295.129393,0,0.000372,-0.006253,1.152803,-2.091,1.679,2.486,0.000372,-0.006253,1.152803,-2.091,1.679,2.486
1761142295.193297,0,0.000385,-0.006238,1.152831,-2.042,1.591,2.485,0.000385,-0.006238,1.152831,-2.042,1.591,2.485
1761142295.264951,0,0.000354,-0.006235,1.152917,-1.981,1.772,2.482,0.000354,-0.006235,1.152917,-1.981,1.772,2.482
1761142295.334593,0,0.000375,-0.006255,1.152690,-2.151,1.677,2.482,0.000375,-0.006255,1.152690,-2.151,1.677,2.482
1761142295.402331,0,0.000359,-0.006240,1.152815,-2.017,1.725,2.482,0.000359,-0.006240,1.152815,-2.017,1.725,2.482
1761142295.464144,0,0.000384,-0.006250,1.152760,-2.107,1.651,2.487,0.000384,-0.006250,1.152760,-2.107,1.651,2.487
1761142295.534345,0,0.000382,-0.006231,1.152809,-1.960,1.657,2.484,0.000382,-0.006231,1.152809,-1.960,1.657,2.484
1761142295.597301,0,0.000372,-0.006242,1.152781,-2.069,1.658,2.492,0.000372,-0.006242,1.152781,-2.069,1.658,2.492
1761142295.659064,0,0.000363,-0.006236,1.152850,-2.053,1.770,2.480,0.000363,-0.006236,1.152850,-2.053,1.770,2.480
1761142295.728220,0,0.000361,-0.006227,1.152908,-1.988,1.785,2.477,0.000361,-0.006227,1.152908,-1.988,1.785,2.477
1761142295.790017,0,0.000388,-0.006235,1.152802,-2.119,1.705,2.477,0.000388,-0.006235,1.152802,-2.119,1.705,2.477
1761142295.852504,0,0.000393,-0.006254,1.152901,-2.211,1.678,2.474,0.000393,-0.006254,1.152901,-2.211,1.678,2.474
1761142295.917349,0,0.000387,-0.006242,1.152920,-2.159,1.714,2.479,0.000387,-0.006242,1.152920,-2.159,1.714,2.479
1761142295.983606,0,0.000379,-0.006236,1.153039,-2.103,1.693,2.476,0.000379,-0.006236,1.153039,-2.103,1.693,2.476
1761142296.051933,0,0.000374,-0.006243,1.152872,-2.157,1.748,2.475,0.000374,-0.006243,1.152872,-2.157,1.748,2.475
1761142296.114744,0,0.000390,-0.006255,1.152911,-2.174,1.720,2.481,0.000390,-0.006255,1.152911,-2.174,1.720,2.481
1761142296.182480,0,0.000384,-0.006244,1.153015,-2.096,1.693,2.479,0.000384,-0.006244,1.153015,-2.096,1.693,2.479
1761142296.246753,0,0.000383,-0.006255,1.152959,-2.165,1.697,2.469,0.000383,-0.006255,1.152959,-2.165,1.697,2.469
1761142296.314284,0,0.000393,-0.006260,1.152876,-2.318,1.727,2.473,0.000393,-0.006260,1.152876,-2.318,1.727,2.473
1761142296.386047,0,0.000390,-0.006258,1.153023,-2.246,1.696,2.475,0.000390,-0.006258,1.153023,-2.246,1.696,2.475
1761142296.453546,0,0.000367,-0.006270,1.153027,-2.309,1.778,2.476,0.000367,-0.006270,1.153027,-2.309,1.778,2.476
1761142296.515336,0,0.000375,-0.006235,1.153187,-2.064,1.712,2.483,0.000375,-0.006235,1.153187,-2.064,1.712,2.483
1761142296.587470,0,0.000389,-0.006247,1.153009,-2.125,1.736,2.475,0.000389,-0.006247,1.153009,-2.125,1.736,2.475
1761142296.654193,0,0.000400,-0.006223,1.150999,-2.271,1.791,2.474,0.000400,-0.006223,1.150999,-2.271,1.791,2.474
1761142296.721947,0,0.000395,-0.006262,1.152883,-2.253,1.748,2.480,0.000395,-0.006262,1.152883,-2.253,1.748,2.480
1761142296.791643,0,0.000396,-0.006231,1.157521,-1.637,1.599,2.492,0.000396,-0.006231,1.157521,-1.637,1.599,2.492
1761142296.847935,0,0.000408,-0.006248,1.152694,-2.215,1.721,2.478,0.000408,-0.006248,1.152694,-2.215,1.721,2.478
1761142296.914717,0,0.000435,-0.006140,1.149771,-2.040,1.825,2.484,0.000435,-0.006140,1.149771,-2.040,1.825,2.484
1761142296.979562,0,0.000414,-0.006252,1.152909,-2.216,1.609,2.478,0.000414,-0.006252,1.152909,-2.216,1.609,2.478
1761142297.043088,0,0.000385,-0.006270,1.152891,-2.289,1.730,2.478,0.000385,-0.006270,1.152891,-2.289,1.730,2.478
1761142297.105688,0,0.000382,-0.006246,1.152875,-2.185,1.720,2.483,0.000382,-0.006246,1.152875,-2.185,1.720,2.483
1761142297.167455,0,0.000398,-0.006241,1.152886,-2.147,1.691,2.473,0.000398,-0.006241,1.152886,-2.147,1.691,2.473
1761142297.230853,0,0.000385,-0.006231,1.152941,-2.088,1.748,2.483,0.000385,-0.006231,1.152941,-2.088,1.748,2.483
1761142297.298449,0,0.000376,-0.006227,1.152896,-2.001,1.761,2.474,0.000376,-0.006227,1.152896,-2.001,1.761,2.474
1761142297.362100,0,0.000361,-0.006224,1.152918,-2.028,1.833,2.481,0.000361,-0.006224,1.152918,-2.028,1.833,2.481
1761142297.428373,0,0.000389,-0.006232,1.152948,-2.069,1.679,2.485,0.000389,-0.006232,1.152948,-2.069,1.679,2.485
1761142297.490043,0,0.000375,-0.006226,1.152919,-1.978,1.761,2.486,0.000375,-0.006226,1.152919,-1.978,1.761,2.486
1761142297.556722,0,0.000386,-0.006231,1.152852,-2.103,1.701,2.483,0.000386,-0.006231,1.152852,-2.103,1.701,2.483
1761142297.633904,0,0.000379,-0.006238,1.152900,-2.056,1.705,2.479,0.000379,-0.006238,1.152900,-2.056,1.705,2.479
1761142297.690670,0,0.000345,-0.006226,1.152956,-1.974,1.778,2.481,0.000345,-0.006226,1.152956,-1.974,1.778,2.481
1761142297.758554,0,0.000360,-0.006215,1.152895,-1.944,1.721,2.476,0.000360,-0.006215,1.152895,-1.944,1.721,2.476
1761142297.826766,0,0.000362,-0.006226,1.152905,-2.000,1.696,2.474,0.000362,-0.006226,1.152905,-2.000,1.696,2.474
1761142297.890366,0,0.000368,-0.006233,1.152863,-2.081,1.690,2.476,0.000368,-0.006233,1.152863,-2.081,1.690,2.476
1761142297.965222,0,0.000364,-0.006241,1.152869,-2.061,1.778,2.481,0.000364,-0.006241,1.152869,-2.061,1.778,2.481
1761142298.048939,0,0.000360,-0.006211,1.152878,-1.865,1.755,2.480,0.000360,-0.006211,1.152878,-1.865,1.755,2.480
1761142298.124500,0,0.000379,-0.006214,1.152862,-1.929,1.647,2.475,0.000379,-0.006214,1.152862,-1.929,1.647,2.475
1761142298.196478,0,0.000359,-0.006204,1.152885,-1.902,1.745,2.487,0.000359,-0.006204,1.152885,-1.902,1.745,2.487
1761142298.279742,0,0.000385,-0.006228,1.152890,-1.998,1.634,2.493,0.000385,-0.006228,1.152890,-1.998,1.634,2.493
1761142298.348899,0,0.000380,-0.006219,1.152977,-1.982,1.545,2.478,0.000380,-0.006219,1.152977,-1.982,1.545,2.478
1761142298.411037,0,0.000353,-0.006239,1.152883,-2.021,1.784,2.480,0.000353,-0.006239,1.152883,-2.021,1.784,2.480
1761142298.471864,0,0.000363,-0.006225,1.152869,-2.028,1.693,2.474,0.000363,-0.006225,1.152869,-2.028,1.693,2.474
1761142298.536295,0,0.000360,-0.006232,1.152861,-1.979,1.723,2.479,0.000360,-0.006232,1.152861,-1.979,1.723,2.479
1761142298.596942,0,0.000370,-0.006196,1.152957,-1.799,1.700,2.478,0.000370,-0.006196,1.152957,-1.799,1.700,2.478
1761142298.662490,0,0.000368,-0.006208,1.152936,-1.891,1.676,2.479,0.000368,-0.006208,1.152936,-1.891,1.676,2.479
1761142298.728843,0,0.000354,-0.006219,1.152878,-1.970,1.714,2.478,0.000354,-0.006219,1.152878,-1.970,1.714,2.478
1761142298.790887,0,0.000352,-0.006221,1.152874,-1.952,1.734,2.479,0.000352,-0.006221,1.152874,-1.952,1.734,2.479
1761142298.857264,0,0.000363,-0.006211,1.152875,-1.873,1.697,2.484,0.000363,-0.006211,1.152875,-1.873,1.697,2.484
1761142298.917917,0,0.000364,-0.006222,1.152880,-2.004,1.737,2.478,0.000364,-0.006222,1.152880,-2.004,1.737,2.478
1761142298.980109,0,0.000363,-0.006210,1.152811,-1.875,1.689,2.485,0.000363,-0.006210,1.152811,-1.875,1.689,2.485
1761142299.049107,0,0.000365,-0.006228,1.152790,-1.959,1.706,2.482,0.000365,-0.006228,1.152790,-1.959,1.706,2.482
1761142299.117899,0,0.000380,-0.006246,1.152862,-2.070,1.551,2.480,0.000380,-0.006246,1.152862,-2.070,1.551,2.480
1761142299.180661,0,0.000365,-0.006239,1.152750,-2.121,1.619,2.481,0.000365,-0.006239,1.152750,-2.121,1.619,2.481
1761142299.242308,0,0.000378,-0.006268,1.152734,-2.237,1.472,2.485,0.000378,-0.006268,1.152734,-2.237,1.472,2.485
1761142299.308169,0,0.000357,-0.006272,1.152560,-2.288,1.551,2.484,0.000357,-0.006272,1.152560,-2.288,1.551,2.484
1761142299.379711,0,0.000343,-0.006264,1.152463,-2.272,1.665,2.488,0.000343,-0.006264,1.152463,-2.272,1.665,2.488
1761142299.443996,0,0.000336,-0.006269,1.152543,-2.339,1.539,2.478,0.000336,-0.006269,1.152543,-2.339,1.539,2.478
1761142299.511082,0,0.000330,-0.006261,1.152411,-2.392,1.641,2.484,0.000330,-0.006261,1.152411,-2.392,1.641,2.484
1761142299.570965,0,0.000341,-0.006275,1.152349,-2.476,1.575,2.477,0.000341,-0.006275,1.152349,-2.476,1.575,2.477
1761142299.635211,0,0.000350,-0.006250,1.152400,-2.325,1.591,2.485,0.000350,-0.006250,1.152400,-2.325,1.591,2.485
1761142299.700999,0,0.000354,-0.006242,1.152475,-2.336,1.533,2.491,0.000354,-0.006242,1.152475,-2.336,1.533,2.491
1761142299.765802,0,0.000350,-0.006274,1.152530,-2.386,1.500,2.484,0.000350,-0.006274,1.152530,-2.386,1.500,2.484
1761142299.826170,0,0.000339,-0.006266,1.152342,-2.348,1.516,2.487,0.000339,-0.006266,1.152342,-2.348,1.516,2.487
1761142299.894915,0,0.000348,-0.006280,1.152377,-2.362,1.572,2.483,0.000348,-0.006280,1.152377,-2.362,1.572,2.483
1761142299.956601,0,0.000335,-0.006267,1.152413,-2.289,1.459,2.489,0.000335,-0.006267,1.152413,-2.289,1.459,2.489
1761142300.020228,0,0.000322,-0.006251,1.152454,-2.204,1.600,2.484,0.000322,-0.006251,1.152454,-2.204,1.600,2.484
1761142300.083002,0,0.000418,-0.005956,1.152456,-2.075,1.500,2.348,0.000418,-0.005956,1.152456,-2.075,1.500,2.348
1761142300.150326,0,0.000938,-0.004843,1.152319,-1.562,0.766,1.728,0.000938,-0.004843,1.152319,-1.562,0.766,1.728
1761142300.211474,0,0.001408,-0.001862,1.151687,-2.013,1.387,0.081,0.001408,-0.001862,1.151687,-2.013,1.387,0.081
1761142300.274095,0,0.001408,-0.001894,1.151870,-2.243,1.619,0.078,0.001408,-0.001894,1.151870,-2.243,1.619,0.078
1761142300.348043,0,0.001421,-0.001895,1.152297,-2.310,1.559,0.090,0.001421,-0.001895,1.152297,-2.310,1.559,0.090
1761142300.410111,0,0.001442,-0.001921,1.152253,-2.450,1.540,0.084,0.001442,-0.001921,1.152253,-2.450,1.540,0.084
1761142300.470856,0,0.001416,-0.001912,1.152334,-2.417,1.700,0.081,0.001416,-0.001912,1.152334,-2.417,1.700,0.081
1761142300.550850,0,0.001428,-0.001907,1.152378,-2.398,1.604,0.082,0.001428,-0.001907,1.152378,-2.398,1.604,0.082
1761142300.617513,0,0.001401,-0.001925,1.153709,-2.192,1.446,0.081,0.001401,-0.001925,1.153709,-2.192,1.446,0.081
1761142300.683392,0,0.001389,-0.001744,1.167508,-1.178,1.349,0.094,0.001389,-0.001744,1.167508,-1.178,1.349,0.094
1761142300.747364,0,0.001542,-0.001918,1.156975,-2.624,0.501,0.071,0.001542,-0.001918,1.156975,-2.624,0.501,0.071
1761142300.806622,0,0.001425,-0.001895,1.150448,-2.540,1.432,0.064,0.001425,-0.001895,1.150448,-2.540,1.432,0.064
1761142300.865166,0,0.001415,-0.001902,1.154411,-2.051,1.344,0.071,0.001415,-0.001902,1.154411,-2.051,1.344,0.071
1761142300.923926,0,0.001428,-0.001881,1.155151,-2.009,1.255,0.064,0.001428,-0.001881,1.155151,-2.009,1.255,0.064
1761142300.991715,0,0.001489,-0.001930,1.155093,-2.201,0.865,0.078,0.001489,-0.001930,1.155093,-2.201,0.865,0.078
1761142301.059939,0,0.001504,-0.001851,1.155526,-2.041,0.719,0.090,0.001504,-0.001851,1.155526,-2.041,0.719,0.090
1761142301.119735,0,0.001470,-0.001875,1.155020,-1.948,0.983,0.099,0.001470,-0.001875,1.155020,-1.948,0.983,0.099
1761142301.186501,0,0.001499,-0.001908,1.155118,-2.056,0.774,0.086,0.001499,-0.001908,1.155118,-2.056,0.774,0.086
1761142301.246910,0,0.001525,-0.001918,1.154988,-2.252,0.736,0.091,0.001525,-0.001918,1.154988,-2.252,0.736,0.091
1761142301.311996,0,0.001432,-0.001934,1.155174,-2.345,1.213,0.045,0.001432,-0.001934,1.155174,-2.345,1.213,0.045
1761142301.382478,0,0.001512,-0.001867,1.155323,-1.997,0.664,0.106,0.001512,-0.001867,1.155323,-1.997,0.664,0.106
1761142301.442122,0,0.001444,-0.001901,1.155318,-2.081,1.168,0.052,0.001444,-0.001901,1.155318,-2.081,1.168,0.052
1761142301.510842,0,0.001452,-0.001931,1.155157,-2.353,1.189,0.041,0.001452,-0.001931,1.155157,-2.353,1.189,0.041
1761142301.580327,0,0.001502,-0.001920,1.155226,-2.108,0.789,0.079,0.001502,-0.001920,1.155226,-2.108,0.789,0.079
1761142301.649630,0,0.001507,-0.001952,1.155104,-2.335,0.812,0.060,0.001507,-0.001952,1.155104,-2.335,0.812,0.060
1761142301.714828,0,0.001516,-0.001903,1.155116,-2.073,0.694,0.074,0.001516,-0.001903,1.155116,-2.073,0.694,0.074
1761142301.790805,0,0.001455,-0.001899,1.155373,-2.106,1.156,0.052,0.001455,-0.001899,1.155373,-2.106,1.156,0.052
1761142301.852335,0,0.001450,-0.001915,1.155218,-2.181,1.159,0.067,0.001450,-0.001915,1.155218,-2.181,1.159,0.067
1761142301.920088,0,0.001531,-0.001940,1.155241,-2.266,0.666,0.082,0.001531,-0.001940,1.155241,-2.266,0.666,0.082
1761142301.986808,0,0.001469,-0.001910,1.155461,-2.125,1.043,0.055,0.001469,-0.001910,1.155461,-2.125,1.043,0.055
1761142302.059293,0,0.001425,-0.001933,1.155351,-2.342,1.102,0.040,0.001425,-0.001933,1.155351,-2.342,1.102,0.040
1761142302.123944,0,0.001436,-0.001954,1.155285,-2.445,1.064,0.038,0.001436,-0.001954,1.155285,-2.445,1.064,0.038
1761142302.191697,0,0.001484,-0.001957,1.155279,-2.391,0.748,0.057,0.001484,-0.001957,1.155279,-2.391,0.748,0.057
1761142302.265966,0,0.001453,-0.001921,1.155389,-2.271,1.031,0.043,0.001453,-0.001921,1.155389,-2.271,1.031,0.043
1761142302.333785,0,0.001449,-0.001897,1.155314,-2.127,1.146,0.051,0.001449,-0.001897,1.155314,-2.127,1.146,0.051
1761142302.410721,0,0.001457,-0.001917,1.155328,-2.264,1.077,0.046,0.001457,-0.001917,1.155328,-2.264,1.077,0.046
1761142302.470561,0,0.001445,-0.001907,1.155310,-2.227,1.124,0.044,0.001445,-0.001907,1.155310,-2.227,1.124,0.044
1761142302.535956,0,0.001424,-0.001925,1.155359,-2.351,1.117,0.037,0.001424,-0.001925,1.155359,-2.351,1.117,0.037
1761142302.614315,0,0.001442,-0.001941,1.155412,-2.369,1.070,0.037,0.001442,-0.001941,1.155412,-2.369,1.070,0.037
1761142302.683912,0,0.001436,-0.001950,1.155386,-2.420,1.114,0.040,0.001436,-0.001950,1.155386,-2.420,1.114,0.040
1761142302.755092,0,0.001500,-0.001956,1.155436,-2.294,0.686,0.062,0.001500,-0.001956,1.155436,-2.294,0.686,0.062
1761142302.839559,0,0.001450,-0.001913,1.158489,-2.357,1.175,0.067,0.001450,-0.001913,1.158489,-2.357,1.175,0.067
1761142302.909357,0,0.001452,-0.001855,1.163085,-1.710,1.076,0.067,0.001452,-0.001855,1.163085,-1.710,1.076,0.067
1761142303.003386,0,0.001479,-0.001761,1.168503,-1.376,0.841,0.109,0.001479,-0.001761,1.168503,-1.376,0.841,0.109
1761142303.085579,0,0.001456,-0.001839,1.162879,-1.519,1.017,0.091,0.001456,-0.001839,1.162879,-1.519,1.017,0.091
1761142303.156108,0,0.001498,-0.001876,1.155400,-1.955,0.797,0.072,0.001498,-0.001876,1.155400,-1.955,0.797,0.072
1761142303.226551,0,0.001406,-0.001871,1.151058,-2.493,1.461,0.069,0.001406,-0.001871,1.151058,-2.493,1.461,0.069
1761142303.297051,0,0.001386,-0.001858,1.151079,-2.404,1.582,0.070,0.001386,-0.001858,1.151079,-2.404,1.582,0.070
1761142303.385281,0,0.001437,-0.001827,1.151101,-2.135,1.354,0.080,0.001437,-0.001827,1.151101,-2.135,1.354,0.080
1761142303.473324,0,0.001445,-0.001913,1.153799,-2.054,1.387,0.080,0.001445,-0.001913,1.153799,-2.054,1.387,0.080
1761142303.550714,0,0.001443,-0.001940,1.155462,-2.396,1.088,0.034,0.001443,-0.001940,1.155462,-2.396,1.088,0.034
1761142303.645866,0,0.001396,-0.001979,1.155582,-2.451,1.415,0.042,0.001396,-0.001979,1.155582,-2.451,1.415,0.042
1761142303.742486,0,0.001459,-0.001949,1.155461,-2.453,1.057,0.035,0.001459,-0.001949,1.155461,-2.453,1.057,0.035
1761142303.811466,0,0.001451,-0.001942,1.155490,-2.376,1.153,0.035,0.001451,-0.001942,1.155490,-2.376,1.153,0.035
1761142303.884815,0,0.001448,-0.001916,1.155673,-2.236,1.041,0.044,0.001448,-0.001916,1.155673,-2.236,1.041,0.044
1761142303.952282,0,0.001444,-0.001924,1.155529,-2.286,1.187,0.039,0.001444,-0.001924,1.155529,-2.286,1.187,0.039
1761142304.020520,0,0.001515,-0.001950,1.155232,-2.487,0.751,0.050,0.001515,-0.001950,1.155232,-2.487,0.751,0.050
1761142304.089850,0,0.001445,-0.001927,1.155443,-2.342,1.181,0.040,0.001445,-0.001927,1.155443,-2.342,1.181,0.040
1761142304.159423,0,0.001466,-0.001911,1.155438,-2.229,1.125,0.038,0.001466,-0.001911,1.155438,-2.229,1.125,0.038
1761142304.228933,0,0.001433,-0.001890,1.155453,-2.112,1.348,0.052,0.001433,-0.001890,1.155453,-2.112,1.348,0.052
1761142304.297646,0,0.001451,-0.001919,1.155466,-2.308,1.168,0.046,0.001451,-0.001919,1.155466,-2.308,1.168,0.046
1761142304.365335,0,0.001444,-0.001911,1.155464,-2.261,1.232,0.045,0.001444,-0.001911,1.155464,-2.261,1.232,0.045
1761142304.433648,0,0.001501,-0.001965,1.155367,-2.380,0.903,0.057,0.001501,-0.001965,1.155367,-2.380,0.903,0.057
1761142304.506340,0,0.001456,-0.001934,1.155318,-2.505,1.117,0.034,0.001456,-0.001934,1.155318,-2.505,1.117,0.034
1761142304.571038,0,0.001458,-0.001893,1.155548,-2.103,1.195,0.057,0.001458,-0.001893,1.155548,-2.103,1.195,0.057
1761142304.641190,0,0.001436,-0.001930,1.155404,-2.365,1.253,0.042,0.001436,-0.001930,1.155404,-2.365,1.253,0.042
1761142304.709073,0,0.001427,-0.001912,1.155461,-2.249,1.302,0.045,0.001427,-0.001912,1.155461,-2.249,1.302,0.045
1761142304.772739,0,0.001426,-0.001909,1.155453,-2.233,1.351,0.047,0.001426,-0.001909,1.155453,-2.233,1.351,0.047
1761142304.834132,0,0.001423,-0.001939,1.155312,-2.499,1.365,0.041,0.001423,-0.001939,1.155312,-2.499,1.365,0.041
1761142304.894149,0,0.001446,-0.001947,1.155342,-2.527,1.231,0.034,0.001446,-0.001947,1.155342,-2.527,1.231,0.034
1761142304.959271,0,0.001441,-0.001938,1.155237,-2.477,1.323,0.039,0.001441,-0.001938,1.155237,-2.477,1.323,0.039
1761142305.021317,0,0.001418,-0.001892,1.155355,-2.176,1.433,0.058,0.001418,-0.001892,1.155355,-2.176,1.433,0.058
1761142305.086113,0,0.001446,-0.001886,1.155554,-2.037,1.304,0.059,0.001446,-0.001886,1.155554,-2.037,1.304,0.059
1761142305.152943,0,0.001445,-0.001916,1.155455,-2.303,1.230,0.043,0.001445,-0.001916,1.155455,-2.303,1.230,0.043
1761142305.213272,0,0.001452,-0.001880,1.155495,-2.060,1.275,0.056,0.001452,-0.001880,1.155495,-2.060,1.275,0.056
1761142305.277844,0,0.001459,-0.001922,1.155457,-2.322,1.198,0.047,0.001459,-0.001922,1.155457,-2.322,1.198,0.047
1761142305.346437,0,0.001463,-0.001920,1.155519,-2.282,1.169,0.045,0.001463,-0.001920,1.155519,-2.282,1.169,0.045
1761142305.416470,0,0.001453,-0.001922,1.153873,-2.235,1.488,0.068,0.001453,-0.001922,1.153873,-2.235,1.488,0.068
1761142305.473089,0,0.001453,-0.001805,1.165922,-2.562,1.167,0.082,0.001453,-0.001805,1.165922,-2.562,1.167,0.082
1761142305.532486,0,0.001450,-0.001895,1.157690,-2.574,1.001,0.075,0.001450,-0.001895,1.157690,-2.574,1.001,0.075
1761142305.592263,0,0.001442,-0.001884,1.150945,-2.533,1.452,0.061,0.001442,-0.001884,1.150945,-2.533,1.452,0.061
1761142305.654805,0,0.001444,-0.001915,1.152485,-2.493,1.692,0.075,0.001444,-0.001915,1.152485,-2.493,1.692,0.075
1761142305.718660,0,0.001436,-0.001911,1.152533,-2.424,1.747,0.079,0.001436,-0.001911,1.152533,-2.424,1.747,0.079
1761142305.784739,0,0.001443,-0.001924,1.152444,-2.554,1.687,0.073,0.001443,-0.001924,1.152444,-2.554,1.687,0.073
1761142305.848351,0,0.001445,-0.001891,1.152613,-2.471,1.697,0.080,0.001445,-0.001891,1.152613,-2.471,1.697,0.080
1761142305.909176,0,0.001432,-0.001866,1.152617,-2.166,1.776,0.090,0.001432,-0.001866,1.152617,-2.166,1.776,0.090
1761142305.975403,0,0.001415,-0.001918,1.152494,-2.510,1.798,0.073,0.001415,-0.001918,1.152494,-2.510,1.798,0.073
1761142306.035597,0,0.001424,-0.001888,1.152569,-2.342,1.728,0.081,0.001424,-0.001888,1.152569,-2.342,1.728,0.081
1761142306.093434,0,0.001430,-0.001905,1.152746,-2.344,1.634,0.085,0.001430,-0.001905,1.152746,-2.344,1.634,0.085
1761142306.153584,0,0.001443,-0.001903,1.152534,-2.413,1.719,0.077,0.001443,-0.001903,1.152534,-2.413,1.719,0.077
1761142306.214768,0,0.001443,-0.001919,1.152478,-2.473,1.695,0.076,0.001443,-0.001919,1.152478,-2.473,1.695,0.076
1761142306.272849,0,0.001429,-0.001901,1.152582,-2.390,1.673,0.073,0.001429,-0.001901,1.152582,-2.390,1.673,0.073
1761142306.333471,0,0.001436,-0.001885,1.152593,-2.290,1.790,0.081,0.001436,-0.001885,1.152593,-2.290,1.790,0.081
1761142306.395297,0,0.001458,-0.001900,1.152529,-2.367,1.676,0.073,0.001458,-0.001900,1.152529,-2.367,1.676,0.073
1761142306.450832,0,0.001428,-0.001918,1.152549,-2.498,1.742,0.068,0.001428,-0.001918,1.152549,-2.498,1.742,0.068
1761142306.508200,0,0.001438,-0.001891,1.152714,-2.301,1.665,0.084,0.001438,-0.001891,1.152714,-2.301,1.665,0.084
1761142306.569432,0,0.001424,-0.001922,1.152585,-2.526,1.772,0.063,0.001424,-0.001922,1.152585,-2.526,1.772,0.063
1761142306.632266,0,0.001449,-0.001898,1.152368,-2.484,1.703,0.072,0.001449,-0.001898,1.152368,-2.484,1.703,0.072
1761142306.700114,0,0.001418,-0.001860,1.152605,-2.205,1.702,0.096,0.001418,-0.001860,1.152605,-2.205,1.702,0.096
1761142306.759731,0,0.001434,-0.001875,1.152399,-2.316,1.699,0.081,0.001434,-0.001875,1.152399,-2.316,1.699,0.081
1761142306.827009,0,0.001423,-0.001862,1.152521,-2.134,1.728,0.090,0.001423,-0.001862,1.152521,-2.134,1.728,0.090
1761142306.884227,0,0.001448,-0.001909,1.152239,-2.420,1.758,0.075,0.001448,-0.001909,1.152239,-2.420,1.758,0.075
1761142306.944312,0,0.001410,-0.001946,1.152220,-2.651,1.754,0.061,0.001410,-0.001946,1.152220,-2.651,1.754,0.061
1761142307.008244,0,0.001431,-0.001965,1.152203,-2.702,1.694,0.068,0.001431,-0.001965,1.152203,-2.702,1.694,0.068
1761142307.066449,0,0.001412,-0.001891,1.152113,-2.293,1.732,0.088,0.001412,-0.001891,1.152113,-2.293,1.732,0.088
1761142307.125282,0,0.001414,-0.001851,1.152341,-2.065,1.736,0.101,0.001414,-0.001851,1.152341,-2.065,1.736,0.101
1761142307.179445,0,0.001428,-0.001872,1.152435,-2.129,1.660,0.100,0.001428,-0.001872,1.152435,-2.129,1.660,0.100
1761142307.245862,0,0.001438,-0.001933,1.152284,-2.516,1.633,0.072,0.001438,-0.001933,1.152284,-2.516,1.633,0.072
1761142307.307025,0,0.001443,-0.001911,1.152354,-2.354,1.712,0.077,0.001443,-0.001911,1.152354,-2.354,1.712,0.077
1761142307.367714,0,0.001416,-0.001939,1.151270,-2.607,1.694,0.046,0.001416,-0.001939,1.151270,-2.607,1.694,0.046
1761142307.430155,0,0.001437,-0.001827,1.164088,-1.349,1.345,0.068,0.001437,-0.001827,1.164088,-1.349,1.345,0.068
1761142307.486452,0,0.001454,-0.001854,1.161291,-2.401,1.233,0.075,0.001454,-0.001854,1.161291,-2.401,1.233,0.075
1761142307.549936,0,0.001435,-0.001853,1.150588,-2.573,1.572,0.060,0.001435,-0.001853,1.150588,-2.573,1.572,0.060
1761142307.619113,0,0.001458,-0.001881,1.152846,-2.336,1.498,0.080,0.001458,-0.001881,1.152846,-2.336,1.498,0.080
1761142307.678394,0,0.001441,-0.001913,1.152626,-2.458,1.732,0.071,0.001441,-0.001913,1.152626,-2.458,1.732,0.071
1761142307.742045,0,0.001431,-0.001939,1.152640,-2.549,1.713,0.062,0.001431,-0.001939,1.152640,-2.549,1.713,0.062
1761142307.802838,0,0.001429,-0.001920,1.152640,-2.475,1.708,0.071,0.001429,-0.001920,1.152640,-2.475,1.708,0.071
1761142307.869778,0,0.001422,-0.001903,1.152803,-2.322,1.626,0.076,0.001422,-0.001903,1.152803,-2.322,1.626,0.076
1761142307.930089,0,0.001437,-0.001902,1.152649,-2.382,1.670,0.075,0.001437,-0.001902,1.152649,-2.382,1.670,0.075
1761142307.993846,0,0.001432,-0.001920,1.152657,-2.429,1.712,0.076,0.001432,-0.001920,1.152657,-2.429,1.712,0.076
1761142308.057145,0,0.001417,-0.001880,1.152767,-2.182,1.775,0.086,0.001417,-0.001880,1.152767,-2.182,1.775,0.086
1761142308.116406,0,0.001436,-0.001904,1.152586,-2.353,1.728,0.072,0.001436,-0.001904,1.152586,-2.353,1.728,0.072
1761142308.174582,0,0.001440,-0.001891,1.152664,-2.318,1.630,0.088,0.001440,-0.001891,1.152664,-2.318,1.630,0.088
1761142308.234064,0,0.001429,-0.001900,1.152487,-2.356,1.759,0.075,0.001429,-0.001900,1.152487,-2.356,1.759,0.075
1761142308.300282,0,0.001430,-0.001897,1.152586,-2.325,1.755,0.078,0.001430,-0.001897,1.152586,-2.325,1.755,0.078
1761142308.355872,0,0.001448,-0.001919,1.152470,-2.466,1.718,0.069,0.001448,-0.001919,1.152470,-2.466,1.718,0.069
1761142308.413071,0,0.001448,-0.001934,1.152502,-2.497,1.688,0.072,0.001448,-0.001934,1.152502,-2.497,1.688,0.072
1761142308.483385,0,0.001461,-0.001917,1.152530,-2.431,1.591,0.081,0.001461,-0.001917,1.152530,-2.431,1.591,0.081
1761142308.550724,0,0.001434,-0.001905,1.152376,-2.389,1.662,0.071,0.001434,-0.001905,1.152376,-2.389,1.662,0.071
1761142308.606765,0,0.001410,-0.001904,1.152531,-2.346,1.784,0.079,0.001410,-0.001904,1.152531,-2.346,1.784,0.079
1761142308.665217,0,0.001439,-0.001915,1.152395,-2.527,1.693,0.070,0.001439,-0.001915,1.152395,-2.527,1.693,0.070
1761142308.744083,0,0.001441,-0.001871,1.152593,-2.179,1.670,0.090,0.001441,-0.001871,1.152593,-2.179,1.670,0.090
1761142308.816748,0,0.001415,-0.001872,1.152598,-2.195,1.754,0.086,0.001415,-0.001872,1.152598,-2.195,1.754,0.086
1761142308.886284,0,0.001415,-0.001892,1.152596,-2.357,1.723,0.080,0.001415,-0.001892,1.152596,-2.357,1.723,0.080
1761142308.953374,0,0.001419,-0.001891,1.152587,-2.276,1.738,0.080,0.001419,-0.001891,1.152587,-2.276,1.738,0.080
1761142309.021505,0,0.001421,-0.001920,1.152386,-2.433,1.772,0.070,0.001421,-0.001920,1.152386,-2.433,1.772,0.070
1761142309.081130,0,0.001414,-0.001893,1.152593,-2.333,1.698,0.078,0.001414,-0.001893,1.152593,-2.333,1.698,0.078
1761142309.145232,0,0.001435,-0.001909,1.152516,-2.388,1.695,0.078,0.001435,-0.001909,1.152516,-2.388,1.695,0.078
1761142309.201444,0,0.001424,-0.001906,1.152509,-2.357,1.704,0.081,0.001424,-0.001906,1.152509,-2.357,1.704,0.081
1761142309.261088,0,0.001425,-0.001888,1.152596,-2.228,1.704,0.088,0.001425,-0.001888,1.152596,-2.228,1.704,0.088
1761142309.324149,0,0.001430,-0.001901,1.152459,-2.341,1.702,0.080,0.001430,-0.001901,1.152459,-2.341,1.702,0.080
1761142309.383380,0,0.001420,-0.001907,1.153674,-2.055,1.492,0.080,0.001420,-0.001907,1.153674,-2.055,1.492,0.080
1761142309.440147,0,0.001460,-0.001872,1.159576,-1.638,1.348,0.094,0.001460,-0.001872,1.159576,-1.638,1.348,0.094
1761142309.505899,0,0.001490,-0.001883,1.157559,-2.370,0.770,0.083,0.001490,-0.001883,1.157559,-2.370,0.770,0.083
1761142309.573722,0,0.001472,-0.001810,1.149189,-2.386,1.659,0.069,0.001472,-0.001810,1.149189,-2.386,1.659,0.069
1761142309.641635,0,0.001416,-0.001913,1.155281,-2.279,1.338,0.054,0.001416,-0.001913,1.155281,-2.279,1.338,0.054
1761142309.702739,0,0.001415,-0.001901,1.155363,-2.178,1.324,0.054,0.001415,-0.001901,1.155363,-2.178,1.324,0.054
1761142309.784107,0,0.001429,-0.001909,1.155352,-2.232,1.293,0.049,0.001429,-0.001909,1.155352,-2.232,1.293,0.049
1761142309.844268,0,0.001410,-0.001927,1.155299,-2.321,1.352,0.048,0.001410,-0.001927,1.155299,-2.321,1.352,0.048
1761142309.903373,0,0.001441,-0.001928,1.155151,-2.340,1.289,0.041,0.001441,-0.001928,1.155151,-2.340,1.289,0.041
1761142309.968473,0,0.001417,-0.001909,1.155166,-2.290,1.409,0.054,0.001417,-0.001909,1.155166,-2.290,1.409,0.054
1761142310.028373,0,0.001386,-0.001890,1.155180,-2.252,1.513,0.057,0.001386,-0.001890,1.155180,-2.252,1.513,0.057
1761142310.085529,0,0.001430,-0.001912,1.155327,-2.242,1.240,0.052,0.001430,-0.001912,1.155327,-2.242,1.240,0.052
1761142310.146917,0,0.001404,-0.001919,1.155268,-2.264,1.380,0.053,0.001404,-0.001919,1.155268,-2.264,1.380,0.053
1761142310.206017,0,0.001432,-0.001902,1.155378,-2.180,1.214,0.053,0.001432,-0.001902,1.155378,-2.180,1.214,0.053
1761142310.263654,0,0.001439,-0.001904,1.155229,-2.145,1.149,0.090,0.001439,-0.001904,1.155229,-2.145,1.149,0.090
1761142310.323833,0,0.001400,-0.001925,1.155250,-2.371,1.339,0.042,0.001400,-0.001925,1.155250,-2.371,1.339,0.042
1761142310.388901,0,0.001386,-0.001909,1.155212,-2.324,1.405,0.053,0.001386,-0.001909,1.155212,-2.324,1.405,0.053
1761142310.446934,0,0.001484,-0.001929,1.155209,-2.182,0.878,0.070,0.001484,-0.001929,1.155209,-2.182,0.878,0.070
1761142310.507565,0,0.001399,-0.001922,1.155202,-2.362,1.367,0.051,0.001399,-0.001922,1.155202,-2.362,1.367,0.051
1761142310.569159,0,0.001416,-0.001939,1.155152,-2.377,1.294,0.044,0.001416,-0.001939,1.155152,-2.377,1.294,0.044
1761142310.627058,0,0.001396,-0.001920,1.155254,-2.301,1.345,0.050,0.001396,-0.001920,1.155254,-2.301,1.345,0.050
1761142310.682062,0,0.001463,-0.001936,1.155222,-2.219,0.970,0.070,0.001463,-0.001936,1.155222,-2.219,0.970,0.070
1761142310.740740,0,0.001392,-0.001897,1.155185,-2.192,1.476,0.053,0.001392,-0.001897,1.155185,-2.192,1.476,0.053
1761142310.805448,0,0.001448,-0.001925,1.155190,-2.150,1.065,0.071,0.001448,-0.001925,1.155190,-2.150,1.065,0.071
1761142310.869135,0,0.001490,-0.001942,1.155230,-2.177,0.817,0.073,0.001490,-0.001942,1.155230,-2.177,0.817,0.073
1761142310.935640,0,0.001407,-0.001892,1.155226,-2.171,1.342,0.055,0.001407,-0.001892,1.155226,-2.171,1.342,0.055
1761142311.000181,0,0.001435,-0.001884,1.155448,-2.231,1.111,0.050,0.001435,-0.001884,1.155448,-2.231,1.111,0.050
1761142311.059529,0,0.001477,-0.001836,1.155657,-2.036,0.856,0.076,0.001477,-0.001836,1.155657,-2.036,0.856,0.076
1761142311.113841,0,0.001424,-0.001913,1.155190,-2.190,1.293,0.048,0.001424,-0.001913,1.155190,-2.190,1.293,0.048
1761142311.177055,0,0.001425,-0.001890,1.155283,-2.053,1.262,0.059,0.001425,-0.001890,1.155283,-2.053,1.262,0.059
1761142311.233581,0,0.001438,-0.001929,1.155155,-2.277,1.250,0.045,0.001438,-0.001929,1.155155,-2.277,1.250,0.045
1761142311.289433,0,0.001441,-0.001932,1.155175,-2.292,1.194,0.048,0.001441,-0.001932,1.155175,-2.292,1.194,0.048
1761142311.345770,0,0.001522,-0.001888,1.155450,-2.060,0.601,0.099,0.001522,-0.001888,1.155450,-2.060,0.601,0.099
1761142311.409939,0,0.001407,-0.001897,1.155383,-2.114,1.281,0.053,0.001407,-0.001897,1.155383,-2.114,1.281,0.053
1761142311.468637,0,0.001478,-0.001921,1.155318,-2.147,0.844,0.083,0.001478,-0.001921,1.155318,-2.147,0.844,0.083
1761142311.527403,0,0.001409,-0.001922,1.155266,-2.316,1.305,0.053,0.001409,-0.001922,1.155266,-2.316,1.305,0.053
1761142311.584168,0,0.001396,-0.001905,1.155228,-2.194,1.402,0.053,0.001396,-0.001905,1.155228,-2.194,1.402,0.053
1761142311.643529,0,0.001401,-0.001939,1.155201,-2.344,1.353,0.050,0.001401,-0.001939,1.155201,-2.344,1.353,0.050
1761142311.700536,0,0.001402,-0.001943,1.155254,-2.317,1.240,0.051,0.001402,-0.001943,1.155254,-2.317,1.240,0.051
1761142311.761346,0,0.001462,-0.001914,1.155068,-2.067,1.025,0.078,0.001462,-0.001914,1.155068,-2.067,1.025,0.078
1761142311.828940,0,0.001404,-0.001934,1.155220,-2.305,1.287,0.050,0.001404,-0.001934,1.155220,-2.305,1.287,0.050
1761142311.888623,0,0.001412,-0.001913,1.155308,-2.189,1.326,0.058,0.001412,-0.001913,1.155308,-2.189,1.326,0.058
1761142311.946797,0,0.001415,-0.001942,1.155077,-2.397,1.367,0.051,0.001415,-0.001942,1.155077,-2.397,1.367,0.051
1761142312.004598,0,0.001406,-0.001905,1.155244,-2.115,1.344,0.059,0.001406,-0.001905,1.155244,-2.115,1.344,0.059
1761142312.069387,0,0.001431,-0.001920,1.155232,-2.167,1.190,0.052,0.001431,-0.001920,1.155232,-2.167,1.190,0.052
1761142312.128038,0,0.001473,-0.001954,1.155001,-2.333,1.042,0.071,0.001473,-0.001954,1.155001,-2.333,1.042,0.071
1761142312.186975,0,0.001435,-0.001932,1.155153,-2.175,1.095,0.079,0.001435,-0.001932,1.155153,-2.175,1.095,0.079
1761142312.253294,0,0.001362,-0.001904,1.155099,-2.204,1.611,0.063,0.001362,-0.001904,1.155099,-2.204,1.611,0.063
1761142312.313379,0,0.001458,-0.001873,1.155642,-2.298,0.989,0.074,0.001458,-0.001873,1.155642,-2.298,0.989,0.074
1761142312.372654,0,0.001406,-0.001932,1.155329,-2.257,1.297,0.053,0.001406,-0.001932,1.155329,-2.257,1.297,0.053
1761142312.430470,0,0.001443,-0.001969,1.155089,-2.429,1.073,0.064,0.001443,-0.001969,1.155089,-2.429,1.073,0.064
1761142312.491056,0,0.001431,-0.001944,1.155034,-2.385,1.321,0.048,0.001431,-0.001944,1.155034,-2.385,1.321,0.048
1761142312.560369,0,0.001402,-0.001891,1.155260,-2.111,1.333,0.068,0.001402,-0.001891,1.155260,-2.111,1.333,0.068
1761142312.620466,0,0.001535,-0.001925,1.155369,-2.199,0.495,0.087,0.001535,-0.001925,1.155369,-2.199,0.495,0.087
1761142312.687132,0,0.001478,-0.001954,1.155176,-2.290,0.863,0.063,0.001478,-0.001954,1.155176,-2.290,0.863,0.063
1761142312.747656,0,0.001387,-0.001942,1.155468,-2.187,1.394,0.058,0.001387,-0.001942,1.155468,-2.187,1.394,0.058
1761142312.807742,0,0.001461,-0.001939,1.155257,-2.188,0.903,0.067,0.001461,-0.001939,1.155257,-2.188,0.903,0.067
1761142312.868947,0,0.001408,-0.001932,1.155292,-2.295,1.252,0.050,0.001408,-0.001932,1.155292,-2.295,1.252,0.050
1761142312.929747,0,0.001455,-0.001966,1.155053,-2.380,0.984,0.061,0.001455,-0.001966,1.155053,-2.380,0.984,0.061
1761142312.988412,0,0.001403,-0.001891,1.155291,-2.092,1.355,0.063,0.001403,-0.001891,1.155291,-2.092,1.355,0.063
1761142313.047817,0,0.001396,-0.001910,1.155326,-2.205,1.302,0.044,0.001396,-0.001910,1.155326,-2.205,1.302,0.044
1761142313.112941,0,0.001431,-0.001903,1.155343,-2.088,1.220,0.056,0.001431,-0.001903,1.155343,-2.088,1.220,0.056
1761142313.179408,0,0.001444,-0.001910,1.155230,-2.143,1.207,0.059,0.001444,-0.001910,1.155230,-2.143,1.207,0.059
1761142313.243070,0,0.001428,-0.001917,1.155199,-2.216,1.256,0.052,0.001428,-0.001917,1.155199,-2.216,1.256,0.052
1761142313.300824,0,0.001423,-0.001912,1.155278,-2.182,1.267,0.051,0.001423,-0.001912,1.155278,-2.182,1.267,0.051
1761142313.364646,0,0.001408,-0.001925,1.155311,-2.254,1.298,0.057,0.001408,-0.001925,1.155311,-2.254,1.298,0.057
1761142313.422790,0,0.001493,-0.001948,1.155257,-2.238,0.813,0.073,0.001493,-0.001948,1.155257,-2.238,0.813,0.073
1761142313.484298,0,0.001467,-0.001936,1.155116,-2.208,1.033,0.074,0.001467,-0.001936,1.155116,-2.208,1.033,0.074
1761142313.549506,0,0.001468,-0.001966,1.155314,-2.314,0.846,0.061,0.001468,-0.001966,1.155314,-2.314,0.846,0.061
1761142313.608592,0,0.001422,-0.001914,1.155246,-2.154,1.304,0.056,0.001422,-0.001914,1.155246,-2.154,1.304,0.056
1761142313.665339,0,0.001421,-0.001929,1.155290,-2.239,1.260,0.054,0.001421,-0.001929,1.155290,-2.239,1.260,0.054
1761142313.726097,0,0.001420,-0.001920,1.155321,-2.226,1.262,0.049,0.001420,-0.001920,1.155321,-2.226,1.262,0.049
1761142313.785759,0,0.001484,-0.001860,1.155651,-2.216,0.815,0.081,0.001484,-0.001860,1.155651,-2.216,0.815,0.081
1761142313.843931,0,0.001413,-0.001948,1.155289,-2.354,1.180,0.039,0.001413,-0.001948,1.155289,-2.354,1.180,0.039
1761142313.907955,0,0.001415,-0.001953,1.155301,-2.422,1.205,0.046,0.001415,-0.001953,1.155301,-2.422,1.205,0.046
1761142313.964648,0,0.001407,-0.001930,1.155242,-2.309,1.319,0.051,0.001407,-0.001930,1.155242,-2.309,1.319,0.051
1761142314.032890,0,0.001422,-0.001907,1.155280,-2.105,1.272,0.057,0.001422,-0.001907,1.155280,-2.105,1.272,0.057
1761142314.107098,0,0.001456,-0.001928,1.155207,-2.115,0.963,0.073,0.001456,-0.001928,1.155207,-2.115,0.963,0.073
1761142314.178425,0,0.001367,-0.001929,1.155218,-2.360,1.474,0.050,0.001367,-0.001929,1.155218,-2.360,1.474,0.050
1761142314.249444,0,0.001447,-0.001905,1.155262,-2.056,1.063,0.071,0.001447,-0.001905,1.155262,-2.056,1.063,0.071
1761142314.316574,0,0.001426,-0.001918,1.155317,-2.192,1.229,0.058,0.001426,-0.001918,1.155317,-2.192,1.229,0.058
1761142314.396527,0,0.001406,-0.001922,1.155321,-2.234,1.254,0.048,0.001406,-0.001922,1.155321,-2.234,1.254,0.048
1761142314.459675,0,0.001414,-0.001924,1.155352,-2.198,1.249,0.049,0.001414,-0.001924,1.155352,-2.198,1.249,0.049
1761142314.521031,0,0.001457,-0.001897,1.155166,-1.972,1.086,0.083,0.001457,-0.001897,1.155166,-1.972,1.086,0.083
1761142314.588912,0,0.001405,-0.001931,1.155274,-2.298,1.241,0.043,0.001405,-0.001931,1.155274,-2.298,1.241,0.043
1761142314.650660,0,0.001418,-0.001948,1.155149,-2.383,1.261,0.040,0.001418,-0.001948,1.155149,-2.383,1.261,0.040
1761142314.708777,0,0.001412,-0.001949,1.155165,-2.427,1.309,0.041,0.001412,-0.001949,1.155165,-2.427,1.309,0.041
1761142314.771420,0,0.001421,-0.001948,1.155278,-2.309,1.139,0.057,0.001421,-0.001948,1.155278,-2.309,1.139,0.057
1761142314.834300,0,0.001390,-0.001953,1.155209,-2.451,1.356,0.038,0.001390,-0.001953,1.155209,-2.451,1.356,0.038
1761142314.891040,0,0.001412,-0.001931,1.155301,-2.310,1.243,0.047,0.001412,-0.001931,1.155301,-2.310,1.243,0.047
1761142314.958960,0,0.001410,-0.001918,1.155363,-2.211,1.240,0.050,0.001410,-0.001918,1.155363,-2.211,1.240,0.050
1761142315.022085,0,0.001447,-0.001944,1.155257,-2.238,0.956,0.065,0.001447,-0.001944,1.155257,-2.238,0.956,0.065
1761142315.084457,0,0.001398,-0.001929,1.155321,-2.264,1.252,0.044,0.001398,-0.001929,1.155321,-2.264,1.252,0.044
1761142315.146272,0,0.001423,-0.001943,1.155169,-2.375,1.262,0.051,0.001423,-0.001943,1.155169,-2.375,1.262,0.051
1761142315.212008,0,0.001392,-0.001939,1.155204,-2.388,1.414,0.045,0.001392,-0.001939,1.155204,-2.388,1.414,0.045
1761142315.270695,0,0.001401,-0.001905,1.155265,-2.184,1.400,0.066,0.001401,-0.001905,1.155265,-2.184,1.400,0.066
1761142315.322865,0,0.001493,-0.001931,1.155456,-2.363,0.644,0.093,0.001493,-0.001931,1.155456,-2.363,0.644,0.093
1761142315.389920,0,0.001461,-0.001936,1.155346,-2.171,0.869,0.068,0.001461,-0.001936,1.155346,-2.171,0.869,0.068
1761142315.446277,0,0.001399,-0.001948,1.155143,-2.427,1.408,0.045,0.001399,-0.001948,1.155143,-2.427,1.408,0.045
1761142315.501365,0,0.001416,-0.001949,1.155300,-2.460,1.278,0.040,0.001416,-0.001949,1.155300,-2.460,1.278,0.040
1761142315.556984,0,0.001369,-0.001900,1.155253,-2.218,1.534,0.059,0.001369,-0.001900,1.155253,-2.218,1.534,0.059
1761142315.618162,0,0.001458,-0.001962,1.155234,-2.344,0.949,0.068,0.001458,-0.001962,1.155234,-2.344,0.949,0.068
1761142315.673775,0,0.001387,-0.001911,1.155325,-2.201,1.419,0.060,0.001387,-0.001911,1.155325,-2.201,1.419,0.060
1761142315.737742,0,0.001386,-0.001930,1.155321,-2.336,1.344,0.044,0.001386,-0.001930,1.155321,-2.336,1.344,0.044
1761142315.800357,0,0.001426,-0.001955,1.155195,-2.362,1.079,0.071,0.001426,-0.001955,1.155195,-2.362,1.079,0.071
1761142315.856997,0,0.001446,-0.001961,1.155170,-2.345,0.935,0.068,0.001446,-0.001961,1.155170,-2.345,0.935,0.068
1761142315.912295,0,0.001419,-0.001910,1.152432,-2.307,1.664,0.081,0.001419,-0.001910,1.152432,-2.307,1.664,0.081
1761142315.972959,0,0.001410,-0.001960,1.157974,-2.246,1.194,0.077,0.001410,-0.001960,1.157974,-2.246,1.194,0.077
1761142316.034785,0,0.001406,-0.001883,1.158284,-2.100,1.344,0.095,0.001406,-0.001883,1.158284,-2.100,1.344,0.095
1761142316.092620,0,0.001392,-0.001910,1.152396,-2.549,1.722,0.078,0.001392,-0.001910,1.152396,-2.549,1.722,0.078
1761142316.151124,0,0.001387,-0.001861,1.150065,-2.292,1.697,0.071,0.001387,-0.001861,1.150065,-2.292,1.697,0.071
1761142316.209160,0,0.001403,-0.001883,1.152511,-2.201,1.673,0.089,0.001403,-0.001883,1.152511,-2.201,1.673,0.089
1761142316.268510,0,0.001365,-0.001966,1.152506,-2.732,1.705,0.061,0.001365,-0.001966,1.152506,-2.732,1.705,0.061
1761142316.327555,0,0.001368,-0.001933,1.152643,-2.564,1.715,0.068,0.001368,-0.001933,1.152643,-2.564,1.715,0.068
1761142316.397891,0,0.001363,-0.001937,1.152644,-2.577,1.706,0.071,0.001363,-0.001937,1.152644,-2.577,1.706,0.071
1761142316.467498,0,0.001362,-0.001955,1.152753,-2.664,1.654,0.065,0.001362,-0.001955,1.152753,-2.664,1.654,0.065
1761142316.528302,0,0.001413,-0.001892,1.152881,-2.320,1.628,0.085,0.001413,-0.001892,1.152881,-2.320,1.628,0.085
1761142316.590189,0,0.001415,-0.001952,1.152552,-2.623,1.676,0.073,0.001415,-0.001952,1.152552,-2.623,1.676,0.073
1761142316.649633,0,0.001385,-0.001895,1.152701,-2.328,1.763,0.080,0.001385,-0.001895,1.152701,-2.328,1.763,0.080
1761142316.705726,0,0.001387,-0.001915,1.152627,-2.429,1.782,0.070,0.001387,-0.001915,1.152627,-2.429,1.782,0.070
1761142316.764339,0,0.001384,-0.001912,1.152696,-2.389,1.768,0.072,0.001384,-0.001912,1.152696,-2.389,1.768,0.072
1761142316.827308,0,0.001380,-0.001924,1.152640,-2.481,1.760,0.080,0.001380,-0.001924,1.152640,-2.481,1.760,0.080
1761142316.885291,0,0.001387,-0.001908,1.152562,-2.398,1.835,0.073,0.001387,-0.001908,1.152562,-2.398,1.835,0.073
1761142316.940394,0,0.001372,-0.001942,1.152460,-2.584,1.851,0.059,0.001372,-0.001942,1.152460,-2.584,1.851,0.059
1761142317.001163,0,0.001384,-0.001936,1.152543,-2.599,1.771,0.068,0.001384,-0.001936,1.152543,-2.599,1.771,0.068
1761142317.069198,0,0.001369,-0.001909,1.152701,-2.412,1.795,0.072,0.001369,-0.001909,1.152701,-2.412,1.795,0.072
1761142317.125375,0,0.001391,-0.001911,1.152593,-2.395,1.749,0.071,0.001391,-0.001911,1.152593,-2.395,1.749,0.071
1761142317.181591,0,0.001367,-0.001881,1.152693,-2.240,1.845,0.079,0.001367,-0.001881,1.152693,-2.240,1.845,0.079
1761142317.245182,0,0.001384,-0.001909,1.152634,-2.388,1.830,0.071,0.001384,-0.001909,1.152634,-2.388,1.830,0.071
1761142317.301329,0,0.001373,-0.001903,1.152697,-2.364,1.780,0.074,0.001373,-0.001903,1.152697,-2.364,1.780,0.074
1761142317.362916,0,0.001385,-0.001920,1.152586,-2.487,1.789,0.069,0.001385,-0.001920,1.152586,-2.487,1.789,0.069
1761142317.424008,0,0.001381,-0.001889,1.152703,-2.225,1.804,0.080,0.001381,-0.001889,1.152703,-2.225,1.804,0.080
1761142317.479240,0,0.001384,-0.001913,1.152673,-2.450,1.712,0.076,0.001384,-0.001913,1.152673,-2.450,1.712,0.076
1761142317.535912,0,0.001395,-0.001870,1.152691,-2.201,1.764,0.083,0.001395,-0.001870,1.152691,-2.201,1.764,0.083
1761142317.604665,0,0.001352,-0.001894,1.152508,-2.275,1.986,0.081,0.001352,-0.001894,1.152508,-2.275,1.986,0.081
1761142317.667462,0,0.001379,-0.001897,1.152550,-2.357,1.832,0.080,0.001379,-0.001897,1.152550,-2.357,1.832,0.080
1761142317.726197,0,0.001363,-0.001906,1.152463,-2.363,1.924,0.081,0.001363,-0.001906,1.152463,-2.363,1.924,0.081
1761142317.785984,0,0.001380,-0.001909,1.152515,-2.421,1.830,0.074,0.001380,-0.001909,1.152515,-2.421,1.830,0.074
1761142317.845755,0,0.001357,-0.001882,1.152628,-2.214,1.864,0.089,0.001357,-0.001882,1.152628,-2.214,1.864,0.089
1761142317.915744,0,0.001375,-0.001880,1.152547,-2.200,1.890,0.083,0.001375,-0.001880,1.152547,-2.200,1.890,0.083
1761142317.972471,0,0.001373,-0.001897,1.152471,-2.311,1.870,0.081,0.001373,-0.001897,1.152471,-2.311,1.870,0.081
1761142318.039052,0,0.001392,-0.001913,1.152380,-2.407,1.849,0.080,0.001392,-0.001913,1.152380,-2.407,1.849,0.080
1761142318.106569,0,0.001352,-0.001887,1.152033,-2.397,1.949,0.081,0.001352,-0.001887,1.152033,-2.397,1.949,0.081
1761142318.163213,0,0.001430,-0.001878,1.156211,-2.053,1.030,0.085,0.001430,-0.001878,1.156211,-2.053,1.030,0.085
1761142318.218405,0,0.001404,-0.001881,1.162777,-2.016,1.280,0.114,0.001404,-0.001881,1.162777,-2.016,1.280,0.114
1761142318.271170,0,0.001433,-0.001910,1.155807,-2.632,1.131,0.080,0.001433,-0.001910,1.155807,-2.632,1.131,0.080
1761142318.335969,0,0.001340,-0.001851,1.150815,-2.347,2.033,0.073,0.001340,-0.001851,1.150815,-2.347,2.033,0.073
1761142318.392860,0,0.001408,-0.001843,1.148676,-2.584,2.002,0.069,0.001408,-0.001843,1.148676,-2.584,2.002,0.069
1761142318.445204,0,0.001428,-0.001913,1.155420,-2.353,1.156,0.094,0.001428,-0.001913,1.155420,-2.353,1.156,0.094
1761142318.507382,0,0.001424,-0.001914,1.155485,-2.363,1.158,0.091,0.001424,-0.001914,1.155485,-2.363,1.158,0.091
1761142318.563077,0,0.001443,-0.001925,1.155286,-2.440,1.161,0.088,0.001443,-0.001925,1.155286,-2.440,1.161,0.088
1761142318.622393,0,0.001416,-0.001936,1.155090,-2.482,1.276,0.085,0.001416,-0.001936,1.155090,-2.482,1.276,0.085
1761142318.685437,0,0.001427,-0.001918,1.155224,-2.477,1.201,0.085,0.001427,-0.001918,1.155224,-2.477,1.201,0.085
1761142318.756846,0,0.001444,-0.001906,1.155252,-2.287,1.151,0.095,0.001444,-0.001906,1.155252,-2.287,1.151,0.095
1761142318.818978,0,0.001417,-0.001887,1.155340,-2.192,1.251,0.091,0.001417,-0.001887,1.155340,-2.192,1.251,0.091
1761142318.876724,0,0.001422,-0.001885,1.155323,-2.201,1.315,0.095,0.001422,-0.001885,1.155323,-2.201,1.315,0.095
1761142318.933919,0,0.001409,-0.001909,1.155334,-2.342,1.232,0.089,0.001409,-0.001909,1.155334,-2.342,1.232,0.089
1761142318.989356,0,0.001425,-0.001901,1.155287,-2.315,1.126,0.093,0.001425,-0.001901,1.155287,-2.315,1.126,0.093
1761142319.056133,0,0.001413,-0.001870,1.155377,-2.133,1.258,0.098,0.001413,-0.001870,1.155377,-2.133,1.258,0.098
1761142319.114316,0,0.001435,-0.001914,1.155271,-2.379,1.146,0.089,0.001435,-0.001914,1.155271,-2.379,1.146,0.089
1761142319.180883,0,0.001429,-0.001904,1.155331,-2.336,1.196,0.098,0.001429,-0.001904,1.155331,-2.336,1.196,0.098
1761142319.243449,0,0.001405,-0.001909,1.155393,-2.351,1.154,0.086,0.001405,-0.001909,1.155393,-2.351,1.154,0.086
1761142319.300273,0,0.001402,-0.001888,1.155338,-2.253,1.279,0.087,0.001402,-0.001888,1.155338,-2.253,1.279,0.087
1761142319.362811,0,0.001418,-0.001929,1.155221,-2.498,1.218,0.088,0.001418,-0.001929,1.155221,-2.498,1.218,0.088
1761142319.434339,0,0.001393,-0.001911,1.155242,-2.415,1.399,0.079,0.001393,-0.001911,1.155242,-2.415,1.399,0.079
1761142319.505409,0,0.001411,-0.001898,1.155352,-2.293,1.201,0.087,0.001411,-0.001898,1.155352,-2.293,1.201,0.087
1761142319.574008,0,0.001401,-0.001901,1.155323,-2.354,1.276,0.089,0.001401,-0.001901,1.155323,-2.354,1.276,0.089
1761142319.643742,0,0.001431,-0.001910,1.155355,-2.329,1.100,0.091,0.001431,-0.001910,1.155355,-2.329,1.100,0.091
1761142319.715440,0,0.001409,-0.001897,1.155297,-2.347,1.273,0.088,0.001409,-0.001897,1.155297,-2.347,1.273,0.088
1761142319.792710,0,0.001413,-0.001889,1.155347,-2.273,1.205,0.090,0.001413,-0.001889,1.155347,-2.273,1.205,0.090
1761142319.861436,0,0.001432,-0.001905,1.155285,-2.406,1.192,0.081,0.001432,-0.001905,1.155285,-2.406,1.192,0.081
1761142319.924556,0,0.001415,-0.001874,1.155409,-2.216,1.253,0.092,0.001415,-0.001874,1.155409,-2.216,1.253,0.092
1761142319.986238,0,0.001418,-0.001916,1.155314,-2.449,1.180,0.092,0.001418,-0.001916,1.155314,-2.449,1.180,0.092
1761142320.049246,0,0.001406,-0.001881,1.155353,-2.294,1.276,0.088,0.001406,-0.001881,1.155353,-2.294,1.276,0.088
1761142320.108669,0,0.001419,-0.001899,1.155346,-2.354,1.189,0.087,0.001419,-0.001899,1.155346,-2.354,1.189,0.087
1761142320.179940,0,0.001432,-0.001874,1.155347,-2.098,1.178,0.098,0.001432,-0.001874,1.155347,-2.098,1.178,0.098
1761142320.240468,0,0.001430,-0.001908,1.155338,-2.380,1.154,0.091,0.001430,-0.001908,1.155338,-2.380,1.154,0.091
1761142320.298291,0,0.001409,-0.001872,1.155336,-2.144,1.341,0.093,0.001409,-0.001872,1.155336,-2.144,1.341,0.093
1761142320.360196,0,0.001419,-0.001901,1.155249,-2.390,1.292,0.085,0.001419,-0.001901,1.155249,-2.390,1.292,0.085
1761142320.425478,0,0.001415,-0.001890,1.155292,-2.281,1.260,0.088,0.001415,-0.001890,1.155292,-2.281,1.260,0.088
1761142320.485048,0,0.001404,-0.001911,1.155295,-2.336,1.260,0.090,0.001404,-0.001911,1.155295,-2.336,1.260,0.090
1761142320.545000,0,0.001419,-0.001908,1.155304,-2.387,1.271,0.087,0.001419,-0.001908,1.155304,-2.387,1.271,0.087
1761142320.610916,0,0.001420,-0.001875,1.155447,-2.155,1.204,0.097,0.001420,-0.001875,1.155447,-2.155,1.204,0.097
1761142320.674138,0,0.001444,-0.001930,1.155272,-2.451,1.103,0.094,0.001444,-0.001930,1.155272,-2.451,1.103,0.094
1761142320.739048,0,0.001446,-0.001916,1.155299,-2.312,1.082,0.088,0.001446,-0.001916,1.155299,-2.312,1.082,0.088
1761142320.798015,0,0.001417,-0.001905,1.155328,-2.403,1.242,0.088,0.001417,-0.001905,1.155328,-2.403,1.242,0.088
1761142320.860184,0,0.001450,-0.001892,1.155368,-2.258,1.064,0.101,0.001450,-0.001892,1.155368,-2.258,1.064,0.101
1761142320.921724,0,0.001424,-0.001909,1.155254,-2.377,1.225,0.088,0.001424,-0.001909,1.155254,-2.377,1.225,0.088
1761142320.979580,0,0.001420,-0.001923,1.155235,-2.442,1.300,0.084,0.001420,-0.001923,1.155235,-2.442,1.300,0.084
1761142321.042557,0,0.001398,-0.001924,1.155222,-2.445,1.365,0.077,0.001398,-0.001924,1.155222,-2.445,1.365,0.077
1761142321.106593,0,0.001407,-0.001910,1.155320,-2.363,1.255,0.092,0.001407,-0.001910,1.155320,-2.363,1.255,0.092
1761142321.168021,0,0.001433,-0.001902,1.155343,-2.315,1.115,0.099,0.001433,-0.001902,1.155343,-2.315,1.115,0.099
1761142321.229633,0,0.001412,-0.001888,1.155406,-2.299,1.208,0.091,0.001412,-0.001888,1.155406,-2.299,1.208,0.091
1761142321.291214,0,0.001420,-0.001878,1.155453,-2.199,1.195,0.093,0.001420,-0.001878,1.155453,-2.199,1.195,0.093
1761142321.349943,0,0.001410,-0.001895,1.155362,-2.356,1.258,0.089,0.001410,-0.001895,1.155362,-2.356,1.258,0.089
1761142321.406226,0,0.001400,-0.001897,1.155437,-2.392,1.272,0.077,0.001400,-0.001897,1.155437,-2.392,1.272,0.077
1761142321.467167,0,0.001415,-0.001920,1.155278,-2.387,1.200,0.084,0.001415,-0.001920,1.155278,-2.387,1.200,0.084
1761142321.524652,0,0.001394,-0.001892,1.155388,-2.310,1.297,0.087,0.001394,-0.001892,1.155388,-2.310,1.297,0.087
1761142321.585853,0,0.001386,-0.001884,1.155386,-2.312,1.354,0.084,0.001386,-0.001884,1.155386,-2.312,1.354,0.084
1761142321.648923,0,0.001398,-0.001888,1.155399,-2.258,1.253,0.089,0.001398,-0.001888,1.155399,-2.258,1.253,0.089
1761142321.709014,0,0.001398,-0.001901,1.155421,-2.330,1.267,0.087,0.001398,-0.001901,1.155421,-2.330,1.267,0.087
1761142321.770160,0,0.001422,-0.001906,1.155387,-2.328,1.180,0.088,0.001422,-0.001906,1.155387,-2.328,1.180,0.088
1761142321.826765,0,0.001424,-0.001874,1.155497,-2.172,1.176,0.094,0.001424,-0.001874,1.155497,-2.172,1.176,0.094
1761142321.883782,0,0.001414,-0.001907,1.155391,-2.334,1.203,0.092,0.001414,-0.001907,1.155391,-2.334,1.203,0.092
1761142321.940563,0,0.001421,-0.001913,1.155395,-2.357,1.135,0.093,0.001421,-0.001913,1.155395,-2.357,1.135,0.093
1761142321.999560,0,0.001419,-0.001884,1.155450,-2.288,1.187,0.093,0.001419,-0.001884,1.155450,-2.288,1.187,0.093
1761142322.062876,0,0.001424,-0.001899,1.155466,-2.280,1.163,0.088,0.001424,-0.001899,1.155466,-2.280,1.163,0.088
1761142322.120199,0,0.001412,-0.001914,1.155416,-2.425,1.181,0.090,0.001412,-0.001914,1.155416,-2.425,1.181,0.090
1761142322.179643,0,0.001430,-0.001894,1.155505,-2.238,1.084,0.089,0.001430,-0.001894,1.155505,-2.238,1.084,0.089
1761142322.246630,0,0.001399,-0.001914,1.155328,-2.432,1.378,0.085,0.001399,-0.001914,1.155328,-2.432,1.378,0.085
1761142322.313256,0,0.001405,-0.001902,1.155394,-2.349,1.256,0.089,0.001405,-0.001902,1.155394,-2.349,1.256,0.089
1761142322.369055,0,0.001405,-0.001919,1.155286,-2.368,1.232,0.083,0.001405,-0.001919,1.155286,-2.368,1.232,0.083
1761142322.424188,0,0.001419,-0.001893,1.155464,-2.300,1.181,0.096,0.001419,-0.001893,1.155464,-2.300,1.181,0.096
1761142322.484426,0,0.001402,-0.001897,1.155424,-2.321,1.257,0.085,0.001402,-0.001897,1.155424,-2.321,1.257,0.085
1761142322.542231,0,0.001424,-0.001914,1.155383,-2.402,1.123,0.088,0.001424,-0.001914,1.155383,-2.402,1.123,0.088
1761142322.600177,0,0.001398,-0.001913,1.155404,-2.405,1.259,0.083,0.001398,-0.001913,1.155404,-2.405,1.259,0.083
1761142322.668940,0,0.001397,-0.001928,1.155336,-2.490,1.229,0.082,0.001397,-0.001928,1.155336,-2.490,1.229,0.082
1761142322.733643,0,0.001412,-0.001911,1.155461,-2.373,1.128,0.088,0.001412,-0.001911,1.155461,-2.373,1.128,0.088
1761142322.792848,0,0.001399,-0.001914,1.155390,-2.435,1.223,0.077,0.001399,-0.001914,1.155390,-2.435,1.223,0.077
1761142322.850007,0,0.001416,-0.001928,1.155247,-2.508,1.233,0.087,0.001416,-0.001928,1.155247,-2.508,1.233,0.087
1761142322.908547,0,0.001404,-0.001895,1.155386,-2.250,1.170,0.094,0.001404,-0.001895,1.155386,-2.250,1.170,0.094
1761142322.965530,0,0.001423,-0.001920,1.155420,-2.318,1.048,0.085,0.001423,-0.001920,1.155420,-2.318,1.048,0.085
1761142323.025846,0,0.001415,-0.001889,1.155497,-2.199,1.182,0.089,0.001415,-0.001889,1.155497,-2.199,1.182,0.089
1761142323.083379,0,0.001433,-0.001928,1.155371,-2.435,1.039,0.081,0.001433,-0.001928,1.155371,-2.435,1.039,0.081
1761142323.150117,0,0.001408,-0.001927,1.155253,-2.474,1.261,0.085,0.001408,-0.001927,1.155253,-2.474,1.261,0.085
1761142323.211902,0,0.001416,-0.001894,1.155394,-2.286,1.221,0.090,0.001416,-0.001894,1.155394,-2.286,1.221,0.090
1761142323.270824,0,0.001425,-0.001911,1.155386,-2.321,1.091,0.094,0.001425,-0.001911,1.155386,-2.321,1.091,0.094
1761142323.339725,0,0.001428,-0.001895,1.155473,-2.273,1.102,0.093,0.001428,-0.001895,1.155473,-2.273,1.102,0.093
1761142323.400183,0,0.001394,-0.001923,1.155430,-2.499,1.281,0.079,0.001394,-0.001923,1.155430,-2.499,1.281,0.079
1761142323.461167,0,0.001411,-0.001923,1.155393,-2.487,1.125,0.081,0.001411,-0.001923,1.155393,-2.487,1.125,0.081
1761142323.525978,0,0.001405,-0.001882,1.155422,-2.230,1.206,0.093,0.001405,-0.001882,1.155422,-2.230,1.206,0.093
1761142323.583651,0,0.001411,-0.001887,1.155389,-2.297,1.215,0.095,0.001411,-0.001887,1.155389,-2.297,1.215,0.095
1761142323.644830,0,0.001429,-0.001908,1.155353,-2.403,1.155,0.085,0.001429,-0.001908,1.155353,-2.403,1.155,0.085
1761142323.704797,0,0.001417,-0.001905,1.155388,-2.413,1.209,0.097,0.001417,-0.001905,1.155388,-2.413,1.209,0.097
1761142323.767657,0,0.001432,-0.001906,1.155351,-2.326,1.110,0.093,0.001432,-0.001906,1.155351,-2.326,1.110,0.093
1761142323.826433,0,0.001414,-0.001898,1.155420,-2.297,1.161,0.094,0.001414,-0.001898,1.155420,-2.297,1.161,0.094
1761142323.888456,0,0.001416,-0.001920,1.155288,-2.388,1.166,0.089,0.001416,-0.001920,1.155288,-2.388,1.166,0.089
1761142323.954032,0,0.001423,-0.001878,1.155296,-2.135,1.166,0.101,0.001423,-0.001878,1.155296,-2.135,1.166,0.101
1761142324.009135,0,0.001406,-0.001897,1.155303,-2.296,1.197,0.097,0.001406,-0.001897,1.155303,-2.296,1.197,0.097
1761142324.070819,0,0.001449,-0.001934,1.155300,-2.275,0.992,0.096,0.001449,-0.001934,1.155300,-2.275,0.992,0.096
1761142324.133541,0,0.001378,-0.001946,1.155141,-2.363,1.329,0.077,0.001378,-0.001946,1.155141,-2.363,1.329,0.077
1761142324.198297,0,0.001411,-0.001911,1.155341,-2.306,1.110,0.094,0.001411,-0.001911,1.155341,-2.306,1.110,0.094
1761142324.260270,0,0.001418,-0.001906,1.155322,-2.242,1.061,0.099,0.001418,-0.001906,1.155322,-2.242,1.061,0.099
1761142324.319692,0,0.001411,-0.001894,1.155375,-2.292,1.198,0.092,0.001411,-0.001894,1.155375,-2.292,1.198,0.092
1761142324.388346,0,0.001405,-0.001928,1.155218,-2.295,1.165,0.094,0.001405,-0.001928,1.155218,-2.295,1.165,0.094
1761142324.445227,0,0.001385,-0.001946,1.155118,-2.304,1.258,0.079,0.001385,-0.001946,1.155118,-2.304,1.258,0.079
1761142324.501904,0,0.001384,-0.001932,1.155170,-2.209,1.327,0.087,0.001384,-0.001932,1.155170,-2.209,1.327,0.087
1761142324.918006,0,0.001403,-0.001921,1.155428,-2.339,0.998,0.093,0.001403,-0.001921,1.155428,-2.339,0.998,0.093
1761142324.995135,0,0.001397,-0.001891,1.155491,-2.287,1.126,0.097,0.001397,-0.001891,1.155491,-2.287,1.126,0.097
1761142325.066243,0,0.001391,-0.001932,1.155259,-2.385,1.199,0.095,0.001391,-0.001932,1.155259,-2.385,1.199,0.095
1761142325.140341,0,0.001401,-0.001913,1.155350,-2.270,1.140,0.091,0.001401,-0.001913,1.155350,-2.270,1.140,0.091
1761142325.212796,0,0.001411,-0.001890,1.155480,-2.299,1.174,0.087,0.001411,-0.001890,1.155480,-2.299,1.174,0.087
1761142325.277250,0,0.001400,-0.001887,1.155445,-2.349,1.299,0.089,0.001400,-0.001887,1.155445,-2.349,1.299,0.089
1761142325.338284,0,0.001414,-0.001872,1.155438,-2.164,1.216,0.101,0.001414,-0.001872,1.155438,-2.164,1.216,0.101
1761142325.401564,0,0.001406,-0.001890,1.155319,-2.246,1.123,0.097,0.001406,-0.001890,1.155319,-2.246,1.123,0.097
1761142325.459748,0,0.001400,-0.001887,1.155411,-2.236,1.225,0.094,0.001400,-0.001887,1.155411,-2.236,1.225,0.094
1761142325.522209,0,0.001410,-0.001906,1.155340,-2.333,1.194,0.097,0.001410,-0.001906,1.155340,-2.333,1.194,0.097
1761142325.584860,0,0.001425,-0.001903,1.155370,-2.284,1.115,0.093,0.001425,-0.001903,1.155370,-2.284,1.115,0.093
1761142325.648797,0,0.001412,-0.001878,1.155394,-2.245,1.206,0.088,0.001412,-0.001878,1.155394,-2.245,1.206,0.088
1761142325.715633,0,0.001421,-0.001897,1.155340,-2.265,1.146,0.099,0.001421,-0.001897,1.155340,-2.265,1.146,0.099
1761142325.774660,0,0.001421,-0.001906,1.155310,-2.402,1.179,0.085,0.001421,-0.001906,1.155310,-2.402,1.179,0.085
1761142325.846704,0,0.001408,-0.001907,1.155438,-2.346,1.199,0.088,0.001408,-0.001907,1.155438,-2.346,1.199,0.088
1761142325.905273,0,0.001411,-0.001902,1.155299,-2.376,1.226,0.090,0.001411,-0.001902,1.155299,-2.376,1.226,0.090
1761142325.969970,0,0.001413,-0.001910,1.155426,-2.404,1.140,0.090,0.001413,-0.001910,1.155426,-2.404,1.140,0.090
1761142326.035706,0,0.001408,-0.001919,1.155341,-2.422,1.208,0.094,0.001408,-0.001919,1.155341,-2.422,1.208,0.094
1761142326.097954,0,0.001408,-0.001890,1.155494,-2.268,1.224,0.091,0.001408,-0.001890,1.155494,-2.268,1.224,0.091
1761142326.157665,0,0.001412,-0.001908,1.155377,-2.351,1.203,0.088,0.001412,-0.001908,1.155377,-2.351,1.203,0.088
1761142326.217876,0,0.001394,-0.001895,1.155427,-2.375,1.320,0.087,0.001394,-0.001895,1.155427,-2.375,1.320,0.087
1761142326.289287,0,0.001429,-0.001901,1.155404,-2.302,1.083,0.096,0.001429,-0.001901,1.155404,-2.302,1.083,0.096
1761142326.353162,0,0.001428,-0.001904,1.155360,-2.350,1.124,0.092,0.001428,-0.001904,1.155360,-2.350,1.124,0.092
1761142326.415032,0,0.001410,-0.001890,1.155365,-2.306,1.197,0.096,0.001410,-0.001890,1.155365,-2.306,1.197,0.096
1761142326.481380,0,0.001400,-0.001918,1.155222,-2.511,1.256,0.083,0.001400,-0.001918,1.155222,-2.511,1.256,0.083
1761142326.547399,0,0.001393,-0.001875,1.155267,-2.219,1.341,0.089,0.001393,-0.001875,1.155267,-2.219,1.341,0.089
1761142326.610093,0,0.001422,-0.001891,1.155352,-2.318,1.125,0.093,0.001422,-0.001891,1.155352,-2.318,1.125,0.093
1761142326.675610,0,0.001429,-0.001919,1.155211,-2.372,1.108,0.090,0.001429,-0.001919,1.155211,-2.372,1.108,0.090
1761142326.733872,0,0.001419,-0.001888,1.155369,-2.235,1.101,0.096,0.001419,-0.001888,1.155369,-2.235,1.101,0.096
1761142326.791572,0,0.001425,-0.001886,1.155322,-2.237,1.133,0.098,0.001425,-0.001886,1.155322,-2.237,1.133,0.098
1761142326.853559,0,0.001426,-0.001905,1.155284,-2.317,1.079,0.092,0.001426,-0.001905,1.155284,-2.317,1.079,0.092
1761142326.917628,0,0.001386,-0.001912,1.155133,-2.221,1.391,0.084,0.001386,-0.001912,1.155133,-2.221,1.391,0.084
1761142326.972332,0,0.001410,-0.001915,1.155324,-2.321,1.173,0.091,0.001410,-0.001915,1.155324,-2.321,1.173,0.091
1761142327.034768,0,0.001399,-0.001898,1.155173,-2.251,1.250,0.086,0.001399,-0.001898,1.155173,-2.251,1.250,0.086
1761142327.102192,0,0.001387,-0.001887,1.155280,-2.300,1.268,0.093,0.001387,-0.001887,1.155280,-2.300,1.268,0.093
1761142327.164100,0,0.001347,-0.001907,1.155005,-2.192,1.483,0.081,0.001347,-0.001907,1.155005,-2.192,1.483,0.081
1761142327.225984,0,0.001412,-0.001915,1.155187,-2.275,1.116,0.086,0.001412,-0.001915,1.155187,-2.275,1.116,0.086
1761142327.295403,0,0.001413,-0.001883,1.155253,-2.235,1.138,0.087,0.001413,-0.001883,1.155253,-2.235,1.138,0.087
1761142327.358149,0,0.001403,-0.001902,1.155241,-2.311,1.183,0.091,0.001403,-0.001902,1.155241,-2.311,1.183,0.091
1761142327.416331,0,0.001406,-0.001898,1.155122,-2.222,1.208,0.089,0.001406,-0.001898,1.155122,-2.222,1.208,0.089
1761142327.476777,0,0.001406,-0.001894,1.155200,-2.344,1.155,0.083,0.001406,-0.001894,1.155200,-2.344,1.155,0.083
1761142327.541826,0,0.001364,-0.001929,1.154987,-2.233,1.385,0.073,0.001364,-0.001929,1.154987,-2.233,1.385,0.073
1761142327.611344,0,0.001412,-0.001899,1.155227,-2.341,1.080,0.092,0.001412,-0.001899,1.155227,-2.341,1.080,0.092
1761142327.670277,0,0.001406,-0.001878,1.155271,-2.213,1.170,0.094,0.001406,-0.001878,1.155271,-2.213,1.170,0.094
1761142327.737130,0,0.001421,-0.001909,1.155085,-2.153,1.110,0.096,0.001421,-0.001909,1.155085,-2.153,1.110,0.096
1761142327.795587,0,0.001401,-0.001904,1.155093,-2.307,1.177,0.100,0.001401,-0.001904,1.155093,-2.307,1.177,0.100
1761142327.856295,0,0.001431,-0.001884,1.155188,-2.316,1.062,0.097,0.001431,-0.001884,1.155188,-2.316,1.062,0.097
1761142327.917301,0,0.001452,-0.001892,1.155289,-2.291,0.891,0.104,0.001452,-0.001892,1.155289,-2.291,0.891,0.104
1761142327.976868,0,0.001363,-0.001915,1.154971,-2.236,1.471,0.080,0.001363,-0.001915,1.154971,-2.236,1.471,0.080
1761142328.041885,0,0.001436,-0.001899,1.155137,-2.344,1.010,0.090,0.001436,-0.001899,1.155137,-2.344,1.010,0.090
1761142328.100317,0,0.001405,-0.001893,1.155174,-2.308,1.150,0.097,0.001405,-0.001893,1.155174,-2.308,1.150,0.097
1761142328.160834,0,0.001412,-0.001891,1.155224,-2.256,1.157,0.096,0.001412,-0.001891,1.155224,-2.256,1.157,0.096
1761142328.215068,0,0.001385,-0.001913,1.155034,-2.193,1.311,0.079,0.001385,-0.001913,1.155034,-2.193,1.311,0.079
1761142328.273819,0,0.001454,-0.001889,1.155360,-2.185,0.851,0.107,0.001454,-0.001889,1.155360,-2.185,0.851,0.107
1761142328.506573,0,0.001402,-0.001892,1.155085,-2.323,1.262,0.087,0.001402,-0.001892,1.155085,-2.323,1.262,0.087
1761142328.571231,0,0.001376,-0.001884,1.155246,-2.255,1.408,0.082,0.001376,-0.001884,1.155246,-2.255,1.408,0.082
1761142328.628958,0,0.001371,-0.001861,1.155138,-2.086,1.395,0.098,0.001371,-0.001861,1.155138,-2.086,1.395,0.098
1761142328.690750,0,0.001378,-0.001865,1.155180,-2.119,1.329,0.088,0.001378,-0.001865,1.155180,-2.119,1.329,0.088
1761142329.942482,0,0.001329,-0.001881,1.152402,-2.170,1.895,0.077,0.001329,-0.001881,1.152402,-2.170,1.895,0.077
1761142353.222722,0,0.006852,-0.001691,1.155375,-2.314,1.585,-2.240,0.006852,-0.001691,1.155375,-2.314,1.585,-2.240
1761142353.296494,0,0.006854,-0.001677,1.155403,-2.148,1.529,-2.233,0.006854,-0.001677,1.155403,-2.148,1.529,-2.233
1761142353.369905,0,0.006853,-0.001682,1.155320,-2.119,1.519,-2.242,0.006853,-0.001682,1.155320,-2.119,1.519,-2.242
1761142353.446319,0,0.006853,-0.001668,1.155462,-2.023,1.513,-2.237,0.006853,-0.001668,1.155462,-2.023,1.513,-2.237
1761142353.507344,0,0.006839,-0.001680,1.155355,-2.162,1.597,-2.241,0.006839,-0.001680,1.155355,-2.162,1.597,-2.241
1761142353.572598,0,0.006826,-0.001696,1.155336,-2.311,1.649,-2.258,0.006826,-0.001696,1.155336,-2.311,1.649,-2.258
1761142353.641099,0,0.006843,-0.001682,1.155373,-2.194,1.559,-2.243,0.006843,-0.001682,1.155373,-2.194,1.559,-2.243
1761142353.702596,0,0.006830,-0.001690,1.155348,-2.234,1.655,-2.255,0.006830,-0.001690,1.155348,-2.234,1.655,-2.255
1761142353.765989,0,0.006828,-0.001690,1.155302,-2.217,1.608,-2.245,0.006828,-0.001690,1.155302,-2.217,1.608,-2.245
1761142353.835918,0,0.006830,-0.001668,1.155362,-2.088,1.599,-2.246,0.006830,-0.001668,1.155362,-2.088,1.599,-2.246
1761142353.895066,0,0.006820,-0.001692,1.155106,-2.209,1.649,-2.257,0.006820,-0.001692,1.155106,-2.209,1.649,-2.257
1761142353.952487,0,0.006841,-0.001700,1.155081,-2.209,1.557,-2.241,0.006841,-0.001700,1.155081,-2.209,1.557,-2.241
1761142354.010416,0,0.006824,-0.001692,1.154952,-2.281,1.640,-2.252,0.006824,-0.001692,1.154952,-2.281,1.640,-2.252
1761142354.077043,0,0.006824,-0.001692,1.155027,-2.267,1.635,-2.246,0.006824,-0.001692,1.155027,-2.267,1.635,-2.246
1761142354.132575,0,0.006827,-0.001667,1.154875,-2.159,1.704,-2.243,0.006827,-0.001667,1.154875,-2.159,1.704,-2.243
1761142354.188973,0,0.006842,-0.001706,1.151324,-2.806,1.685,-2.260,0.006842,-0.001706,1.151324,-2.806,1.685,-2.260
1761142354.248173,0,0.006844,-0.001644,1.151912,-2.158,1.651,-2.236,0.006844,-0.001644,1.151912,-2.158,1.651,-2.236
1761142354.305991,0,0.006835,-0.001647,1.151918,-2.100,1.504,-2.234,0.006835,-0.001647,1.151918,-2.100,1.504,-2.234
1761142354.366303,0,0.006825,-0.001630,1.151772,-2.031,1.571,-2.233,0.006825,-0.001630,1.151772,-2.031,1.571,-2.233
1761142354.423207,0,0.006839,-0.001646,1.151861,-2.139,1.489,-2.243,0.006839,-0.001646,1.151861,-2.139,1.489,-2.243
1761142354.483083,0,0.006841,-0.001682,1.151666,-2.292,1.412,-2.248,0.006841,-0.001682,1.151666,-2.292,1.412,-2.248
1761142354.539546,0,0.006796,-0.001635,1.151920,-1.992,1.629,-2.245,0.006796,-0.001635,1.151920,-1.992,1.629,-2.245
1761142354.596407,0,0.006824,-0.001648,1.151725,-2.096,1.558,-2.245,0.006824,-0.001648,1.151725,-2.096,1.558,-2.245
1761142354.652901,0,0.006844,-0.001665,1.151719,-2.263,1.536,-2.256,0.006844,-0.001665,1.151719,-2.263,1.536,-2.256
1761142354.712016,0,0.006833,-0.001649,1.151848,-2.080,1.563,-2.245,0.006833,-0.001649,1.151848,-2.080,1.563,-2.245
1761142354.770341,0,0.006862,-0.001625,1.151954,-1.993,1.411,-2.233,0.006862,-0.001625,1.151954,-1.993,1.411,-2.233
1761142354.833502,0,0.006831,-0.001670,1.151974,-2.307,1.611,-2.250,0.006831,-0.001670,1.151974,-2.307,1.611,-2.250
1761142354.901750,0,0.006838,-0.001639,1.151982,-2.126,1.677,-2.246,0.006838,-0.001639,1.151982,-2.126,1.677,-2.246
1761142354.961175,0,0.006841,-0.001657,1.151913,-2.179,1.653,-2.238,0.006841,-0.001657,1.151913,-2.179,1.653,-2.238
1761142355.021147,0,0.006816,-0.001681,1.151853,-2.356,1.654,-2.253,0.006816,-0.001681,1.151853,-2.356,1.654,-2.253
1761142355.083744,0,0.006827,-0.001667,1.151874,-2.194,1.618,-2.246,0.006827,-0.001667,1.151874,-2.194,1.618,-2.246
1761142355.146198,0,0.006816,-0.001659,1.151808,-2.173,1.690,-2.251,0.006816,-0.001659,1.151808,-2.173,1.690,-2.251
1761142355.204208,0,0.006835,-0.001631,1.151878,-1.976,1.538,-2.234,0.006835,-0.001631,1.151878,-1.976,1.538,-2.234
1761142355.258520,0,0.006820,-0.001666,1.151800,-2.166,1.589,-2.261,0.006820,-0.001666,1.151800,-2.166,1.589,-2.261
1761142355.325548,0,0.006787,-0.001685,1.151713,-2.311,1.672,-2.265,0.006787,-0.001685,1.151713,-2.311,1.672,-2.265
1761142355.383914,0,0.006818,-0.001652,1.151769,-2.014,1.507,-2.238,0.006818,-0.001652,1.151769,-2.014,1.507,-2.238
1761142355.444177,0,0.006807,-0.001650,1.151664,-2.011,1.539,-2.242,0.006807,-0.001650,1.151664,-2.011,1.539,-2.242
1761142355.507376,0,0.006823,-0.001664,1.151766,-2.247,1.469,-2.247,0.006823,-0.001664,1.151766,-2.247,1.469,-2.247
1761142355.563404,0,0.006859,-0.001675,1.151926,-2.256,1.321,-2.239,0.006859,-0.001675,1.151926,-2.256,1.321,-2.239
1761142355.618332,0,0.006862,-0.001644,1.152058,-2.124,1.435,-2.239,0.006862,-0.001644,1.152058,-2.124,1.435,-2.239
1761142355.675671,0,0.006867,-0.001641,1.152167,-2.095,1.399,-2.242,0.006867,-0.001641,1.152167,-2.095,1.399,-2.242
1761142355.733124,0,0.006874,-0.001657,1.152042,-2.174,1.373,-2.241,0.006874,-0.001657,1.152042,-2.174,1.373,-2.241
1761142355.790908,0,0.006874,-0.001661,1.152009,-2.140,1.384,-2.236,0.006874,-0.001661,1.152009,-2.140,1.384,-2.236
1761142355.852207,0,0.006850,-0.001633,1.152070,-2.030,1.441,-2.234,0.006850,-0.001633,1.152070,-2.030,1.441,-2.234
1761142355.909134,0,0.006831,-0.001643,1.152103,-2.153,1.557,-2.246,0.006831,-0.001643,1.152103,-2.153,1.557,-2.246
1761142355.972400,0,0.006834,-0.001663,1.152111,-2.239,1.463,-2.242,0.006834,-0.001663,1.152111,-2.239,1.463,-2.242
1761142356.033653,0,0.006854,-0.001665,1.152065,-2.292,1.458,-2.246,0.006854,-0.001665,1.152065,-2.292,1.458,-2.246
1761142356.095395,0,0.006856,-0.001652,1.152122,-2.148,1.396,-2.236,0.006856,-0.001652,1.152122,-2.148,1.396,-2.236
1761142356.167316,0,0.006871,-0.001635,1.152162,-1.992,1.346,-2.243,0.006871,-0.001635,1.152162,-1.992,1.346,-2.243
1761142364.196261,0,0.008181,-0.001287,1.150189,-6.335,-7.499,-1.286,0.008181,-0.001287,1.150189,-6.335,-7.499,-1.286
1761142364.269452,0,0.007630,-0.001464,1.152906,-3.269,-3.566,-1.885,0.007630,-0.001464,1.152906,-3.269,-3.566,-1.885
1761142364.338514,0,0.007042,-0.001649,1.152888,-2.625,0.284,-2.180,0.007042,-0.001649,1.152888,-2.625,0.284,-2.180
1761142364.402824,0,0.006870,-0.001687,1.152443,-2.442,1.471,-2.237,0.006870,-0.001687,1.152443,-2.442,1.471,-2.237
1761142364.467763,0,0.006864,-0.001663,1.152400,-2.275,1.616,-2.247,0.006864,-0.001663,1.152400,-2.275,1.616,-2.247
1761142364.536378,0,0.006819,-0.001657,1.152509,-2.195,1.733,-2.240,0.006819,-0.001657,1.152509,-2.195,1.733,-2.240
1761142364.603431,0,0.006835,-0.001673,1.152409,-2.351,1.725,-2.248,0.006835,-0.001673,1.152409,-2.351,1.725,-2.248
1761142364.668303,0,0.006842,-0.001671,1.152391,-2.265,1.637,-2.244,0.006842,-0.001671,1.152391,-2.265,1.637,-2.244
1761142364.741710,0,0.006854,-0.001659,1.152497,-2.242,1.515,-2.238,0.006854,-0.001659,1.152497,-2.242,1.515,-2.238
1761142364.816306,0,0.006845,-0.001680,1.152373,-2.377,1.598,-2.251,0.006845,-0.001680,1.152373,-2.377,1.598,-2.251
1761142364.878103,0,0.006923,-0.001692,1.152713,-2.593,1.035,-2.221,0.006923,-0.001692,1.152713,-2.593,1.035,-2.221
1761142364.947494,0,0.006867,-0.001705,1.156380,-2.071,1.221,-2.236,0.006867,-0.001705,1.156380,-2.071,1.221,-2.236
1761142365.012944,0,0.007044,-0.001590,1.162704,-1.707,0.249,-2.164,0.007044,-0.001590,1.162704,-1.707,0.249,-2.164
1761142365.076627,0,0.007313,-0.001586,1.154784,-3.043,-1.676,-2.045,0.007313,-0.001586,1.154784,-3.043,-1.676,-2.045
1761142365.722114,0,0.007515,-0.001621,1.155327,-3.834,-3.315,-1.922,0.007515,-0.001621,1.155327,-3.834,-3.315,-1.922
1761142365.796249,0,0.006904,-0.001703,1.155133,-2.493,0.896,-2.219,0.006904,-0.001703,1.155133,-2.493,0.896,-2.219
1761142365.867172,0,0.006888,-0.001685,1.155131,-2.344,0.995,-2.213,0.006888,-0.001685,1.155131,-2.344,0.995,-2.213
1761142365.933175,0,0.007106,-0.001657,1.155557,-2.651,-0.408,-2.141,0.007106,-0.001657,1.155557,-2.651,-0.408,-2.141
1761142366.143501,0,0.007006,-0.001706,1.155357,-2.656,0.278,-2.187,0.007006,-0.001706,1.155357,-2.656,0.278,-2.187
1761142366.219971,0,0.006968,-0.001668,1.155296,-2.266,0.640,-2.192,0.006968,-0.001668,1.155296,-2.266,0.640,-2.192
1761142366.361912,0,0.006976,-0.001648,1.155503,-2.194,0.579,-2.184,0.006976,-0.001648,1.155503,-2.194,0.579,-2.184
1761142366.447264,0,0.006863,-0.001663,1.155201,-2.044,1.330,-2.224,0.006863,-0.001663,1.155201,-2.044,1.330,-2.224
1761142366.522985,0,0.006827,-0.001704,1.155062,-2.256,1.576,-2.249,0.006827,-0.001704,1.155062,-2.256,1.576,-2.249
1761142366.597661,0,0.006806,-0.001699,1.155127,-2.198,1.612,-2.249,0.006806,-0.001699,1.155127,-2.198,1.612,-2.249
1761142366.674190,0,0.006800,-0.001695,1.155153,-2.180,1.678,-2.244,0.006800,-0.001695,1.155153,-2.180,1.678,-2.244
1761142366.745857,0,0.006812,-0.001708,1.155089,-2.244,1.565,-2.248,0.006812,-0.001708,1.155089,-2.244,1.565,-2.248
1761142366.827333,0,0.006808,-0.001704,1.155093,-2.293,1.606,-2.249,0.006808,-0.001704,1.155093,-2.293,1.606,-2.249
1761142366.897583,0,0.006811,-0.001694,1.155062,-2.269,1.681,-2.246,0.006811,-0.001694,1.155062,-2.269,1.681,-2.246
1761142366.969251,0,0.006838,-0.001696,1.155114,-2.201,1.552,-2.245,0.006838,-0.001696,1.155114,-2.201,1.552,-2.245
1761142367.048209,0,0.006842,-0.001706,1.155129,-2.316,1.454,-2.240,0.006842,-0.001706,1.155129,-2.316,1.454,-2.240
1761142367.118361,0,0.006838,-0.001696,1.155088,-2.238,1.465,-2.243,0.006838,-0.001696,1.155088,-2.238,1.465,-2.243
1761142367.187958,0,0.006800,-0.001728,1.155100,-2.412,1.655,-2.252,0.006800,-0.001728,1.155100,-2.412,1.655,-2.252
1761142367.256143,0,0.006826,-0.001697,1.155078,-2.153,1.533,-2.241,0.006826,-0.001697,1.155078,-2.153,1.533,-2.241
1761142367.330410,0,0.006835,-0.001711,1.155054,-2.301,1.481,-2.240,0.006835,-0.001711,1.155054,-2.301,1.481,-2.240
1761142367.405170,0,0.006816,-0.001709,1.154979,-2.265,1.603,-2.250,0.006816,-0.001709,1.154979,-2.265,1.603,-2.250
1761142367.477684,0,0.006812,-0.001682,1.155106,-2.085,1.563,-2.238,0.006812,-0.001682,1.155106,-2.085,1.563,-2.238
1761142367.545053,0,0.006839,-0.001711,1.155024,-2.278,1.460,-2.241,0.006839,-0.001711,1.155024,-2.278,1.460,-2.241
1761142367.632954,0,0.006843,-0.001672,1.155097,-2.051,1.467,-2.232,0.006843,-0.001672,1.155097,-2.051,1.467,-2.232
1761142367.707591,0,0.006818,-0.001696,1.155108,-2.119,1.553,-2.241,0.006818,-0.001696,1.155108,-2.119,1.553,-2.241
1761142367.787492,0,0.006819,-0.001671,1.155098,-2.085,1.623,-2.242,0.006819,-0.001671,1.155098,-2.085,1.623,-2.242
1761142367.860981,0,0.006823,-0.001705,1.155009,-2.281,1.513,-2.240,0.006823,-0.001705,1.155009,-2.281,1.513,-2.240
1761142367.941875,0,0.006813,-0.001704,1.155066,-2.272,1.659,-2.246,0.006813,-0.001704,1.155066,-2.272,1.659,-2.246
1761142368.035685,0,0.006823,-0.001673,1.155064,-2.143,1.590,-2.241,0.006823,-0.001673,1.155064,-2.143,1.590,-2.241
1761142368.109475,0,0.006817,-0.001689,1.154988,-2.258,1.621,-2.250,0.006817,-0.001689,1.154988,-2.258,1.621,-2.250
1761142368.190826,0,0.006823,-0.001680,1.155144,-2.106,1.507,-2.241,0.006823,-0.001680,1.155144,-2.106,1.507,-2.241
1761142368.277918,0,0.006828,-0.001691,1.154970,-2.229,1.545,-2.246,0.006828,-0.001691,1.154970,-2.229,1.545,-2.246
1761142368.360488,0,0.006798,-0.001704,1.155001,-2.253,1.656,-2.245,0.006798,-0.001704,1.155001,-2.253,1.656,-2.245
1761142368.429920,0,0.006882,-0.001667,1.155157,-2.066,1.292,-2.230,0.006882,-0.001667,1.155157,-2.066,1.292,-2.230
1761142368.506428,0,0.006852,-0.001651,1.155090,-1.914,1.405,-2.226,0.006852,-0.001651,1.155090,-1.914,1.405,-2.226
1761142368.575958,0,0.006826,-0.001702,1.155051,-2.171,1.513,-2.238,0.006826,-0.001702,1.155051,-2.171,1.513,-2.238
1761142368.647696,0,0.006827,-0.001684,1.154891,-2.116,1.547,-2.244,0.006827,-0.001684,1.154891,-2.116,1.547,-2.244
1761142368.717154,0,0.006821,-0.001675,1.154992,-2.128,1.642,-2.240,0.006821,-0.001675,1.154992,-2.128,1.642,-2.240
1761142368.784632,0,0.006812,-0.001699,1.155066,-2.233,1.617,-2.245,0.006812,-0.001699,1.155066,-2.233,1.617,-2.245
1761142368.853239,0,0.006814,-0.001713,1.154952,-2.304,1.578,-2.245,0.006814,-0.001713,1.154952,-2.304,1.578,-2.245
1761142368.923180,0,0.006825,-0.001701,1.154989,-2.200,1.585,-2.250,0.006825,-0.001701,1.154989,-2.200,1.585,-2.250
1761142368.993152,0,0.006815,-0.001696,1.154934,-2.234,1.647,-2.243,0.006815,-0.001696,1.154934,-2.234,1.647,-2.243
1761142369.062976,0,0.006808,-0.001666,1.155079,-2.120,1.614,-2.244,0.006808,-0.001666,1.155079,-2.120,1.614,-2.244
1761142369.136530,0,0.006871,-0.001691,1.154982,-2.188,1.355,-2.235,0.006871,-0.001691,1.154982,-2.188,1.355,-2.235
1761142369.205146,0,0.006893,-0.001652,1.155368,-2.133,1.017,-2.205,0.006893,-0.001652,1.155368,-2.133,1.017,-2.205
1761142369.275837,0,0.007120,-0.001641,1.155762,-2.536,-0.411,-2.136,0.007120,-0.001641,1.155762,-2.536,-0.411,-2.136
1761142369.583720,0,0.007466,-0.001559,1.155638,-3.100,-2.775,-1.965,0.007466,-0.001559,1.155638,-3.100,-2.775,-1.965
1761142369.652667,0,0.007027,-0.001690,1.155484,-2.665,0.151,-2.178,0.007027,-0.001690,1.155484,-2.665,0.151,-2.178
1761142369.730780,0,0.006891,-0.001711,1.155259,-2.416,1.000,-2.225,0.006891,-0.001711,1.155259,-2.416,1.000,-2.225
1761142369.803203,0,0.006861,-0.001711,1.155147,-2.338,1.294,-2.229,0.006861,-0.001711,1.155147,-2.338,1.294,-2.229
1761142369.874475,0,0.006961,-0.001713,1.155370,-2.605,0.535,-2.208,0.006961,-0.001713,1.155370,-2.605,0.535,-2.208
1761142369.958585,0,0.006952,-0.001678,1.155398,-2.388,0.566,-2.193,0.006952,-0.001678,1.155398,-2.388,0.566,-2.193
1761142370.040232,0,0.006835,-0.001672,1.155087,-2.096,1.478,-2.238,0.006835,-0.001672,1.155087,-2.096,1.478,-2.238
1761142370.112943,0,0.006822,-0.001686,1.155157,-2.146,1.535,-2.246,0.006822,-0.001686,1.155157,-2.146,1.535,-2.246
1761142370.182367,0,0.006804,-0.001705,1.155066,-2.251,1.579,-2.247,0.006804,-0.001705,1.155066,-2.251,1.579,-2.247
1761142370.258915,0,0.006817,-0.001708,1.155088,-2.184,1.564,-2.247,0.006817,-0.001708,1.155088,-2.184,1.564,-2.247
1761142370.345551,0,0.006818,-0.001684,1.155036,-2.122,1.549,-2.243,0.006818,-0.001684,1.155036,-2.122,1.549,-2.243
1761142370.420942,0,0.006832,-0.001692,1.155091,-2.150,1.507,-2.245,0.006832,-0.001692,1.155091,-2.150,1.507,-2.245
1761142370.498985,0,0.006833,-0.001671,1.155068,-2.036,1.508,-2.239,0.006833,-0.001671,1.155068,-2.036,1.508,-2.239
1761142370.585895,0,0.006818,-0.001696,1.154964,-2.259,1.606,-2.247,0.006818,-0.001696,1.154964,-2.259,1.606,-2.247
1761142370.676687,0,0.006849,-0.001689,1.155089,-2.157,1.450,-2.238,0.006849,-0.001689,1.155089,-2.157,1.450,-2.238
1761142370.749036,0,0.006835,-0.001702,1.155010,-2.267,1.510,-2.246,0.006835,-0.001702,1.155010,-2.267,1.510,-2.246
1761142370.834373,0,0.006851,-0.001720,1.155077,-2.377,1.353,-2.247,0.006851,-0.001720,1.155077,-2.377,1.353,-2.247
1761142370.910917,0,0.007204,-0.001597,1.155772,-2.384,-0.921,-2.096,0.007204,-0.001597,1.155772,-2.384,-0.921,-2.096
1761142370.994035,0,0.007823,-0.001478,1.154720,-4.194,-5.164,-1.725,0.007823,-0.001478,1.154720,-4.194,-5.164,-1.725
1761142371.223287,0,0.006997,-0.001699,1.155492,-2.549,0.349,-2.190,0.006997,-0.001699,1.155492,-2.549,0.349,-2.190
1761142371.298127,0,0.006841,-0.001685,1.155072,-2.122,1.455,-2.234,0.006841,-0.001685,1.155072,-2.122,1.455,-2.234
1761142371.378168,0,0.006806,-0.001702,1.154984,-2.189,1.569,-2.241,0.006806,-0.001702,1.154984,-2.189,1.569,-2.241
1761142371.449342,0,0.006816,-0.001706,1.155021,-2.130,1.512,-2.246,0.006816,-0.001706,1.155021,-2.130,1.512,-2.246
1761142371.521426,0,0.006835,-0.001681,1.155049,-2.130,1.514,-2.237,0.006835,-0.001681,1.155049,-2.130,1.514,-2.237
1761142371.598675,0,0.006837,-0.001682,1.155047,-2.170,1.492,-2.242,0.006837,-0.001682,1.155047,-2.170,1.492,-2.242
1761142371.676730,0,0.006826,-0.001685,1.154925,-2.167,1.541,-2.247,0.006826,-0.001685,1.154925,-2.167,1.541,-2.247
1761142371.746462,0,0.006810,-0.001710,1.154986,-2.246,1.636,-2.249,0.006810,-0.001710,1.154986,-2.246,1.636,-2.249
1761142371.816031,0,0.006830,-0.001700,1.155137,-2.279,1.513,-2.251,0.006830,-0.001700,1.155137,-2.279,1.513,-2.251
1761142371.893551,0,0.006816,-0.001698,1.155071,-2.292,1.613,-2.257,0.006816,-0.001698,1.155071,-2.292,1.613,-2.257
1761142371.965065,0,0.006840,-0.001675,1.155129,-2.162,1.471,-2.243,0.006840,-0.001675,1.155129,-2.162,1.471,-2.243
1761142372.043916,0,0.006829,-0.001699,1.155097,-2.262,1.604,-2.250,0.006829,-0.001699,1.155097,-2.262,1.604,-2.250
1761142372.117193,0,0.006817,-0.001723,1.155027,-2.429,1.602,-2.255,0.006817,-0.001723,1.155027,-2.429,1.602,-2.255
1761142372.185776,0,0.006831,-0.001692,1.155152,-2.186,1.477,-2.246,0.006831,-0.001692,1.155152,-2.186,1.477,-2.246
1761142372.260259,0,0.006912,-0.001655,1.155383,-2.215,1.016,-2.220,0.006912,-0.001655,1.155383,-2.215,1.016,-2.220
1761142372.336546,0,0.007191,-0.001610,1.155859,-2.603,-0.842,-2.105,0.007191,-0.001610,1.155859,-2.603,-0.842,-2.105
1761142372.404965,0,0.007422,-0.001520,1.155849,-2.645,-2.326,-1.994,0.007422,-0.001520,1.155849,-2.645,-2.326,-1.994
1761142372.476452,0,0.007490,-0.001524,1.155782,-2.848,-2.756,-1.964,0.007490,-0.001524,1.155782,-2.848,-2.756,-1.964
1761142372.554092,0,0.007575,-0.001656,1.154957,-4.360,-3.836,-1.889,0.007575,-0.001656,1.154957,-4.360,-3.836,-1.889
1761142372.758468,0,0.006904,-0.001688,1.155347,-2.363,1.017,-2.218,0.006904,-0.001688,1.155347,-2.363,1.017,-2.218
1761142372.830993,0,0.006820,-0.001703,1.155068,-2.298,1.534,-2.244,0.006820,-0.001703,1.155068,-2.298,1.534,-2.244
1761142372.912873,0,0.006823,-0.001703,1.155025,-2.221,1.593,-2.241,0.006823,-0.001703,1.155025,-2.221,1.593,-2.241
1761142372.990483,0,0.006850,-0.001692,1.155053,-2.183,1.404,-2.238,0.006850,-0.001692,1.155053,-2.183,1.404,-2.238
1761142373.065830,0,0.006864,-0.001699,1.154935,-2.227,1.362,-2.233,0.006864,-0.001699,1.154935,-2.227,1.362,-2.233
1761142373.129800,0,0.006850,-0.001684,1.154970,-2.172,1.435,-2.238,0.006850,-0.001684,1.154970,-2.172,1.435,-2.238
1761142373.202495,0,0.006894,-0.001668,1.155179,-2.160,1.156,-2.217,0.006894,-0.001668,1.155179,-2.160,1.156,-2.217
1761142373.267395,0,0.006830,-0.001686,1.155009,-2.170,1.537,-2.244,0.006830,-0.001686,1.155009,-2.170,1.537,-2.244
1761142373.343910,0,0.006841,-0.001683,1.154976,-2.168,1.521,-2.239,0.006841,-0.001683,1.154976,-2.168,1.521,-2.239
1761142373.430444,0,0.006846,-0.001691,1.155012,-2.138,1.406,-2.240,0.006846,-0.001691,1.155012,-2.138,1.406,-2.240
1761142373.511297,0,0.006841,-0.001693,1.155021,-2.171,1.394,-2.240,0.006841,-0.001693,1.155021,-2.171,1.394,-2.240
1761142373.595100,0,0.006840,-0.001696,1.154931,-2.156,1.568,-2.241,0.006840,-0.001696,1.154931,-2.156,1.568,-2.241
1761142373.683705,0,0.006828,-0.001694,1.155011,-2.198,1.549,-2.243,0.006828,-0.001694,1.155011,-2.198,1.549,-2.243
1761142373.753375,0,0.006812,-0.001696,1.154965,-2.237,1.604,-2.244,0.006812,-0.001696,1.154965,-2.237,1.604,-2.244
1761142373.817461,0,0.006814,-0.001688,1.155017,-2.201,1.608,-2.250,0.006814,-0.001688,1.155017,-2.201,1.608,-2.250
1761142373.881979,0,0.006808,-0.001706,1.155022,-2.322,1.594,-2.254,0.006808,-0.001706,1.155022,-2.322,1.594,-2.254
1761142373.952506,0,0.006816,-0.001688,1.155066,-2.190,1.569,-2.248,0.006816,-0.001688,1.155066,-2.190,1.569,-2.248
1761142374.026392,0,0.006820,-0.001711,1.155009,-2.316,1.539,-2.253,0.006820,-0.001711,1.155009,-2.316,1.539,-2.253
1761142374.098809,0,0.006810,-0.001749,1.154976,-2.535,1.562,-2.258,0.006810,-0.001749,1.154976,-2.535,1.562,-2.258
1761142374.179685,0,0.006831,-0.001695,1.155114,-2.231,1.526,-2.248,0.006831,-0.001695,1.155114,-2.231,1.526,-2.248
1761142374.247468,0,0.006850,-0.001658,1.155163,-2.012,1.431,-2.234,0.006850,-0.001658,1.155163,-2.012,1.431,-2.234
1761142374.323202,0,0.006843,-0.001670,1.155063,-2.102,1.522,-2.234,0.006843,-0.001670,1.155063,-2.102,1.522,-2.234
1761142374.397029,0,0.006838,-0.001682,1.155153,-2.209,1.416,-2.245,0.006838,-0.001682,1.155153,-2.209,1.416,-2.245
1761142374.471057,0,0.006825,-0.001688,1.155083,-2.157,1.504,-2.239,0.006825,-0.001688,1.155083,-2.157,1.504,-2.239
1761142374.551584,0,0.006820,-0.001684,1.154961,-2.188,1.552,-2.248,0.006820,-0.001684,1.154961,-2.188,1.552,-2.248
1761142374.629323,0,0.006848,-0.001712,1.155044,-2.311,1.408,-2.245,0.006848,-0.001712,1.155044,-2.311,1.408,-2.245
1761142374.701279,0,0.006844,-0.001702,1.155009,-2.229,1.487,-2.243,0.006844,-0.001702,1.155009,-2.229,1.487,-2.243
1761142374.779554,0,0.006826,-0.001667,1.153453,-1.966,1.563,-2.242,0.006826,-0.001667,1.153453,-1.966,1.563,-2.242
1761142374.854841,0,0.006842,-0.001669,1.162362,-1.968,1.507,-2.241,0.006842,-0.001669,1.162362,-1.968,1.507,-2.241
1761142374.927713,0,0.006833,-0.001687,1.158176,-2.255,1.458,-2.243,0.006833,-0.001687,1.158176,-2.255,1.458,-2.243
1761142375.006010,0,0.006860,-0.001708,1.150139,-2.902,1.561,-2.268,0.006860,-0.001708,1.150139,-2.902,1.561,-2.268
1761142375.085321,0,0.006858,-0.001642,1.148483,-2.539,1.876,-2.264,0.006858,-0.001642,1.148483,-2.539,1.876,-2.264
1761142375.161734,0,0.006827,-0.001688,1.150273,-2.703,1.706,-2.268,0.006827,-0.001688,1.150273,-2.703,1.706,-2.268
1761142375.233648,0,0.006837,-0.001677,1.150391,-2.691,1.719,-2.262,0.006837,-0.001677,1.150391,-2.691,1.719,-2.262
1761142375.301149,0,0.006839,-0.001689,1.150389,-2.661,1.592,-2.257,0.006839,-0.001689,1.150389,-2.661,1.592,-2.257
1761142375.377642,0,0.006837,-0.001682,1.150269,-2.691,1.682,-2.262,0.006837,-0.001682,1.150269,-2.691,1.682,-2.262
1761142375.447192,0,0.006841,-0.001697,1.150467,-2.791,1.650,-2.269,0.006841,-0.001697,1.150467,-2.791,1.650,-2.269
1761142375.526884,0,0.006873,-0.001671,1.150481,-2.710,1.574,-2.257,0.006873,-0.001671,1.150481,-2.710,1.574,-2.257
1761142375.599256,0,0.006912,-0.001637,1.150619,-2.481,1.321,-2.232,0.006912,-0.001637,1.150619,-2.481,1.321,-2.232
1761142375.677853,0,0.006992,-0.001665,1.150809,-2.684,0.801,-2.208,0.006992,-0.001665,1.150809,-2.684,0.801,-2.208
1761142375.749874,0,0.006855,-0.001691,1.150407,-2.749,1.626,-2.258,0.006855,-0.001691,1.150407,-2.749,1.626,-2.258
1761142375.820889,0,0.006827,-0.001683,1.150389,-2.736,1.621,-2.262,0.006827,-0.001683,1.150389,-2.736,1.621,-2.262
1761142375.895957,0,0.006847,-0.001673,1.150347,-2.566,1.676,-2.257,0.006847,-0.001673,1.150347,-2.566,1.676,-2.257
1761142375.967049,0,0.006831,-0.001692,1.150265,-2.726,1.717,-2.263,0.006831,-0.001692,1.150265,-2.726,1.717,-2.263
1761142376.046420,0,0.006848,-0.001705,1.150324,-2.814,1.549,-2.255,0.006848,-0.001705,1.150324,-2.814,1.549,-2.255
1761142376.123451,0,0.006827,-0.001692,1.150323,-2.686,1.685,-2.269,0.006827,-0.001692,1.150323,-2.686,1.685,-2.269
1761142376.197285,0,0.006842,-0.001696,1.150199,-2.705,1.654,-2.256,0.006842,-0.001696,1.150199,-2.705,1.654,-2.256
1761142376.263968,0,0.006829,-0.001691,1.150251,-2.688,1.768,-2.265,0.006829,-0.001691,1.150251,-2.688,1.768,-2.265
1761142376.329783,0,0.006837,-0.001680,1.150252,-2.685,1.615,-2.258,0.006837,-0.001680,1.150252,-2.685,1.615,-2.258
1761142376.406303,0,0.006845,-0.001697,1.150296,-2.772,1.596,-2.261,0.006845,-0.001697,1.150296,-2.772,1.596,-2.261
1761142376.480947,0,0.006839,-0.001696,1.150248,-2.734,1.642,-2.262,0.006839,-0.001696,1.150248,-2.734,1.642,-2.262
1761142376.547886,0,0.006843,-0.001672,1.150344,-2.607,1.612,-2.258,0.006843,-0.001672,1.150344,-2.607,1.612,-2.258
1761142376.617601,0,0.006817,-0.001686,1.150359,-2.714,1.688,-2.260,0.006817,-0.001686,1.150359,-2.714,1.688,-2.260
1761142376.696054,0,0.006869,-0.001705,1.150240,-2.814,1.494,-2.260,0.006869,-0.001705,1.150240,-2.814,1.494,-2.260
1761142376.771715,0,0.006824,-0.001680,1.150325,-2.661,1.828,-2.264,0.006824,-0.001680,1.150325,-2.661,1.828,-2.264
1761142376.850528,0,0.006831,-0.001699,1.150271,-2.758,1.711,-2.263,0.006831,-0.001699,1.150271,-2.758,1.711,-2.263
1761142376.926449,0,0.006835,-0.001689,1.150357,-2.717,1.685,-2.265,0.006835,-0.001689,1.150357,-2.717,1.685,-2.265
1761142376.999240,0,0.006842,-0.001688,1.150342,-2.725,1.687,-2.262,0.006842,-0.001688,1.150342,-2.725,1.687,-2.262
1761142377.080271,0,0.006862,-0.001675,1.150384,-2.686,1.551,-2.262,0.006862,-0.001675,1.150384,-2.686,1.551,-2.262
1761142377.151325,0,0.006837,-0.001689,1.150365,-2.705,1.683,-2.265,0.006837,-0.001689,1.150365,-2.705,1.683,-2.265
1761142377.233771,0,0.006868,-0.001691,1.150375,-2.687,1.515,-2.250,0.006868,-0.001691,1.150375,-2.687,1.515,-2.250
1761142377.312602,0,0.006928,-0.001639,1.150626,-2.617,1.131,-2.219,0.006928,-0.001639,1.150626,-2.617,1.131,-2.219
1761142377.396537,0,0.007003,-0.001634,1.150879,-2.735,0.644,-2.189,0.007003,-0.001634,1.150879,-2.735,0.644,-2.189
1761142377.472859,0,0.007251,-0.001603,1.151222,-3.159,-1.067,-2.083,0.007251,-0.001603,1.151222,-3.159,-1.067,-2.083
1761142377.545930,0,0.007692,-0.001408,1.150925,-3.172,-3.740,-1.867,0.007692,-0.001408,1.150925,-3.172,-3.740,-1.867
1761142377.638894,0,0.007021,-0.001664,1.150750,-2.962,0.470,-2.187,0.007021,-0.001664,1.150750,-2.962,0.470,-2.187
1761142377.717210,0,0.006854,-0.001672,1.150436,-2.623,1.629,-2.258,0.006854,-0.001672,1.150436,-2.623,1.629,-2.258
1761142377.786747,0,0.006841,-0.001694,1.150270,-2.782,1.593,-2.260,0.006841,-0.001694,1.150270,-2.782,1.593,-2.260
1761142377.851045,0,0.006816,-0.001691,1.150247,-2.678,1.747,-2.262,0.006816,-0.001691,1.150247,-2.678,1.747,-2.262
1761142377.921240,0,0.006821,-0.001695,1.150197,-2.782,1.742,-2.265,0.006821,-0.001695,1.150197,-2.782,1.742,-2.265
1761142377.992829,0,0.006827,-0.001687,1.150183,-2.712,1.695,-2.259,0.006827,-0.001687,1.150183,-2.712,1.695,-2.259
1761142378.072010,0,0.006813,-0.001661,1.150218,-2.592,1.795,-2.256,0.006813,-0.001661,1.150218,-2.592,1.795,-2.256
1761142378.138968,0,0.006841,-0.001708,1.150284,-2.763,1.651,-2.266,0.006841,-0.001708,1.150284,-2.763,1.651,-2.266
1761142378.215342,0,0.006827,-0.001706,1.150265,-2.741,1.684,-2.260,0.006827,-0.001706,1.150265,-2.741,1.684,-2.260
1761142378.285368,0,0.006845,-0.001704,1.150224,-2.732,1.685,-2.266,0.006845,-0.001704,1.150224,-2.732,1.685,-2.266
1761142378.369985,0,0.006845,-0.001698,1.150250,-2.724,1.620,-2.256,0.006845,-0.001698,1.150250,-2.724,1.620,-2.256
1761142378.448725,0,0.006839,-0.001697,1.150225,-2.771,1.678,-2.266,0.006839,-0.001697,1.150225,-2.771,1.678,-2.266
1761142378.536253,0,0.006846,-0.001697,1.150268,-2.746,1.585,-2.258,0.006846,-0.001697,1.150268,-2.746,1.585,-2.258
1761142378.606622,0,0.006840,-0.001686,1.150216,-2.616,1.618,-2.258,0.006840,-0.001686,1.150216,-2.616,1.618,-2.258
1761142378.670531,0,0.006842,-0.001678,1.150243,-2.630,1.639,-2.259,0.006842,-0.001678,1.150243,-2.630,1.639,-2.259
1761142378.750287,0,0.006833,-0.001687,1.150236,-2.727,1.680,-2.269,0.006833,-0.001687,1.150236,-2.727,1.680,-2.269
1761142378.828176,0,0.006855,-0.001679,1.150139,-2.671,1.546,-2.257,0.006855,-0.001679,1.150139,-2.671,1.546,-2.257
1761142378.909164,0,0.006836,-0.001680,1.150122,-2.611,1.649,-2.260,0.006836,-0.001680,1.150122,-2.611,1.649,-2.260
1761142378.996945,0,0.006924,-0.001663,1.150327,-2.672,1.130,-2.237,0.006924,-0.001663,1.150327,-2.672,1.130,-2.237
1761142379.085578,0,0.006888,-0.001648,1.150283,-2.610,1.388,-2.235,0.006888,-0.001648,1.150283,-2.610,1.388,-2.235
1761142379.173100,0,0.007028,-0.001643,1.150750,-2.749,0.458,-2.184,0.007028,-0.001643,1.150750,-2.749,0.458,-2.184
1761142379.258190,0,0.007086,-0.001647,1.150927,-3.158,-0.093,-2.150,0.007086,-0.001647,1.150927,-3.158,-0.093,-2.150
1761142379.343275,0,0.007020,-0.001683,1.150684,-3.094,0.294,-2.196,0.007020,-0.001683,1.150684,-3.094,0.294,-2.196
1761142379.431566,0,0.006861,-0.001670,1.150338,-2.685,1.463,-2.243,0.006861,-0.001670,1.150338,-2.685,1.463,-2.243
1761142379.516048,0,0.007187,-0.001554,1.150989,-2.698,-0.569,-2.117,0.007187,-0.001554,1.150989,-2.698,-0.569,-2.117
1761142383.860552,0,0.006875,-0.001674,1.149389,-2.846,1.545,-2.268,0.006875,-0.001674,1.149389,-2.846,1.545,-2.268
1761142383.943889,0,0.006843,-0.001662,1.149354,-2.714,1.710,-2.262,0.006843,-0.001662,1.149354,-2.714,1.710,-2.262
1761142384.017527,0,0.006891,-0.001630,1.149238,-2.761,1.651,-2.254,0.006891,-0.001630,1.149238,-2.761,1.651,-2.254
1761142384.105226,0,0.006868,-0.001669,1.149171,-2.949,1.653,-2.262,0.006868,-0.001669,1.149171,-2.949,1.653,-2.262
1761142384.198704,0,0.006875,-0.001617,1.149214,-2.641,1.630,-2.254,0.006875,-0.001617,1.149214,-2.641,1.630,-2.254
1761142384.278737,0,0.006862,-0.001641,1.149134,-2.773,1.770,-2.263,0.006862,-0.001641,1.149134,-2.773,1.770,-2.263
1761142384.360807,0,0.006871,-0.001652,1.148696,-2.934,1.657,-2.269,0.006871,-0.001652,1.148696,-2.934,1.657,-2.269
1761142384.434346,0,0.006840,-0.001635,1.149252,-2.755,1.731,-2.270,0.006840,-0.001635,1.149252,-2.755,1.731,-2.270
1761142384.509389,0,0.006855,-0.001626,1.149221,-2.735,1.728,-2.266,0.006855,-0.001626,1.149221,-2.735,1.728,-2.266
1761142384.583961,0,0.006859,-0.001614,1.149126,-2.679,1.715,-2.261,0.006859,-0.001614,1.149126,-2.679,1.715,-2.261
1761142384.658893,0,0.006909,-0.001619,1.149219,-2.638,1.576,-2.257,0.006909,-0.001619,1.149219,-2.638,1.576,-2.257
1761142384.733446,0,0.006870,-0.001633,1.149150,-2.725,1.728,-2.250,0.006870,-0.001633,1.149150,-2.725,1.728,-2.250
1761142384.823848,0,0.006868,-0.001635,1.149026,-2.832,1.726,-2.262,0.006868,-0.001635,1.149026,-2.832,1.726,-2.262
1761142384.901241,0,0.006911,-0.001612,1.149189,-2.688,1.600,-2.259,0.006911,-0.001612,1.149189,-2.688,1.600,-2.259
1761142384.969021,0,0.006904,-0.001631,1.149230,-2.733,1.688,-2.259,0.006904,-0.001631,1.149230,-2.733,1.688,-2.259
1761142385.041673,0,0.006914,-0.001644,1.149203,-2.790,1.437,-2.265,0.006914,-0.001644,1.149203,-2.790,1.437,-2.265
1761142385.107896,0,0.006864,-0.001641,1.149330,-2.690,1.772,-2.261,0.006864,-0.001641,1.149330,-2.690,1.772,-2.261
1761142385.177279,0,0.006914,-0.001617,1.149635,-2.673,1.620,-2.261,0.006914,-0.001617,1.149635,-2.673,1.620,-2.261
1761142385.250152,0,0.006925,-0.001650,1.149776,-2.829,1.605,-2.272,0.006925,-0.001650,1.149776,-2.829,1.605,-2.272
1761142385.312789,0,0.006897,-0.001652,1.149683,-2.788,1.747,-2.259,0.006897,-0.001652,1.149683,-2.788,1.747,-2.259
1761142385.384597,0,0.006904,-0.001647,1.149481,-2.863,1.614,-2.271,0.006904,-0.001647,1.149481,-2.863,1.614,-2.271
1761142385.455006,0,0.006894,-0.001645,1.149385,-2.791,1.702,-2.257,0.006894,-0.001645,1.149385,-2.791,1.702,-2.257
1761142385.520293,0,0.006902,-0.001655,1.149196,-2.908,1.658,-2.265,0.006902,-0.001655,1.149196,-2.908,1.658,-2.265
1761142385.583762,0,0.006911,-0.001630,1.149197,-2.668,1.666,-2.258,0.006911,-0.001630,1.149197,-2.668,1.666,-2.258
1761142385.646737,0,0.006921,-0.001641,1.149126,-2.829,1.676,-2.267,0.006921,-0.001641,1.149126,-2.829,1.676,-2.267
1761142385.705533,0,0.006902,-0.001636,1.149119,-2.784,1.687,-2.262,0.006902,-0.001636,1.149119,-2.784,1.687,-2.262
1761142385.772667,0,0.006891,-0.001631,1.149159,-2.744,1.707,-2.264,0.006891,-0.001631,1.149159,-2.744,1.707,-2.264
1761142385.842672,0,0.006909,-0.001638,1.149170,-2.752,1.643,-2.262,0.006909,-0.001638,1.149170,-2.752,1.643,-2.262
1761142385.906371,0,0.006880,-0.001631,1.149127,-2.798,1.736,-2.271,0.006880,-0.001631,1.149127,-2.798,1.736,-2.271
1761142385.971863,0,0.006898,-0.001636,1.149124,-2.769,1.715,-2.267,0.006898,-0.001636,1.149124,-2.769,1.715,-2.267
1761142386.037723,0,0.006900,-0.001652,1.149114,-2.875,1.625,-2.265,0.006900,-0.001652,1.149114,-2.875,1.625,-2.265
1761142386.105107,0,0.006903,-0.001623,1.149115,-2.703,1.663,-2.257,0.006903,-0.001623,1.149115,-2.703,1.663,-2.257
1761142386.167067,0,0.006914,-0.001654,1.149087,-2.847,1.627,-2.270,0.006914,-0.001654,1.149087,-2.847,1.627,-2.270
1761142386.241792,0,0.006925,-0.001632,1.149128,-2.759,1.564,-2.254,0.006925,-0.001632,1.149128,-2.759,1.564,-2.254
1761142386.306418,0,0.006929,-0.001589,1.148521,-2.471,1.709,-2.259,0.006929,-0.001589,1.148521,-2.471,1.709,-2.259
1761142386.371119,0,0.006891,-0.001675,1.149599,-2.755,1.658,-2.252,0.006891,-0.001675,1.149599,-2.755,1.658,-2.252
1761142386.441932,0,0.006828,-0.001671,1.155250,-2.241,1.628,-2.243,0.006828,-0.001671,1.155250,-2.241,1.628,-2.243
1761142386.500927,0,0.006877,-0.001671,1.158652,-2.384,1.442,-2.244,0.006877,-0.001671,1.158652,-2.384,1.442,-2.244
1761142386.564916,0,0.006873,-0.001690,1.151564,-2.811,1.631,-2.254,0.006873,-0.001690,1.151564,-2.811,1.631,-2.254
1761142386.626756,0,0.006875,-0.001703,1.152133,-2.617,1.507,-2.257,0.006875,-0.001703,1.152133,-2.617,1.507,-2.257
1761142386.696178,0,0.006888,-0.001654,1.152367,-2.375,1.512,-2.249,0.006888,-0.001654,1.152367,-2.375,1.512,-2.249
1761142386.761728,0,0.006857,-0.001666,1.152286,-2.503,1.609,-2.247,0.006857,-0.001666,1.152286,-2.503,1.609,-2.247
1761142386.830433,0,0.006882,-0.001681,1.152312,-2.555,1.524,-2.253,0.006882,-0.001681,1.152312,-2.555,1.524,-2.253
1761142386.906825,0,0.006864,-0.001677,1.152228,-2.528,1.658,-2.252,0.006864,-0.001677,1.152228,-2.528,1.658,-2.252
1761142386.975333,0,0.006882,-0.001647,1.152365,-2.390,1.567,-2.241,0.006882,-0.001647,1.152365,-2.390,1.567,-2.241
1761142387.045400,0,0.006875,-0.001647,1.152363,-2.384,1.603,-2.248,0.006875,-0.001647,1.152363,-2.384,1.603,-2.248
1761142387.114316,0,0.006883,-0.001668,1.152277,-2.404,1.569,-2.244,0.006883,-0.001668,1.152277,-2.404,1.569,-2.244
1761142387.179744,0,0.006868,-0.001672,1.152370,-2.452,1.623,-2.250,0.006868,-0.001672,1.152370,-2.452,1.623,-2.250
1761142387.243900,0,0.006858,-0.001667,1.152435,-2.460,1.614,-2.250,0.006858,-0.001667,1.152435,-2.460,1.614,-2.250
1761142387.309190,0,0.006886,-0.001674,1.152337,-2.561,1.429,-2.250,0.006886,-0.001674,1.152337,-2.561,1.429,-2.250
1761142387.375101,0,0.006870,-0.001670,1.152394,-2.466,1.543,-2.250,0.006870,-0.001670,1.152394,-2.466,1.543,-2.250
1761142387.434418,0,0.006882,-0.001663,1.152331,-2.455,1.549,-2.241,0.006882,-0.001663,1.152331,-2.455,1.549,-2.241
1761142387.499732,0,0.006883,-0.001687,1.152258,-2.586,1.529,-2.260,0.006883,-0.001687,1.152258,-2.586,1.529,-2.260
1761142387.564574,0,0.006882,-0.001678,1.152255,-2.567,1.610,-2.253,0.006882,-0.001678,1.152255,-2.567,1.610,-2.253
1761142387.636288,0,0.006872,-0.001661,1.152404,-2.437,1.649,-2.249,0.006872,-0.001661,1.152404,-2.437,1.649,-2.249
1761142387.702500,0,0.006867,-0.001656,1.152360,-2.431,1.657,-2.246,0.006867,-0.001656,1.152360,-2.431,1.657,-2.246
1761142387.771604,0,0.006863,-0.001685,1.152324,-2.605,1.617,-2.255,0.006863,-0.001685,1.152324,-2.605,1.617,-2.255
1761142387.835323,0,0.006866,-0.001674,1.152326,-2.491,1.600,-2.257,0.006866,-0.001674,1.152326,-2.491,1.600,-2.257
1761142387.891751,0,0.006889,-0.001665,1.152272,-2.457,1.536,-2.254,0.006889,-0.001665,1.152272,-2.457,1.536,-2.254
1761142387.958465,0,0.006873,-0.001678,1.152221,-2.577,1.577,-2.256,0.006873,-0.001678,1.152221,-2.577,1.577,-2.256
1761142388.022884,0,0.006889,-0.001673,1.152259,-2.493,1.568,-2.253,0.006889,-0.001673,1.152259,-2.493,1.568,-2.253
1761142388.085159,0,0.006876,-0.001654,1.152388,-2.376,1.590,-2.238,0.006876,-0.001654,1.152388,-2.376,1.590,-2.238
1761142388.149478,0,0.006882,-0.001657,1.152377,-2.372,1.545,-2.247,0.006882,-0.001657,1.152377,-2.372,1.545,-2.247
1761142388.211913,0,0.006875,-0.001676,1.152282,-2.510,1.573,-2.250,0.006875,-0.001676,1.152282,-2.510,1.573,-2.250
1761142388.272733,0,0.006870,-0.001663,1.152314,-2.429,1.662,-2.247,0.006870,-0.001663,1.152314,-2.429,1.662,-2.247
1761142388.334605,0,0.006875,-0.001674,1.152350,-2.410,1.573,-2.246,0.006875,-0.001674,1.152350,-2.410,1.573,-2.246
1761142388.399984,0,0.006880,-0.001671,1.152277,-2.479,1.610,-2.247,0.006880,-0.001671,1.152277,-2.479,1.610,-2.247
1761142388.464889,0,0.006883,-0.001669,1.152323,-2.512,1.581,-2.249,0.006883,-0.001669,1.152323,-2.512,1.581,-2.249
1761142388.528951,0,0.006865,-0.001682,1.152295,-2.601,1.611,-2.256,0.006865,-0.001682,1.152295,-2.601,1.611,-2.256
1761142388.591318,0,0.006867,-0.001660,1.152303,-2.419,1.612,-2.245,0.006867,-0.001660,1.152303,-2.419,1.612,-2.245
1761142388.663137,0,0.006888,-0.001653,1.152344,-2.350,1.525,-2.247,0.006888,-0.001653,1.152344,-2.350,1.525,-2.247
1761142388.729028,0,0.006875,-0.001672,1.152334,-2.427,1.556,-2.245,0.006875,-0.001672,1.152334,-2.427,1.556,-2.245
1761142388.792857,0,0.006872,-0.001684,1.152437,-2.547,1.546,-2.246,0.006872,-0.001684,1.152437,-2.547,1.546,-2.246
1761142388.856847,0,0.006856,-0.001643,1.152319,-2.402,1.640,-2.242,0.006856,-0.001643,1.152319,-2.402,1.640,-2.242
1761142388.919204,0,0.006861,-0.001666,1.152332,-2.499,1.654,-2.246,0.006861,-0.001666,1.152332,-2.499,1.654,-2.246
1761142388.980536,0,0.006866,-0.001667,1.152343,-2.499,1.579,-2.247,0.006866,-0.001667,1.152343,-2.499,1.579,-2.247
1761142389.041795,0,0.006870,-0.001665,1.152389,-2.478,1.539,-2.243,0.006870,-0.001665,1.152389,-2.478,1.539,-2.243
1761142389.096745,0,0.006881,-0.001660,1.152358,-2.462,1.494,-2.243,0.006881,-0.001660,1.152358,-2.462,1.494,-2.243
1761142389.155540,0,0.006858,-0.001662,1.152368,-2.457,1.608,-2.244,0.006858,-0.001662,1.152368,-2.457,1.608,-2.244
1761142389.213603,0,0.006864,-0.001657,1.152300,-2.444,1.648,-2.246,0.006864,-0.001657,1.152300,-2.444,1.648,-2.246
1761142389.272106,0,0.006842,-0.001700,1.152263,-2.691,1.641,-2.250,0.006842,-0.001700,1.152263,-2.691,1.641,-2.250
1761142389.336219,0,0.006868,-0.001665,1.152368,-2.517,1.567,-2.256,0.006868,-0.001665,1.152368,-2.517,1.567,-2.256
1761142389.397376,0,0.006844,-0.001687,1.152287,-2.623,1.718,-2.260,0.006844,-0.001687,1.152287,-2.623,1.718,-2.260
1761142389.461848,0,0.006859,-0.001677,1.152290,-2.564,1.637,-2.258,0.006859,-0.001677,1.152290,-2.564,1.637,-2.258
1761142389.545137,0,0.006850,-0.001683,1.152190,-2.579,1.708,-2.257,0.006850,-0.001683,1.152190,-2.579,1.708,-2.257
1761142389.623705,0,0.006878,-0.001650,1.152300,-2.334,1.558,-2.240,0.006878,-0.001650,1.152300,-2.334,1.558,-2.240
1761142389.697285,0,0.006875,-0.001654,1.152381,-2.355,1.590,-2.244,0.006875,-0.001654,1.152381,-2.355,1.590,-2.244
1761142389.770571,0,0.006869,-0.001659,1.152373,-2.388,1.624,-2.244,0.006869,-0.001659,1.152373,-2.388,1.624,-2.244
1761142389.841173,0,0.006873,-0.001652,1.152408,-2.451,1.552,-2.244,0.006873,-0.001652,1.152408,-2.451,1.552,-2.244
1761142389.907284,0,0.006871,-0.001681,1.152342,-2.587,1.556,-2.255,0.006871,-0.001681,1.152342,-2.587,1.556,-2.255
1761142389.973007,0,0.006867,-0.001668,1.152298,-2.488,1.578,-2.250,0.006867,-0.001668,1.152298,-2.488,1.578,-2.250
1761142390.037154,0,0.006872,-0.001654,1.152317,-2.479,1.576,-2.252,0.006872,-0.001654,1.152317,-2.479,1.576,-2.252
1761142390.101143,0,0.006869,-0.001649,1.152374,-2.341,1.516,-2.240,0.006869,-0.001649,1.152374,-2.341,1.516,-2.240
1761142390.168969,0,0.006866,-0.001653,1.152372,-2.424,1.612,-2.250,0.006866,-0.001653,1.152372,-2.424,1.612,-2.250
1761142390.237430,0,0.006872,-0.001678,1.152294,-2.540,1.591,-2.250,0.006872,-0.001678,1.152294,-2.540,1.591,-2.250
1761142390.301100,0,0.006868,-0.001691,1.152325,-2.579,1.605,-2.254,0.006868,-0.001691,1.152325,-2.579,1.605,-2.254
1761142390.365503,0,0.006854,-0.001675,1.152262,-2.572,1.681,-2.252,0.006854,-0.001675,1.152262,-2.572,1.681,-2.252
1761142390.433376,0,0.006869,-0.001665,1.152269,-2.466,1.594,-2.253,0.006869,-0.001665,1.152269,-2.466,1.594,-2.253
1761142390.500040,0,0.006883,-0.001674,1.152277,-2.580,1.553,-2.247,0.006883,-0.001674,1.152277,-2.580,1.553,-2.247
1761142390.565606,0,0.006873,-0.001655,1.152328,-2.408,1.559,-2.248,0.006873,-0.001655,1.152328,-2.408,1.559,-2.248
1761142390.656584,0,0.006881,-0.001659,1.152254,-2.450,1.566,-2.251,0.006881,-0.001659,1.152254,-2.450,1.566,-2.251
1761142390.748190,0,0.006871,-0.001663,1.152284,-2.464,1.565,-2.247,0.006871,-0.001663,1.152284,-2.464,1.565,-2.247
1761142390.821299,0,0.006881,-0.001671,1.152282,-2.513,1.542,-2.252,0.006881,-0.001671,1.152282,-2.513,1.542,-2.252
1761142390.895095,0,0.006855,-0.001664,1.152314,-2.450,1.660,-2.251,0.006855,-0.001664,1.152314,-2.450,1.660,-2.251
1761142390.965532,0,0.006854,-0.001693,1.152222,-2.562,1.676,-2.254,0.006854,-0.001693,1.152222,-2.562,1.676,-2.254
1761142391.037581,0,0.006858,-0.001655,1.152367,-2.438,1.543,-2.249,0.006858,-0.001655,1.152367,-2.438,1.543,-2.249
1761142391.095198,0,0.006843,-0.001666,1.152234,-2.441,1.674,-2.254,0.006843,-0.001666,1.152234,-2.441,1.674,-2.254
1761142391.152636,0,0.006844,-0.001657,1.152259,-2.433,1.660,-2.254,0.006844,-0.001657,1.152259,-2.433,1.660,-2.254
1761142391.210199,0,0.006875,-0.001660,1.152260,-2.432,1.554,-2.249,0.006875,-0.001660,1.152260,-2.432,1.554,-2.249
1761142391.274076,0,0.006861,-0.001669,1.152296,-2.484,1.584,-2.246,0.006861,-0.001669,1.152296,-2.484,1.584,-2.246
1761142391.332965,0,0.006853,-0.001676,1.152265,-2.544,1.627,-2.260,0.006853,-0.001676,1.152265,-2.544,1.627,-2.260
1761142391.390984,0,0.006867,-0.001661,1.152323,-2.483,1.538,-2.246,0.006867,-0.001661,1.152323,-2.483,1.538,-2.246
1761142391.450523,0,0.006857,-0.001647,1.152291,-2.369,1.651,-2.250,0.006857,-0.001647,1.152291,-2.369,1.651,-2.250
1761142391.513351,0,0.006862,-0.001661,1.152303,-2.461,1.601,-2.248,0.006862,-0.001661,1.152303,-2.461,1.601,-2.248
1761142391.574270,0,0.006860,-0.001648,1.152306,-2.401,1.646,-2.248,0.006860,-0.001648,1.152306,-2.401,1.646,-2.248
1761142391.633268,0,0.006883,-0.001654,1.152302,-2.427,1.515,-2.248,0.006883,-0.001654,1.152302,-2.427,1.515,-2.248
1761142391.701807,0,0.006896,-0.001655,1.152275,-2.413,1.488,-2.243,0.006896,-0.001655,1.152275,-2.413,1.488,-2.243
1761142391.757210,0,0.006862,-0.001657,1.152279,-2.456,1.617,-2.256,0.006862,-0.001657,1.152279,-2.456,1.617,-2.256
1761142391.815713,0,0.006850,-0.001649,1.152356,-2.388,1.634,-2.243,0.006850,-0.001649,1.152356,-2.388,1.634,-2.243
1761142391.882652,0,0.006868,-0.001666,1.152364,-2.513,1.527,-2.250,0.006868,-0.001666,1.152364,-2.513,1.527,-2.250
1761142391.939309,0,0.006871,-0.001662,1.152336,-2.469,1.495,-2.246,0.006871,-0.001662,1.152336,-2.469,1.495,-2.246
1761142392.001266,0,0.006877,-0.001681,1.152246,-2.582,1.503,-2.249,0.006877,-0.001681,1.152246,-2.582,1.503,-2.249
1761142392.068258,0,0.006863,-0.001675,1.152233,-2.543,1.557,-2.260,0.006863,-0.001675,1.152233,-2.543,1.557,-2.260
1761142392.129990,0,0.006874,-0.001653,1.152232,-2.388,1.598,-2.251,0.006874,-0.001653,1.152232,-2.388,1.598,-2.251
1761142392.185856,0,0.006851,-0.001653,1.152300,-2.390,1.660,-2.249,0.006851,-0.001653,1.152300,-2.390,1.660,-2.249
1761142392.242404,0,0.006866,-0.001655,1.152327,-2.393,1.607,-2.247,0.006866,-0.001655,1.152327,-2.393,1.607,-2.247
1761142392.308776,0,0.006881,-0.001673,1.152298,-2.516,1.552,-2.246,0.006881,-0.001673,1.152298,-2.516,1.552,-2.246
1761142392.364743,0,0.006859,-0.001653,1.152226,-2.407,1.631,-2.251,0.006859,-0.001653,1.152226,-2.407,1.631,-2.251
1761142392.423057,0,0.006870,-0.001659,1.152217,-2.450,1.564,-2.247,0.006870,-0.001659,1.152217,-2.450,1.564,-2.247
1761142392.483109,0,0.006858,-0.001654,1.152251,-2.366,1.602,-2.252,0.006858,-0.001654,1.152251,-2.366,1.602,-2.252
1761142392.546914,0,0.006860,-0.001638,1.152124,-2.317,1.636,-2.245,0.006860,-0.001638,1.152124,-2.317,1.636,-2.245
1761142392.605267,0,0.006862,-0.001642,1.152189,-2.268,1.545,-2.241,0.006862,-0.001642,1.152189,-2.268,1.545,-2.241
1761142392.664246,0,0.006851,-0.001642,1.152239,-2.248,1.614,-2.240,0.006851,-0.001642,1.152239,-2.248,1.614,-2.240
1761142392.729913,0,0.006837,-0.001649,1.152339,-2.324,1.630,-2.250,0.006837,-0.001649,1.152339,-2.324,1.630,-2.250
1761142392.788981,0,0.006849,-0.001629,1.152241,-2.241,1.594,-2.249,0.006849,-0.001629,1.152241,-2.241,1.594,-2.249
1761142392.877913,0,0.006850,-0.001627,1.152275,-2.189,1.593,-2.234,0.006850,-0.001627,1.152275,-2.189,1.593,-2.234
1761142392.958577,0,0.006831,-0.001654,1.152179,-2.357,1.664,-2.256,0.006831,-0.001654,1.152179,-2.357,1.664,-2.256
1761142393.046364,0,0.006848,-0.001623,1.152363,-2.198,1.612,-2.243,0.006848,-0.001623,1.152363,-2.198,1.612,-2.243
1761142393.115519,0,0.006848,-0.001643,1.152275,-2.323,1.637,-2.245,0.006848,-0.001643,1.152275,-2.323,1.637,-2.245
1761142393.187423,0,0.006857,-0.001640,1.152180,-2.314,1.631,-2.249,0.006857,-0.001640,1.152180,-2.314,1.631,-2.249
1761142393.255636,0,0.006852,-0.001646,1.152327,-2.308,1.530,-2.241,0.006852,-0.001646,1.152327,-2.308,1.530,-2.241
1761142393.320186,0,0.006866,-0.001647,1.152210,-2.248,1.481,-2.242,0.006866,-0.001647,1.152210,-2.248,1.481,-2.242
1761142393.394917,0,0.006843,-0.001638,1.152112,-2.262,1.519,-2.246,0.006843,-0.001638,1.152112,-2.262,1.519,-2.246
1761142393.460181,0,0.006830,-0.001664,1.151769,-2.374,1.543,-2.251,0.006830,-0.001664,1.151769,-2.374,1.543,-2.251
1761142393.523974,0,0.006848,-0.001657,1.151640,-2.257,1.438,-2.244,0.006848,-0.001657,1.151640,-2.257,1.438,-2.244
1761142393.586031,0,0.006829,-0.001623,1.151606,-2.080,1.426,-2.236,0.006829,-0.001623,1.151606,-2.080,1.426,-2.236
1761142393.646029,0,0.006808,-0.001646,1.151584,-2.173,1.378,-2.247,0.006808,-0.001646,1.151584,-2.173,1.378,-2.247
1761142393.708957,0,0.006793,-0.001629,1.151790,-2.128,1.470,-2.240,0.006793,-0.001629,1.151790,-2.128,1.470,-2.240
1761142393.771865,0,0.006812,-0.001670,1.151542,-2.266,1.479,-2.249,0.006812,-0.001670,1.151542,-2.266,1.479,-2.249
1761142393.831389,0,0.006815,-0.001668,1.151528,-2.353,1.470,-2.253,0.006815,-0.001668,1.151528,-2.353,1.470,-2.253
1761142393.886390,0,0.006806,-0.001642,1.151649,-2.183,1.553,-2.247,0.006806,-0.001642,1.151649,-2.183,1.553,-2.247
1761142393.947317,0,0.006816,-0.001662,1.151632,-2.344,1.507,-2.259,0.006816,-0.001662,1.151632,-2.344,1.507,-2.259
1761142394.010199,0,0.006825,-0.001647,1.151694,-2.192,1.423,-2.241,0.006825,-0.001647,1.151694,-2.192,1.423,-2.241
1761142394.076562,0,0.006816,-0.001641,1.151708,-2.233,1.498,-2.244,0.006816,-0.001641,1.151708,-2.233,1.498,-2.244
1761142394.140211,0,0.006804,-0.001652,1.151717,-2.184,1.520,-2.244,0.006804,-0.001652,1.151717,-2.184,1.520,-2.244
1761142394.203965,0,0.006808,-0.001658,1.151763,-2.262,1.440,-2.243,0.006808,-0.001658,1.151763,-2.262,1.440,-2.243
1761142394.263972,0,0.006819,-0.001659,1.151659,-2.299,1.468,-2.249,0.006819,-0.001659,1.151659,-2.299,1.468,-2.249
1761142394.326735,0,0.006825,-0.001635,1.151706,-2.136,1.444,-2.243,0.006825,-0.001635,1.151706,-2.136,1.444,-2.243
1761142394.394024,0,0.006836,-0.001642,1.151727,-2.200,1.422,-2.236,0.006836,-0.001642,1.151727,-2.200,1.422,-2.236
1761142394.452546,0,0.006810,-0.001659,1.151721,-2.307,1.459,-2.246,0.006810,-0.001659,1.151721,-2.307,1.459,-2.246
1761142394.515150,0,0.006803,-0.001645,1.151618,-2.217,1.575,-2.254,0.006803,-0.001645,1.151618,-2.217,1.575,-2.254
1761142394.580607,0,0.006804,-0.001649,1.151576,-2.294,1.547,-2.252,0.006804,-0.001649,1.151576,-2.294,1.547,-2.252
1761142394.639522,0,0.006869,-0.001652,1.151619,-2.322,1.288,-2.247,0.006869,-0.001652,1.151619,-2.322,1.288,-2.247
1761142394.699556,0,0.006861,-0.001673,1.151571,-2.470,1.281,-2.244,0.006861,-0.001673,1.151571,-2.470,1.281,-2.244
1761142394.758657,0,0.006843,-0.001646,1.151669,-2.208,1.328,-2.239,0.006843,-0.001646,1.151669,-2.208,1.328,-2.239
1761142394.817354,0,0.006811,-0.001649,1.151719,-2.293,1.500,-2.245,0.006811,-0.001649,1.151719,-2.293,1.500,-2.245
1761142394.871541,0,0.006821,-0.001634,1.151843,-2.125,1.414,-2.239,0.006821,-0.001634,1.151843,-2.125,1.414,-2.239
1761142394.930342,0,0.006842,-0.001634,1.148515,-2.662,1.346,-2.257,0.006842,-0.001634,1.148515,-2.662,1.346,-2.257
1761142394.996578,0,0.006809,-0.001640,1.150640,-2.193,1.497,-2.256,0.006809,-0.001640,1.150640,-2.193,1.497,-2.256
1761142395.062793,0,0.006827,-0.001644,1.151915,-2.140,1.388,-2.235,0.006827,-0.001644,1.151915,-2.140,1.388,-2.235
1761142395.132695,0,0.006800,-0.001646,1.157427,-1.647,1.372,-2.235,0.006800,-0.001646,1.157427,-1.647,1.372,-2.235
1761142395.195138,0,0.006817,-0.001637,1.161454,-1.680,1.260,-2.238,0.006817,-0.001637,1.161454,-1.680,1.260,-2.238
1761142395.259358,0,0.006820,-0.001654,1.156722,-2.294,1.337,-2.251,0.006820,-0.001654,1.156722,-2.294,1.337,-2.251
1761142395.321141,0,0.006819,-0.001670,1.149668,-2.549,1.446,-2.267,0.006819,-0.001670,1.149668,-2.549,1.446,-2.267
1761142395.391235,0,0.006841,-0.001621,1.148373,-2.522,1.400,-2.263,0.006841,-0.001621,1.148373,-2.522,1.400,-2.263
1761142395.453125,0,0.006849,-0.001631,1.148151,-2.394,1.538,-2.257,0.006849,-0.001631,1.148151,-2.394,1.538,-2.257
1761142395.516881,0,0.006795,-0.001638,1.151857,-2.128,1.495,-2.236,0.006795,-0.001638,1.151857,-2.128,1.495,-2.236
1761142395.580632,0,0.006818,-0.001662,1.151755,-2.257,1.431,-2.248,0.006818,-0.001662,1.151755,-2.257,1.431,-2.248
1761142395.645725,0,0.006800,-0.001665,1.151887,-2.328,1.550,-2.252,0.006800,-0.001665,1.151887,-2.328,1.550,-2.252
1761142395.702801,0,0.006826,-0.001652,1.151673,-2.205,1.429,-2.237,0.006826,-0.001652,1.151673,-2.205,1.429,-2.237
1761142395.768566,0,0.006820,-0.001685,1.151696,-2.442,1.417,-2.248,0.006820,-0.001685,1.151696,-2.442,1.417,-2.248
1761142395.837023,0,0.006812,-0.001643,1.151891,-2.147,1.424,-2.245,0.006812,-0.001643,1.151891,-2.147,1.424,-2.245
1761142395.906688,0,0.006835,-0.001660,1.151825,-2.290,1.403,-2.245,0.006835,-0.001660,1.151825,-2.290,1.403,-2.245
1761142395.967255,0,0.006818,-0.001675,1.151873,-2.345,1.418,-2.246,0.006818,-0.001675,1.151873,-2.345,1.418,-2.246
1761142396.034925,0,0.006820,-0.001655,1.151823,-2.220,1.415,-2.241,0.006820,-0.001655,1.151823,-2.220,1.415,-2.241
1761142396.104347,0,0.006806,-0.001655,1.151913,-2.261,1.429,-2.247,0.006806,-0.001655,1.151913,-2.261,1.429,-2.247
1761142396.179611,0,0.006808,-0.001629,1.152017,-2.186,1.487,-2.242,0.006808,-0.001629,1.152017,-2.186,1.487,-2.242
1761142396.247233,0,0.006830,-0.001665,1.151770,-2.263,1.398,-2.242,0.006830,-0.001665,1.151770,-2.263,1.398,-2.242
1761142396.324200,0,0.006815,-0.001641,1.151857,-2.218,1.454,-2.240,0.006815,-0.001641,1.151857,-2.218,1.454,-2.240
1761142396.393564,0,0.006805,-0.001676,1.151813,-2.372,1.504,-2.252,0.006805,-0.001676,1.151813,-2.372,1.504,-2.252
1761142396.469810,0,0.006805,-0.001660,1.151861,-2.312,1.435,-2.250,0.006805,-0.001660,1.151861,-2.312,1.435,-2.250
1761142396.533804,0,0.006809,-0.001665,1.151845,-2.316,1.476,-2.248,0.006809,-0.001665,1.151845,-2.316,1.476,-2.248
1761142396.594653,0,0.006811,-0.001672,1.151825,-2.281,1.501,-2.246,0.006811,-0.001672,1.151825,-2.281,1.501,-2.246
1761142396.658558,0,0.006817,-0.001637,1.152000,-2.112,1.461,-2.243,0.006817,-0.001637,1.152000,-2.112,1.461,-2.243
1761142396.727996,0,0.006836,-0.001653,1.151877,-2.197,1.422,-2.233,0.006836,-0.001653,1.151877,-2.197,1.422,-2.233
1761142396.793071,0,0.006826,-0.001645,1.151824,-2.144,1.448,-2.239,0.006826,-0.001645,1.151824,-2.144,1.448,-2.239
1761142396.860916,0,0.006829,-0.001648,1.151939,-2.225,1.410,-2.239,0.006829,-0.001648,1.151939,-2.225,1.410,-2.239
1761142396.928190,0,0.006840,-0.001657,1.151893,-2.299,1.319,-2.243,0.006840,-0.001657,1.151893,-2.299,1.319,-2.243
1761142396.988651,0,0.006833,-0.001635,1.151909,-2.196,1.454,-2.245,0.006833,-0.001635,1.151909,-2.196,1.454,-2.245
1761142397.053022,0,0.006831,-0.001644,1.151869,-2.232,1.355,-2.247,0.006831,-0.001644,1.151869,-2.232,1.355,-2.247
1761142397.117794,0,0.006817,-0.001664,1.151799,-2.293,1.481,-2.250,0.006817,-0.001664,1.151799,-2.293,1.481,-2.250
1761142397.182348,0,0.006843,-0.001675,1.151785,-2.366,1.384,-2.242,0.006843,-0.001675,1.151785,-2.366,1.384,-2.242
1761142397.245730,0,0.006824,-0.001640,1.151832,-2.188,1.408,-2.241,0.006824,-0.001640,1.151832,-2.188,1.408,-2.241
1761142397.310197,0,0.006852,-0.001639,1.151955,-2.149,1.295,-2.229,0.006852,-0.001639,1.151955,-2.149,1.295,-2.229
1761142397.374249,0,0.006817,-0.001653,1.151830,-2.311,1.566,-2.254,0.006817,-0.001653,1.151830,-2.311,1.566,-2.254
1761142397.432090,0,0.006813,-0.001604,1.152045,-2.154,1.541,-2.246,0.006813,-0.001604,1.152045,-2.154,1.541,-2.246
1761142397.491049,0,0.006830,-0.001608,1.151955,-2.195,1.474,-2.238,0.006830,-0.001608,1.151955,-2.195,1.474,-2.238
1761142397.558031,0,0.006820,-0.001620,1.151903,-2.144,1.480,-2.244,0.006820,-0.001620,1.151903,-2.144,1.480,-2.244
1761142397.624560,0,0.006809,-0.001666,1.151723,-2.420,1.495,-2.254,0.006809,-0.001666,1.151723,-2.420,1.495,-2.254
1761142397.682741,0,0.006834,-0.001637,1.151865,-2.200,1.351,-2.243,0.006834,-0.001637,1.151865,-2.200,1.351,-2.243
1761142397.749053,0,0.006851,-0.001632,1.151757,-2.138,1.361,-2.237,0.006851,-0.001632,1.151757,-2.138,1.361,-2.237
1761142397.812269,0,0.006823,-0.001641,1.151794,-2.268,1.459,-2.244,0.006823,-0.001641,1.151794,-2.268,1.459,-2.244
1761142397.872043,0,0.006864,-0.001641,1.151867,-2.236,1.372,-2.235,0.006864,-0.001641,1.151867,-2.236,1.372,-2.235
1761142397.940478,0,0.006830,-0.001655,1.151904,-2.320,1.496,-2.240,0.006830,-0.001655,1.151904,-2.320,1.496,-2.240
1761142398.014216,0,0.006847,-0.001645,1.151854,-2.331,1.417,-2.241,0.006847,-0.001645,1.151854,-2.331,1.417,-2.241
1761142398.086845,0,0.006841,-0.001626,1.152213,-2.258,1.459,-2.248,0.006841,-0.001626,1.152213,-2.258,1.459,-2.248
1761142398.154316,0,0.006824,-0.001680,1.152002,-2.437,1.538,-2.253,0.006824,-0.001680,1.152002,-2.437,1.538,-2.253
1761142398.222246,0,0.006827,-0.001650,1.152191,-2.366,1.604,-2.246,0.006827,-0.001650,1.152191,-2.366,1.604,-2.246
1761142398.294680,0,0.006854,-0.001661,1.152281,-2.470,1.431,-2.250,0.006854,-0.001661,1.152281,-2.470,1.431,-2.250
1761142398.359796,0,0.006854,-0.001664,1.152275,-2.415,1.495,-2.256,0.006854,-0.001664,1.152275,-2.415,1.495,-2.256
1761142398.426779,0,0.006832,-0.001642,1.152335,-2.357,1.576,-2.251,0.006832,-0.001642,1.152335,-2.357,1.576,-2.251
1761142398.489489,0,0.006847,-0.001676,1.152242,-2.445,1.450,-2.257,0.006847,-0.001676,1.152242,-2.445,1.450,-2.257
1761142398.551602,0,0.006850,-0.001649,1.152383,-2.361,1.442,-2.240,0.006850,-0.001649,1.152383,-2.361,1.442,-2.240
1761142398.615040,0,0.006808,-0.001654,1.152256,-2.394,1.484,-2.258,0.006808,-0.001654,1.152256,-2.394,1.484,-2.258
1761142398.675383,0,0.006891,-0.001653,1.152207,-2.427,1.394,-2.240,0.006891,-0.001653,1.152207,-2.427,1.394,-2.240
1761142398.738779,0,0.006855,-0.001644,1.152276,-2.383,1.451,-2.259,0.006855,-0.001644,1.152276,-2.383,1.451,-2.259
1761142398.806206,0,0.006844,-0.001660,1.152293,-2.383,1.489,-2.249,0.006844,-0.001660,1.152293,-2.383,1.489,-2.249
1761142398.862687,0,0.006860,-0.001664,1.150182,-2.688,1.634,-2.266,0.006860,-0.001664,1.150182,-2.688,1.634,-2.266
1761142398.923555,0,0.006858,-0.001678,1.152373,-2.441,1.427,-2.240,0.006858,-0.001678,1.152373,-2.441,1.427,-2.240
1761142398.989512,0,0.006830,-0.001624,1.161817,-1.498,1.255,-2.241,0.006830,-0.001624,1.161817,-1.498,1.255,-2.241
1761142399.051080,0,0.006819,-0.001641,1.160759,-2.370,1.390,-2.245,0.006819,-0.001641,1.160759,-2.370,1.390,-2.245
1761142399.109840,0,0.006822,-0.001669,1.152104,-2.502,1.620,-2.253,0.006822,-0.001669,1.152104,-2.502,1.620,-2.253
1761142399.167209,0,0.006838,-0.001637,1.153378,-1.854,1.485,-2.235,0.006838,-0.001637,1.153378,-1.854,1.485,-2.235
1761142399.233565,0,0.006823,-0.001672,1.155033,-2.244,1.412,-2.251,0.006823,-0.001672,1.155033,-2.244,1.412,-2.251
1761142399.298157,0,0.006837,-0.001655,1.155035,-2.231,1.384,-2.248,0.006837,-0.001655,1.155035,-2.231,1.384,-2.248
1761142399.356464,0,0.006825,-0.001648,1.155099,-2.146,1.373,-2.247,0.006825,-0.001648,1.155099,-2.146,1.373,-2.247
1761142399.420431,0,0.006828,-0.001645,1.155112,-2.087,1.432,-2.240,0.006828,-0.001645,1.155112,-2.087,1.432,-2.240
1761142399.478889,0,0.006821,-0.001680,1.154876,-2.293,1.448,-2.253,0.006821,-0.001680,1.154876,-2.293,1.448,-2.253
1761142399.536280,0,0.006820,-0.001655,1.155024,-2.248,1.423,-2.253,0.006820,-0.001655,1.155024,-2.248,1.423,-2.253
1761142399.597939,0,0.006798,-0.001660,1.155031,-2.250,1.541,-2.257,0.006798,-0.001660,1.155031,-2.250,1.541,-2.257
1761142399.665093,0,0.006818,-0.001644,1.155020,-2.106,1.506,-2.255,0.006818,-0.001644,1.155020,-2.106,1.506,-2.255
1761142399.726482,0,0.006825,-0.001646,1.155094,-2.103,1.404,-2.249,0.006825,-0.001646,1.155094,-2.103,1.404,-2.249
1761142399.791935,0,0.006825,-0.001669,1.155113,-2.327,1.386,-2.251,0.006825,-0.001669,1.155113,-2.327,1.386,-2.251
1761142399.858206,0,0.006820,-0.001646,1.155044,-2.121,1.424,-2.242,0.006820,-0.001646,1.155044,-2.121,1.424,-2.242
1761142399.917157,0,0.006836,-0.001659,1.155006,-2.208,1.405,-2.254,0.006836,-0.001659,1.155006,-2.208,1.405,-2.254
1761142399.978710,0,0.006835,-0.001667,1.155076,-2.286,1.387,-2.253,0.006835,-0.001667,1.155076,-2.286,1.387,-2.253
1761142400.045727,0,0.006819,-0.001662,1.155009,-2.286,1.482,-2.259,0.006819,-0.001662,1.155009,-2.286,1.482,-2.259
1761142400.105321,0,0.006828,-0.001660,1.154942,-2.177,1.512,-2.255,0.006828,-0.001660,1.154942,-2.177,1.512,-2.255
1761142400.168785,0,0.006834,-0.001670,1.155020,-2.257,1.436,-2.245,0.006834,-0.001670,1.155020,-2.257,1.436,-2.245
1761142400.232537,0,0.006839,-0.001653,1.154978,-2.222,1.436,-2.246,0.006839,-0.001653,1.154978,-2.222,1.436,-2.246
1761142400.299128,0,0.006828,-0.001649,1.155072,-2.185,1.432,-2.249,0.006828,-0.001649,1.155072,-2.185,1.432,-2.249
1761142400.366423,0,0.006832,-0.001651,1.155022,-2.137,1.444,-2.247,0.006832,-0.001651,1.155022,-2.137,1.444,-2.247
1761142400.445156,0,0.006821,-0.001649,1.155041,-2.111,1.474,-2.248,0.006821,-0.001649,1.155041,-2.111,1.474,-2.248
1761142400.516976,0,0.006835,-0.001654,1.155104,-2.220,1.415,-2.246,0.006835,-0.001654,1.155104,-2.220,1.415,-2.246
1761142400.583670,0,0.006823,-0.001647,1.155056,-2.121,1.479,-2.252,0.006823,-0.001647,1.155056,-2.121,1.479,-2.252
1761142400.652123,0,0.006854,-0.001641,1.155053,-2.081,1.322,-2.243,0.006854,-0.001641,1.155053,-2.081,1.322,-2.243
1761142400.716403,0,0.006802,-0.001650,1.154986,-2.176,1.570,-2.250,0.006802,-0.001650,1.154986,-2.176,1.570,-2.250
1761142400.796475,0,0.006827,-0.001641,1.155031,-2.160,1.461,-2.250,0.006827,-0.001641,1.155031,-2.160,1.461,-2.250
1761142400.873261,0,0.006812,-0.001649,1.155059,-2.138,1.510,-2.244,0.006812,-0.001649,1.155059,-2.138,1.510,-2.244
1761142400.952267,0,0.006823,-0.001652,1.155055,-2.177,1.428,-2.246,0.006823,-0.001652,1.155055,-2.177,1.428,-2.246
1761142401.022242,0,0.006839,-0.001680,1.155042,-2.362,1.352,-2.252,0.006839,-0.001680,1.155042,-2.362,1.352,-2.252
1761142401.098213,0,0.006817,-0.001686,1.154981,-2.448,1.453,-2.262,0.006817,-0.001686,1.154981,-2.448,1.453,-2.262
1761142401.167227,0,0.006831,-0.001667,1.154940,-2.253,1.418,-2.245,0.006831,-0.001667,1.154940,-2.253,1.418,-2.245
1761142401.245239,0,0.006834,-0.001648,1.155135,-2.108,1.322,-2.241,0.006834,-0.001648,1.155135,-2.108,1.322,-2.241
1761142401.326727,0,0.006830,-0.001660,1.155038,-2.250,1.412,-2.245,0.006830,-0.001660,1.155038,-2.250,1.412,-2.245
1761142401.403147,0,0.006823,-0.001667,1.154918,-2.342,1.494,-2.261,0.006823,-0.001667,1.154918,-2.342,1.494,-2.261
1761142401.473318,0,0.006819,-0.001671,1.154996,-2.294,1.512,-2.255,0.006819,-0.001671,1.154996,-2.294,1.512,-2.255
1761142401.544925,0,0.006845,-0.001650,1.155075,-2.181,1.394,-2.241,0.006845,-0.001650,1.155075,-2.181,1.394,-2.241
1761142401.613629,0,0.006827,-0.001665,1.155150,-2.296,1.391,-2.252,0.006827,-0.001665,1.155150,-2.296,1.391,-2.252
1761142401.682109,0,0.006834,-0.001650,1.155089,-2.087,1.460,-2.238,0.006834,-0.001650,1.155089,-2.087,1.460,-2.238
1761142401.754695,0,0.006819,-0.001694,1.155018,-2.391,1.473,-2.261,0.006819,-0.001694,1.155018,-2.391,1.473,-2.261
1761142401.820961,0,0.006840,-0.001662,1.155037,-2.222,1.386,-2.245,0.006840,-0.001662,1.155037,-2.222,1.386,-2.245
1761142401.889324,0,0.006837,-0.001654,1.155024,-2.171,1.462,-2.248,0.006837,-0.001654,1.155024,-2.171,1.462,-2.248
1761142401.961271,0,0.006813,-0.001669,1.155028,-2.338,1.477,-2.256,0.006813,-0.001669,1.155028,-2.338,1.477,-2.256
1761142402.029541,0,0.006829,-0.001639,1.155038,-2.175,1.477,-2.252,0.006829,-0.001639,1.155038,-2.175,1.477,-2.252
1761142402.097701,0,0.006832,-0.001641,1.154926,-2.179,1.452,-2.244,0.006832,-0.001641,1.154926,-2.179,1.452,-2.244
1761142402.170051,0,0.006808,-0.001640,1.154893,-2.194,1.458,-2.250,0.006808,-0.001640,1.154893,-2.194,1.458,-2.250
1761142402.234144,0,0.006822,-0.001620,1.154998,-1.978,1.412,-2.255,0.006822,-0.001620,1.154998,-1.978,1.412,-2.255
1761142402.295956,0,0.006824,-0.001642,1.154842,-2.144,1.361,-2.254,0.006824,-0.001642,1.154842,-2.144,1.361,-2.254
1761142402.364651,0,0.006826,-0.001635,1.154880,-2.118,1.374,-2.243,0.006826,-0.001635,1.154880,-2.118,1.374,-2.243
1761142402.430059,0,0.006810,-0.001631,1.155031,-2.110,1.400,-2.253,0.006810,-0.001631,1.155031,-2.110,1.400,-2.253
1761142402.492371,0,0.006823,-0.001619,1.155015,-2.111,1.411,-2.250,0.006823,-0.001619,1.155015,-2.111,1.411,-2.250
1761142402.563842,0,0.006826,-0.001622,1.155094,-2.027,1.361,-2.249,0.006826,-0.001622,1.155094,-2.027,1.361,-2.249
1761142402.627452,0,0.006834,-0.001632,1.155020,-2.183,1.374,-2.247,0.006834,-0.001632,1.155020,-2.183,1.374,-2.247
1761142402.691744,0,0.006817,-0.001634,1.155062,-2.144,1.477,-2.249,0.006817,-0.001634,1.155062,-2.144,1.477,-2.249
1761142402.763440,0,0.006818,-0.001655,1.155064,-2.207,1.473,-2.251,0.006818,-0.001655,1.155064,-2.207,1.473,-2.251
1761142402.826433,0,0.006823,-0.001657,1.155002,-2.225,1.404,-2.243,0.006823,-0.001657,1.155002,-2.225,1.404,-2.243
1761142402.896932,0,0.006811,-0.001659,1.155072,-2.237,1.409,-2.249,0.006811,-0.001659,1.155072,-2.237,1.409,-2.249
1761142402.967371,0,0.006830,-0.001663,1.155049,-2.260,1.356,-2.245,0.006830,-0.001663,1.155049,-2.260,1.356,-2.245
1761142403.035876,0,0.006836,-0.001645,1.155076,-2.164,1.379,-2.244,0.006836,-0.001645,1.155076,-2.164,1.379,-2.244
1761142403.103952,0,0.006843,-0.001651,1.154975,-2.141,1.355,-2.245,0.006843,-0.001651,1.154975,-2.141,1.355,-2.245
1761142403.171296,0,0.006834,-0.001636,1.155045,-2.096,1.342,-2.235,0.006834,-0.001636,1.155045,-2.096,1.342,-2.235
1761142403.239107,0,0.006831,-0.001622,1.155046,-2.040,1.383,-2.240,0.006831,-0.001622,1.155046,-2.040,1.383,-2.240
1761142403.308965,0,0.006839,-0.001657,1.150542,-2.677,1.540,-2.258,0.006839,-0.001657,1.150542,-2.677,1.540,-2.258
1761142403.377696,0,0.006820,-0.001638,1.158377,-1.834,1.360,-2.246,0.006820,-0.001638,1.158377,-1.834,1.360,-2.246
1761142403.434408,0,0.006871,-0.001549,1.165418,-2.143,1.109,-2.232,0.006871,-0.001549,1.165418,-2.143,1.109,-2.232
1761142403.492973,0,0.006821,-0.001639,1.155023,-2.073,1.437,-2.242,0.006821,-0.001639,1.155023,-2.073,1.437,-2.242
1761142403.556331,0,0.006857,-0.001665,1.150160,-2.799,1.447,-2.265,0.006857,-0.001665,1.150160,-2.799,1.447,-2.265
1761142403.622277,0,0.006897,-0.001578,1.148432,-2.606,1.477,-2.269,0.006897,-0.001578,1.148432,-2.606,1.477,-2.269
1761142403.682350,0,0.006822,-0.001664,1.152255,-2.506,1.610,-2.250,0.006822,-0.001664,1.152255,-2.506,1.610,-2.250
1761142403.745699,0,0.006825,-0.001641,1.152312,-2.345,1.543,-2.247,0.006825,-0.001641,1.152312,-2.345,1.543,-2.247
1761142403.814368,0,0.006830,-0.001648,1.152290,-2.403,1.566,-2.251,0.006830,-0.001648,1.152290,-2.403,1.566,-2.251
1761142403.884045,0,0.006851,-0.001626,1.152347,-2.320,1.485,-2.250,0.006851,-0.001626,1.152347,-2.320,1.485,-2.250
1761142403.952357,0,0.006852,-0.001645,1.152399,-2.387,1.416,-2.250,0.006852,-0.001645,1.152399,-2.387,1.416,-2.250
1761142404.023404,0,0.006845,-0.001651,1.152279,-2.403,1.441,-2.251,0.006845,-0.001651,1.152279,-2.403,1.441,-2.251
1761142404.090683,0,0.006846,-0.001654,1.152246,-2.390,1.482,-2.251,0.006846,-0.001654,1.152246,-2.390,1.482,-2.251
1761142404.156029,0,0.006834,-0.001661,1.152277,-2.453,1.495,-2.246,0.006834,-0.001661,1.152277,-2.453,1.495,-2.246
1761142404.228597,0,0.006832,-0.001670,1.152300,-2.602,1.457,-2.253,0.006832,-0.001670,1.152300,-2.602,1.457,-2.253
1761142404.298601,0,0.006844,-0.001662,1.152267,-2.492,1.511,-2.248,0.006844,-0.001662,1.152267,-2.492,1.511,-2.248
1761142404.366561,0,0.006836,-0.001660,1.152335,-2.474,1.428,-2.258,0.006836,-0.001660,1.152335,-2.474,1.428,-2.258
1761142404.437264,0,0.006837,-0.001629,1.152385,-2.355,1.505,-2.244,0.006837,-0.001629,1.152385,-2.355,1.505,-2.244
1761142404.502963,0,0.006852,-0.001642,1.152377,-2.402,1.411,-2.244,0.006852,-0.001642,1.152377,-2.402,1.411,-2.244
1761142404.566338,0,0.006852,-0.001640,1.152283,-2.324,1.411,-2.243,0.006852,-0.001640,1.152283,-2.324,1.411,-2.243
1761142404.636541,0,0.006825,-0.001629,1.152417,-2.358,1.528,-2.246,0.006825,-0.001629,1.152417,-2.358,1.528,-2.246
1761142404.723931,0,0.006815,-0.001627,1.152453,-2.261,1.511,-2.243,0.006815,-0.001627,1.152453,-2.261,1.511,-2.243
1761142404.790831,0,0.006834,-0.001658,1.152357,-2.427,1.483,-2.245,0.006834,-0.001658,1.152357,-2.427,1.483,-2.245
1761142404.859264,0,0.006834,-0.001631,1.152394,-2.327,1.487,-2.245,0.006834,-0.001631,1.152394,-2.327,1.487,-2.245
1761142404.921288,0,0.006840,-0.001624,1.152376,-2.276,1.463,-2.243,0.006840,-0.001624,1.152376,-2.276,1.463,-2.243
1761142404.988507,0,0.006827,-0.001663,1.152379,-2.378,1.524,-2.244,0.006827,-0.001663,1.152379,-2.378,1.524,-2.244
1761142405.063552,0,0.006831,-0.001662,1.152307,-2.466,1.518,-2.250,0.006831,-0.001662,1.152307,-2.466,1.518,-2.250
1761142405.125665,0,0.006850,-0.001642,1.152345,-2.382,1.387,-2.239,0.006850,-0.001642,1.152345,-2.382,1.387,-2.239
1761142405.187690,0,0.006841,-0.001625,1.152321,-2.220,1.519,-2.236,0.006841,-0.001625,1.152321,-2.220,1.519,-2.236
1761142405.262186,0,0.006856,-0.001633,1.152316,-2.330,1.403,-2.236,0.006856,-0.001633,1.152316,-2.330,1.403,-2.236
1761142405.330029,0,0.006834,-0.001655,1.152232,-2.497,1.470,-2.253,0.006834,-0.001655,1.152232,-2.497,1.470,-2.253
1761142405.399467,0,0.006833,-0.001635,1.152322,-2.340,1.497,-2.243,0.006833,-0.001635,1.152322,-2.340,1.497,-2.243
1761142405.467945,0,0.006832,-0.001624,1.152412,-2.272,1.524,-2.244,0.006832,-0.001624,1.152412,-2.272,1.524,-2.244
1761142405.530000,0,0.006852,-0.001642,1.152379,-2.378,1.400,-2.242,0.006852,-0.001642,1.152379,-2.378,1.400,-2.242
1761142405.598344,0,0.006851,-0.001652,1.152122,-2.470,1.483,-2.251,0.006851,-0.001652,1.152122,-2.470,1.483,-2.251
1761142405.673604,0,0.006839,-0.001655,1.152305,-2.415,1.463,-2.243,0.006839,-0.001655,1.152305,-2.415,1.463,-2.243
1761142405.737670,0,0.006830,-0.001650,1.152355,-2.410,1.493,-2.250,0.006830,-0.001650,1.152355,-2.410,1.493,-2.250
1761142405.803713,0,0.006834,-0.001635,1.152328,-2.310,1.546,-2.248,0.006834,-0.001635,1.152328,-2.310,1.546,-2.248
1761142405.888883,0,0.006853,-0.001638,1.152308,-2.372,1.373,-2.244,0.006853,-0.001638,1.152308,-2.372,1.373,-2.244
1761142405.968940,0,0.006830,-0.001661,1.152281,-2.417,1.504,-2.249,0.006830,-0.001661,1.152281,-2.417,1.504,-2.249
1761142406.042038,0,0.006846,-0.001627,1.152278,-2.238,1.475,-2.245,0.006846,-0.001627,1.152278,-2.238,1.475,-2.245
1761142406.119741,0,0.006831,-0.001652,1.152203,-2.414,1.555,-2.250,0.006831,-0.001652,1.152203,-2.414,1.555,-2.250
1761142406.201170,0,0.006827,-0.001641,1.152242,-2.376,1.533,-2.257,0.006827,-0.001641,1.152242,-2.376,1.533,-2.257
1761142406.269270,0,0.006841,-0.001638,1.152266,-2.378,1.478,-2.246,0.006841,-0.001638,1.152266,-2.378,1.478,-2.246
1761142406.338185,0,0.006833,-0.001633,1.152330,-2.368,1.515,-2.248,0.006833,-0.001633,1.152330,-2.368,1.515,-2.248
1761142406.407122,0,0.006834,-0.001644,1.152310,-2.347,1.457,-2.251,0.006834,-0.001644,1.152310,-2.347,1.457,-2.251
1761142406.471226,0,0.006823,-0.001659,1.152233,-2.428,1.502,-2.255,0.006823,-0.001659,1.152233,-2.428,1.502,-2.255
1761142406.538360,0,0.006840,-0.001680,1.152031,-2.612,1.460,-2.260,0.006840,-0.001680,1.152031,-2.612,1.460,-2.260
1761142406.608276,0,0.006849,-0.001619,1.152275,-2.224,1.489,-2.243,0.006849,-0.001619,1.152275,-2.224,1.489,-2.243
1761142406.673625,0,0.006848,-0.001639,1.152301,-2.323,1.383,-2.241,0.006848,-0.001639,1.152301,-2.323,1.383,-2.241
1761142406.744605,0,0.006839,-0.001661,1.152234,-2.414,1.430,-2.250,0.006839,-0.001661,1.152234,-2.414,1.430,-2.250
1761142406.807157,0,0.006853,-0.001646,1.152265,-2.469,1.348,-2.249,0.006853,-0.001646,1.152265,-2.469,1.348,-2.249
1761142406.870269,0,0.006833,-0.001668,1.152126,-2.465,1.458,-2.249,0.006833,-0.001668,1.152126,-2.465,1.458,-2.249
1761142406.943466,0,0.006829,-0.001663,1.152180,-2.470,1.515,-2.252,0.006829,-0.001663,1.152180,-2.470,1.515,-2.252
1761142407.004043,0,0.006813,-0.001637,1.152245,-2.375,1.619,-2.250,0.006813,-0.001637,1.152245,-2.375,1.619,-2.250
1761142407.074439,0,0.006819,-0.001661,1.152233,-2.501,1.475,-2.256,0.006819,-0.001661,1.152233,-2.501,1.475,-2.256
1761142407.147077,0,0.006844,-0.001665,1.152264,-2.430,1.467,-2.257,0.006844,-0.001665,1.152264,-2.430,1.467,-2.257
1761142407.212255,0,0.006850,-0.001648,1.152264,-2.470,1.472,-2.252,0.006850,-0.001648,1.152264,-2.470,1.472,-2.252
1761142407.275733,0,0.006862,-0.001644,1.152326,-2.381,1.496,-2.245,0.006862,-0.001644,1.152326,-2.381,1.496,-2.245
1761142407.349347,0,0.006842,-0.001641,1.152329,-2.381,1.466,-2.252,0.006842,-0.001641,1.152329,-2.381,1.466,-2.252
1761142407.415039,0,0.006860,-0.001646,1.152466,-2.428,1.372,-2.244,0.006860,-0.001646,1.152466,-2.428,1.372,-2.244
1761142407.482099,0,0.006837,-0.001646,1.152371,-2.424,1.554,-2.253,0.006837,-0.001646,1.152371,-2.424,1.554,-2.253
1761142407.552405,0,0.006848,-0.001649,1.152474,-2.493,1.441,-2.255,0.006848,-0.001649,1.152474,-2.493,1.441,-2.255
1761142407.627468,0,0.006838,-0.001628,1.152598,-2.339,1.547,-2.253,0.006838,-0.001628,1.152598,-2.339,1.547,-2.253
1761142407.692616,0,0.006855,-0.001636,1.152558,-2.427,1.502,-2.253,0.006855,-0.001636,1.152558,-2.427,1.502,-2.253
1761142407.756976,0,0.006864,-0.001639,1.152595,-2.432,1.547,-2.259,0.006864,-0.001639,1.152595,-2.432,1.547,-2.259
1761142407.826411,0,0.006851,-0.001615,1.152652,-2.287,1.653,-2.247,0.006851,-0.001615,1.152652,-2.287,1.653,-2.247
1761142407.892423,0,0.006850,-0.001639,1.152661,-2.392,1.626,-2.251,0.006850,-0.001639,1.152661,-2.392,1.626,-2.251
1761142407.961364,0,0.006845,-0.001657,1.152670,-2.570,1.674,-2.259,0.006845,-0.001657,1.152670,-2.570,1.674,-2.259
1761142408.037700,0,0.006837,-0.001644,1.152737,-2.508,1.680,-2.258,0.006837,-0.001644,1.152737,-2.508,1.680,-2.258
1761142408.105171,0,0.006843,-0.001674,1.152719,-2.659,1.592,-2.260,0.006843,-0.001674,1.152719,-2.659,1.592,-2.260
1761142408.182816,0,0.006851,-0.001674,1.152694,-2.577,1.632,-2.252,0.006851,-0.001674,1.152694,-2.577,1.632,-2.252
1761142408.246464,0,0.006850,-0.001671,1.152604,-2.612,1.666,-2.262,0.006850,-0.001671,1.152604,-2.612,1.666,-2.262
1761142408.313026,0,0.006857,-0.001680,1.152394,-2.704,1.700,-2.261,0.006857,-0.001680,1.152394,-2.704,1.700,-2.261
1761142408.370055,0,0.006879,-0.001669,1.152375,-2.614,1.600,-2.259,0.006879,-0.001669,1.152375,-2.614,1.600,-2.259
1761142408.427382,0,0.006877,-0.001665,1.152264,-2.593,1.615,-2.256,0.006877,-0.001665,1.152264,-2.593,1.615,-2.256
1761142408.486237,0,0.006862,-0.001672,1.152266,-2.689,1.641,-2.259,0.006862,-0.001672,1.152266,-2.689,1.641,-2.259
1761142408.544499,0,0.006846,-0.001649,1.152355,-2.491,1.676,-2.255,0.006846,-0.001649,1.152355,-2.491,1.676,-2.255
1761142408.604182,0,0.006872,-0.001675,1.152308,-2.648,1.554,-2.256,0.006872,-0.001675,1.152308,-2.648,1.554,-2.256
1761142408.655422,0,0.006879,-0.001658,1.152302,-2.564,1.549,-2.249,0.006879,-0.001658,1.152302,-2.564,1.549,-2.249
1761142408.708494,0,0.006870,-0.001661,1.152239,-2.595,1.622,-2.255,0.006870,-0.001661,1.152239,-2.595,1.622,-2.255
1761142408.761903,0,0.006863,-0.001673,1.152298,-2.635,1.646,-2.261,0.006863,-0.001673,1.152298,-2.635,1.646,-2.261
1761142408.823263,0,0.006847,-0.001654,1.152225,-2.577,1.732,-2.258,0.006847,-0.001654,1.152225,-2.577,1.732,-2.258
1761142408.877206,0,0.006846,-0.001662,1.152305,-2.596,1.737,-2.262,0.006846,-0.001662,1.152305,-2.596,1.737,-2.262
1761142408.935666,0,0.006857,-0.001654,1.152286,-2.565,1.634,-2.256,0.006857,-0.001654,1.152286,-2.565,1.634,-2.256
1761142408.991923,0,0.006865,-0.001664,1.152234,-2.664,1.585,-2.253,0.006865,-0.001664,1.152234,-2.664,1.585,-2.253
1761142409.050147,0,0.006870,-0.001651,1.150525,-2.727,1.647,-2.269,0.006870,-0.001651,1.150525,-2.727,1.647,-2.269
1761142409.100213,0,0.006835,-0.001659,1.157849,-2.003,1.637,-2.253,0.006835,-0.001659,1.157849,-2.003,1.637,-2.253
1761142409.154401,0,0.006860,-0.001611,1.162103,-2.269,1.567,-2.253,0.006860,-0.001611,1.162103,-2.269,1.567,-2.253
1761142409.208412,0,0.006860,-0.001658,1.152590,-2.753,1.701,-2.266,0.006860,-0.001658,1.152590,-2.753,1.701,-2.266
1761142409.267785,0,0.006900,-0.001624,1.149103,-2.913,1.779,-2.275,0.006900,-0.001624,1.149103,-2.913,1.779,-2.275
1761142409.321612,0,0.006857,-0.001673,1.152319,-2.651,1.680,-2.262,0.006857,-0.001673,1.152319,-2.651,1.680,-2.262
1761142409.378075,0,0.006869,-0.001651,1.152268,-2.541,1.597,-2.252,0.006869,-0.001651,1.152268,-2.541,1.597,-2.252
1761142409.436405,0,0.006863,-0.001651,1.152311,-2.521,1.564,-2.254,0.006863,-0.001651,1.152311,-2.521,1.564,-2.254
1761142409.494343,0,0.006851,-0.001660,1.152267,-2.616,1.640,-2.265,0.006851,-0.001660,1.152267,-2.616,1.640,-2.265
1761142409.550341,0,0.006862,-0.001636,1.152211,-2.439,1.681,-2.247,0.006862,-0.001636,1.152211,-2.439,1.681,-2.247
1761142409.611281,0,0.006863,-0.001637,1.152300,-2.476,1.629,-2.249,0.006863,-0.001637,1.152300,-2.476,1.629,-2.249
1761142409.671484,0,0.006852,-0.001660,1.152274,-2.591,1.650,-2.255,0.006852,-0.001660,1.152274,-2.591,1.650,-2.255
1761142409.726042,0,0.006868,-0.001688,1.152217,-2.770,1.550,-2.262,0.006868,-0.001688,1.152217,-2.770,1.550,-2.262
1761142409.784043,0,0.006869,-0.001664,1.152265,-2.566,1.633,-2.258,0.006869,-0.001664,1.152265,-2.566,1.633,-2.258
1761142409.837029,0,0.006866,-0.001662,1.152265,-2.575,1.632,-2.249,0.006866,-0.001662,1.152265,-2.575,1.632,-2.249
1761142409.897645,0,0.006884,-0.001662,1.152178,-2.579,1.586,-2.254,0.006884,-0.001662,1.152178,-2.579,1.586,-2.254
1761142409.959321,0,0.006858,-0.001657,1.152183,-2.572,1.671,-2.257,0.006858,-0.001657,1.152183,-2.572,1.671,-2.257
1761142410.020381,0,0.006870,-0.001679,1.152178,-2.698,1.592,-2.260,0.006870,-0.001679,1.152178,-2.698,1.592,-2.260
1761142410.076540,0,0.006861,-0.001664,1.152194,-2.622,1.672,-2.259,0.006861,-0.001664,1.152194,-2.622,1.672,-2.259
1761142410.133381,0,0.006870,-0.001647,1.152322,-2.460,1.614,-2.247,0.006870,-0.001647,1.152322,-2.460,1.614,-2.247
1761142410.190669,0,0.006872,-0.001674,1.152157,-2.624,1.619,-2.256,0.006872,-0.001674,1.152157,-2.624,1.619,-2.256
1761142410.250962,0,0.006865,-0.001656,1.152224,-2.539,1.631,-2.249,0.006865,-0.001656,1.152224,-2.539,1.631,-2.249
1761142410.318445,0,0.006874,-0.001637,1.152309,-2.420,1.629,-2.249,0.006874,-0.001637,1.152309,-2.420,1.629,-2.249
1761142410.379326,0,0.006881,-0.001651,1.152267,-2.520,1.595,-2.254,0.006881,-0.001651,1.152267,-2.520,1.595,-2.254
1761142410.434777,0,0.006881,-0.001664,1.152156,-2.595,1.607,-2.257,0.006881,-0.001664,1.152156,-2.595,1.607,-2.257
1761142410.496910,0,0.006863,-0.001646,1.152285,-2.501,1.621,-2.258,0.006863,-0.001646,1.152285,-2.501,1.621,-2.258
1761142410.555306,0,0.006871,-0.001618,1.152303,-2.327,1.629,-2.241,0.006871,-0.001618,1.152303,-2.327,1.629,-2.241
1761142410.619660,0,0.006862,-0.001670,1.152198,-2.593,1.637,-2.254,0.006862,-0.001670,1.152198,-2.593,1.637,-2.254
1761142410.679461,0,0.006868,-0.001671,1.152233,-2.677,1.622,-2.257,0.006868,-0.001671,1.152233,-2.677,1.622,-2.257
1761142410.741178,0,0.006868,-0.001670,1.152262,-2.577,1.640,-2.254,0.006868,-0.001670,1.152262,-2.577,1.640,-2.254
1761142410.798842,0,0.006866,-0.001646,1.152279,-2.509,1.656,-2.259,0.006866,-0.001646,1.152279,-2.509,1.656,-2.259
1761142410.859171,0,0.006861,-0.001664,1.152315,-2.576,1.682,-2.257,0.006861,-0.001664,1.152315,-2.576,1.682,-2.257
1761142410.921127,0,0.006872,-0.001654,1.152223,-2.499,1.639,-2.253,0.006872,-0.001654,1.152223,-2.499,1.639,-2.253
1761142410.983920,0,0.006877,-0.001655,1.152245,-2.540,1.702,-2.256,0.006877,-0.001655,1.152245,-2.540,1.702,-2.256
1761142411.048501,0,0.006869,-0.001669,1.152277,-2.643,1.643,-2.262,0.006869,-0.001669,1.152277,-2.643,1.643,-2.262
1761142411.105603,0,0.006870,-0.001662,1.152311,-2.604,1.599,-2.257,0.006870,-0.001662,1.152311,-2.604,1.599,-2.257
1761142411.166955,0,0.006867,-0.001668,1.152315,-2.620,1.623,-2.256,0.006867,-0.001668,1.152315,-2.620,1.623,-2.256
1761142411.232075,0,0.006865,-0.001659,1.152251,-2.544,1.661,-2.256,0.006865,-0.001659,1.152251,-2.544,1.661,-2.256
1761142411.306056,0,0.006879,-0.001662,1.152327,-2.514,1.603,-2.251,0.006879,-0.001662,1.152327,-2.514,1.603,-2.251
1761142411.374169,0,0.006875,-0.001634,1.152366,-2.447,1.633,-2.251,0.006875,-0.001634,1.152366,-2.447,1.633,-2.251
1761142411.435573,0,0.006847,-0.001650,1.152477,-2.517,1.692,-2.255,0.006847,-0.001650,1.152477,-2.517,1.692,-2.255
1761142411.498798,0,0.006884,-0.001651,1.152306,-2.497,1.636,-2.251,0.006884,-0.001651,1.152306,-2.497,1.636,-2.251
1761142411.572036,0,0.006864,-0.001664,1.152255,-2.636,1.663,-2.262,0.006864,-0.001664,1.152255,-2.636,1.663,-2.262
1761142411.649723,0,0.006873,-0.001643,1.152337,-2.492,1.654,-2.255,0.006873,-0.001643,1.152337,-2.492,1.654,-2.255
1761142411.710336,0,0.006877,-0.001665,1.152356,-2.587,1.611,-2.256,0.006877,-0.001665,1.152356,-2.587,1.611,-2.256
1761142411.775882,0,0.006855,-0.001641,1.152225,-2.515,1.681,-2.264,0.006855,-0.001641,1.152225,-2.515,1.681,-2.264
1761142411.860804,0,0.006852,-0.001668,1.152382,-2.571,1.624,-2.254,0.006852,-0.001668,1.152382,-2.571,1.624,-2.254
1761142411.931096,0,0.006906,-0.001684,1.152183,-2.709,1.524,-2.260,0.006906,-0.001684,1.152183,-2.709,1.524,-2.260
1761142412.012375,0,0.006898,-0.001653,1.152272,-2.516,1.578,-2.253,0.006898,-0.001653,1.152272,-2.516,1.578,-2.253
1761142412.084197,0,0.006907,-0.001680,1.152215,-2.652,1.590,-2.255,0.006907,-0.001680,1.152215,-2.652,1.590,-2.255
1761142412.161733,0,0.006868,-0.001637,1.152528,-2.346,1.612,-2.251,0.006868,-0.001637,1.152528,-2.346,1.612,-2.251
1761142412.236991,0,0.006941,-0.001634,1.152387,-2.379,1.611,-2.251,0.006941,-0.001634,1.152387,-2.379,1.611,-2.251
1761142412.305032,0,0.006849,-0.001678,1.152381,-2.635,1.627,-2.267,0.006849,-0.001678,1.152381,-2.635,1.627,-2.267
1761142412.390638,0,0.006846,-0.001653,1.152476,-2.443,1.626,-2.256,0.006846,-0.001653,1.152476,-2.443,1.626,-2.256
1761142412.460244,0,0.006733,-0.001681,1.152173,-2.778,1.675,-2.270,0.006733,-0.001681,1.152173,-2.778,1.675,-2.270
1761142412.533775,0,0.006840,-0.001661,1.152143,-2.681,1.588,-2.264,0.006840,-0.001661,1.152143,-2.681,1.588,-2.264
1761142412.610315,0,0.006873,-0.001621,1.152399,-2.370,1.610,-2.247,0.006873,-0.001621,1.152399,-2.370,1.610,-2.247
1761142412.687989,0,0.006838,-0.001657,1.152242,-2.626,1.606,-2.258,0.006838,-0.001657,1.152242,-2.626,1.606,-2.258
1761142412.766282,0,0.006851,-0.001658,1.152313,-2.572,1.632,-2.263,0.006851,-0.001658,1.152313,-2.572,1.632,-2.263
1761142412.854398,0,0.006856,-0.001665,1.152221,-2.639,1.668,-2.267,0.006856,-0.001665,1.152221,-2.639,1.668,-2.267
1761142412.928732,0,0.006888,-0.001657,1.152183,-2.644,1.610,-2.266,0.006888,-0.001657,1.152183,-2.644,1.610,-2.266
1761142413.013927,0,0.006846,-0.001645,1.152187,-2.560,1.697,-2.264,0.006846,-0.001645,1.152187,-2.560,1.697,-2.264
1761142413.097895,0,0.006872,-0.001653,1.152174,-2.578,1.627,-2.257,0.006872,-0.001653,1.152174,-2.578,1.627,-2.257
1761142413.177705,0,0.006869,-0.001635,1.152244,-2.545,1.606,-2.253,0.006869,-0.001635,1.152244,-2.545,1.606,-2.253
1761142413.249861,0,0.006883,-0.001619,1.152254,-2.381,1.614,-2.258,0.006883,-0.001619,1.152254,-2.381,1.614,-2.258
1761142413.324114,0,0.006863,-0.001638,1.152229,-2.484,1.647,-2.254,0.006863,-0.001638,1.152229,-2.484,1.647,-2.254
1761142413.401609,0,0.006868,-0.001636,1.152227,-2.477,1.619,-2.256,0.006868,-0.001636,1.152227,-2.477,1.619,-2.256
1761142413.486319,0,0.006846,-0.001635,1.152227,-2.465,1.715,-2.261,0.006846,-0.001635,1.152227,-2.465,1.715,-2.261
1761142413.558528,0,0.006843,-0.001673,1.152143,-2.746,1.687,-2.273,0.006843,-0.001673,1.152143,-2.746,1.687,-2.273
1761142413.642414,0,0.006863,-0.001646,1.152256,-2.548,1.656,-2.264,0.006863,-0.001646,1.152256,-2.548,1.656,-2.264
1761142413.713841,0,0.006867,-0.001639,1.152392,-2.459,1.617,-2.257,0.006867,-0.001639,1.152392,-2.459,1.617,-2.257
1761142413.786703,0,0.006858,-0.001657,1.152193,-2.565,1.659,-2.261,0.006858,-0.001657,1.152193,-2.565,1.659,-2.261
1761142413.863480,0,0.006887,-0.001651,1.152159,-2.541,1.565,-2.253,0.006887,-0.001651,1.152159,-2.541,1.565,-2.253
1761142413.938054,0,0.006861,-0.001658,1.152248,-2.545,1.632,-2.255,0.006861,-0.001658,1.152248,-2.545,1.632,-2.255
1761142414.008943,0,0.006871,-0.001639,1.152322,-2.493,1.571,-2.247,0.006871,-0.001639,1.152322,-2.493,1.571,-2.247
1761142414.088335,0,0.006873,-0.001658,1.152224,-2.583,1.554,-2.262,0.006873,-0.001658,1.152224,-2.583,1.554,-2.262
1761142414.160463,0,0.006892,-0.001644,1.152179,-2.472,1.536,-2.252,0.006892,-0.001644,1.152179,-2.472,1.536,-2.252
1761142414.260581,0,0.006870,-0.001644,1.152181,-2.503,1.666,-2.255,0.006870,-0.001644,1.152181,-2.503,1.666,-2.255
1761142414.344980,0,0.006860,-0.001646,1.152162,-2.560,1.713,-2.255,0.006860,-0.001646,1.152162,-2.560,1.713,-2.255
1761142414.421647,0,0.006868,-0.001677,1.152174,-2.737,1.589,-2.264,0.006868,-0.001677,1.152174,-2.737,1.589,-2.264
1761142414.508726,0,0.006867,-0.001652,1.152232,-2.597,1.608,-2.258,0.006867,-0.001652,1.152232,-2.597,1.608,-2.258
1761142414.598778,0,0.006884,-0.001634,1.152224,-2.554,1.576,-2.255,0.006884,-0.001634,1.152224,-2.554,1.576,-2.255
1761142414.695296,0,0.006848,-0.001627,1.152295,-2.455,1.720,-2.262,0.006848,-0.001627,1.152295,-2.455,1.720,-2.262
1761142414.784837,0,0.006868,-0.001622,1.152352,-2.408,1.598,-2.253,0.006868,-0.001622,1.152352,-2.408,1.598,-2.253
1761142414.864008,0,0.006870,-0.001649,1.152248,-2.602,1.623,-2.260,0.006870,-0.001649,1.152248,-2.602,1.623,-2.260
1761142414.950026,0,0.006843,-0.001637,1.152287,-2.425,1.700,-2.257,0.006843,-0.001637,1.152287,-2.425,1.700,-2.257
1761142415.034795,0,0.006859,-0.001650,1.152278,-2.532,1.607,-2.257,0.006859,-0.001650,1.152278,-2.532,1.607,-2.257
1761142415.112653,0,0.006875,-0.001649,1.152198,-2.537,1.587,-2.256,0.006875,-0.001649,1.152198,-2.537,1.587,-2.256
1761142415.196130,0,0.006883,-0.001658,1.152136,-2.621,1.552,-2.262,0.006883,-0.001658,1.152136,-2.621,1.552,-2.262
1761142415.270991,0,0.006854,-0.001644,1.152314,-2.555,1.600,-2.265,0.006854,-0.001644,1.152314,-2.555,1.600,-2.265
1761142415.375642,0,0.006859,-0.001644,1.152222,-2.601,1.603,-2.262,0.006859,-0.001644,1.152222,-2.601,1.603,-2.262
1761142415.475427,0,0.006885,-0.001664,1.152206,-2.653,1.571,-2.253,0.006885,-0.001664,1.152206,-2.653,1.571,-2.253
1761142415.553857,0,0.006851,-0.001641,1.152207,-2.529,1.637,-2.258,0.006851,-0.001641,1.152207,-2.529,1.637,-2.258
1761142415.639690,0,0.006853,-0.001654,1.152199,-2.557,1.692,-2.262,0.006853,-0.001654,1.152199,-2.557,1.692,-2.262
1761142415.727296,0,0.006866,-0.001656,1.152234,-2.631,1.623,-2.262,0.006866,-0.001656,1.152234,-2.631,1.623,-2.262
1761142415.812897,0,0.006852,-0.001683,1.152163,-2.782,1.668,-2.279,0.006852,-0.001683,1.152163,-2.782,1.668,-2.279
1761142415.892462,0,0.006863,-0.001665,1.152173,-2.657,1.615,-2.260,0.006863,-0.001665,1.152173,-2.657,1.615,-2.260
1761142415.972526,0,0.006860,-0.001651,1.152192,-2.629,1.594,-2.270,0.006860,-0.001651,1.152192,-2.629,1.594,-2.270
1761142416.055034,0,0.006866,-0.001644,1.152208,-2.559,1.640,-2.261,0.006866,-0.001644,1.152208,-2.559,1.640,-2.261
1761142416.140162,0,0.006865,-0.001670,1.152283,-2.629,1.605,-2.265,0.006865,-0.001670,1.152283,-2.629,1.605,-2.265
1761142416.222284,0,0.006862,-0.001643,1.152301,-2.517,1.596,-2.257,0.006862,-0.001643,1.152301,-2.517,1.596,-2.257
1761142416.306424,0,0.006853,-0.001667,1.152169,-2.678,1.693,-2.263,0.006853,-0.001667,1.152169,-2.678,1.693,-2.263
1761142416.386133,0,0.006885,-0.001670,1.152266,-2.725,1.491,-2.255,0.006885,-0.001670,1.152266,-2.725,1.491,-2.255
1761142416.467211,0,0.006850,-0.001659,1.152244,-2.661,1.616,-2.265,0.006850,-0.001659,1.152244,-2.661,1.616,-2.265
1761142416.565765,0,0.006864,-0.001653,1.152189,-2.599,1.570,-2.268,0.006864,-0.001653,1.152189,-2.599,1.570,-2.268
1761142416.636319,0,0.006829,-0.001673,1.152178,-2.734,1.741,-2.272,0.006829,-0.001673,1.152178,-2.734,1.741,-2.272
1761142416.722942,0,0.006861,-0.001651,1.152167,-2.590,1.636,-2.255,0.006861,-0.001651,1.152167,-2.590,1.636,-2.255
1761142416.808864,0,0.006849,-0.001654,1.152227,-2.562,1.700,-2.257,0.006849,-0.001654,1.152227,-2.562,1.700,-2.257
1761142416.888460,0,0.006838,-0.001657,1.152137,-2.655,1.725,-2.269,0.006838,-0.001657,1.152137,-2.655,1.725,-2.269
1761142416.973049,0,0.006858,-0.001643,1.152144,-2.516,1.670,-2.258,0.006858,-0.001643,1.152144,-2.516,1.670,-2.258
1761142417.056834,0,0.006863,-0.001654,1.152250,-2.585,1.608,-2.255,0.006863,-0.001654,1.152250,-2.585,1.608,-2.255
1761142417.128445,0,0.006863,-0.001630,1.152302,-2.409,1.651,-2.251,0.006863,-0.001630,1.152302,-2.409,1.651,-2.251
1761142417.208682,0,0.006879,-0.001611,1.152310,-2.291,1.586,-2.248,0.006879,-0.001611,1.152310,-2.291,1.586,-2.248
1761142417.287410,0,0.006880,-0.001621,1.152240,-2.392,1.530,-2.247,0.006880,-0.001621,1.152240,-2.392,1.530,-2.247
1761142417.368507,0,0.006859,-0.001640,1.152327,-2.483,1.613,-2.258,0.006859,-0.001640,1.152327,-2.483,1.613,-2.258
1761142417.446131,0,0.006878,-0.001652,1.152172,-2.603,1.575,-2.256,0.006878,-0.001652,1.152172,-2.603,1.575,-2.256
1761142417.524708,0,0.006850,-0.001664,1.152111,-2.708,1.606,-2.262,0.006850,-0.001664,1.152111,-2.708,1.606,-2.262
1761142417.608859,0,0.006841,-0.001665,1.152235,-2.733,1.690,-2.266,0.006841,-0.001665,1.152235,-2.733,1.690,-2.266
1761142417.685574,0,0.006866,-0.001641,1.152216,-2.523,1.572,-2.261,0.006866,-0.001641,1.152216,-2.523,1.572,-2.261
1761142417.761868,0,0.006863,-0.001631,1.152224,-2.499,1.632,-2.251,0.006863,-0.001631,1.152224,-2.499,1.632,-2.251
1761142417.843421,0,0.006822,-0.001661,1.152159,-2.684,1.687,-2.261,0.006822,-0.001661,1.152159,-2.684,1.687,-2.261
1761142417.930533,0,0.006818,-0.001659,1.152198,-2.635,1.715,-2.267,0.006818,-0.001659,1.152198,-2.635,1.715,-2.267
1761142418.013751,0,0.006846,-0.001626,1.152181,-2.504,1.649,-2.257,0.006846,-0.001626,1.152181,-2.504,1.649,-2.257
1761142418.115956,0,0.006844,-0.001657,1.152174,-2.656,1.652,-2.264,0.006844,-0.001657,1.152174,-2.656,1.652,-2.264
1761142418.209577,0,0.006850,-0.001622,1.152297,-2.458,1.664,-2.253,0.006850,-0.001622,1.152297,-2.458,1.664,-2.253
1761142418.303875,0,0.006856,-0.001655,1.152184,-2.632,1.685,-2.265,0.006856,-0.001655,1.152184,-2.632,1.685,-2.265
1761142418.398114,0,0.006852,-0.001631,1.152156,-2.464,1.692,-2.257,0.006852,-0.001631,1.152156,-2.464,1.692,-2.257
1761142418.482284,0,0.006847,-0.001657,1.152220,-2.650,1.603,-2.260,0.006847,-0.001657,1.152220,-2.650,1.603,-2.260
1761142418.555944,0,0.006835,-0.001651,1.152156,-2.611,1.735,-2.259,0.006835,-0.001651,1.152156,-2.611,1.735,-2.259
1761142418.632035,0,0.006863,-0.001664,1.152200,-2.670,1.568,-2.266,0.006863,-0.001664,1.152200,-2.670,1.568,-2.266
1761142418.708940,0,0.006852,-0.001667,1.152153,-2.672,1.593,-2.260,0.006852,-0.001667,1.152153,-2.672,1.593,-2.260
1761142418.775664,0,0.006825,-0.001651,1.152331,-2.573,1.718,-2.265,0.006825,-0.001651,1.152331,-2.573,1.718,-2.265
1761142418.854723,0,0.006843,-0.001660,1.152217,-2.672,1.612,-2.270,0.006843,-0.001660,1.152217,-2.672,1.612,-2.270
1761142418.929870,0,0.006843,-0.001663,1.152257,-2.608,1.654,-2.270,0.006843,-0.001663,1.152257,-2.608,1.654,-2.270
1761142419.005430,0,0.006859,-0.001663,1.152188,-2.671,1.609,-2.263,0.006859,-0.001663,1.152188,-2.671,1.609,-2.263
1761142419.090616,0,0.006863,-0.001655,1.152153,-2.683,1.595,-2.264,0.006863,-0.001655,1.152153,-2.683,1.595,-2.264
1761142419.169191,0,0.006834,-0.001627,1.152301,-2.483,1.737,-2.261,0.006834,-0.001627,1.152301,-2.483,1.737,-2.261
1761142419.244599,0,0.006849,-0.001648,1.152246,-2.620,1.607,-2.265,0.006849,-0.001648,1.152246,-2.620,1.607,-2.265
1761142419.326571,0,0.006861,-0.001665,1.152263,-2.716,1.573,-2.267,0.006861,-0.001665,1.152263,-2.716,1.573,-2.267
1761142419.407226,0,0.006866,-0.001620,1.152409,-2.369,1.621,-2.254,0.006866,-0.001620,1.152409,-2.369,1.621,-2.254
1761142419.480834,0,0.006851,-0.001646,1.152311,-2.567,1.714,-2.256,0.006851,-0.001646,1.152311,-2.567,1.714,-2.256
1761142419.549476,0,0.006858,-0.001644,1.152278,-2.565,1.600,-2.258,0.006858,-0.001644,1.152278,-2.565,1.600,-2.258
1761142419.621826,0,0.006847,-0.001634,1.152342,-2.546,1.601,-2.264,0.006847,-0.001634,1.152342,-2.546,1.601,-2.264
1761142419.695387,0,0.006862,-0.001651,1.152273,-2.554,1.555,-2.254,0.006862,-0.001651,1.152273,-2.554,1.555,-2.254
1761142419.764454,0,0.006863,-0.001635,1.152240,-2.433,1.682,-2.246,0.006863,-0.001635,1.152240,-2.433,1.682,-2.246
1761142419.842406,0,0.006856,-0.001619,1.152193,-2.440,1.651,-2.256,0.006856,-0.001619,1.152193,-2.440,1.651,-2.256
1761142419.923121,0,0.006860,-0.001660,1.152160,-2.698,1.621,-2.258,0.006860,-0.001660,1.152160,-2.698,1.621,-2.258
1761142420.001416,0,0.006859,-0.001678,1.152102,-2.783,1.588,-2.262,0.006859,-0.001678,1.152102,-2.783,1.588,-2.262
1761142420.074387,0,0.006861,-0.001638,1.152105,-2.516,1.666,-2.249,0.006861,-0.001638,1.152105,-2.516,1.666,-2.249
1761142420.155328,0,0.006845,-0.001654,1.152134,-2.588,1.689,-2.261,0.006845,-0.001654,1.152134,-2.588,1.689,-2.261
1761142420.232375,0,0.006852,-0.001653,1.152095,-2.609,1.688,-2.262,0.006852,-0.001653,1.152095,-2.609,1.688,-2.262
1761142420.313596,0,0.006857,-0.001664,1.152109,-2.693,1.645,-2.264,0.006857,-0.001664,1.152109,-2.693,1.645,-2.264
1761142420.388154,0,0.006847,-0.001652,1.152083,-2.609,1.701,-2.262,0.006847,-0.001652,1.152083,-2.609,1.701,-2.262
1761142420.465266,0,0.006840,-0.001644,1.152157,-2.500,1.668,-2.260,0.006840,-0.001644,1.152157,-2.500,1.668,-2.260
1761142420.538617,0,0.006846,-0.001649,1.152222,-2.584,1.631,-2.262,0.006846,-0.001649,1.152222,-2.584,1.631,-2.262
1761142420.610993,0,0.006873,-0.001637,1.152200,-2.497,1.594,-2.256,0.006873,-0.001637,1.152200,-2.497,1.594,-2.256
1761142420.678059,0,0.006857,-0.001626,1.152207,-2.479,1.659,-2.250,0.006857,-0.001626,1.152207,-2.479,1.659,-2.250
1761142420.750011,0,0.006855,-0.001657,1.152216,-2.618,1.625,-2.261,0.006855,-0.001657,1.152216,-2.618,1.625,-2.261
1761142420.830180,0,0.006856,-0.001680,1.152124,-2.763,1.633,-2.268,0.006856,-0.001680,1.152124,-2.763,1.633,-2.268
1761142420.906384,0,0.006864,-0.001640,1.152168,-2.508,1.671,-2.258,0.006864,-0.001640,1.152168,-2.508,1.671,-2.258
1761142420.986037,0,0.006841,-0.001668,1.152019,-2.776,1.630,-2.266,0.006841,-0.001668,1.152019,-2.776,1.630,-2.266
1761142421.065275,0,0.006851,-0.001652,1.152178,-2.619,1.618,-2.264,0.006851,-0.001652,1.152178,-2.619,1.618,-2.264
1761142421.146959,0,0.006848,-0.001665,1.152058,-2.677,1.696,-2.268,0.006848,-0.001665,1.152058,-2.677,1.696,-2.268
1761142421.216756,0,0.006852,-0.001656,1.152195,-2.560,1.643,-2.262,0.006852,-0.001656,1.152195,-2.560,1.643,-2.262
1761142421.291153,0,0.006841,-0.001633,1.152182,-2.501,1.751,-2.260,0.006841,-0.001633,1.152182,-2.501,1.751,-2.260
1761142421.364976,0,0.006854,-0.001671,1.152119,-2.764,1.555,-2.260,0.006854,-0.001671,1.152119,-2.764,1.555,-2.260
1761142421.437238,0,0.006838,-0.001674,1.152120,-2.741,1.593,-2.270,0.006838,-0.001674,1.152120,-2.741,1.593,-2.270
1761142421.512524,0,0.006841,-0.001671,1.152003,-2.732,1.629,-2.261,0.006841,-0.001671,1.152003,-2.732,1.629,-2.261
1761142421.590353,0,0.006851,-0.001668,1.152244,-2.620,1.598,-2.260,0.006851,-0.001668,1.152244,-2.620,1.598,-2.260
1761142421.672727,0,0.006853,-0.001646,1.152256,-2.503,1.621,-2.258,0.006853,-0.001646,1.152256,-2.503,1.621,-2.258
1761142421.753462,0,0.006842,-0.001645,1.152188,-2.489,1.707,-2.258,0.006842,-0.001645,1.152188,-2.489,1.707,-2.258
1761142421.842807,0,0.006870,-0.001645,1.152170,-2.530,1.555,-2.252,0.006870,-0.001645,1.152170,-2.530,1.555,-2.252
1761142421.928463,0,0.006867,-0.001652,1.152151,-2.593,1.592,-2.263,0.006867,-0.001652,1.152151,-2.593,1.592,-2.263
1761142422.007143,0,0.006826,-0.001646,1.152186,-2.594,1.731,-2.265,0.006826,-0.001646,1.152186,-2.594,1.731,-2.265
1761142422.087112,0,0.006853,-0.001648,1.152143,-2.641,1.615,-2.261,0.006853,-0.001648,1.152143,-2.641,1.615,-2.261
1761142422.160891,0,0.006821,-0.001647,1.152179,-2.620,1.716,-2.265,0.006821,-0.001647,1.152179,-2.620,1.716,-2.265
1761142422.223100,0,0.006863,-0.001613,1.152293,-2.379,1.591,-2.252,0.006863,-0.001613,1.152293,-2.379,1.591,-2.252
1761142422.285157,0,0.006857,-0.001667,1.152110,-2.674,1.597,-2.254,0.006857,-0.001667,1.152110,-2.674,1.597,-2.254
1761142422.352844,0,0.006867,-0.001650,1.152115,-2.616,1.587,-2.256,0.006867,-0.001650,1.152115,-2.616,1.587,-2.256
1761142422.422476,0,0.006837,-0.001638,1.152059,-2.576,1.713,-2.264,0.006837,-0.001638,1.152059,-2.576,1.713,-2.264
1761142422.489108,0,0.006878,-0.001652,1.152057,-2.598,1.558,-2.260,0.006878,-0.001652,1.152057,-2.598,1.558,-2.260
1761142422.567667,0,0.006850,-0.001635,1.152096,-2.479,1.718,-2.259,0.006850,-0.001635,1.152096,-2.479,1.718,-2.259
1761142422.646168,0,0.006849,-0.001621,1.152165,-2.418,1.679,-2.260,0.006849,-0.001621,1.152165,-2.418,1.679,-2.260
1761142422.719652,0,0.006860,-0.001653,1.152099,-2.637,1.612,-2.267,0.006860,-0.001653,1.152099,-2.637,1.612,-2.267
1761142422.801693,0,0.006856,-0.001690,1.152111,-2.864,1.550,-2.276,0.006856,-0.001690,1.152111,-2.864,1.550,-2.276
1761142422.886248,0,0.006839,-0.001660,1.152088,-2.661,1.672,-2.267,0.006839,-0.001660,1.152088,-2.661,1.672,-2.267
1761142422.955369,0,0.006848,-0.001657,1.152084,-2.678,1.651,-2.267,0.006848,-0.001657,1.152084,-2.678,1.651,-2.267
1761142423.033710,0,0.006849,-0.001626,1.152194,-2.440,1.658,-2.255,0.006849,-0.001626,1.152194,-2.440,1.658,-2.255
1761142423.112849,0,0.006847,-0.001647,1.152124,-2.599,1.588,-2.269,0.006847,-0.001647,1.152124,-2.599,1.588,-2.269
1761142423.188938,0,0.006835,-0.001654,1.152104,-2.660,1.691,-2.265,0.006835,-0.001654,1.152104,-2.660,1.691,-2.265
1761142423.266507,0,0.006856,-0.001642,1.152084,-2.574,1.673,-2.264,0.006856,-0.001642,1.152084,-2.574,1.673,-2.264
1761142423.347098,0,0.006851,-0.001685,1.152113,-2.876,1.560,-2.271,0.006851,-0.001685,1.152113,-2.876,1.560,-2.271
1761142423.430438,0,0.006850,-0.001621,1.152150,-2.482,1.614,-2.257,0.006850,-0.001621,1.152150,-2.482,1.614,-2.257
1761142423.510015,0,0.006854,-0.001622,1.152213,-2.426,1.647,-2.253,0.006854,-0.001622,1.152213,-2.426,1.647,-2.253
1761142423.580168,0,0.006846,-0.001654,1.152083,-2.647,1.613,-2.266,0.006846,-0.001654,1.152083,-2.647,1.613,-2.266
1761142423.648264,0,0.006864,-0.001646,1.152090,-2.543,1.642,-2.263,0.006864,-0.001646,1.152090,-2.543,1.642,-2.263
1761142423.719562,0,0.006838,-0.001626,1.152136,-2.486,1.680,-2.260,0.006838,-0.001626,1.152136,-2.486,1.680,-2.260
1761142423.788273,0,0.006836,-0.001663,1.152111,-2.746,1.678,-2.269,0.006836,-0.001663,1.152111,-2.746,1.678,-2.269
1761142423.857537,0,0.006847,-0.001629,1.152105,-2.490,1.684,-2.263,0.006847,-0.001629,1.152105,-2.490,1.684,-2.263
1761142423.928669,0,0.006839,-0.001672,1.152027,-2.771,1.671,-2.274,0.006839,-0.001672,1.152027,-2.771,1.671,-2.274
1761142424.007322,0,0.006847,-0.001639,1.152181,-2.532,1.639,-2.258,0.006847,-0.001639,1.152181,-2.532,1.639,-2.258
1761142424.080376,0,0.006851,-0.001647,1.152096,-2.633,1.641,-2.266,0.006851,-0.001647,1.152096,-2.633,1.641,-2.266
1761142424.159485,0,0.006839,-0.001644,1.152148,-2.557,1.702,-2.257,0.006839,-0.001644,1.152148,-2.557,1.702,-2.257
1761142424.235568,0,0.006846,-0.001639,1.152293,-2.530,1.676,-2.259,0.006846,-0.001639,1.152293,-2.530,1.676,-2.259
1761142424.307251,0,0.006835,-0.001635,1.152168,-2.541,1.679,-2.257,0.006835,-0.001635,1.152168,-2.541,1.679,-2.257
1761142424.375291,0,0.006852,-0.001642,1.152072,-2.602,1.629,-2.262,0.006852,-0.001642,1.152072,-2.602,1.629,-2.262
1761142424.446115,0,0.006844,-0.001639,1.152052,-2.527,1.655,-2.264,0.006844,-0.001639,1.152052,-2.527,1.655,-2.264
1761142424.550220,0,0.006845,-0.001640,1.152233,-2.538,1.593,-2.258,0.006845,-0.001640,1.152233,-2.538,1.593,-2.258
1761142424.622865,0,0.006857,-0.001623,1.152095,-2.426,1.656,-2.253,0.006857,-0.001623,1.152095,-2.426,1.656,-2.253
1761142424.694982,0,0.006856,-0.001663,1.152142,-2.669,1.579,-2.264,0.006856,-0.001663,1.152142,-2.669,1.579,-2.264
1761142424.758580,0,0.006848,-0.001642,1.152166,-2.477,1.627,-2.257,0.006848,-0.001642,1.152166,-2.477,1.627,-2.257
1761142424.836644,0,0.006863,-0.001651,1.152051,-2.607,1.571,-2.261,0.006863,-0.001651,1.152051,-2.607,1.571,-2.261
1761142424.914761,0,0.006844,-0.001636,1.152082,-2.569,1.708,-2.264,0.006844,-0.001636,1.152082,-2.569,1.708,-2.264
1761142424.989522,0,0.006845,-0.001640,1.152056,-2.562,1.706,-2.256,0.006845,-0.001640,1.152056,-2.562,1.706,-2.256
1761142425.067588,0,0.006840,-0.001643,1.151995,-2.603,1.637,-2.253,0.006840,-0.001643,1.151995,-2.603,1.637,-2.253
1761142425.143200,0,0.006838,-0.001644,1.151971,-2.593,1.698,-2.264,0.006838,-0.001644,1.151971,-2.593,1.698,-2.264
1761142425.214757,0,0.006852,-0.001638,1.151975,-2.533,1.653,-2.255,0.006852,-0.001638,1.151975,-2.533,1.653,-2.255
1761142425.287335,0,0.006848,-0.001641,1.152007,-2.576,1.664,-2.263,0.006848,-0.001641,1.152007,-2.576,1.664,-2.263
1761142425.359581,0,0.006839,-0.001659,1.152004,-2.621,1.609,-2.265,0.006839,-0.001659,1.152004,-2.621,1.609,-2.265
1761142425.432509,0,0.006842,-0.001646,1.152011,-2.547,1.630,-2.262,0.006842,-0.001646,1.152011,-2.547,1.630,-2.262
1761142425.502225,0,0.006824,-0.001645,1.152056,-2.575,1.640,-2.252,0.006824,-0.001645,1.152056,-2.575,1.640,-2.252
1761142425.572875,0,0.006826,-0.001676,1.151945,-2.797,1.663,-2.269,0.006826,-0.001676,1.151945,-2.797,1.663,-2.269
1761142425.645988,0,0.006820,-0.001655,1.151890,-2.696,1.700,-2.264,0.006820,-0.001655,1.151890,-2.696,1.700,-2.264
1761142425.715203,0,0.006804,-0.001652,1.151945,-2.672,1.735,-2.263,0.006804,-0.001652,1.151945,-2.672,1.735,-2.263
1761142425.792371,0,0.006814,-0.001662,1.152063,-2.656,1.720,-2.264,0.006814,-0.001662,1.152063,-2.656,1.720,-2.264
1761142425.865164,0,0.006757,-0.001642,1.156912,-1.703,1.689,-2.257,0.006757,-0.001642,1.156912,-1.703,1.689,-2.257
1761142425.948946,0,0.006838,-0.001625,1.153801,-2.531,1.538,-2.252,0.006838,-0.001625,1.153801,-2.531,1.538,-2.252
1761142426.028119,0,0.006838,-0.001615,1.149961,-2.785,1.777,-2.283,0.006838,-0.001615,1.149961,-2.785,1.777,-2.283
1761142426.097574,0,0.006801,-0.001635,1.152085,-2.537,1.698,-2.255,0.006801,-0.001635,1.152085,-2.537,1.698,-2.255
1761142426.186527,0,0.006845,-0.001640,1.152108,-2.582,1.648,-2.261,0.006845,-0.001640,1.152108,-2.582,1.648,-2.261
1761142426.262260,0,0.006832,-0.001642,1.152141,-2.487,1.657,-2.266,0.006832,-0.001642,1.152141,-2.487,1.657,-2.266
1761142426.340512,0,0.006820,-0.001651,1.152172,-2.649,1.637,-2.260,0.006820,-0.001651,1.152172,-2.649,1.637,-2.260
1761142426.414175,0,0.006843,-0.001654,1.152063,-2.638,1.617,-2.264,0.006843,-0.001654,1.152063,-2.638,1.617,-2.264
1761142426.490213,0,0.006857,-0.001669,1.152054,-2.783,1.597,-2.267,0.006857,-0.001669,1.152054,-2.783,1.597,-2.267
1761142426.558113,0,0.006861,-0.001626,1.152210,-2.464,1.585,-2.253,0.006861,-0.001626,1.152210,-2.464,1.585,-2.253
1761142426.631423,0,0.006847,-0.001622,1.152162,-2.472,1.642,-2.252,0.006847,-0.001622,1.152162,-2.472,1.642,-2.252
1761142426.704411,0,0.006850,-0.001647,1.152049,-2.610,1.692,-2.268,0.006850,-0.001647,1.152049,-2.610,1.692,-2.268
1761142426.770472,0,0.006827,-0.001661,1.152044,-2.676,1.644,-2.264,0.006827,-0.001661,1.152044,-2.676,1.644,-2.264
1761142426.835600,0,0.006840,-0.001627,1.152133,-2.482,1.658,-2.258,0.006840,-0.001627,1.152133,-2.482,1.658,-2.258
1761142426.903691,0,0.006849,-0.001650,1.152026,-2.582,1.702,-2.258,0.006849,-0.001650,1.152026,-2.582,1.702,-2.258
1761142426.972661,0,0.006853,-0.001633,1.152157,-2.544,1.571,-2.262,0.006853,-0.001633,1.152157,-2.544,1.571,-2.262
1761142427.048851,0,0.006847,-0.001658,1.152113,-2.607,1.638,-2.261,0.006847,-0.001658,1.152113,-2.607,1.638,-2.261
1761142427.118051,0,0.006864,-0.001619,1.152152,-2.387,1.666,-2.255,0.006864,-0.001619,1.152152,-2.387,1.666,-2.255
1761142427.191672,0,0.006849,-0.001672,1.152005,-2.740,1.606,-2.264,0.006849,-0.001672,1.152005,-2.740,1.606,-2.264
1761142427.266357,0,0.006830,-0.001635,1.152159,-2.518,1.655,-2.260,0.006830,-0.001635,1.152159,-2.518,1.655,-2.260
1761142427.330683,0,0.006825,-0.001670,1.152147,-2.742,1.593,-2.267,0.006825,-0.001670,1.152147,-2.742,1.593,-2.267
1761142427.397532,0,0.006849,-0.001658,1.152095,-2.636,1.583,-2.264,0.006849,-0.001658,1.152095,-2.636,1.583,-2.264
1761142427.486616,0,0.006851,-0.001651,1.152057,-2.613,1.574,-2.260,0.006851,-0.001651,1.152057,-2.613,1.574,-2.260
1761142427.566605,0,0.006850,-0.001628,1.152123,-2.531,1.651,-2.261,0.006850,-0.001628,1.152123,-2.531,1.651,-2.261
1761142427.640028,0,0.006825,-0.001629,1.152154,-2.581,1.696,-2.260,0.006825,-0.001629,1.152154,-2.581,1.696,-2.260
1761142427.711223,0,0.006839,-0.001641,1.152188,-2.566,1.626,-2.261,0.006839,-0.001641,1.152188,-2.566,1.626,-2.261
1761142427.785208,0,0.006842,-0.001617,1.152138,-2.407,1.647,-2.252,0.006842,-0.001617,1.152138,-2.407,1.647,-2.252
1761142427.868901,0,0.006850,-0.001637,1.152261,-2.563,1.626,-2.256,0.006850,-0.001637,1.152261,-2.563,1.626,-2.256
1761142427.937997,0,0.006851,-0.001625,1.152210,-2.474,1.639,-2.259,0.006851,-0.001625,1.152210,-2.474,1.639,-2.259
1761142428.011633,0,0.006836,-0.001656,1.152003,-2.663,1.708,-2.261,0.006836,-0.001656,1.152003,-2.663,1.708,-2.261
1761142428.098373,0,0.006844,-0.001637,1.152119,-2.500,1.661,-2.260,0.006844,-0.001637,1.152119,-2.500,1.661,-2.260
1761142428.182917,0,0.006853,-0.001651,1.152148,-2.599,1.610,-2.257,0.006853,-0.001651,1.152148,-2.599,1.610,-2.257
1761142428.259423,0,0.006854,-0.001616,1.152202,-2.389,1.662,-2.245,0.006854,-0.001616,1.152202,-2.389,1.662,-2.245
1761142428.328704,0,0.006832,-0.001663,1.152186,-2.655,1.648,-2.269,0.006832,-0.001663,1.152186,-2.655,1.648,-2.269
1761142428.401858,0,0.006849,-0.001652,1.152141,-2.640,1.614,-2.265,0.006849,-0.001652,1.152141,-2.640,1.614,-2.265
1761142428.469693,0,0.006839,-0.001676,1.151988,-2.847,1.664,-2.264,0.006839,-0.001676,1.151988,-2.847,1.664,-2.264
1761142428.535121,0,0.006852,-0.001651,1.152140,-2.667,1.594,-2.264,0.006852,-0.001651,1.152140,-2.667,1.594,-2.264
1761142428.605806,0,0.006836,-0.001668,1.151998,-2.689,1.723,-2.259,0.006836,-0.001668,1.151998,-2.689,1.723,-2.259
1761142428.676674,0,0.006845,-0.001658,1.151954,-2.665,1.696,-2.260,0.006845,-0.001658,1.151954,-2.665,1.696,-2.260
1761142428.748360,0,0.006861,-0.001658,1.152048,-2.677,1.600,-2.262,0.006861,-0.001658,1.152048,-2.677,1.600,-2.262
1761142428.820074,0,0.006858,-0.001626,1.152170,-2.423,1.677,-2.245,0.006858,-0.001626,1.152170,-2.423,1.677,-2.245
1761142428.898391,0,0.006848,-0.001654,1.152089,-2.591,1.643,-2.263,0.006848,-0.001654,1.152089,-2.591,1.643,-2.263
1761142428.971272,0,0.006835,-0.001641,1.152120,-2.525,1.697,-2.256,0.006835,-0.001641,1.152120,-2.525,1.697,-2.256
1761142429.047161,0,0.006836,-0.001653,1.152121,-2.554,1.668,-2.262,0.006836,-0.001653,1.152121,-2.554,1.668,-2.262
1761142429.119305,0,0.006831,-0.001666,1.152008,-2.688,1.681,-2.264,0.006831,-0.001666,1.152008,-2.688,1.681,-2.264
1761142429.184978,0,0.006839,-0.001666,1.152085,-2.711,1.660,-2.266,0.006839,-0.001666,1.152085,-2.711,1.660,-2.266
1761142429.254220,0,0.006851,-0.001638,1.152102,-2.506,1.638,-2.255,0.006851,-0.001638,1.152102,-2.506,1.638,-2.255
1761142429.324054,0,0.006833,-0.001680,1.151961,-2.824,1.669,-2.257,0.006833,-0.001680,1.151961,-2.824,1.669,-2.257
1761142429.394323,0,0.006848,-0.001630,1.152108,-2.520,1.615,-2.256,0.006848,-0.001630,1.152108,-2.520,1.615,-2.256
1761142429.463172,0,0.006831,-0.001660,1.152070,-2.697,1.632,-2.261,0.006831,-0.001660,1.152070,-2.697,1.632,-2.261
1761142429.535399,0,0.006851,-0.001645,1.152158,-2.581,1.575,-2.259,0.006851,-0.001645,1.152158,-2.581,1.575,-2.259
1761142429.610469,0,0.006835,-0.001642,1.152126,-2.523,1.669,-2.259,0.006835,-0.001642,1.152126,-2.523,1.669,-2.259
1761142429.680820,0,0.006857,-0.001650,1.152118,-2.587,1.651,-2.260,0.006857,-0.001650,1.152118,-2.587,1.651,-2.260
1761142429.751284,0,0.006848,-0.001654,1.152127,-2.609,1.640,-2.259,0.006848,-0.001654,1.152127,-2.609,1.640,-2.259
1761142429.820616,0,0.006833,-0.001654,1.152089,-2.650,1.670,-2.266,0.006833,-0.001654,1.152089,-2.650,1.670,-2.266
1761142429.889584,0,0.006824,-0.001660,1.152076,-2.691,1.699,-2.264,0.006824,-0.001660,1.152076,-2.691,1.699,-2.264
1761142429.960127,0,0.006838,-0.001652,1.152191,-2.651,1.648,-2.266,0.006838,-0.001652,1.152191,-2.651,1.648,-2.266
1761142430.026152,0,0.006848,-0.001630,1.152109,-2.505,1.630,-2.255,0.006848,-0.001630,1.152109,-2.505,1.630,-2.255
1761142430.097241,0,0.006837,-0.001663,1.152054,-2.689,1.624,-2.266,0.006837,-0.001663,1.152054,-2.689,1.624,-2.266
1761142430.173991,0,0.006836,-0.001633,1.152092,-2.579,1.710,-2.261,0.006836,-0.001633,1.152092,-2.579,1.710,-2.261
1761142430.256407,0,0.006841,-0.001652,1.152065,-2.638,1.611,-2.256,0.006841,-0.001652,1.152065,-2.638,1.611,-2.256
1761142430.342072,0,0.006836,-0.001656,1.152069,-2.665,1.639,-2.269,0.006836,-0.001656,1.152069,-2.665,1.639,-2.269
1761142430.417002,0,0.006853,-0.001656,1.151989,-2.623,1.596,-2.261,0.006853,-0.001656,1.151989,-2.623,1.596,-2.261
1761142430.492765,0,0.006849,-0.001646,1.152198,-2.578,1.622,-2.260,0.006849,-0.001646,1.152198,-2.578,1.622,-2.260
1761142430.576781,0,0.006832,-0.001664,1.152146,-2.693,1.597,-2.260,0.006832,-0.001664,1.152146,-2.693,1.597,-2.260
1761142430.656224,0,0.006838,-0.001665,1.152017,-2.742,1.609,-2.268,0.006838,-0.001665,1.152017,-2.742,1.609,-2.268
1761142430.729336,0,0.006851,-0.001642,1.152094,-2.576,1.567,-2.261,0.006851,-0.001642,1.152094,-2.576,1.567,-2.261
1761142430.814068,0,0.006845,-0.001655,1.152062,-2.569,1.649,-2.260,0.006845,-0.001655,1.152062,-2.569,1.649,-2.260
1761142430.890350,0,0.006843,-0.001656,1.152113,-2.664,1.618,-2.265,0.006843,-0.001656,1.152113,-2.664,1.618,-2.265
1761142430.965593,0,0.006829,-0.001645,1.152103,-2.546,1.706,-2.265,0.006829,-0.001645,1.152103,-2.546,1.706,-2.265
1761142431.027172,0,0.006841,-0.001616,1.152124,-2.400,1.657,-2.250,0.006841,-0.001616,1.152124,-2.400,1.657,-2.250
1761142431.099193,0,0.006830,-0.001655,1.152033,-2.686,1.654,-2.267,0.006830,-0.001655,1.152033,-2.686,1.654,-2.267
1761142431.176386,0,0.006850,-0.001662,1.152063,-2.664,1.589,-2.260,0.006850,-0.001662,1.152063,-2.664,1.589,-2.260
1761142431.251074,0,0.006844,-0.001666,1.152112,-2.704,1.604,-2.266,0.006844,-0.001666,1.152112,-2.704,1.604,-2.266
1761142431.329726,0,0.006834,-0.001657,1.152087,-2.664,1.678,-2.264,0.006834,-0.001657,1.152087,-2.664,1.678,-2.264
1761142431.404116,0,0.006872,-0.001652,1.152054,-2.635,1.488,-2.257,0.006872,-0.001652,1.152054,-2.635,1.488,-2.257
1761142431.479916,0,0.006827,-0.001653,1.152051,-2.626,1.660,-2.269,0.006827,-0.001653,1.152051,-2.626,1.660,-2.269
1761142431.548721,0,0.006838,-0.001641,1.152091,-2.560,1.647,-2.256,0.006838,-0.001641,1.152091,-2.560,1.647,-2.256
1761142431.622130,0,0.006851,-0.001656,1.152019,-2.641,1.629,-2.254,0.006851,-0.001656,1.152019,-2.641,1.629,-2.254
1761142431.694027,0,0.006860,-0.001671,1.152079,-2.726,1.542,-2.257,0.006860,-0.001671,1.152079,-2.726,1.542,-2.257
1761142431.761066,0,0.006842,-0.001665,1.151986,-2.688,1.666,-2.261,0.006842,-0.001665,1.151986,-2.688,1.666,-2.261
1761142431.833776,0,0.006844,-0.001643,1.152014,-2.590,1.678,-2.260,0.006844,-0.001643,1.152014,-2.590,1.678,-2.260
1761142431.899654,0,0.006854,-0.001654,1.151961,-2.662,1.617,-2.253,0.006854,-0.001654,1.151961,-2.662,1.617,-2.253
1761142431.964571,0,0.006835,-0.001637,1.152166,-2.531,1.684,-2.254,0.006835,-0.001637,1.152166,-2.531,1.684,-2.254
1761142432.035957,0,0.006831,-0.001677,1.151990,-2.806,1.679,-2.270,0.006831,-0.001677,1.151990,-2.806,1.679,-2.270
1761142432.107328,0,0.006845,-0.001651,1.152105,-2.659,1.640,-2.256,0.006845,-0.001651,1.152105,-2.659,1.640,-2.256
1761142432.166664,0,0.006855,-0.001639,1.152229,-2.558,1.506,-2.260,0.006855,-0.001639,1.152229,-2.558,1.506,-2.260
1761142432.242895,0,0.006834,-0.001653,1.152049,-2.676,1.659,-2.272,0.006834,-0.001653,1.152049,-2.676,1.659,-2.272
1761142432.318277,0,0.006848,-0.001625,1.152222,-2.475,1.559,-2.250,0.006848,-0.001625,1.152222,-2.475,1.559,-2.250
1761142432.385895,0,0.006842,-0.001631,1.152131,-2.519,1.668,-2.263,0.006842,-0.001631,1.152131,-2.519,1.668,-2.263
1761142432.462921,0,0.006855,-0.001650,1.152190,-2.583,1.664,-2.262,0.006855,-0.001650,1.152190,-2.583,1.664,-2.262
1761142432.537799,0,0.006876,-0.001639,1.152113,-2.554,1.605,-2.253,0.006876,-0.001639,1.152113,-2.554,1.605,-2.253
1761142432.613539,0,0.006847,-0.001676,1.152079,-2.767,1.661,-2.268,0.006847,-0.001676,1.152079,-2.767,1.661,-2.268
1761142432.689994,0,0.006872,-0.001637,1.152093,-2.544,1.590,-2.258,0.006872,-0.001637,1.152093,-2.544,1.590,-2.258
1761142432.759981,0,0.006849,-0.001662,1.152020,-2.688,1.739,-2.267,0.006849,-0.001662,1.152020,-2.688,1.739,-2.267
1761142432.827305,0,0.006850,-0.001657,1.151969,-2.677,1.679,-2.265,0.006850,-0.001657,1.151969,-2.677,1.679,-2.265
1761142432.909108,0,0.006838,-0.001677,1.151977,-2.795,1.673,-2.272,0.006838,-0.001677,1.151977,-2.795,1.673,-2.272
1761142432.994756,0,0.006847,-0.001646,1.151988,-2.616,1.664,-2.268,0.006847,-0.001646,1.151988,-2.616,1.664,-2.268
1761142433.070306,0,0.006856,-0.001621,1.152121,-2.454,1.645,-2.254,0.006856,-0.001621,1.152121,-2.454,1.645,-2.254
1761142433.139437,0,0.006838,-0.001654,1.151971,-2.662,1.726,-2.256,0.006838,-0.001654,1.151971,-2.662,1.726,-2.256
1761142433.215991,0,0.006857,-0.001622,1.152122,-2.475,1.666,-2.259,0.006857,-0.001622,1.152122,-2.475,1.666,-2.259
1761142433.292161,0,0.006846,-0.001625,1.152130,-2.475,1.705,-2.260,0.006846,-0.001625,1.152130,-2.475,1.705,-2.260
1761142433.363200,0,0.006873,-0.001624,1.152173,-2.415,1.558,-2.246,0.006873,-0.001624,1.152173,-2.415,1.558,-2.246
1761142433.434769,0,0.006843,-0.001640,1.152092,-2.563,1.683,-2.264,0.006843,-0.001640,1.152092,-2.563,1.683,-2.264
1761142433.514135,0,0.006857,-0.001635,1.152153,-2.545,1.632,-2.255,0.006857,-0.001635,1.152153,-2.545,1.632,-2.255
1761142433.580319,0,0.006867,-0.001667,1.152037,-2.715,1.567,-2.263,0.006867,-0.001667,1.152037,-2.715,1.567,-2.263
1761142433.649633,0,0.006861,-0.001648,1.152025,-2.628,1.623,-2.255,0.006861,-0.001648,1.152025,-2.628,1.623,-2.255
1761142433.721580,0,0.006846,-0.001629,1.152131,-2.570,1.658,-2.259,0.006846,-0.001629,1.152131,-2.570,1.658,-2.259
1761142433.789689,0,0.006846,-0.001634,1.152066,-2.589,1.661,-2.263,0.006846,-0.001634,1.152066,-2.589,1.661,-2.263
1761142433.860169,0,0.006869,-0.001644,1.152099,-2.537,1.596,-2.259,0.006869,-0.001644,1.152099,-2.537,1.596,-2.259
1761142433.926836,0,0.006857,-0.001643,1.152074,-2.583,1.641,-2.263,0.006857,-0.001643,1.152074,-2.583,1.641,-2.263
1761142433.996873,0,0.006856,-0.001659,1.151999,-2.703,1.674,-2.271,0.006856,-0.001659,1.151999,-2.703,1.674,-2.271
1761142434.072114,0,0.006857,-0.001652,1.152155,-2.700,1.561,-2.268,0.006857,-0.001652,1.152155,-2.700,1.561,-2.268
1761142434.143084,0,0.006858,-0.001638,1.151958,-2.566,1.621,-2.263,0.006858,-0.001638,1.151958,-2.566,1.621,-2.263
1761142434.216387,0,0.006833,-0.001652,1.152110,-2.686,1.657,-2.265,0.006833,-0.001652,1.152110,-2.686,1.657,-2.265
1761142434.291491,0,0.006840,-0.001647,1.152111,-2.650,1.660,-2.261,0.006840,-0.001647,1.152111,-2.650,1.660,-2.261
1761142434.363797,0,0.006854,-0.001641,1.152130,-2.634,1.599,-2.263,0.006854,-0.001641,1.152130,-2.634,1.599,-2.263
1761142434.431197,0,0.006883,-0.001630,1.152121,-2.480,1.521,-2.255,0.006883,-0.001630,1.152121,-2.480,1.521,-2.255
1761142434.500192,0,0.006848,-0.001634,1.152055,-2.594,1.704,-2.261,0.006848,-0.001634,1.152055,-2.594,1.704,-2.261
1761142434.569263,0,0.006863,-0.001615,1.152079,-2.452,1.676,-2.254,0.006863,-0.001615,1.152079,-2.452,1.676,-2.254
1761142434.638195,0,0.006840,-0.001633,1.152028,-2.528,1.722,-2.263,0.006840,-0.001633,1.152028,-2.528,1.722,-2.263
1761142434.708601,0,0.006847,-0.001659,1.152059,-2.718,1.667,-2.267,0.006847,-0.001659,1.152059,-2.718,1.667,-2.267
1761142434.785119,0,0.006866,-0.001628,1.152121,-2.497,1.593,-2.255,0.006866,-0.001628,1.152121,-2.497,1.593,-2.255
1761142434.859306,0,0.006840,-0.001636,1.152066,-2.602,1.716,-2.265,0.006840,-0.001636,1.152066,-2.602,1.716,-2.265
1761142434.934348,0,0.006874,-0.001636,1.152023,-2.551,1.596,-2.257,0.006874,-0.001636,1.152023,-2.551,1.596,-2.257
1761142435.009027,0,0.006845,-0.001645,1.152049,-2.668,1.679,-2.271,0.006845,-0.001645,1.152049,-2.668,1.679,-2.271
1761142435.082857,0,0.006852,-0.001650,1.151990,-2.706,1.678,-2.268,0.006852,-0.001650,1.151990,-2.706,1.678,-2.268
1761142435.156318,0,0.006860,-0.001619,1.152089,-2.508,1.654,-2.265,0.006860,-0.001619,1.152089,-2.508,1.654,-2.265
1761142435.222715,0,0.006855,-0.001632,1.151985,-2.559,1.680,-2.259,0.006855,-0.001632,1.151985,-2.559,1.680,-2.259
1761142435.297355,0,0.006874,-0.001633,1.152033,-2.562,1.568,-2.257,0.006874,-0.001633,1.152033,-2.562,1.568,-2.257
1761142435.370984,0,0.006847,-0.001647,1.152149,-2.656,1.640,-2.265,0.006847,-0.001647,1.152149,-2.656,1.640,-2.265
1761142435.439492,0,0.006861,-0.001626,1.152036,-2.538,1.610,-2.260,0.006861,-0.001626,1.152036,-2.538,1.610,-2.260
1761142435.506578,0,0.006876,-0.001615,1.152091,-2.477,1.618,-2.256,0.006876,-0.001615,1.152091,-2.477,1.618,-2.256
1761142435.578074,0,0.006833,-0.001639,1.152090,-2.630,1.735,-2.268,0.006833,-0.001639,1.152090,-2.630,1.735,-2.268
1761142435.646872,0,0.006859,-0.001652,1.151930,-2.750,1.628,-2.261,0.006859,-0.001652,1.151930,-2.750,1.628,-2.261
1761142435.719394,0,0.006844,-0.001645,1.151996,-2.728,1.729,-2.276,0.006844,-0.001645,1.151996,-2.728,1.729,-2.276
1761142435.792130,0,0.006859,-0.001614,1.152150,-2.469,1.593,-2.255,0.006859,-0.001614,1.152150,-2.469,1.593,-2.255
1761142435.856132,0,0.006849,-0.001642,1.152155,-2.625,1.661,-2.264,0.006849,-0.001642,1.152155,-2.625,1.661,-2.264
1761142435.920561,0,0.006874,-0.001610,1.152061,-2.425,1.616,-2.250,0.006874,-0.001610,1.152061,-2.425,1.616,-2.250
1761142435.982605,0,0.006856,-0.001621,1.152060,-2.542,1.676,-2.261,0.006856,-0.001621,1.152060,-2.542,1.676,-2.261
1761142436.052983,0,0.006861,-0.001650,1.152010,-2.679,1.667,-2.268,0.006861,-0.001650,1.152010,-2.679,1.667,-2.268
1761142436.123111,0,0.006867,-0.001644,1.152101,-2.647,1.570,-2.262,0.006867,-0.001644,1.152101,-2.647,1.570,-2.262
1761142436.196053,0,0.006872,-0.001636,1.152069,-2.644,1.617,-2.264,0.006872,-0.001636,1.152069,-2.644,1.617,-2.264
1761142436.268775,0,0.006861,-0.001607,1.152167,-2.386,1.650,-2.245,0.006861,-0.001607,1.152167,-2.386,1.650,-2.245
1761142436.341031,0,0.006860,-0.001608,1.152128,-2.468,1.632,-2.253,0.006860,-0.001608,1.152128,-2.468,1.632,-2.253
1761142436.418956,0,0.006845,-0.001624,1.152133,-2.561,1.721,-2.259,0.006845,-0.001624,1.152133,-2.561,1.721,-2.259
1761142436.493125,0,0.006835,-0.001645,1.152031,-2.651,1.764,-2.269,0.006835,-0.001645,1.152031,-2.651,1.764,-2.269
1761142436.569136,0,0.006849,-0.001650,1.152047,-2.705,1.664,-2.262,0.006849,-0.001650,1.152047,-2.705,1.664,-2.262
1761142436.647861,0,0.006847,-0.001637,1.152086,-2.613,1.661,-2.265,0.006847,-0.001637,1.152086,-2.613,1.661,-2.265
1761142436.716336,0,0.006850,-0.001640,1.152095,-2.665,1.670,-2.267,0.006850,-0.001640,1.152095,-2.665,1.670,-2.267
1761142436.782468,0,0.006869,-0.001651,1.151984,-2.749,1.612,-2.272,0.006869,-0.001651,1.151984,-2.749,1.612,-2.272
1761142436.851941,0,0.006842,-0.001648,1.152162,-2.642,1.697,-2.270,0.006842,-0.001648,1.152162,-2.642,1.697,-2.270
1761142436.920147,0,0.006860,-0.001656,1.152069,-2.757,1.567,-2.267,0.006860,-0.001656,1.152069,-2.757,1.567,-2.267
1761142436.990935,0,0.006866,-0.001640,1.152076,-2.657,1.611,-2.260,0.006866,-0.001640,1.152076,-2.657,1.611,-2.260
1761142437.061742,0,0.006849,-0.001637,1.152118,-2.618,1.643,-2.256,0.006849,-0.001637,1.152118,-2.618,1.643,-2.256
1761142437.131670,0,0.006870,-0.001625,1.152096,-2.565,1.651,-2.259,0.006870,-0.001625,1.152096,-2.565,1.651,-2.259
1761142437.202201,0,0.006880,-0.001644,1.152098,-2.664,1.501,-2.260,0.006880,-0.001644,1.152098,-2.664,1.501,-2.260
1761142437.277627,0,0.006842,-0.001634,1.152083,-2.647,1.742,-2.265,0.006842,-0.001634,1.152083,-2.647,1.742,-2.265
1761142437.351238,0,0.006858,-0.001626,1.152075,-2.603,1.668,-2.260,0.006858,-0.001626,1.152075,-2.603,1.668,-2.260
1761142437.433982,0,0.006852,-0.001633,1.152016,-2.580,1.716,-2.262,0.006852,-0.001633,1.152016,-2.580,1.716,-2.262
1761142437.521679,0,0.006874,-0.001625,1.152101,-2.537,1.606,-2.259,0.006874,-0.001625,1.152101,-2.537,1.606,-2.259
1761142437.606752,0,0.006867,-0.001625,1.151986,-2.557,1.692,-2.259,0.006867,-0.001625,1.151986,-2.557,1.692,-2.259
1761142437.684180,0,0.006858,-0.001628,1.152145,-2.540,1.679,-2.265,0.006858,-0.001628,1.152145,-2.540,1.679,-2.265
1761142437.767786,0,0.006868,-0.001641,1.152116,-2.638,1.596,-2.262,0.006868,-0.001641,1.152116,-2.638,1.596,-2.262
1761142437.837684,0,0.006847,-0.001628,1.152134,-2.600,1.724,-2.257,0.006847,-0.001628,1.152134,-2.600,1.724,-2.257
1761142437.912953,0,0.006850,-0.001641,1.152225,-2.613,1.652,-2.265,0.006850,-0.001641,1.152225,-2.613,1.652,-2.265
1761142437.986335,0,0.006865,-0.001633,1.152080,-2.617,1.638,-2.263,0.006865,-0.001633,1.152080,-2.617,1.638,-2.263
1761142438.055484,0,0.006860,-0.001633,1.152015,-2.568,1.690,-2.261,0.006860,-0.001633,1.152015,-2.568,1.690,-2.261
1761142438.132403,0,0.006857,-0.001642,1.152037,-2.686,1.658,-2.272,0.006857,-0.001642,1.152037,-2.686,1.658,-2.272
1761142438.201192,0,0.006864,-0.001608,1.152133,-2.481,1.632,-2.258,0.006864,-0.001608,1.152133,-2.481,1.632,-2.258
1761142438.279384,0,0.006873,-0.001622,1.152028,-2.552,1.664,-2.260,0.006873,-0.001622,1.152028,-2.552,1.664,-2.260
1761142438.368564,0,0.006881,-0.001615,1.152061,-2.482,1.597,-2.255,0.006881,-0.001615,1.152061,-2.482,1.597,-2.255
1761142438.445153,0,0.006858,-0.001645,1.152091,-2.632,1.649,-2.263,0.006858,-0.001645,1.152091,-2.632,1.649,-2.263
1761142438.523269,0,0.006842,-0.001639,1.152072,-2.711,1.755,-2.272,0.006842,-0.001639,1.152072,-2.711,1.755,-2.272
1761142438.604757,0,0.006857,-0.001627,1.152085,-2.561,1.718,-2.265,0.006857,-0.001627,1.152085,-2.561,1.718,-2.265
1761142438.690252,0,0.006869,-0.001632,1.152083,-2.561,1.638,-2.257,0.006869,-0.001632,1.152083,-2.561,1.638,-2.257
1761142438.764253,0,0.006850,-0.001635,1.152001,-2.702,1.736,-2.266,0.006850,-0.001635,1.152001,-2.702,1.736,-2.266
1761142438.840746,0,0.006871,-0.001623,1.152062,-2.550,1.611,-2.257,0.006871,-0.001623,1.152062,-2.550,1.611,-2.257
1761142438.916564,0,0.006879,-0.001622,1.152071,-2.559,1.632,-2.256,0.006879,-0.001622,1.152071,-2.559,1.632,-2.256
1761142438.989171,0,0.006835,-0.001621,1.152111,-2.552,1.769,-2.257,0.006835,-0.001621,1.152111,-2.552,1.769,-2.257
1761142439.060154,0,0.006851,-0.001631,1.151997,-2.606,1.722,-2.263,0.006851,-0.001631,1.151997,-2.606,1.722,-2.263
1761142439.131969,0,0.006872,-0.001621,1.152014,-2.551,1.685,-2.260,0.006872,-0.001621,1.152014,-2.551,1.685,-2.260
1761142439.198609,0,0.006854,-0.001634,1.152102,-2.669,1.674,-2.265,0.006854,-0.001634,1.152102,-2.669,1.674,-2.265
1761142439.268654,0,0.006865,-0.001606,1.152132,-2.468,1.668,-2.257,0.006865,-0.001606,1.152132,-2.468,1.668,-2.257
1761142439.345078,0,0.006870,-0.001612,1.152102,-2.506,1.600,-2.268,0.006870,-0.001612,1.152102,-2.506,1.600,-2.268
1761142439.412247,0,0.006874,-0.001629,1.152068,-2.602,1.620,-2.258,0.006874,-0.001629,1.152068,-2.602,1.620,-2.258
1761142439.484428,0,0.006864,-0.001617,1.152106,-2.571,1.668,-2.257,0.006864,-0.001617,1.152106,-2.571,1.668,-2.257
1761142439.554486,0,0.006867,-0.001602,1.152059,-2.442,1.659,-2.255,0.006867,-0.001602,1.152059,-2.442,1.659,-2.255
1761142439.618568,0,0.006883,-0.001631,1.152048,-2.625,1.558,-2.265,0.006883,-0.001631,1.152048,-2.625,1.558,-2.265
1761142439.684115,0,0.006867,-0.001618,1.152106,-2.555,1.658,-2.254,0.006867,-0.001618,1.152106,-2.555,1.658,-2.254
1761142439.772158,0,0.006865,-0.001631,1.152045,-2.640,1.695,-2.263,0.006865,-0.001631,1.152045,-2.640,1.695,-2.263
1761142439.850645,0,0.006858,-0.001607,1.152135,-2.500,1.684,-2.265,0.006858,-0.001607,1.152135,-2.500,1.684,-2.265
1761142439.934367,0,0.006863,-0.001638,1.152072,-2.687,1.669,-2.260,0.006863,-0.001638,1.152072,-2.687,1.669,-2.260
1761142440.007615,0,0.006868,-0.001635,1.152046,-2.708,1.636,-2.264,0.006868,-0.001635,1.152046,-2.708,1.636,-2.264
1761142440.084414,0,0.006874,-0.001609,1.152048,-2.471,1.690,-2.250,0.006874,-0.001609,1.152048,-2.471,1.690,-2.250
1761142440.154974,0,0.006876,-0.001635,1.151971,-2.709,1.691,-2.271,0.006876,-0.001635,1.151971,-2.709,1.691,-2.271
1761142440.228641,0,0.006881,-0.001626,1.152086,-2.651,1.569,-2.260,0.006881,-0.001626,1.152086,-2.651,1.569,-2.260
1761142440.299040,0,0.006869,-0.001629,1.152112,-2.589,1.640,-2.258,0.006869,-0.001629,1.152112,-2.589,1.640,-2.258
1761142440.376464,0,0.006858,-0.001605,1.152108,-2.473,1.706,-2.257,0.006858,-0.001605,1.152108,-2.473,1.706,-2.257
1761142440.445620,0,0.006866,-0.001617,1.152181,-2.518,1.624,-2.255,0.006866,-0.001617,1.152181,-2.518,1.624,-2.255
1761142440.518779,0,0.006851,-0.001642,1.152036,-2.656,1.696,-2.266,0.006851,-0.001642,1.152036,-2.656,1.696,-2.266
1761142440.589911,0,0.006852,-0.001638,1.152085,-2.693,1.728,-2.268,0.006852,-0.001638,1.152085,-2.693,1.728,-2.268
1761142440.659383,0,0.006864,-0.001623,1.152072,-2.605,1.682,-2.263,0.006864,-0.001623,1.152072,-2.605,1.682,-2.263
1761142440.730178,0,0.006862,-0.001645,1.152020,-2.732,1.692,-2.262,0.006862,-0.001645,1.152020,-2.732,1.692,-2.262
1761142440.803087,0,0.006864,-0.001632,1.152092,-2.640,1.727,-2.262,0.006864,-0.001632,1.152092,-2.640,1.727,-2.262
1761142440.872828,0,0.006877,-0.001633,1.152060,-2.640,1.653,-2.264,0.006877,-0.001633,1.152060,-2.640,1.653,-2.264
1761142440.941441,0,0.006872,-0.001600,1.152127,-2.475,1.717,-2.257,0.006872,-0.001600,1.152127,-2.475,1.717,-2.257
1761142441.011316,0,0.006865,-0.001612,1.152099,-2.534,1.686,-2.259,0.006865,-0.001612,1.152099,-2.534,1.686,-2.259
1761142441.078898,0,0.006860,-0.001623,1.152051,-2.614,1.742,-2.265,0.006860,-0.001623,1.152051,-2.614,1.742,-2.265
1761142441.146247,0,0.006882,-0.001611,1.152100,-2.545,1.593,-2.258,0.006882,-0.001611,1.152100,-2.545,1.593,-2.258
1761142441.219521,0,0.006864,-0.001588,1.152152,-2.393,1.700,-2.254,0.006864,-0.001588,1.152152,-2.393,1.700,-2.254
1761142441.287059,0,0.006875,-0.001631,1.152029,-2.679,1.650,-2.257,0.006875,-0.001631,1.152029,-2.679,1.650,-2.257
1761142441.356585,0,0.006870,-0.001617,1.152108,-2.637,1.696,-2.267,0.006870,-0.001617,1.152108,-2.637,1.696,-2.267
1761142441.432325,0,0.006892,-0.001601,1.152139,-2.451,1.672,-2.255,0.006892,-0.001601,1.152139,-2.451,1.672,-2.255
1761142441.497726,0,0.006866,-0.001615,1.152048,-2.594,1.660,-2.265,0.006866,-0.001615,1.152048,-2.594,1.660,-2.265
1761142441.565797,0,0.006886,-0.001625,1.152104,-2.629,1.546,-2.258,0.006886,-0.001625,1.152104,-2.629,1.546,-2.258
1761142441.644044,0,0.006854,-0.001627,1.151989,-2.633,1.811,-2.272,0.006854,-0.001627,1.151989,-2.633,1.811,-2.272
1761142441.716552,0,0.006875,-0.001616,1.152064,-2.570,1.622,-2.260,0.006875,-0.001616,1.152064,-2.570,1.622,-2.260
1761142441.783565,0,0.006886,-0.001620,1.152040,-2.614,1.635,-2.267,0.006886,-0.001620,1.152040,-2.614,1.635,-2.267
1761142441.857885,0,0.006875,-0.001616,1.152105,-2.592,1.603,-2.265,0.006875,-0.001616,1.152105,-2.592,1.603,-2.265
1761142441.927829,0,0.006864,-0.001617,1.152029,-2.587,1.709,-2.260,0.006864,-0.001617,1.152029,-2.587,1.709,-2.260
1761142441.999604,0,0.006874,-0.001628,1.152008,-2.724,1.638,-2.265,0.006874,-0.001628,1.152008,-2.724,1.638,-2.265
1761142442.080991,0,0.006872,-0.001603,1.152053,-2.502,1.663,-2.253,0.006872,-0.001603,1.152053,-2.502,1.663,-2.253
1761142442.150135,0,0.006871,-0.001611,1.152121,-2.594,1.646,-2.262,0.006871,-0.001611,1.152121,-2.594,1.646,-2.262
1761142442.219136,0,0.006855,-0.001609,1.152006,-2.658,1.774,-2.269,0.006855,-0.001609,1.152006,-2.658,1.774,-2.269
1761142442.286681,0,0.006865,-0.001623,1.152021,-2.650,1.703,-2.263,0.006865,-0.001623,1.152021,-2.650,1.703,-2.263
1761142442.360010,0,0.006885,-0.001624,1.152050,-2.628,1.638,-2.263,0.006885,-0.001624,1.152050,-2.628,1.638,-2.263
1761142442.434908,0,0.006871,-0.001608,1.152220,-2.533,1.637,-2.260,0.006871,-0.001608,1.152220,-2.533,1.637,-2.260
1761142442.510724,0,0.006881,-0.001585,1.152225,-2.420,1.672,-2.257,0.006881,-0.001585,1.152225,-2.420,1.672,-2.257
1761142442.579948,0,0.006866,-0.001635,1.152031,-2.669,1.697,-2.272,0.006866,-0.001635,1.152031,-2.669,1.697,-2.272
1761142442.653884,0,0.006864,-0.001641,1.152079,-2.770,1.675,-2.273,0.006864,-0.001641,1.152079,-2.770,1.675,-2.273
1761142442.735614,0,0.006873,-0.001624,1.152052,-2.644,1.632,-2.267,0.006873,-0.001624,1.152052,-2.644,1.632,-2.267
1761142442.816801,0,0.006865,-0.001608,1.152148,-2.497,1.669,-2.256,0.006865,-0.001608,1.152148,-2.497,1.669,-2.256
1761142442.904060,0,0.006881,-0.001644,1.152000,-2.773,1.582,-2.268,0.006881,-0.001644,1.152000,-2.773,1.582,-2.268
1761142442.981313,0,0.006863,-0.001652,1.151954,-2.822,1.727,-2.275,0.006863,-0.001652,1.151954,-2.822,1.727,-2.275
1761142443.060586,0,0.006859,-0.001646,1.152115,-2.729,1.674,-2.269,0.006859,-0.001646,1.152115,-2.729,1.674,-2.269
1761142443.149878,0,0.006847,-0.001613,1.152148,-2.613,1.782,-2.270,0.006847,-0.001613,1.152148,-2.613,1.782,-2.270
1761142443.220962,0,0.006876,-0.001628,1.152051,-2.699,1.625,-2.274,0.006876,-0.001628,1.152051,-2.699,1.625,-2.274
1761142443.293594,0,0.006889,-0.001612,1.152094,-2.593,1.541,-2.257,0.006889,-0.001612,1.152094,-2.593,1.541,-2.257
1761142443.368944,0,0.006890,-0.001618,1.152043,-2.605,1.601,-2.258,0.006890,-0.001618,1.152043,-2.605,1.601,-2.258
1761142443.447427,0,0.006868,-0.001610,1.152050,-2.638,1.751,-2.263,0.006868,-0.001610,1.152050,-2.638,1.751,-2.263
1761142443.530661,0,0.006873,-0.001616,1.152095,-2.623,1.690,-2.266,0.006873,-0.001616,1.152095,-2.623,1.690,-2.266
1761142443.610074,0,0.006871,-0.001614,1.152117,-2.571,1.721,-2.258,0.006871,-0.001614,1.152117,-2.571,1.721,-2.258
1761142443.694963,0,0.006889,-0.001624,1.152106,-2.556,1.610,-2.254,0.006889,-0.001624,1.152106,-2.556,1.610,-2.254
1761142443.781110,0,0.006880,-0.001631,1.152026,-2.686,1.643,-2.272,0.006880,-0.001631,1.152026,-2.686,1.643,-2.272
1761142443.847036,0,0.006883,-0.001619,1.152037,-2.549,1.647,-2.257,0.006883,-0.001619,1.152037,-2.549,1.647,-2.257
1761142443.919678,0,0.006869,-0.001599,1.152096,-2.512,1.690,-2.259,0.006869,-0.001599,1.152096,-2.512,1.690,-2.259
1761142443.995884,0,0.006864,-0.001628,1.152040,-2.703,1.689,-2.267,0.006864,-0.001628,1.152040,-2.703,1.689,-2.267
1761142444.073435,0,0.006879,-0.001606,1.152131,-2.601,1.661,-2.260,0.006879,-0.001606,1.152131,-2.601,1.661,-2.260
1761142444.150408,0,0.006858,-0.001601,1.152083,-2.555,1.748,-2.262,0.006858,-0.001601,1.152083,-2.555,1.748,-2.262
1761142444.233919,0,0.006864,-0.001648,1.151999,-2.799,1.694,-2.272,0.006864,-0.001648,1.151999,-2.799,1.694,-2.272
1761142444.307453,0,0.006857,-0.001610,1.152052,-2.629,1.753,-2.266,0.006857,-0.001610,1.152052,-2.629,1.753,-2.266
1761142444.381951,0,0.006889,-0.001620,1.152075,-2.621,1.639,-2.265,0.006889,-0.001620,1.152075,-2.621,1.639,-2.265
1761142444.457660,0,0.006876,-0.001625,1.152022,-2.671,1.686,-2.269,0.006876,-0.001625,1.152022,-2.671,1.686,-2.269
1761142444.529597,0,0.006876,-0.001620,1.152066,-2.660,1.636,-2.267,0.006876,-0.001620,1.152066,-2.660,1.636,-2.267
1761142444.615890,0,0.006857,-0.001642,1.152064,-2.741,1.752,-2.271,0.006857,-0.001642,1.152064,-2.741,1.752,-2.271
1761142444.693470,0,0.006873,-0.001639,1.151985,-2.710,1.693,-2.269,0.006873,-0.001639,1.151985,-2.710,1.693,-2.269
1761142444.771342,0,0.006881,-0.001585,1.152049,-2.446,1.700,-2.258,0.006881,-0.001585,1.152049,-2.446,1.700,-2.258
1761142444.845980,0,0.006891,-0.001630,1.152038,-2.695,1.617,-2.268,0.006891,-0.001630,1.152038,-2.695,1.617,-2.268
1761142444.923131,0,0.006872,-0.001622,1.152006,-2.671,1.720,-2.264,0.006872,-0.001622,1.152006,-2.671,1.720,-2.264
1761142445.001885,0,0.006902,-0.001588,1.152107,-2.415,1.590,-2.250,0.006902,-0.001588,1.152107,-2.415,1.590,-2.250
1761142445.084449,0,0.006852,-0.001604,1.152083,-2.565,1.801,-2.270,0.006852,-0.001604,1.152083,-2.565,1.801,-2.270
1761142445.155626,0,0.006884,-0.001612,1.152121,-2.554,1.594,-2.263,0.006884,-0.001612,1.152121,-2.554,1.594,-2.263
1761142445.236346,0,0.006883,-0.001597,1.152085,-2.496,1.639,-2.253,0.006883,-0.001597,1.152085,-2.496,1.639,-2.253
1761142445.306346,0,0.006868,-0.001624,1.151979,-2.719,1.795,-2.269,0.006868,-0.001624,1.151979,-2.719,1.795,-2.269
1761142445.384659,0,0.006883,-0.001632,1.152055,-2.718,1.645,-2.263,0.006883,-0.001632,1.152055,-2.718,1.645,-2.263
1761142445.466131,0,0.006863,-0.001632,1.151983,-2.699,1.741,-2.270,0.006863,-0.001632,1.151983,-2.699,1.741,-2.270
1761142445.534673,0,0.006886,-0.001605,1.152008,-2.514,1.762,-2.262,0.006886,-0.001605,1.152008,-2.514,1.762,-2.262
1761142445.615059,0,0.006882,-0.001631,1.152054,-2.673,1.634,-2.270,0.006882,-0.001631,1.152054,-2.673,1.634,-2.270
1761142445.690217,0,0.006869,-0.001631,1.152029,-2.707,1.703,-2.274,0.006869,-0.001631,1.152029,-2.707,1.703,-2.274
1761142445.754072,0,0.006867,-0.001637,1.152060,-2.696,1.713,-2.274,0.006867,-0.001637,1.152060,-2.696,1.713,-2.274
1761142445.830675,0,0.006874,-0.001623,1.152012,-2.664,1.719,-2.262,0.006874,-0.001623,1.152012,-2.664,1.719,-2.262
1761142445.902199,0,0.006889,-0.001602,1.151998,-2.551,1.654,-2.265,0.006889,-0.001602,1.151998,-2.551,1.654,-2.265
1761142445.975291,0,0.006884,-0.001643,1.151983,-2.771,1.639,-2.267,0.006884,-0.001643,1.151983,-2.771,1.639,-2.267
1761142446.045223,0,0.006882,-0.001592,1.152079,-2.489,1.687,-2.259,0.006882,-0.001592,1.152079,-2.489,1.687,-2.259
1761142446.117973,0,0.006873,-0.001625,1.152009,-2.694,1.658,-2.265,0.006873,-0.001625,1.152009,-2.694,1.658,-2.265
1761142446.184167,0,0.006883,-0.001609,1.152004,-2.592,1.686,-2.264,0.006883,-0.001609,1.152004,-2.592,1.686,-2.264
1761142446.262271,0,0.006881,-0.001626,1.152089,-2.689,1.628,-2.266,0.006881,-0.001626,1.152089,-2.689,1.628,-2.266
1761142446.329802,0,0.006870,-0.001605,1.152022,-2.542,1.682,-2.257,0.006870,-0.001605,1.152022,-2.542,1.682,-2.257
1761142446.396343,0,0.006902,-0.001611,1.152080,-2.570,1.640,-2.259,0.006902,-0.001611,1.152080,-2.570,1.640,-2.259
1761142446.463029,0,0.006914,-0.001616,1.151988,-2.588,1.569,-2.258,0.006914,-0.001616,1.151988,-2.588,1.569,-2.258
1761142446.527865,0,0.006868,-0.001609,1.151999,-2.635,1.715,-2.266,0.006868,-0.001609,1.151999,-2.635,1.715,-2.266
1761142446.592621,0,0.006882,-0.001612,1.152018,-2.634,1.688,-2.261,0.006882,-0.001612,1.152018,-2.634,1.688,-2.261
1761142446.663208,0,0.006872,-0.001606,1.152049,-2.594,1.763,-2.269,0.006872,-0.001606,1.152049,-2.594,1.763,-2.269
1761142446.728004,0,0.006875,-0.001608,1.151999,-2.602,1.747,-2.263,0.006875,-0.001608,1.151999,-2.602,1.747,-2.263
1761142446.798904,0,0.006865,-0.001604,1.152018,-2.596,1.738,-2.264,0.006865,-0.001604,1.152018,-2.596,1.738,-2.264
1761142446.869970,0,0.006879,-0.001616,1.152044,-2.663,1.599,-2.269,0.006879,-0.001616,1.152044,-2.663,1.599,-2.269
1761142446.941455,0,0.006888,-0.001583,1.152061,-2.451,1.686,-2.256,0.006888,-0.001583,1.152061,-2.451,1.686,-2.256
1761142447.009155,0,0.006883,-0.001636,1.152030,-2.771,1.577,-2.270,0.006883,-0.001636,1.152030,-2.771,1.577,-2.270
1761142447.077330,0,0.006892,-0.001591,1.152064,-2.529,1.631,-2.255,0.006892,-0.001591,1.152064,-2.529,1.631,-2.255
1761142447.146054,0,0.006879,-0.001624,1.151937,-2.746,1.680,-2.270,0.006879,-0.001624,1.151937,-2.746,1.680,-2.270
1761142447.216820,0,0.006893,-0.001589,1.152097,-2.503,1.631,-2.265,0.006893,-0.001589,1.152097,-2.503,1.631,-2.265
1761142447.286486,0,0.006871,-0.001628,1.151924,-2.769,1.723,-2.272,0.006871,-0.001628,1.151924,-2.769,1.723,-2.272
1761142447.352471,0,0.006882,-0.001611,1.151953,-2.650,1.722,-2.263,0.006882,-0.001611,1.151953,-2.650,1.722,-2.263
1761142447.416314,0,0.006900,-0.001602,1.152014,-2.566,1.640,-2.262,0.006900,-0.001602,1.152014,-2.566,1.640,-2.262
1761142447.494241,0,0.006888,-0.001605,1.151935,-2.621,1.661,-2.263,0.006888,-0.001605,1.151935,-2.621,1.661,-2.263
1761142447.564975,0,0.006868,-0.001639,1.151967,-2.764,1.761,-2.272,0.006868,-0.001639,1.151967,-2.764,1.761,-2.272
1761142447.643272,0,0.006897,-0.001613,1.151940,-2.663,1.641,-2.273,0.006897,-0.001613,1.151940,-2.663,1.641,-2.273
1761142447.722150,0,0.006877,-0.001611,1.152033,-2.616,1.717,-2.263,0.006877,-0.001611,1.152033,-2.616,1.717,-2.263
1761142447.796602,0,0.006883,-0.001625,1.151962,-2.705,1.726,-2.262,0.006883,-0.001625,1.151962,-2.705,1.726,-2.262
1761142447.867129,0,0.006885,-0.001607,1.152073,-2.615,1.628,-2.258,0.006885,-0.001607,1.152073,-2.615,1.628,-2.258
1761142447.941461,0,0.006873,-0.001625,1.152071,-2.725,1.675,-2.271,0.006873,-0.001625,1.152071,-2.725,1.675,-2.271
1761142448.012313,0,0.006890,-0.001578,1.152046,-2.453,1.690,-2.258,0.006890,-0.001578,1.152046,-2.453,1.690,-2.258
1761142448.077169,0,0.006903,-0.001602,1.152019,-2.556,1.598,-2.259,0.006903,-0.001602,1.152019,-2.556,1.598,-2.259
1761142448.146771,0,0.006872,-0.001619,1.152065,-2.717,1.649,-2.270,0.006872,-0.001619,1.152065,-2.717,1.649,-2.270
1761142448.209547,0,0.006896,-0.001621,1.151975,-2.736,1.634,-2.264,0.006896,-0.001621,1.151975,-2.736,1.634,-2.264
1761142448.277491,0,0.006863,-0.001592,1.152115,-2.579,1.760,-2.262,0.006863,-0.001592,1.152115,-2.579,1.760,-2.262
1761142448.346338,0,0.006899,-0.001599,1.151960,-2.557,1.640,-2.264,0.006899,-0.001599,1.151960,-2.557,1.640,-2.264
1761142448.414377,0,0.006873,-0.001623,1.151938,-2.750,1.715,-2.268,0.006873,-0.001623,1.151938,-2.750,1.715,-2.268
1761142448.482022,0,0.006873,-0.001595,1.152114,-2.587,1.685,-2.263,0.006873,-0.001595,1.152114,-2.587,1.685,-2.263
1761142448.550650,0,0.006895,-0.001589,1.151980,-2.554,1.654,-2.261,0.006895,-0.001589,1.151980,-2.554,1.654,-2.261
1761142448.621599,0,0.006884,-0.001600,1.152007,-2.590,1.716,-2.266,0.006884,-0.001600,1.152007,-2.590,1.716,-2.266
1761142448.697527,0,0.006876,-0.001603,1.151995,-2.595,1.700,-2.265,0.006876,-0.001603,1.151995,-2.595,1.700,-2.265
1761142448.764445,0,0.006888,-0.001619,1.151926,-2.712,1.620,-2.265,0.006888,-0.001619,1.151926,-2.712,1.620,-2.265
1761142448.835330,0,0.006871,-0.001610,1.152084,-2.625,1.684,-2.267,0.006871,-0.001610,1.152084,-2.625,1.684,-2.267
1761142448.905590,0,0.006896,-0.001617,1.151878,-2.750,1.637,-2.270,0.006896,-0.001617,1.151878,-2.750,1.637,-2.270
1761142448.975489,0,0.006879,-0.001596,1.152025,-2.589,1.692,-2.269,0.006879,-0.001596,1.152025,-2.589,1.692,-2.269
1761142449.043897,0,0.006887,-0.001592,1.152069,-2.487,1.704,-2.261,0.006887,-0.001592,1.152069,-2.487,1.704,-2.261
1761142449.123317,0,0.006883,-0.001608,1.152063,-2.670,1.579,-2.271,0.006883,-0.001608,1.152063,-2.670,1.579,-2.271
1761142449.211238,0,0.006851,-0.001601,1.152038,-2.600,1.793,-2.265,0.006851,-0.001601,1.152038,-2.600,1.793,-2.265
1761142449.289660,0,0.006877,-0.001609,1.151897,-2.708,1.715,-2.272,0.006877,-0.001609,1.151897,-2.708,1.715,-2.272
1761142449.372339,0,0.006887,-0.001596,1.152012,-2.620,1.608,-2.264,0.006887,-0.001596,1.152012,-2.620,1.608,-2.264
1761142449.452617,0,0.006869,-0.001570,1.152138,-2.476,1.657,-2.261,0.006869,-0.001570,1.152138,-2.476,1.657,-2.261
1761142449.531077,0,0.006856,-0.001602,1.151995,-2.684,1.676,-2.274,0.006856,-0.001602,1.151995,-2.684,1.676,-2.274
1761142449.608534,0,0.006864,-0.001594,1.151986,-2.577,1.655,-2.273,0.006864,-0.001594,1.151986,-2.577,1.655,-2.273
1761142449.683549,0,0.006843,-0.001592,1.152100,-2.584,1.699,-2.268,0.006843,-0.001592,1.152100,-2.584,1.699,-2.268
1761142449.754451,0,0.006853,-0.001606,1.151964,-2.648,1.658,-2.276,0.006853,-0.001606,1.151964,-2.648,1.658,-2.276
1761142449.833731,0,0.006870,-0.001583,1.152019,-2.519,1.685,-2.269,0.006870,-0.001583,1.152019,-2.519,1.685,-2.269
1761142449.909284,0,0.006858,-0.001587,1.152100,-2.571,1.663,-2.265,0.006858,-0.001587,1.152100,-2.571,1.663,-2.265
1761142449.979470,0,0.006859,-0.001574,1.151925,-2.479,1.709,-2.258,0.006859,-0.001574,1.151925,-2.479,1.709,-2.258
1761142450.051309,0,0.006853,-0.001593,1.151922,-2.558,1.711,-2.265,0.006853,-0.001593,1.151922,-2.558,1.711,-2.265
1761142450.126686,0,0.006870,-0.001598,1.151846,-2.559,1.639,-2.267,0.006870,-0.001598,1.151846,-2.559,1.639,-2.267
1761142450.203144,0,0.006861,-0.001606,1.151930,-2.624,1.693,-2.269,0.006861,-0.001606,1.151930,-2.624,1.693,-2.269
1761142450.272141,0,0.006867,-0.001569,1.151953,-2.444,1.691,-2.257,0.006867,-0.001569,1.151953,-2.444,1.691,-2.257
1761142450.341276,0,0.006845,-0.001586,1.151869,-2.624,1.777,-2.278,0.006845,-0.001586,1.151869,-2.624,1.777,-2.278
1761142450.418161,0,0.006868,-0.001592,1.151954,-2.626,1.660,-2.269,0.006868,-0.001592,1.151954,-2.626,1.660,-2.269
1761142450.493213,0,0.006855,-0.001584,1.151991,-2.585,1.700,-2.269,0.006855,-0.001584,1.151991,-2.585,1.700,-2.269
1761142450.572917,0,0.006858,-0.001575,1.152032,-2.524,1.700,-2.259,0.006858,-0.001575,1.152032,-2.524,1.700,-2.259
1761142450.666502,0,0.006862,-0.001603,1.151875,-2.651,1.693,-2.271,0.006862,-0.001603,1.151875,-2.651,1.693,-2.271
1761142450.753527,0,0.006851,-0.001587,1.152044,-2.544,1.742,-2.266,0.006851,-0.001587,1.152044,-2.544,1.742,-2.266
1761142450.842654,0,0.006900,-0.001619,1.152044,-2.695,1.476,-2.269,0.006900,-0.001619,1.152044,-2.695,1.476,-2.269
1761142450.932394,0,0.006876,-0.001587,1.152055,-2.563,1.611,-2.269,0.006876,-0.001587,1.152055,-2.563,1.611,-2.269
1761142451.014511,0,0.006840,-0.001586,1.151956,-2.584,1.793,-2.267,0.006840,-0.001586,1.151956,-2.584,1.793,-2.267
1761142451.097559,0,0.006878,-0.001593,1.151925,-2.590,1.648,-2.266,0.006878,-0.001593,1.151925,-2.590,1.648,-2.266
1761142451.171707,0,0.006859,-0.001575,1.152058,-2.479,1.719,-2.263,0.006859,-0.001575,1.152058,-2.479,1.719,-2.263
1761142451.249883,0,0.006849,-0.001585,1.152027,-2.613,1.747,-2.274,0.006849,-0.001585,1.152027,-2.613,1.747,-2.274
1761142451.318630,0,0.006863,-0.001599,1.151955,-2.630,1.683,-2.267,0.006863,-0.001599,1.151955,-2.630,1.683,-2.267
1761142451.387806,0,0.006853,-0.001605,1.151931,-2.638,1.710,-2.271,0.006853,-0.001605,1.151931,-2.638,1.710,-2.271
1761142451.458541,0,0.006863,-0.001606,1.152016,-2.639,1.634,-2.272,0.006863,-0.001606,1.152016,-2.639,1.634,-2.272
1761142451.542856,0,0.006860,-0.001588,1.151999,-2.599,1.683,-2.264,0.006860,-0.001588,1.151999,-2.599,1.683,-2.264
1761142451.622981,0,0.006867,-0.001573,1.152166,-2.477,1.646,-2.261,0.006867,-0.001573,1.152166,-2.477,1.646,-2.261
1761142451.694100,0,0.006867,-0.001604,1.151938,-2.710,1.693,-2.277,0.006867,-0.001604,1.151938,-2.710,1.693,-2.277
1761142451.760546,0,0.006852,-0.001596,1.151929,-2.595,1.740,-2.273,0.006852,-0.001596,1.151929,-2.595,1.740,-2.273
1761142451.825266,0,0.006872,-0.001570,1.152029,-2.416,1.661,-2.256,0.006872,-0.001570,1.152029,-2.416,1.661,-2.256
1761142451.893129,0,0.006861,-0.001578,1.152011,-2.551,1.652,-2.266,0.006861,-0.001578,1.152011,-2.551,1.652,-2.266
1761142451.958496,0,0.006858,-0.001570,1.151916,-2.529,1.720,-2.272,0.006858,-0.001570,1.151916,-2.529,1.720,-2.272
1761142452.024409,0,0.006877,-0.001609,1.151834,-2.706,1.629,-2.271,0.006877,-0.001609,1.151834,-2.706,1.629,-2.271
1761142452.094918,0,0.006877,-0.001605,1.151915,-2.636,1.598,-2.270,0.006877,-0.001605,1.151915,-2.636,1.598,-2.270
1761142452.162775,0,0.006872,-0.001575,1.152017,-2.494,1.635,-2.266,0.006872,-0.001575,1.152017,-2.494,1.635,-2.266
1761142452.228184,0,0.006874,-0.001600,1.151959,-2.795,1.577,-2.265,0.006874,-0.001600,1.151959,-2.795,1.577,-2.265
1761142452.297568,0,0.006868,-0.001587,1.151959,-2.620,1.720,-2.272,0.006868,-0.001587,1.151959,-2.620,1.720,-2.272
1761142452.361907,0,0.006883,-0.001601,1.151979,-2.680,1.654,-2.275,0.006883,-0.001601,1.151979,-2.680,1.654,-2.275
1761142452.428347,0,0.006874,-0.001587,1.151987,-2.598,1.655,-2.269,0.006874,-0.001587,1.151987,-2.598,1.655,-2.269
1761142452.493820,0,0.006894,-0.001604,1.151959,-2.659,1.609,-2.274,0.006894,-0.001604,1.151959,-2.659,1.609,-2.274
1761142452.559559,0,0.006866,-0.001598,1.151971,-2.644,1.684,-2.269,0.006866,-0.001598,1.151971,-2.644,1.684,-2.269
1761142452.621467,0,0.006885,-0.001599,1.152002,-2.652,1.554,-2.269,0.006885,-0.001599,1.152002,-2.652,1.554,-2.269
1761142452.688385,0,0.006870,-0.001571,1.152076,-2.429,1.666,-2.258,0.006870,-0.001571,1.152076,-2.429,1.666,-2.258
1761142452.759868,0,0.006886,-0.001607,1.151951,-2.738,1.673,-2.275,0.006886,-0.001607,1.151951,-2.738,1.673,-2.275
1761142452.822756,0,0.006858,-0.001611,1.151951,-2.633,1.748,-2.280,0.006858,-0.001611,1.151951,-2.633,1.748,-2.280
1761142452.930532,0,0.006878,-0.001571,1.151974,-2.489,1.717,-2.262,0.006878,-0.001571,1.151974,-2.489,1.717,-2.262
1761142453.026203,0,0.006875,-0.001605,1.152002,-2.636,1.633,-2.267,0.006875,-0.001605,1.152002,-2.636,1.633,-2.267
1761142453.104485,0,0.006871,-0.001601,1.151861,-2.668,1.643,-2.273,0.006871,-0.001601,1.151861,-2.668,1.643,-2.273
1761142453.182600,0,0.006879,-0.001609,1.151928,-2.673,1.635,-2.273,0.006879,-0.001609,1.151928,-2.673,1.635,-2.273
1761142453.261334,0,0.006907,-0.001582,1.151774,-2.483,1.674,-2.270,0.006907,-0.001582,1.151774,-2.483,1.674,-2.270
1761142453.335205,0,0.006889,-0.001576,1.151950,-2.483,1.633,-2.266,0.006889,-0.001576,1.151950,-2.483,1.633,-2.266
1761142453.410479,0,0.006882,-0.001594,1.151963,-2.582,1.617,-2.275,0.006882,-0.001594,1.151963,-2.582,1.617,-2.275
1761142453.483185,0,0.006871,-0.001598,1.151978,-2.745,1.701,-2.271,0.006871,-0.001598,1.151978,-2.745,1.701,-2.271
1761142453.561672,0,0.006892,-0.001570,1.152245,-2.476,1.763,-2.257,0.006892,-0.001570,1.152245,-2.476,1.763,-2.257
1761142453.632168,0,0.006856,-0.001570,1.151855,-2.444,1.695,-2.273,0.006856,-0.001570,1.151855,-2.444,1.695,-2.273
1761142453.701566,0,0.006870,-0.001582,1.152145,-2.641,1.658,-2.262,0.006870,-0.001582,1.152145,-2.641,1.658,-2.262
1761142453.773293,0,0.006898,-0.001580,1.151766,-2.608,1.641,-2.267,0.006898,-0.001580,1.151766,-2.608,1.641,-2.267
1761142453.847399,0,0.006867,-0.001590,1.152021,-2.591,1.632,-2.268,0.006867,-0.001590,1.152021,-2.591,1.632,-2.268
1761142453.914361,0,0.006908,-0.001569,1.152152,-2.525,1.658,-2.259,0.006908,-0.001569,1.152152,-2.525,1.658,-2.259
1761142453.979723,0,0.006882,-0.001589,1.152211,-2.692,1.580,-2.259,0.006882,-0.001589,1.152211,-2.692,1.580,-2.259
1761142454.051712,0,0.006906,-0.001592,1.151944,-2.614,1.604,-2.265,0.006906,-0.001592,1.151944,-2.614,1.604,-2.265
1761142454.112340,0,0.006866,-0.001579,1.151964,-2.613,1.691,-2.275,0.006866,-0.001579,1.151964,-2.613,1.691,-2.275
1761142454.184760,0,0.006872,-0.001600,1.151979,-2.688,1.678,-2.274,0.006872,-0.001600,1.151979,-2.688,1.678,-2.274
1761142454.250644,0,0.006875,-0.001596,1.151911,-2.719,1.714,-2.273,0.006875,-0.001596,1.151911,-2.719,1.714,-2.273
1761142454.324475,0,0.006869,-0.001586,1.152038,-2.635,1.677,-2.265,0.006869,-0.001586,1.152038,-2.635,1.677,-2.265
1761142454.393573,0,0.006890,-0.001584,1.151914,-2.606,1.623,-2.264,0.006890,-0.001584,1.151914,-2.606,1.623,-2.264
1761142454.455943,0,0.006875,-0.001579,1.151847,-2.569,1.710,-2.275,0.006875,-0.001579,1.151847,-2.569,1.710,-2.275
1761142454.535233,0,0.006862,-0.001565,1.151948,-2.524,1.746,-2.268,0.006862,-0.001565,1.151948,-2.524,1.746,-2.268
1761142454.611151,0,0.006870,-0.001579,1.152001,-2.570,1.672,-2.271,0.006870,-0.001579,1.152001,-2.570,1.672,-2.271
1761142454.690857,0,0.006869,-0.001576,1.152002,-2.578,1.710,-2.268,0.006869,-0.001576,1.152002,-2.578,1.710,-2.268
1761142454.764289,0,0.006850,-0.001569,1.152051,-2.559,1.765,-2.265,0.006850,-0.001569,1.152051,-2.559,1.765,-2.265
1761142454.835631,0,0.006869,-0.001596,1.151982,-2.677,1.650,-2.279,0.006869,-0.001596,1.151982,-2.677,1.650,-2.279
1761142454.913746,0,0.006891,-0.001558,1.151965,-2.475,1.611,-2.259,0.006891,-0.001558,1.151965,-2.475,1.611,-2.259
1761142454.981948,0,0.006877,-0.001564,1.151958,-2.506,1.621,-2.258,0.006877,-0.001564,1.151958,-2.506,1.621,-2.258
1761142455.052940,0,0.006887,-0.001578,1.152059,-2.660,1.523,-2.269,0.006887,-0.001578,1.152059,-2.660,1.523,-2.269
1761142455.120426,0,0.006869,-0.001592,1.151940,-2.708,1.687,-2.276,0.006869,-0.001592,1.151940,-2.708,1.687,-2.276
1761142455.185996,0,0.006892,-0.001575,1.151932,-2.576,1.631,-2.268,0.006892,-0.001575,1.151932,-2.576,1.631,-2.268
1761142455.256776,0,0.006908,-0.001576,1.152565,-2.217,1.761,-2.279,0.006908,-0.001576,1.152565,-2.217,1.761,-2.279
1761142455.323764,0,0.006871,-0.001559,1.152033,-2.405,1.692,-2.270,0.006871,-0.001559,1.152033,-2.405,1.692,-2.270
1761142455.388820,0,0.006898,-0.001615,1.151922,-2.858,1.609,-2.274,0.006898,-0.001615,1.151922,-2.858,1.609,-2.274
1761142455.466006,0,0.006872,-0.001562,1.152063,-2.474,1.664,-2.269,0.006872,-0.001562,1.152063,-2.474,1.664,-2.269
1761142455.536367,0,0.006857,-0.001561,1.151993,-2.574,1.652,-2.270,0.006857,-0.001561,1.151993,-2.574,1.652,-2.270
1761142455.602693,0,0.006862,-0.001562,1.152015,-2.566,1.669,-2.267,0.006862,-0.001562,1.152015,-2.566,1.669,-2.267
1761142455.673686,0,0.006857,-0.001580,1.152006,-2.641,1.733,-2.275,0.006857,-0.001580,1.152006,-2.641,1.733,-2.275
1761142455.736566,0,0.006889,-0.001560,1.151861,-2.584,1.642,-2.260,0.006889,-0.001560,1.151861,-2.584,1.642,-2.260
1761142455.812089,0,0.006892,-0.001561,1.151913,-2.517,1.669,-2.267,0.006892,-0.001561,1.151913,-2.517,1.669,-2.267
1761142455.881640,0,0.006786,-0.001605,1.152054,-2.787,1.775,-2.266,0.006786,-0.001605,1.152054,-2.787,1.775,-2.266
1761142455.951470,0,0.006873,-0.001575,1.151928,-2.609,1.749,-2.266,0.006873,-0.001575,1.151928,-2.609,1.749,-2.266
1761142456.018646,0,0.006857,-0.001586,1.152174,-2.563,1.656,-2.267,0.006857,-0.001586,1.152174,-2.563,1.656,-2.267
1761142456.093933,0,0.006759,-0.001568,1.152391,-2.417,1.674,-2.248,0.006759,-0.001568,1.152391,-2.417,1.674,-2.248
1761142456.171231,0,0.006886,-0.001582,1.151897,-2.644,1.629,-2.271,0.006886,-0.001582,1.151897,-2.644,1.629,-2.271
1761142456.252541,0,0.006879,-0.001572,1.151990,-2.539,1.718,-2.264,0.006879,-0.001572,1.151990,-2.539,1.718,-2.264
1761142456.334419,0,0.006905,-0.001563,1.152043,-2.468,1.579,-2.258,0.006905,-0.001563,1.152043,-2.468,1.579,-2.258
1761142456.410514,0,0.006870,-0.001575,1.151989,-2.595,1.655,-2.266,0.006870,-0.001575,1.151989,-2.595,1.655,-2.266
1761142456.497422,0,0.006858,-0.001565,1.152010,-2.495,1.708,-2.263,0.006858,-0.001565,1.152010,-2.495,1.708,-2.263
1761142456.580623,0,0.006871,-0.001571,1.151943,-2.572,1.641,-2.273,0.006871,-0.001571,1.151943,-2.572,1.641,-2.273
1761142456.657418,0,0.006878,-0.001579,1.152017,-2.634,1.603,-2.275,0.006878,-0.001579,1.152017,-2.634,1.603,-2.275
1761142456.738218,0,0.006844,-0.001569,1.152055,-2.585,1.708,-2.268,0.006844,-0.001569,1.152055,-2.585,1.708,-2.268
1761142456.810235,0,0.006886,-0.001592,1.151907,-2.717,1.598,-2.271,0.006886,-0.001592,1.151907,-2.717,1.598,-2.271
1761142456.880849,0,0.006886,-0.001567,1.151891,-2.574,1.649,-2.268,0.006886,-0.001567,1.151891,-2.574,1.649,-2.268
1761142456.957385,0,0.006862,-0.001571,1.151911,-2.648,1.723,-2.273,0.006862,-0.001571,1.151911,-2.648,1.723,-2.273
1761142457.031820,0,0.006881,-0.001566,1.151901,-2.582,1.701,-2.268,0.006881,-0.001566,1.151901,-2.582,1.701,-2.268
1761142457.113448,0,0.006859,-0.001573,1.151925,-2.622,1.693,-2.272,0.006859,-0.001573,1.151925,-2.622,1.693,-2.272
1761142457.188677,0,0.006875,-0.001560,1.152019,-2.556,1.631,-2.269,0.006875,-0.001560,1.152019,-2.556,1.631,-2.269
1761142457.266331,0,0.006861,-0.001610,1.151967,-2.767,1.707,-2.281,0.006861,-0.001610,1.151967,-2.767,1.707,-2.281
1761142457.345242,0,0.006895,-0.001580,1.151976,-2.637,1.607,-2.266,0.006895,-0.001580,1.151976,-2.637,1.607,-2.266
1761142457.423941,0,0.006884,-0.001577,1.151891,-2.621,1.704,-2.272,0.006884,-0.001577,1.151891,-2.621,1.704,-2.272
1761142457.515662,0,0.006886,-0.001598,1.151915,-2.724,1.591,-2.267,0.006886,-0.001598,1.151915,-2.724,1.591,-2.267
1761142457.603897,0,0.006958,-0.001560,1.152415,-2.209,1.625,-2.265,0.006958,-0.001560,1.152415,-2.209,1.625,-2.265
1761142457.683894,0,0.006877,-0.001573,1.151710,-2.698,1.656,-2.265,0.006877,-0.001573,1.151710,-2.698,1.656,-2.265
1761142457.767647,0,0.006923,-0.001567,1.151990,-2.562,1.634,-2.260,0.006923,-0.001567,1.151990,-2.562,1.634,-2.260
1761142457.836997,0,0.006870,-0.001578,1.151980,-2.665,1.678,-2.271,0.006870,-0.001578,1.151980,-2.665,1.678,-2.271
1761142457.919622,0,0.006882,-0.001578,1.151978,-2.598,1.651,-2.265,0.006882,-0.001578,1.151978,-2.598,1.651,-2.265
1761142458.007446,0,0.006874,-0.001545,1.151935,-2.447,1.737,-2.263,0.006874,-0.001545,1.151935,-2.447,1.737,-2.263
1761142458.093526,0,0.006903,-0.001588,1.151977,-2.697,1.497,-2.269,0.006903,-0.001588,1.151977,-2.697,1.497,-2.269
1761142458.182014,0,0.006874,-0.001555,1.151912,-2.572,1.718,-2.265,0.006874,-0.001555,1.151912,-2.572,1.718,-2.265
1761142458.254815,0,0.006871,-0.001576,1.151934,-2.636,1.743,-2.271,0.006871,-0.001576,1.151934,-2.636,1.743,-2.271
1761142458.321773,0,0.006887,-0.001577,1.151854,-2.674,1.655,-2.273,0.006887,-0.001577,1.151854,-2.674,1.655,-2.273
1761142458.389205,0,0.006881,-0.001563,1.151958,-2.545,1.679,-2.266,0.006881,-0.001563,1.151958,-2.545,1.679,-2.266
1761142458.453106,0,0.006891,-0.001578,1.151907,-2.621,1.625,-2.268,0.006891,-0.001578,1.151907,-2.621,1.625,-2.268
1761142458.516047,0,0.006881,-0.001586,1.151869,-2.659,1.671,-2.268,0.006881,-0.001586,1.151869,-2.659,1.671,-2.268
1761142458.586509,0,0.006881,-0.001573,1.151928,-2.637,1.653,-2.264,0.006881,-0.001573,1.151928,-2.637,1.653,-2.264
1761142458.649318,0,0.006884,-0.001568,1.151951,-2.602,1.662,-2.268,0.006884,-0.001568,1.151951,-2.602,1.662,-2.268
1761142458.719459,0,0.006874,-0.001588,1.151974,-2.690,1.650,-2.268,0.006874,-0.001588,1.151974,-2.690,1.650,-2.268
1761142458.787047,0,0.006871,-0.001558,1.152017,-2.547,1.706,-2.269,0.006871,-0.001558,1.152017,-2.547,1.706,-2.269
1761142458.851943,0,0.006892,-0.001579,1.151997,-2.611,1.599,-2.270,0.006892,-0.001579,1.151997,-2.611,1.599,-2.270
1761142458.919848,0,0.006880,-0.001527,1.152025,-2.328,1.731,-2.261,0.006880,-0.001527,1.152025,-2.328,1.731,-2.261
1761142458.994899,0,0.006879,-0.001560,1.151881,-2.560,1.653,-2.268,0.006879,-0.001560,1.151881,-2.560,1.653,-2.268
1761142459.055805,0,0.006885,-0.001560,1.151975,-2.551,1.584,-2.259,0.006885,-0.001560,1.151975,-2.551,1.584,-2.259
1761142459.130052,0,0.006893,-0.001567,1.151986,-2.602,1.558,-2.272,0.006893,-0.001567,1.151986,-2.602,1.558,-2.272
1761142459.204543,0,0.006894,-0.001574,1.151900,-2.642,1.619,-2.268,0.006894,-0.001574,1.151900,-2.642,1.619,-2.268
1761142459.283822,0,0.006902,-0.001568,1.151961,-2.605,1.562,-2.267,0.006902,-0.001568,1.151961,-2.605,1.562,-2.267
1761142459.357991,0,0.006880,-0.001580,1.151940,-2.680,1.660,-2.272,0.006880,-0.001580,1.151940,-2.680,1.660,-2.272
1761142459.437327,0,0.006881,-0.001573,1.152001,-2.612,1.663,-2.267,0.006881,-0.001573,1.152001,-2.612,1.663,-2.267
1761142459.509398,0,0.006883,-0.001563,1.151897,-2.602,1.654,-2.268,0.006883,-0.001563,1.151897,-2.602,1.654,-2.268
1761142459.577214,0,0.006867,-0.001571,1.151907,-2.606,1.789,-2.267,0.006867,-0.001571,1.151907,-2.606,1.789,-2.267
1761142459.654380,0,0.006908,-0.001555,1.151899,-2.550,1.662,-2.259,0.006908,-0.001555,1.151899,-2.550,1.662,-2.259
1761142459.722836,0,0.006869,-0.001573,1.152083,-2.565,1.776,-2.269,0.006869,-0.001573,1.152083,-2.565,1.776,-2.269
1761142459.789039,0,0.006888,-0.001554,1.152050,-2.392,1.688,-2.260,0.006888,-0.001554,1.152050,-2.392,1.688,-2.260
1761142459.860737,0,0.006889,-0.001561,1.151915,-2.589,1.711,-2.265,0.006889,-0.001561,1.151915,-2.589,1.711,-2.265
1761142459.938365,0,0.006893,-0.001571,1.151941,-2.663,1.656,-2.272,0.006893,-0.001571,1.151941,-2.663,1.656,-2.272
1761142460.018718,0,0.006889,-0.001573,1.151787,-2.774,1.612,-2.276,0.006889,-0.001573,1.151787,-2.774,1.612,-2.276
1761142460.097281,0,0.006887,-0.001557,1.152030,-2.555,1.639,-2.270,0.006887,-0.001557,1.152030,-2.555,1.639,-2.270
1761142460.179640,0,0.006880,-0.001563,1.151944,-2.652,1.626,-2.265,0.006880,-0.001563,1.151944,-2.652,1.626,-2.265
1761142460.260911,0,0.006898,-0.001557,1.151942,-2.614,1.696,-2.271,0.006898,-0.001557,1.151942,-2.614,1.696,-2.271
1761142460.339375,0,0.006884,-0.001540,1.152125,-2.454,1.700,-2.265,0.006884,-0.001540,1.152125,-2.454,1.700,-2.265
1761142460.409844,0,0.006875,-0.001555,1.152029,-2.572,1.723,-2.261,0.006875,-0.001555,1.152029,-2.572,1.723,-2.261
1761142460.480409,0,0.006897,-0.001546,1.152008,-2.458,1.635,-2.255,0.006897,-0.001546,1.152008,-2.458,1.635,-2.255
1761142460.547968,0,0.006908,-0.001571,1.151865,-2.641,1.608,-2.271,0.006908,-0.001571,1.151865,-2.641,1.608,-2.271
1761142460.614873,0,0.006898,-0.001569,1.151891,-2.659,1.586,-2.266,0.006898,-0.001569,1.151891,-2.659,1.586,-2.266
1761142460.687678,0,0.006882,-0.001565,1.151897,-2.582,1.732,-2.276,0.006882,-0.001565,1.151897,-2.582,1.732,-2.276
1761142460.750849,0,0.006878,-0.001565,1.151937,-2.579,1.746,-2.272,0.006878,-0.001565,1.151937,-2.579,1.746,-2.272
1761142460.816951,0,0.006893,-0.001561,1.151908,-2.574,1.664,-2.262,0.006893,-0.001561,1.151908,-2.574,1.664,-2.262
1761142460.888808,0,0.006886,-0.001565,1.151953,-2.626,1.636,-2.264,0.006886,-0.001565,1.151953,-2.626,1.636,-2.264
1761142460.962149,0,0.006899,-0.001554,1.151998,-2.552,1.677,-2.263,0.006899,-0.001554,1.151998,-2.552,1.677,-2.263
1761142461.044748,0,0.006909,-0.001562,1.151944,-2.645,1.612,-2.267,0.006909,-0.001562,1.151944,-2.645,1.612,-2.267
1761142461.125456,0,0.006912,-0.001570,1.151795,-2.673,1.661,-2.274,0.006912,-0.001570,1.151795,-2.673,1.661,-2.274
1761142461.203636,0,0.006889,-0.001533,1.151897,-2.438,1.751,-2.261,0.006889,-0.001533,1.151897,-2.438,1.751,-2.261
1761142461.278270,0,0.006869,-0.001574,1.151821,-2.704,1.779,-2.263,0.006869,-0.001574,1.151821,-2.704,1.779,-2.263
1761142461.352479,0,0.006912,-0.001574,1.151962,-2.689,1.612,-2.266,0.006912,-0.001574,1.151962,-2.689,1.612,-2.266
1761142461.431297,0,0.006786,-0.001452,1.152724,-2.223,1.638,-2.263,0.006786,-0.001452,1.152724,-2.223,1.638,-2.263
1761142461.498543,0,0.006781,-0.001476,1.152154,-2.701,1.635,-2.263,0.006781,-0.001476,1.152154,-2.701,1.635,-2.263
1761142461.573798,0,0.006874,-0.001463,1.151926,-2.782,1.653,-2.266,0.006874,-0.001463,1.151926,-2.782,1.653,-2.266
1761142461.655452,0,0.006847,-0.001469,1.152089,-2.505,1.600,-2.254,0.006847,-0.001469,1.152089,-2.505,1.600,-2.254
1761142461.723075,0,0.006810,-0.001454,1.152087,-2.532,1.549,-2.260,0.006810,-0.001454,1.152087,-2.532,1.549,-2.260
1761142461.787564,0,0.006814,-0.001460,1.151940,-2.648,1.598,-2.270,0.006814,-0.001460,1.151940,-2.648,1.598,-2.270
1761142461.850473,0,0.006858,-0.001471,1.151892,-2.733,1.581,-2.269,0.006858,-0.001471,1.151892,-2.733,1.581,-2.269
1761142461.921137,0,0.006857,-0.001455,1.151939,-2.614,1.602,-2.269,0.006857,-0.001455,1.151939,-2.614,1.602,-2.269
1761142461.986291,0,0.006828,-0.001473,1.151985,-2.702,1.608,-2.271,0.006828,-0.001473,1.151985,-2.702,1.608,-2.271
1761142462.055211,0,0.006876,-0.001434,1.152064,-2.551,1.617,-2.272,0.006876,-0.001434,1.152064,-2.551,1.617,-2.272
1761142462.122857,0,0.006859,-0.001472,1.151876,-2.686,1.625,-2.268,0.006859,-0.001472,1.151876,-2.686,1.625,-2.268
1761142462.194181,0,0.006846,-0.001444,1.151960,-2.529,1.695,-2.260,0.006846,-0.001444,1.151960,-2.529,1.695,-2.260
1761142462.255095,0,0.006820,-0.001462,1.151970,-2.646,1.573,-2.269,0.006820,-0.001462,1.151970,-2.646,1.573,-2.269
1761142462.323988,0,0.006849,-0.001459,1.152009,-2.610,1.578,-2.265,0.006849,-0.001459,1.152009,-2.610,1.578,-2.265
1761142462.391290,0,0.006829,-0.001471,1.151819,-2.710,1.623,-2.278,0.006829,-0.001471,1.151819,-2.710,1.623,-2.278
1761142462.457175,0,0.006835,-0.001489,1.151894,-2.824,1.580,-2.272,0.006835,-0.001489,1.151894,-2.824,1.580,-2.272
1761142462.524185,0,0.006843,-0.001477,1.152056,-2.686,1.613,-2.272,0.006843,-0.001477,1.152056,-2.686,1.613,-2.272
1761142462.596062,0,0.006841,-0.001445,1.152024,-2.446,1.733,-2.268,0.006841,-0.001445,1.152024,-2.446,1.733,-2.268
1761142462.668388,0,0.006861,-0.001462,1.151981,-2.646,1.543,-2.264,0.006861,-0.001462,1.151981,-2.646,1.543,-2.264
1761142462.737682,0,0.006827,-0.001454,1.151948,-2.580,1.672,-2.260,0.006827,-0.001454,1.151948,-2.580,1.672,-2.260
1761142462.807015,0,0.006804,-0.001455,1.152747,-2.309,1.664,-2.255,0.006804,-0.001455,1.152747,-2.309,1.664,-2.255
1761142462.869320,0,0.006801,-0.001452,1.152091,-2.569,1.666,-2.264,0.006801,-0.001452,1.152091,-2.569,1.666,-2.264
1761142462.938865,0,0.006913,-0.001458,1.151881,-2.671,1.548,-2.268,0.006913,-0.001458,1.151881,-2.671,1.548,-2.268
1761142463.006981,0,0.006837,-0.001431,1.152124,-2.467,1.621,-2.259,0.006837,-0.001431,1.152124,-2.467,1.621,-2.259
1761142463.076874,0,0.006868,-0.001445,1.151891,-2.553,1.653,-2.266,0.006868,-0.001445,1.151891,-2.553,1.653,-2.266
1761142463.142804,0,0.006821,-0.001456,1.152051,-2.562,1.686,-2.262,0.006821,-0.001456,1.152051,-2.562,1.686,-2.262
1761142463.215060,0,0.006858,-0.001441,1.151908,-2.544,1.628,-2.263,0.006858,-0.001441,1.151908,-2.544,1.628,-2.263
1761142463.277787,0,0.006857,-0.001435,1.152124,-2.412,1.563,-2.255,0.006857,-0.001435,1.152124,-2.412,1.563,-2.255
1761142463.349317,0,0.006865,-0.001461,1.152099,-2.603,1.591,-2.266,0.006865,-0.001461,1.152099,-2.603,1.591,-2.266
1761142463.417993,0,0.006879,-0.001468,1.151870,-2.694,1.531,-2.263,0.006879,-0.001468,1.151870,-2.694,1.531,-2.263
1761142463.481920,0,0.006833,-0.001454,1.152005,-2.618,1.590,-2.260,0.006833,-0.001454,1.152005,-2.618,1.590,-2.260
1761142463.551484,0,0.006839,-0.001461,1.151990,-2.659,1.594,-2.276,0.006839,-0.001461,1.151990,-2.659,1.594,-2.276
1761142463.616626,0,0.006844,-0.001453,1.151977,-2.622,1.668,-2.263,0.006844,-0.001453,1.151977,-2.622,1.668,-2.263
1761142463.681085,0,0.006834,-0.001472,1.151923,-2.693,1.675,-2.271,0.006834,-0.001472,1.151923,-2.693,1.675,-2.271
1761142463.747449,0,0.006847,-0.001436,1.152065,-2.476,1.660,-2.255,0.006847,-0.001436,1.152065,-2.476,1.660,-2.255
1761142463.814910,0,0.006868,-0.001422,1.152031,-2.461,1.576,-2.258,0.006868,-0.001422,1.152031,-2.461,1.576,-2.258
1761142463.879801,0,0.006838,-0.001450,1.151988,-2.593,1.659,-2.258,0.006838,-0.001450,1.151988,-2.593,1.659,-2.258
1761142463.947456,0,0.006858,-0.001466,1.151914,-2.661,1.609,-2.256,0.006858,-0.001466,1.151914,-2.661,1.609,-2.256
1761142464.015122,0,0.006857,-0.001445,1.151859,-2.558,1.616,-2.258,0.006857,-0.001445,1.151859,-2.558,1.616,-2.258
1761142464.083006,0,0.006846,-0.001454,1.151911,-2.611,1.643,-2.269,0.006846,-0.001454,1.151911,-2.611,1.643,-2.269
1761142464.148502,0,0.006846,-0.001466,1.151856,-2.665,1.633,-2.268,0.006846,-0.001466,1.151856,-2.665,1.633,-2.268
1761142464.216094,0,0.006842,-0.001469,1.151886,-2.707,1.636,-2.270,0.006842,-0.001469,1.151886,-2.707,1.636,-2.270
1761142464.276984,0,0.006870,-0.001466,1.151958,-2.633,1.552,-2.268,0.006870,-0.001466,1.151958,-2.633,1.552,-2.268
1761142464.339881,0,0.006871,-0.001444,1.152000,-2.622,1.493,-2.254,0.006871,-0.001444,1.152000,-2.622,1.493,-2.254
1761142464.406127,0,0.006831,-0.001452,1.151845,-2.663,1.672,-2.269,0.006831,-0.001452,1.151845,-2.663,1.672,-2.269
1761142464.482602,0,0.006833,-0.001440,1.151876,-2.537,1.643,-2.261,0.006833,-0.001440,1.151876,-2.537,1.643,-2.261
1761142464.565468,0,0.006836,-0.001442,1.152038,-2.494,1.617,-2.258,0.006836,-0.001442,1.152038,-2.494,1.617,-2.258
1761142464.647400,0,0.006871,-0.001466,1.151973,-2.700,1.481,-2.257,0.006871,-0.001466,1.151973,-2.700,1.481,-2.257
1761142464.727889,0,0.006865,-0.001457,1.152015,-2.631,1.576,-2.264,0.006865,-0.001457,1.152015,-2.631,1.576,-2.264
1761142464.803445,0,0.006868,-0.001452,1.151979,-2.571,1.590,-2.256,0.006868,-0.001452,1.151979,-2.571,1.590,-2.256
1761142464.884315,0,0.006868,-0.001442,1.151857,-2.550,1.647,-2.260,0.006868,-0.001442,1.151857,-2.550,1.647,-2.260
1761142464.961653,0,0.006828,-0.001467,1.151885,-2.757,1.646,-2.278,0.006828,-0.001467,1.151885,-2.757,1.646,-2.278
1761142465.038236,0,0.006840,-0.001459,1.151977,-2.622,1.654,-2.270,0.006840,-0.001459,1.151977,-2.622,1.654,-2.270
1761142465.106783,0,0.006846,-0.001418,1.152060,-2.426,1.646,-2.259,0.006846,-0.001418,1.152060,-2.426,1.646,-2.259
1761142465.176818,0,0.006825,-0.001454,1.151973,-2.702,1.633,-2.265,0.006825,-0.001454,1.151973,-2.702,1.633,-2.265
1761142465.240062,0,0.006851,-0.001437,1.152179,-2.536,1.672,-2.261,0.006851,-0.001437,1.152179,-2.536,1.672,-2.261
1761142465.327676,0,0.006840,-0.001467,1.151962,-2.710,1.582,-2.273,0.006840,-0.001467,1.151962,-2.710,1.582,-2.273
1761142465.412163,0,0.006861,-0.001433,1.151933,-2.500,1.623,-2.262,0.006861,-0.001433,1.151933,-2.500,1.623,-2.262
1761142465.496516,0,0.006868,-0.001448,1.152085,-2.544,1.522,-2.259,0.006868,-0.001448,1.152085,-2.544,1.522,-2.259
1761142465.572560,0,0.006852,-0.001465,1.151895,-2.687,1.603,-2.265,0.006852,-0.001465,1.151895,-2.687,1.603,-2.265
1761142465.654499,0,0.006853,-0.001441,1.151992,-2.506,1.667,-2.263,0.006853,-0.001441,1.151992,-2.506,1.667,-2.263
1761142465.732949,0,0.006877,-0.001444,1.151887,-2.559,1.644,-2.260,0.006877,-0.001444,1.151887,-2.559,1.644,-2.260
1761142465.815426,0,0.006826,-0.001473,1.151847,-2.773,1.617,-2.277,0.006826,-0.001473,1.151847,-2.773,1.617,-2.277
1761142465.899080,0,0.006853,-0.001467,1.152003,-2.668,1.565,-2.253,0.006853,-0.001467,1.152003,-2.668,1.565,-2.253
1761142465.979830,0,0.006825,-0.001472,1.152160,-2.659,1.569,-2.264,0.006825,-0.001472,1.152160,-2.659,1.569,-2.264
1761142466.055091,0,0.006821,-0.001458,1.152029,-2.670,1.678,-2.269,0.006821,-0.001458,1.152029,-2.670,1.678,-2.269
1761142466.140791,0,0.006861,-0.001476,1.151871,-2.777,1.666,-2.271,0.006861,-0.001476,1.151871,-2.777,1.666,-2.271
1761142466.228205,0,0.006840,-0.001443,1.151930,-2.576,1.721,-2.267,0.006840,-0.001443,1.151930,-2.576,1.721,-2.267
1761142466.312850,0,0.006836,-0.001454,1.152002,-2.582,1.610,-2.262,0.006836,-0.001454,1.152002,-2.582,1.610,-2.262
1761142466.395428,0,0.006861,-0.001449,1.151979,-2.556,1.549,-2.267,0.006861,-0.001449,1.151979,-2.556,1.549,-2.267
1761142466.473850,0,0.006841,-0.001475,1.151802,-2.792,1.647,-2.276,0.006841,-0.001475,1.151802,-2.792,1.647,-2.276
1761142466.569914,0,0.006850,-0.001439,1.152035,-2.594,1.490,-2.268,0.006850,-0.001439,1.152035,-2.594,1.490,-2.268
1761142466.657272,0,0.006824,-0.001449,1.151988,-2.592,1.709,-2.273,0.006824,-0.001449,1.151988,-2.592,1.709,-2.273
1761142466.745677,0,0.006850,-0.001464,1.151844,-2.735,1.610,-2.276,0.006850,-0.001464,1.151844,-2.735,1.610,-2.276
1761142466.822833,0,0.006848,-0.001459,1.151885,-2.728,1.627,-2.276,0.006848,-0.001459,1.151885,-2.728,1.627,-2.276
1761142466.902815,0,0.006836,-0.001476,1.151879,-2.830,1.651,-2.272,0.006836,-0.001476,1.151879,-2.830,1.651,-2.272
1761142466.980158,0,0.006843,-0.001452,1.151965,-2.629,1.585,-2.263,0.006843,-0.001452,1.151965,-2.629,1.585,-2.263
1761142467.050758,0,0.006842,-0.001452,1.152049,-2.608,1.609,-2.273,0.006842,-0.001452,1.152049,-2.608,1.609,-2.273
1761142467.133065,0,0.006846,-0.001479,1.151788,-2.793,1.648,-2.270,0.006846,-0.001479,1.151788,-2.793,1.648,-2.270
1761142467.220674,0,0.006826,-0.001446,1.151914,-2.589,1.652,-2.264,0.006826,-0.001446,1.151914,-2.589,1.652,-2.264
1761142467.301778,0,0.006834,-0.001433,1.151958,-2.471,1.644,-2.268,0.006834,-0.001433,1.151958,-2.471,1.644,-2.268
1761142467.381728,0,0.006842,-0.001421,1.152002,-2.414,1.649,-2.260,0.006842,-0.001421,1.152002,-2.414,1.649,-2.260
1761142467.459280,0,0.006833,-0.001479,1.151911,-2.781,1.566,-2.281,0.006833,-0.001479,1.151911,-2.781,1.566,-2.281
1761142467.534360,0,0.006820,-0.001462,1.151968,-2.639,1.673,-2.267,0.006820,-0.001462,1.151968,-2.639,1.673,-2.267
1761142467.611418,0,0.006847,-0.001441,1.151962,-2.541,1.575,-2.269,0.006847,-0.001441,1.151962,-2.541,1.575,-2.269
1761142467.687501,0,0.006840,-0.001461,1.151910,-2.682,1.592,-2.267,0.006840,-0.001461,1.151910,-2.682,1.592,-2.267
1761142467.761147,0,0.006845,-0.001445,1.151820,-2.620,1.617,-2.264,0.006845,-0.001445,1.151820,-2.620,1.617,-2.264
1761142467.840748,0,0.006848,-0.001438,1.151948,-2.526,1.622,-2.259,0.006848,-0.001438,1.151948,-2.526,1.622,-2.259
1761142467.915365,0,0.006855,-0.001436,1.151956,-2.485,1.631,-2.270,0.006855,-0.001436,1.151956,-2.485,1.631,-2.270
1761142467.998876,0,0.006851,-0.001445,1.151951,-2.595,1.575,-2.264,0.006851,-0.001445,1.151951,-2.595,1.575,-2.264
1761142468.080645,0,0.006844,-0.001465,1.151946,-2.728,1.529,-2.277,0.006844,-0.001465,1.151946,-2.728,1.529,-2.277
1761142468.168844,0,0.006819,-0.001449,1.151982,-2.641,1.650,-2.263,0.006819,-0.001449,1.151982,-2.641,1.650,-2.263
1761142468.257321,0,0.006822,-0.001436,1.151662,-2.601,1.748,-2.279,0.006822,-0.001436,1.151662,-2.601,1.748,-2.279
1761142468.337353,0,0.006853,-0.001456,1.151995,-2.677,1.585,-2.271,0.006853,-0.001456,1.151995,-2.677,1.585,-2.271
1761142468.421829,0,0.006821,-0.001430,1.152052,-2.583,1.607,-2.255,0.006821,-0.001430,1.152052,-2.583,1.607,-2.255
1761142468.500648,0,0.006824,-0.001464,1.151887,-2.733,1.588,-2.270,0.006824,-0.001464,1.151887,-2.733,1.588,-2.270
1761142468.578809,0,0.006813,-0.001421,1.152018,-2.465,1.638,-2.266,0.006813,-0.001421,1.152018,-2.465,1.638,-2.266
1761142468.664093,0,0.006829,-0.001456,1.152000,-2.650,1.586,-2.272,0.006829,-0.001456,1.152000,-2.650,1.586,-2.272
1761142468.741005,0,0.006862,-0.001434,1.151920,-2.569,1.605,-2.271,0.006862,-0.001434,1.151920,-2.569,1.605,-2.271
1761142468.813579,0,0.006829,-0.001454,1.151959,-2.675,1.643,-2.275,0.006829,-0.001454,1.151959,-2.675,1.643,-2.275
1761142468.884297,0,0.006850,-0.001454,1.151882,-2.666,1.579,-2.275,0.006850,-0.001454,1.151882,-2.666,1.579,-2.275
1761142468.974087,0,0.006835,-0.001433,1.151931,-2.562,1.637,-2.271,0.006835,-0.001433,1.151931,-2.562,1.637,-2.271
1761142469.052711,0,0.006831,-0.001450,1.151957,-2.625,1.654,-2.266,0.006831,-0.001450,1.151957,-2.625,1.654,-2.266
1761142469.145405,0,0.006844,-0.001435,1.151955,-2.580,1.607,-2.266,0.006844,-0.001435,1.151955,-2.580,1.607,-2.266
1761142469.242430,0,0.006827,-0.001416,1.151890,-2.478,1.701,-2.267,0.006827,-0.001416,1.151890,-2.478,1.701,-2.267
1761142469.338053,0,0.006853,-0.001459,1.151885,-2.697,1.588,-2.272,0.006853,-0.001459,1.151885,-2.697,1.588,-2.272
1761142469.420975,0,0.006837,-0.001402,1.151903,-2.419,1.683,-2.262,0.006837,-0.001402,1.151903,-2.419,1.683,-2.262
1761142469.497676,0,0.006829,-0.001440,1.151920,-2.617,1.654,-2.268,0.006829,-0.001440,1.151920,-2.617,1.654,-2.268
1761142469.576260,0,0.006843,-0.001446,1.151867,-2.627,1.641,-2.267,0.006843,-0.001446,1.151867,-2.627,1.641,-2.267
1761142469.659414,0,0.006832,-0.001455,1.151900,-2.686,1.595,-2.277,0.006832,-0.001455,1.151900,-2.686,1.595,-2.277
1761142469.738797,0,0.006845,-0.001435,1.151982,-2.514,1.617,-2.269,0.006845,-0.001435,1.151982,-2.514,1.617,-2.269
1761142469.820051,0,0.006839,-0.001430,1.151927,-2.574,1.630,-2.269,0.006839,-0.001430,1.151927,-2.574,1.630,-2.269
1761142469.912068,0,0.006828,-0.001463,1.151825,-2.747,1.619,-2.272,0.006828,-0.001463,1.151825,-2.747,1.619,-2.272
1761142469.983731,0,0.006832,-0.001445,1.151856,-2.630,1.658,-2.267,0.006832,-0.001445,1.151856,-2.630,1.658,-2.267
1761142470.068161,0,0.006839,-0.001424,1.151939,-2.488,1.613,-2.263,0.006839,-0.001424,1.151939,-2.488,1.613,-2.263
1761142470.145968,0,0.006838,-0.001445,1.151916,-2.616,1.635,-2.268,0.006838,-0.001445,1.151916,-2.616,1.635,-2.268
1761142470.221482,0,0.006837,-0.001433,1.151932,-2.515,1.657,-2.267,0.006837,-0.001433,1.151932,-2.515,1.657,-2.267
1761142470.299242,0,0.006851,-0.001429,1.152025,-2.550,1.531,-2.261,0.006851,-0.001429,1.152025,-2.550,1.531,-2.261
1761142470.372266,0,0.006837,-0.001444,1.151879,-2.619,1.631,-2.268,0.006837,-0.001444,1.151879,-2.619,1.631,-2.268
1761142470.451798,0,0.006840,-0.001420,1.151879,-2.500,1.648,-2.260,0.006840,-0.001420,1.151879,-2.500,1.648,-2.260
1761142470.534875,0,0.006847,-0.001458,1.151986,-2.671,1.522,-2.275,0.006847,-0.001458,1.151986,-2.671,1.522,-2.275
1761142470.608104,0,0.006837,-0.001463,1.151874,-2.738,1.592,-2.272,0.006837,-0.001463,1.151874,-2.738,1.592,-2.272
1761142470.684137,0,0.006832,-0.001431,1.151872,-2.508,1.742,-2.270,0.006832,-0.001431,1.151872,-2.508,1.742,-2.270
1761142470.777356,0,0.006834,-0.001433,1.151948,-2.569,1.641,-2.268,0.006834,-0.001433,1.151948,-2.569,1.641,-2.268
1761142470.866333,0,0.006837,-0.001447,1.151991,-2.589,1.580,-2.274,0.006837,-0.001447,1.151991,-2.589,1.580,-2.274
1761142470.948375,0,0.006855,-0.001444,1.151880,-2.617,1.592,-2.269,0.006855,-0.001444,1.151880,-2.617,1.592,-2.269
1761142471.020756,0,0.006842,-0.001459,1.151886,-2.690,1.593,-2.271,0.006842,-0.001459,1.151886,-2.690,1.593,-2.271
1761142471.089339,0,0.006828,-0.001461,1.151841,-2.722,1.703,-2.271,0.006828,-0.001461,1.151841,-2.722,1.703,-2.271
1761142471.169406,0,0.006842,-0.001448,1.151878,-2.623,1.582,-2.272,0.006842,-0.001448,1.151878,-2.623,1.582,-2.272
1761142471.263885,0,0.006841,-0.001449,1.151954,-2.602,1.616,-2.271,0.006841,-0.001449,1.151954,-2.602,1.616,-2.271
1761142471.350037,0,0.006826,-0.001447,1.152002,-2.591,1.652,-2.276,0.006826,-0.001447,1.152002,-2.591,1.652,-2.276
1761142471.426106,0,0.006836,-0.001437,1.151804,-2.633,1.710,-2.260,0.006836,-0.001437,1.151804,-2.633,1.710,-2.260
1761142471.488799,0,0.006830,-0.001455,1.151882,-2.685,1.665,-2.274,0.006830,-0.001455,1.151882,-2.685,1.665,-2.274
1761142471.562386,0,0.006817,-0.001456,1.151819,-2.697,1.732,-2.274,0.006817,-0.001456,1.151819,-2.697,1.732,-2.274
1761142471.642653,0,0.006845,-0.001447,1.151953,-2.609,1.598,-2.260,0.006845,-0.001447,1.151953,-2.609,1.598,-2.260
1761142471.723919,0,0.006828,-0.001434,1.151987,-2.546,1.686,-2.263,0.006828,-0.001434,1.151987,-2.546,1.686,-2.263
1761142471.803604,0,0.006844,-0.001441,1.152019,-2.609,1.575,-2.269,0.006844,-0.001441,1.152019,-2.609,1.575,-2.269
1761142471.890702,0,0.006829,-0.001427,1.151836,-2.599,1.702,-2.264,0.006829,-0.001427,1.151836,-2.599,1.702,-2.264
1761142471.966770,0,0.006829,-0.001468,1.151887,-2.729,1.614,-2.271,0.006829,-0.001468,1.151887,-2.729,1.614,-2.271
1761142472.043798,0,0.006844,-0.001418,1.151794,-2.485,1.663,-2.268,0.006844,-0.001418,1.151794,-2.485,1.663,-2.268
1761142472.123905,0,0.006832,-0.001448,1.151918,-2.657,1.598,-2.270,0.006832,-0.001448,1.151918,-2.657,1.598,-2.270
1761142472.195535,0,0.006838,-0.001462,1.151940,-2.723,1.561,-2.265,0.006838,-0.001462,1.151940,-2.723,1.561,-2.265
1761142472.265123,0,0.006832,-0.001420,1.151994,-2.480,1.601,-2.262,0.006832,-0.001420,1.151994,-2.480,1.601,-2.262
1761142472.340646,0,0.006845,-0.001438,1.151883,-2.591,1.636,-2.260,0.006845,-0.001438,1.151883,-2.591,1.636,-2.260
1761142472.418904,0,0.006837,-0.001451,1.151805,-2.670,1.619,-2.271,0.006837,-0.001451,1.151805,-2.670,1.619,-2.271
1761142472.493110,0,0.006829,-0.001479,1.151858,-2.825,1.589,-2.269,0.006829,-0.001479,1.151858,-2.825,1.589,-2.269
1761142472.573097,0,0.006826,-0.001444,1.151922,-2.548,1.635,-2.267,0.006826,-0.001444,1.151922,-2.548,1.635,-2.267
1761142472.654333,0,0.006822,-0.001463,1.151933,-2.736,1.643,-2.277,0.006822,-0.001463,1.151933,-2.736,1.643,-2.277
1761142472.734006,0,0.006829,-0.001450,1.151866,-2.649,1.668,-2.269,0.006829,-0.001450,1.151866,-2.649,1.668,-2.269
1761142472.812300,0,0.006834,-0.001457,1.151902,-2.694,1.644,-2.268,0.006834,-0.001457,1.151902,-2.694,1.644,-2.268
1761142472.884702,0,0.006825,-0.001440,1.151955,-2.606,1.697,-2.267,0.006825,-0.001440,1.151955,-2.606,1.697,-2.267
1761142472.955073,0,0.006862,-0.001472,1.151818,-2.780,1.498,-2.268,0.006862,-0.001472,1.151818,-2.780,1.498,-2.268
1761142473.035851,0,0.006839,-0.001457,1.151919,-2.690,1.630,-2.277,0.006839,-0.001457,1.151919,-2.690,1.630,-2.277
1761142473.112061,0,0.006829,-0.001444,1.151936,-2.577,1.661,-2.267,0.006829,-0.001444,1.151936,-2.577,1.661,-2.267
1761142473.193134,0,0.006828,-0.001447,1.151918,-2.644,1.688,-2.269,0.006828,-0.001447,1.151918,-2.644,1.688,-2.269
1761142473.277540,0,0.006818,-0.001458,1.151878,-2.692,1.686,-2.274,0.006818,-0.001458,1.151878,-2.692,1.686,-2.274
1761142473.351736,0,0.006846,-0.001434,1.151874,-2.558,1.574,-2.270,0.006846,-0.001434,1.151874,-2.558,1.574,-2.270
1761142473.428748,0,0.006835,-0.001411,1.151949,-2.455,1.673,-2.259,0.006835,-0.001411,1.151949,-2.455,1.673,-2.259
1761142473.504966,0,0.006844,-0.001440,1.151827,-2.621,1.596,-2.270,0.006844,-0.001440,1.151827,-2.621,1.596,-2.270
1761142473.591901,0,0.006842,-0.001462,1.151890,-2.744,1.540,-2.264,0.006842,-0.001462,1.151890,-2.744,1.540,-2.264
1761142473.673158,0,0.006845,-0.001430,1.152017,-2.549,1.580,-2.265,0.006845,-0.001430,1.152017,-2.549,1.580,-2.265
1761142473.748845,0,0.006828,-0.001453,1.151872,-2.673,1.644,-2.269,0.006828,-0.001453,1.151872,-2.673,1.644,-2.269
1761142473.831417,0,0.006842,-0.001446,1.151761,-2.621,1.659,-2.271,0.006842,-0.001446,1.151761,-2.621,1.659,-2.271
1761142473.913934,0,0.006836,-0.001451,1.151892,-2.601,1.596,-2.274,0.006836,-0.001451,1.151892,-2.601,1.596,-2.274
1761142473.987545,0,0.006834,-0.001459,1.151790,-2.721,1.685,-2.270,0.006834,-0.001459,1.151790,-2.721,1.685,-2.270
1761142474.066191,0,0.006849,-0.001458,1.151985,-2.712,1.545,-2.267,0.006849,-0.001458,1.151985,-2.712,1.545,-2.267
1761142474.142050,0,0.006841,-0.001429,1.151985,-2.548,1.591,-2.269,0.006841,-0.001429,1.151985,-2.548,1.591,-2.269
1761142474.209855,0,0.006821,-0.001438,1.151976,-2.603,1.681,-2.263,0.006821,-0.001438,1.151976,-2.603,1.681,-2.263
1761142474.284644,0,0.006855,-0.001437,1.151962,-2.607,1.560,-2.264,0.006855,-0.001437,1.151962,-2.607,1.560,-2.264
1761142474.356224,0,0.006850,-0.001449,1.152001,-2.675,1.500,-2.270,0.006850,-0.001449,1.152001,-2.675,1.500,-2.270
1761142474.426837,0,0.006838,-0.001446,1.151909,-2.672,1.709,-2.276,0.006838,-0.001446,1.151909,-2.672,1.709,-2.276
1761142474.492923,0,0.006833,-0.001459,1.151805,-2.722,1.615,-2.267,0.006833,-0.001459,1.151805,-2.722,1.615,-2.267
1761142474.557950,0,0.006843,-0.001417,1.152002,-2.406,1.631,-2.266,0.006843,-0.001417,1.152002,-2.406,1.631,-2.266
1761142474.622655,0,0.006838,-0.001407,1.151962,-2.417,1.634,-2.261,0.006838,-0.001407,1.151962,-2.417,1.634,-2.261
1761142474.691821,0,0.006830,-0.001455,1.151940,-2.727,1.565,-2.274,0.006830,-0.001455,1.151940,-2.727,1.565,-2.274
1761142474.755728,0,0.006845,-0.001448,1.151962,-2.568,1.581,-2.264,0.006845,-0.001448,1.151962,-2.568,1.581,-2.264
1761142474.827148,0,0.006838,-0.001421,1.151977,-2.486,1.650,-2.266,0.006838,-0.001421,1.151977,-2.486,1.650,-2.266
1761142474.894867,0,0.006853,-0.001441,1.151853,-2.623,1.646,-2.270,0.006853,-0.001441,1.151853,-2.623,1.646,-2.270
1761142474.964926,0,0.006837,-0.001417,1.152013,-2.486,1.624,-2.263,0.006837,-0.001417,1.152013,-2.486,1.624,-2.263
1761142475.028473,0,0.006835,-0.001447,1.151940,-2.647,1.623,-2.276,0.006835,-0.001447,1.151940,-2.647,1.623,-2.276
1761142475.096397,0,0.006837,-0.001446,1.151860,-2.699,1.632,-2.276,0.006837,-0.001446,1.151860,-2.699,1.632,-2.276
1761142475.168933,0,0.006823,-0.001419,1.151916,-2.520,1.756,-2.276,0.006823,-0.001419,1.151916,-2.520,1.756,-2.276
1761142475.239362,0,0.006847,-0.001425,1.151917,-2.486,1.660,-2.254,0.006847,-0.001425,1.151917,-2.486,1.660,-2.254
1761142475.312771,0,0.006832,-0.001449,1.151897,-2.696,1.642,-2.276,0.006832,-0.001449,1.151897,-2.696,1.642,-2.276
1761142475.383519,0,0.006835,-0.001461,1.151915,-2.771,1.614,-2.268,0.006835,-0.001461,1.151915,-2.771,1.614,-2.268
1761142475.445538,0,0.006842,-0.001432,1.151999,-2.595,1.584,-2.275,0.006842,-0.001432,1.151999,-2.595,1.584,-2.275
1761142475.515393,0,0.006850,-0.001431,1.151942,-2.544,1.614,-2.266,0.006850,-0.001431,1.151942,-2.544,1.614,-2.266
1761142475.589869,0,0.006854,-0.001443,1.151823,-2.610,1.573,-2.266,0.006854,-0.001443,1.151823,-2.610,1.573,-2.266
1761142475.662195,0,0.006844,-0.001446,1.151869,-2.637,1.603,-2.274,0.006844,-0.001446,1.151869,-2.637,1.603,-2.274
1761142475.738120,0,0.006843,-0.001439,1.151819,-2.612,1.622,-2.263,0.006843,-0.001439,1.151819,-2.612,1.622,-2.263
1761142475.812646,0,0.006842,-0.001470,1.151851,-2.749,1.651,-2.267,0.006842,-0.001470,1.151851,-2.749,1.651,-2.267
1761142475.889529,0,0.006838,-0.001439,1.151946,-2.569,1.588,-2.266,0.006838,-0.001439,1.151946,-2.569,1.588,-2.266
1761142475.968836,0,0.006847,-0.001471,1.151844,-2.804,1.527,-2.269,0.006847,-0.001471,1.151844,-2.804,1.527,-2.269
1761142476.043693,0,0.006856,-0.001446,1.151888,-2.569,1.576,-2.259,0.006856,-0.001446,1.151888,-2.569,1.576,-2.259
1761142476.119207,0,0.006832,-0.001441,1.151897,-2.626,1.659,-2.273,0.006832,-0.001441,1.151897,-2.626,1.659,-2.273
1761142476.198876,0,0.006850,-0.001457,1.151862,-2.706,1.564,-2.273,0.006850,-0.001457,1.151862,-2.706,1.564,-2.273
1761142476.287580,0,0.006842,-0.001454,1.151859,-2.684,1.580,-2.265,0.006842,-0.001454,1.151859,-2.684,1.580,-2.265
1761142476.356658,0,0.006823,-0.001455,1.151910,-2.661,1.693,-2.267,0.006823,-0.001455,1.151910,-2.661,1.693,-2.267
1761142476.425570,0,0.006826,-0.001447,1.151836,-2.662,1.666,-2.278,0.006826,-0.001447,1.151836,-2.662,1.666,-2.278
1761142476.492165,0,0.006854,-0.001418,1.151896,-2.407,1.623,-2.255,0.006854,-0.001418,1.151896,-2.407,1.623,-2.255
1761142476.576615,0,0.006836,-0.001449,1.151914,-2.682,1.596,-2.271,0.006836,-0.001449,1.151914,-2.682,1.596,-2.271
1761142476.644771,0,0.006848,-0.001416,1.151903,-2.443,1.659,-2.262,0.006848,-0.001416,1.151903,-2.443,1.659,-2.262
1761142476.717696,0,0.006832,-0.001434,1.151902,-2.590,1.665,-2.267,0.006832,-0.001434,1.151902,-2.590,1.665,-2.267
1761142476.796225,0,0.006838,-0.001455,1.151848,-2.783,1.586,-2.275,0.006838,-0.001455,1.151848,-2.783,1.586,-2.275
1761142476.872038,0,0.006835,-0.001459,1.151916,-2.685,1.628,-2.276,0.006835,-0.001459,1.151916,-2.685,1.628,-2.276
1761142476.945608,0,0.006827,-0.001461,1.151788,-2.726,1.691,-2.271,0.006827,-0.001461,1.151788,-2.726,1.691,-2.271
1761142477.020552,0,0.006836,-0.001439,1.151913,-2.584,1.658,-2.266,0.006836,-0.001439,1.151913,-2.584,1.658,-2.266
1761142477.088045,0,0.006844,-0.001430,1.151909,-2.559,1.549,-2.268,0.006844,-0.001430,1.151909,-2.559,1.549,-2.268
1761142477.155843,0,0.006839,-0.001438,1.151876,-2.597,1.613,-2.261,0.006839,-0.001438,1.151876,-2.597,1.613,-2.261
1761142477.229944,0,0.006824,-0.001453,1.151840,-2.648,1.682,-2.265,0.006824,-0.001453,1.151840,-2.648,1.682,-2.265
1761142477.305143,0,0.006819,-0.001456,1.151892,-2.705,1.695,-2.269,0.006819,-0.001456,1.151892,-2.705,1.695,-2.269
1761142477.384391,0,0.006832,-0.001454,1.151850,-2.627,1.685,-2.270,0.006832,-0.001454,1.151850,-2.627,1.685,-2.270
1761142477.453597,0,0.006842,-0.001449,1.151971,-2.687,1.620,-2.277,0.006842,-0.001449,1.151971,-2.687,1.620,-2.277
1761142477.528073,0,0.006835,-0.001446,1.151808,-2.634,1.717,-2.263,0.006835,-0.001446,1.151808,-2.634,1.717,-2.263
1761142477.608259,0,0.006844,-0.001445,1.151894,-2.619,1.652,-2.267,0.006844,-0.001445,1.151894,-2.619,1.652,-2.267
1761142477.676008,0,0.006854,-0.001450,1.151930,-2.655,1.538,-2.271,0.006854,-0.001450,1.151930,-2.655,1.538,-2.271
1761142477.746625,0,0.006836,-0.001440,1.151843,-2.567,1.692,-2.261,0.006836,-0.001440,1.151843,-2.567,1.692,-2.261
1761142477.825468,0,0.006862,-0.001442,1.151869,-2.653,1.590,-2.273,0.006862,-0.001442,1.151869,-2.653,1.590,-2.273
1761142477.895316,0,0.006881,-0.001420,1.151976,-2.406,1.518,-2.260,0.006881,-0.001420,1.151976,-2.406,1.518,-2.260
1761142477.965371,0,0.006868,-0.001410,1.151984,-2.383,1.580,-2.258,0.006868,-0.001410,1.151984,-2.383,1.580,-2.258
1761142478.039343,0,0.006857,-0.001415,1.152017,-2.438,1.617,-2.261,0.006857,-0.001415,1.152017,-2.438,1.617,-2.261
1761142478.111620,0,0.006878,-0.001446,1.151859,-2.698,1.538,-2.269,0.006878,-0.001446,1.151859,-2.698,1.538,-2.269
1761142478.188671,0,0.006865,-0.001445,1.151924,-2.590,1.625,-2.268,0.006865,-0.001445,1.151924,-2.590,1.625,-2.268
1761142478.265261,0,0.006853,-0.001444,1.151783,-2.607,1.721,-2.263,0.006853,-0.001444,1.151783,-2.607,1.721,-2.263
1761142478.338998,0,0.006877,-0.001416,1.151856,-2.468,1.640,-2.264,0.006877,-0.001416,1.151856,-2.468,1.640,-2.264
1761142478.414523,0,0.006888,-0.001463,1.151796,-2.691,1.582,-2.272,0.006888,-0.001463,1.151796,-2.691,1.582,-2.272
1761142478.490086,0,0.006857,-0.001479,1.151827,-2.800,1.676,-2.280,0.006857,-0.001479,1.151827,-2.800,1.676,-2.280
1761142478.563272,0,0.006878,-0.001447,1.151834,-2.651,1.644,-2.270,0.006878,-0.001447,1.151834,-2.651,1.644,-2.270
1761142478.643377,0,0.006858,-0.001426,1.151933,-2.502,1.726,-2.261,0.006858,-0.001426,1.151933,-2.502,1.726,-2.261
1761142478.722389,0,0.006840,-0.001446,1.151942,-2.617,1.741,-2.268,0.006840,-0.001446,1.151942,-2.617,1.741,-2.268
1761142478.800131,0,0.006874,-0.001416,1.151953,-2.435,1.616,-2.264,0.006874,-0.001416,1.151953,-2.435,1.616,-2.264
1761142478.879351,0,0.006865,-0.001423,1.151856,-2.485,1.705,-2.264,0.006865,-0.001423,1.151856,-2.485,1.705,-2.264
1761142478.950984,0,0.006860,-0.001445,1.151938,-2.637,1.633,-2.261,0.006860,-0.001445,1.151938,-2.637,1.633,-2.261
1761142479.028279,0,0.006874,-0.001439,1.151998,-2.662,1.556,-2.270,0.006874,-0.001439,1.151998,-2.662,1.556,-2.270
1761142479.102924,0,0.006860,-0.001437,1.151923,-2.588,1.687,-2.264,0.006860,-0.001437,1.151923,-2.588,1.687,-2.264
1761142479.186667,0,0.006860,-0.001443,1.151966,-2.652,1.692,-2.257,0.006860,-0.001443,1.151966,-2.652,1.692,-2.257
1761142479.273230,0,0.006851,-0.001465,1.151931,-2.770,1.662,-2.275,0.006851,-0.001465,1.151931,-2.770,1.662,-2.275
1761142479.354431,0,0.006881,-0.001425,1.151956,-2.493,1.575,-2.262,0.006881,-0.001425,1.151956,-2.493,1.575,-2.262
1761142479.431688,0,0.006869,-0.001436,1.151900,-2.613,1.655,-2.273,0.006869,-0.001436,1.151900,-2.613,1.655,-2.273
1761142479.514025,0,0.006846,-0.001440,1.151930,-2.677,1.704,-2.267,0.006846,-0.001440,1.151930,-2.677,1.704,-2.267
1761142479.591951,0,0.006869,-0.001459,1.151797,-2.735,1.647,-2.277,0.006869,-0.001459,1.151797,-2.735,1.647,-2.277
1761142479.673917,0,0.006858,-0.001426,1.151965,-2.573,1.636,-2.269,0.006858,-0.001426,1.151965,-2.573,1.636,-2.269
1761142479.748971,0,0.006881,-0.001431,1.151841,-2.597,1.689,-2.265,0.006881,-0.001431,1.151841,-2.597,1.689,-2.265
1761142479.828359,0,0.006848,-0.001466,1.151767,-2.751,1.681,-2.281,0.006848,-0.001466,1.151767,-2.751,1.681,-2.281
1761142479.913443,0,0.006879,-0.001470,1.151738,-2.841,1.614,-2.276,0.006879,-0.001470,1.151738,-2.841,1.614,-2.276
1761142479.987242,0,0.006844,-0.001453,1.151979,-2.724,1.566,-2.267,0.006844,-0.001453,1.151979,-2.724,1.566,-2.267
1761142480.066988,0,0.006879,-0.001443,1.151752,-2.627,1.665,-2.273,0.006879,-0.001443,1.151752,-2.627,1.665,-2.273
1761142480.139549,0,0.006875,-0.001426,1.151813,-2.605,1.570,-2.276,0.006875,-0.001426,1.151813,-2.605,1.570,-2.276
1761142480.207600,0,0.006884,-0.001421,1.151932,-2.515,1.579,-2.258,0.006884,-0.001421,1.151932,-2.515,1.579,-2.258
1761142480.278657,0,0.006839,-0.001432,1.151859,-2.618,1.676,-2.265,0.006839,-0.001432,1.151859,-2.618,1.676,-2.265
1761142480.358736,0,0.006843,-0.001426,1.151947,-2.528,1.664,-2.274,0.006843,-0.001426,1.151947,-2.528,1.664,-2.274
1761142480.432783,0,0.006851,-0.001420,1.151921,-2.542,1.642,-2.267,0.006851,-0.001420,1.151921,-2.542,1.642,-2.267
1761142480.504380,0,0.006818,-0.001449,1.151906,-2.669,1.695,-2.273,0.006818,-0.001449,1.151906,-2.669,1.695,-2.273
1761142480.573145,0,0.006837,-0.001395,1.152027,-2.335,1.671,-2.255,0.006837,-0.001395,1.152027,-2.335,1.671,-2.255
1761142480.643136,0,0.006840,-0.001425,1.151867,-2.507,1.650,-2.263,0.006840,-0.001425,1.151867,-2.507,1.650,-2.263
1761142480.713714,0,0.006852,-0.001420,1.151938,-2.538,1.630,-2.259,0.006852,-0.001420,1.151938,-2.538,1.630,-2.259
1761142480.785848,0,0.006853,-0.001416,1.151921,-2.526,1.588,-2.267,0.006853,-0.001416,1.151921,-2.526,1.588,-2.267
1761142480.862099,0,0.006861,-0.001455,1.151907,-2.715,1.543,-2.272,0.006861,-0.001455,1.151907,-2.715,1.543,-2.272
1761142480.938377,0,0.006835,-0.001439,1.151945,-2.592,1.686,-2.264,0.006835,-0.001439,1.151945,-2.592,1.686,-2.264
1761142481.009308,0,0.006850,-0.001440,1.151914,-2.565,1.614,-2.264,0.006850,-0.001440,1.151914,-2.565,1.614,-2.264
1761142481.086102,0,0.006872,-0.001404,1.151976,-2.450,1.562,-2.263,0.006872,-0.001404,1.151976,-2.450,1.562,-2.263
1761142481.169842,0,0.006844,-0.001433,1.151905,-2.603,1.641,-2.271,0.006844,-0.001433,1.151905,-2.603,1.641,-2.271
1761142481.243399,0,0.006848,-0.001456,1.151883,-2.684,1.637,-2.279,0.006848,-0.001456,1.151883,-2.684,1.637,-2.279
1761142481.315385,0,0.006845,-0.001462,1.151834,-2.727,1.675,-2.275,0.006845,-0.001462,1.151834,-2.727,1.675,-2.275
1761142481.393229,0,0.006839,-0.001449,1.151929,-2.672,1.668,-2.264,0.006839,-0.001449,1.151929,-2.672,1.668,-2.264
1761142481.459427,0,0.006863,-0.001432,1.151898,-2.568,1.578,-2.266,0.006863,-0.001432,1.151898,-2.568,1.578,-2.266
1761142481.538602,0,0.006853,-0.001440,1.151842,-2.623,1.641,-2.266,0.006853,-0.001440,1.151842,-2.623,1.641,-2.266
1761142481.626202,0,0.006851,-0.001450,1.151917,-2.636,1.585,-2.270,0.006851,-0.001450,1.151917,-2.636,1.585,-2.270
1761142481.703854,0,0.006841,-0.001428,1.151949,-2.575,1.691,-2.272,0.006841,-0.001428,1.151949,-2.575,1.691,-2.272
1761142481.776905,0,0.006849,-0.001450,1.151750,-2.663,1.683,-2.271,0.006849,-0.001450,1.151750,-2.663,1.683,-2.271
1761142481.851347,0,0.006845,-0.001438,1.151959,-2.608,1.633,-2.272,0.006845,-0.001438,1.151959,-2.608,1.633,-2.272
1761142481.918815,0,0.006839,-0.001446,1.151867,-2.624,1.741,-2.276,0.006839,-0.001446,1.151867,-2.624,1.741,-2.276
1761142481.984406,0,0.006837,-0.001432,1.151956,-2.561,1.696,-2.277,0.006837,-0.001432,1.151956,-2.561,1.696,-2.277
1761142482.054974,0,0.006839,-0.001448,1.151921,-2.658,1.649,-2.276,0.006839,-0.001448,1.151921,-2.658,1.649,-2.276
1761142482.128449,0,0.006828,-0.001454,1.151856,-2.656,1.682,-2.279,0.006828,-0.001454,1.151856,-2.656,1.682,-2.279
1761142482.204880,0,0.006853,-0.001447,1.151956,-2.692,1.603,-2.277,0.006853,-0.001447,1.151956,-2.692,1.603,-2.277
1761142482.275481,0,0.006832,-0.001442,1.151979,-2.649,1.624,-2.269,0.006832,-0.001442,1.151979,-2.649,1.624,-2.269
1761142482.342019,0,0.006852,-0.001454,1.151946,-2.735,1.564,-2.276,0.006852,-0.001454,1.151946,-2.735,1.564,-2.276
1761142482.419152,0,0.006861,-0.001434,1.151893,-2.623,1.625,-2.267,0.006861,-0.001434,1.151893,-2.623,1.625,-2.267
1761142482.486781,0,0.006847,-0.001439,1.151907,-2.645,1.628,-2.274,0.006847,-0.001439,1.151907,-2.645,1.628,-2.274
1761142482.563138,0,0.006855,-0.001457,1.151960,-2.703,1.576,-2.261,0.006855,-0.001457,1.151960,-2.703,1.576,-2.261
1761142482.632511,0,0.006845,-0.001426,1.152004,-2.563,1.640,-2.274,0.006845,-0.001426,1.152004,-2.563,1.640,-2.274
1761142482.701571,0,0.006853,-0.001400,1.151901,-2.386,1.638,-2.263,0.006853,-0.001400,1.151901,-2.386,1.638,-2.263
1761142482.770400,0,0.006843,-0.001444,1.151779,-2.663,1.653,-2.273,0.006843,-0.001444,1.151779,-2.663,1.653,-2.273
1761142482.847120,0,0.006859,-0.001436,1.151920,-2.561,1.606,-2.267,0.006859,-0.001436,1.151920,-2.561,1.606,-2.267
1761142482.927658,0,0.006864,-0.001482,1.151827,-2.837,1.515,-2.279,0.006864,-0.001482,1.151827,-2.837,1.515,-2.279
1761142483.015303,0,0.006853,-0.001434,1.151839,-2.644,1.607,-2.269,0.006853,-0.001434,1.151839,-2.644,1.607,-2.269
1761142483.101355,0,0.006837,-0.001427,1.151884,-2.560,1.690,-2.271,0.006837,-0.001427,1.151884,-2.560,1.690,-2.271
1761142483.177474,0,0.006842,-0.001440,1.151861,-2.642,1.664,-2.271,0.006842,-0.001440,1.151861,-2.642,1.664,-2.271
1761142483.253531,0,0.006836,-0.001436,1.151903,-2.645,1.669,-2.276,0.006836,-0.001436,1.151903,-2.645,1.669,-2.276
1761142483.331031,0,0.006859,-0.001409,1.151894,-2.426,1.632,-2.266,0.006859,-0.001409,1.151894,-2.426,1.632,-2.266
1761142483.403847,0,0.006865,-0.001433,1.151889,-2.605,1.568,-2.264,0.006865,-0.001433,1.151889,-2.605,1.568,-2.264
1761142483.479220,0,0.006840,-0.001427,1.151912,-2.606,1.620,-2.267,0.006840,-0.001427,1.151912,-2.606,1.620,-2.267
1761142483.555272,0,0.006839,-0.001426,1.151847,-2.617,1.660,-2.270,0.006839,-0.001426,1.151847,-2.617,1.660,-2.270
1761142483.632569,0,0.006848,-0.001433,1.151817,-2.603,1.598,-2.264,0.006848,-0.001433,1.151817,-2.603,1.598,-2.264
1761142483.715317,0,0.006860,-0.001418,1.151864,-2.492,1.611,-2.255,0.006860,-0.001418,1.151864,-2.492,1.611,-2.255
1761142483.795239,0,0.006842,-0.001420,1.151946,-2.518,1.667,-2.265,0.006842,-0.001420,1.151946,-2.518,1.667,-2.265
1761142483.872980,0,0.006844,-0.001433,1.151876,-2.643,1.604,-2.275,0.006844,-0.001433,1.151876,-2.643,1.604,-2.275
1761142483.946917,0,0.006861,-0.001435,1.151830,-2.614,1.612,-2.270,0.006861,-0.001435,1.151830,-2.614,1.612,-2.270
1761142484.020805,0,0.006848,-0.001442,1.151833,-2.679,1.604,-2.268,0.006848,-0.001442,1.151833,-2.679,1.604,-2.268
1761142484.098008,0,0.006870,-0.001405,1.151771,-2.456,1.620,-2.258,0.006870,-0.001405,1.151771,-2.456,1.620,-2.258
1761142484.170563,0,0.006859,-0.001442,1.151794,-2.694,1.624,-2.270,0.006859,-0.001442,1.151794,-2.694,1.624,-2.270
1761142484.240906,0,0.006854,-0.001411,1.151895,-2.468,1.633,-2.272,0.006854,-0.001411,1.151895,-2.468,1.633,-2.272
1761142484.313620,0,0.006864,-0.001406,1.151919,-2.503,1.600,-2.267,0.006864,-0.001406,1.151919,-2.503,1.600,-2.267
1761142484.381647,0,0.006855,-0.001411,1.151929,-2.522,1.669,-2.270,0.006855,-0.001411,1.151929,-2.522,1.669,-2.270
1761142484.447190,0,0.006835,-0.001438,1.151864,-2.673,1.653,-2.261,0.006835,-0.001438,1.151864,-2.673,1.653,-2.261
1761142484.515547,0,0.006852,-0.001426,1.151882,-2.580,1.683,-2.274,0.006852,-0.001426,1.151882,-2.580,1.683,-2.274
1761142484.590368,0,0.006845,-0.001448,1.151785,-2.723,1.679,-2.272,0.006845,-0.001448,1.151785,-2.723,1.679,-2.272
1761142484.661189,0,0.006854,-0.001421,1.151916,-2.507,1.589,-2.271,0.006854,-0.001421,1.151916,-2.507,1.589,-2.271
1761142484.742426,0,0.006825,-0.001416,1.151759,-2.548,1.784,-2.270,0.006825,-0.001416,1.151759,-2.548,1.784,-2.270
1761142484.819694,0,0.006838,-0.001431,1.151826,-2.663,1.668,-2.270,0.006838,-0.001431,1.151826,-2.663,1.668,-2.270
1761142484.893312,0,0.006840,-0.001406,1.151878,-2.431,1.689,-2.256,0.006840,-0.001406,1.151878,-2.431,1.689,-2.256
1761142484.972690,0,0.006845,-0.001423,1.151911,-2.587,1.624,-2.268,0.006845,-0.001423,1.151911,-2.587,1.624,-2.268
1761142485.050432,0,0.006857,-0.001418,1.151907,-2.549,1.585,-2.269,0.006857,-0.001418,1.151907,-2.549,1.585,-2.269
1761142485.132793,0,0.006861,-0.001432,1.151644,-2.604,1.618,-2.267,0.006861,-0.001432,1.151644,-2.604,1.618,-2.267
1761142485.208704,0,0.006837,-0.001434,1.151838,-2.606,1.668,-2.263,0.006837,-0.001434,1.151838,-2.606,1.668,-2.263
1761142485.285766,0,0.006846,-0.001445,1.151820,-2.686,1.626,-2.274,0.006846,-0.001445,1.151820,-2.686,1.626,-2.274
1761142485.364945,0,0.006838,-0.001428,1.151851,-2.602,1.648,-2.263,0.006838,-0.001428,1.151851,-2.602,1.648,-2.263
1761142485.442017,0,0.006857,-0.001430,1.151923,-2.576,1.599,-2.274,0.006857,-0.001430,1.151923,-2.576,1.599,-2.274
1761142485.514696,0,0.006856,-0.001418,1.151851,-2.523,1.624,-2.266,0.006856,-0.001418,1.151851,-2.523,1.624,-2.266
1761142485.592861,0,0.006851,-0.001421,1.151868,-2.561,1.671,-2.269,0.006851,-0.001421,1.151868,-2.561,1.671,-2.269
1761142485.673690,0,0.006828,-0.001410,1.151723,-2.504,1.654,-2.261,0.006828,-0.001410,1.151723,-2.504,1.654,-2.261
1761142485.756916,0,0.006834,-0.001421,1.151810,-2.576,1.677,-2.262,0.006834,-0.001421,1.151810,-2.576,1.677,-2.262
1761142485.831264,0,0.006840,-0.001435,1.151767,-2.672,1.685,-2.268,0.006840,-0.001435,1.151767,-2.672,1.685,-2.268
1761142485.897067,0,0.006856,-0.001450,1.151826,-2.765,1.577,-2.273,0.006856,-0.001450,1.151826,-2.765,1.577,-2.273
1761142485.982339,0,0.006874,-0.001436,1.151937,-2.603,1.555,-2.256,0.006874,-0.001436,1.151937,-2.603,1.555,-2.256
1761142486.063305,0,0.006876,-0.001432,1.151848,-2.621,1.688,-2.270,0.006876,-0.001432,1.151848,-2.621,1.688,-2.270
1761142486.139460,0,0.006865,-0.001445,1.151797,-2.730,1.671,-2.278,0.006865,-0.001445,1.151797,-2.730,1.671,-2.278
1761142486.229908,0,0.006882,-0.001436,1.151897,-2.629,1.619,-2.263,0.006882,-0.001436,1.151897,-2.629,1.619,-2.263
1761142486.308058,0,0.006870,-0.001437,1.151821,-2.708,1.625,-2.263,0.006870,-0.001437,1.151821,-2.708,1.625,-2.263
1761142486.385811,0,0.006860,-0.001425,1.151915,-2.564,1.692,-2.263,0.006860,-0.001425,1.151915,-2.564,1.692,-2.263
1761142486.460064,0,0.006876,-0.001411,1.151864,-2.558,1.660,-2.267,0.006876,-0.001411,1.151864,-2.558,1.660,-2.267
1761142486.535542,0,0.006873,-0.001448,1.151892,-2.763,1.583,-2.273,0.006873,-0.001448,1.151892,-2.763,1.583,-2.273
1761142486.611190,0,0.006890,-0.001435,1.151853,-2.695,1.508,-2.268,0.006890,-0.001435,1.151853,-2.695,1.508,-2.268
1761142486.682249,0,0.006895,-0.001432,1.151951,-2.607,1.544,-2.265,0.006895,-0.001432,1.151951,-2.607,1.544,-2.265
1761142486.757457,0,0.006870,-0.001421,1.151915,-2.560,1.609,-2.258,0.006870,-0.001421,1.151915,-2.560,1.609,-2.258
1761142486.838530,0,0.006868,-0.001430,1.151962,-2.569,1.624,-2.266,0.006868,-0.001430,1.151962,-2.569,1.624,-2.266
1761142486.911096,0,0.006871,-0.001421,1.151936,-2.560,1.629,-2.262,0.006871,-0.001421,1.151936,-2.560,1.629,-2.262
1761142486.997327,0,0.006848,-0.001422,1.151898,-2.537,1.715,-2.266,0.006848,-0.001422,1.151898,-2.537,1.715,-2.266
1761142487.072869,0,0.006863,-0.001423,1.151929,-2.560,1.641,-2.267,0.006863,-0.001423,1.151929,-2.560,1.641,-2.267
1761142487.140509,0,0.006871,-0.001441,1.151869,-2.688,1.568,-2.265,0.006871,-0.001441,1.151869,-2.688,1.568,-2.265
1761142487.212058,0,0.006853,-0.001454,1.151751,-2.733,1.699,-2.263,0.006853,-0.001454,1.151751,-2.733,1.699,-2.263
1761142487.286707,0,0.006872,-0.001449,1.151913,-2.724,1.560,-2.263,0.006872,-0.001449,1.151913,-2.724,1.560,-2.263
1761142487.360927,0,0.006873,-0.001433,1.151851,-2.588,1.617,-2.262,0.006873,-0.001433,1.151851,-2.588,1.617,-2.262
1761142487.438000,0,0.006891,-0.001426,1.152001,-2.538,1.486,-2.254,0.006891,-0.001426,1.152001,-2.538,1.486,-2.254
1761142487.510560,0,0.006887,-0.001412,1.151928,-2.473,1.634,-2.256,0.006887,-0.001412,1.151928,-2.473,1.634,-2.256
1761142487.576608,0,0.006865,-0.001417,1.151985,-2.521,1.578,-2.262,0.006865,-0.001417,1.151985,-2.521,1.578,-2.262
1761142487.637776,0,0.006885,-0.001427,1.151890,-2.561,1.577,-2.264,0.006885,-0.001427,1.151890,-2.561,1.577,-2.264
1761142487.707813,0,0.006875,-0.001432,1.151796,-2.616,1.665,-2.270,0.006875,-0.001432,1.151796,-2.616,1.665,-2.270
1761142487.770634,0,0.006865,-0.001428,1.151805,-2.678,1.666,-2.268,0.006865,-0.001428,1.151805,-2.678,1.666,-2.268
1761142487.844263,0,0.006876,-0.001426,1.151829,-2.623,1.623,-2.265,0.006876,-0.001426,1.151829,-2.623,1.623,-2.265
1761142487.914288,0,0.006889,-0.001437,1.151898,-2.658,1.504,-2.272,0.006889,-0.001437,1.151898,-2.658,1.504,-2.272
1761142487.987372,0,0.006859,-0.001441,1.151807,-2.677,1.673,-2.274,0.006859,-0.001441,1.151807,-2.677,1.673,-2.274
1761142488.058918,0,0.006861,-0.001434,1.151795,-2.614,1.704,-2.269,0.006861,-0.001434,1.151795,-2.614,1.704,-2.269
1761142488.123705,0,0.006874,-0.001435,1.151925,-2.594,1.606,-2.268,0.006874,-0.001435,1.151925,-2.594,1.606,-2.268
1761142488.190033,0,0.006869,-0.001410,1.151939,-2.483,1.617,-2.268,0.006869,-0.001410,1.151939,-2.483,1.617,-2.268
1761142488.264085,0,0.006860,-0.001444,1.151856,-2.710,1.634,-2.269,0.006860,-0.001444,1.151856,-2.710,1.634,-2.269
1761142488.332123,0,0.006871,-0.001422,1.151881,-2.569,1.691,-2.267,0.006871,-0.001422,1.151881,-2.569,1.691,-2.267
1761142488.398659,0,0.006872,-0.001405,1.151927,-2.490,1.691,-2.264,0.006872,-0.001405,1.151927,-2.490,1.691,-2.264
1761142488.466701,0,0.006878,-0.001439,1.151852,-2.654,1.609,-2.274,0.006878,-0.001439,1.151852,-2.654,1.609,-2.274
1761142488.532758,0,0.006881,-0.001410,1.151916,-2.512,1.579,-2.256,0.006881,-0.001410,1.151916,-2.512,1.579,-2.256
1761142488.599146,0,0.006869,-0.001421,1.151809,-2.618,1.701,-2.263,0.006869,-0.001421,1.151809,-2.618,1.701,-2.263
1761142488.667751,0,0.006885,-0.001415,1.151926,-2.496,1.573,-2.264,0.006885,-0.001415,1.151926,-2.496,1.573,-2.264
1761142488.735785,0,0.006866,-0.001422,1.151903,-2.593,1.664,-2.263,0.006866,-0.001422,1.151903,-2.593,1.664,-2.263
1761142488.800818,0,0.006882,-0.001431,1.151924,-2.546,1.613,-2.269,0.006882,-0.001431,1.151924,-2.546,1.613,-2.269
1761142488.870384,0,0.006874,-0.001435,1.151926,-2.641,1.610,-2.272,0.006874,-0.001435,1.151926,-2.641,1.610,-2.272
1761142488.940031,0,0.006874,-0.001435,1.151813,-2.635,1.630,-2.269,0.006874,-0.001435,1.151813,-2.635,1.630,-2.269
1761142489.021130,0,0.006871,-0.001414,1.151930,-2.489,1.612,-2.266,0.006871,-0.001414,1.151930,-2.489,1.612,-2.266
1761142489.104504,0,0.006866,-0.001432,1.151924,-2.654,1.669,-2.262,0.006866,-0.001432,1.151924,-2.654,1.669,-2.262
1761142489.182057,0,0.006884,-0.001428,1.151886,-2.633,1.533,-2.267,0.006884,-0.001428,1.151886,-2.633,1.533,-2.267
1761142489.259484,0,0.006883,-0.001414,1.151922,-2.514,1.600,-2.261,0.006883,-0.001414,1.151922,-2.514,1.600,-2.261
1761142489.338836,0,0.006884,-0.001431,1.151851,-2.582,1.588,-2.263,0.006884,-0.001431,1.151851,-2.582,1.588,-2.263
1761142489.416393,0,0.006853,-0.001407,1.151897,-2.465,1.773,-2.264,0.006853,-0.001407,1.151897,-2.465,1.773,-2.264
1761142489.496556,0,0.006887,-0.001398,1.151927,-2.444,1.590,-2.255,0.006887,-0.001398,1.151927,-2.444,1.590,-2.255
1761142489.578424,0,0.006897,-0.001428,1.151856,-2.575,1.533,-2.259,0.006897,-0.001428,1.151856,-2.575,1.533,-2.259
1761142489.651959,0,0.006886,-0.001440,1.151752,-2.720,1.637,-2.274,0.006886,-0.001440,1.151752,-2.720,1.637,-2.274
1761142489.736248,0,0.006866,-0.001445,1.151812,-2.753,1.622,-2.272,0.006866,-0.001445,1.151812,-2.753,1.622,-2.272
1761142489.817077,0,0.006885,-0.001421,1.151937,-2.580,1.587,-2.266,0.006885,-0.001421,1.151937,-2.580,1.587,-2.266
1761142489.896078,0,0.006882,-0.001442,1.151882,-2.725,1.513,-2.270,0.006882,-0.001442,1.151882,-2.725,1.513,-2.270
1761142489.977501,0,0.006867,-0.001441,1.151880,-2.671,1.612,-2.272,0.006867,-0.001441,1.151880,-2.671,1.612,-2.272
1761142490.050059,0,0.006891,-0.001413,1.151834,-2.545,1.605,-2.260,0.006891,-0.001413,1.151834,-2.545,1.605,-2.260
1761142490.120588,0,0.006881,-0.001413,1.151894,-2.564,1.566,-2.269,0.006881,-0.001413,1.151894,-2.564,1.566,-2.269
1761142490.194852,0,0.006878,-0.001434,1.151936,-2.622,1.633,-2.269,0.006878,-0.001434,1.151936,-2.622,1.633,-2.269
1761142490.267498,0,0.006878,-0.001427,1.151832,-2.667,1.670,-2.268,0.006878,-0.001427,1.151832,-2.667,1.670,-2.268
1761142490.361390,0,0.006872,-0.001435,1.151806,-2.761,1.652,-2.275,0.006872,-0.001435,1.151806,-2.761,1.652,-2.275
1761142490.442747,0,0.006894,-0.001430,1.151865,-2.634,1.517,-2.263,0.006894,-0.001430,1.151865,-2.634,1.517,-2.263
1761142490.521540,0,0.006889,-0.001432,1.151946,-2.715,1.514,-2.272,0.006889,-0.001432,1.151946,-2.715,1.514,-2.272
1761142490.610867,0,0.006900,-0.001429,1.151786,-2.659,1.540,-2.268,0.006900,-0.001429,1.151786,-2.659,1.540,-2.268
1761142490.691097,0,0.006876,-0.001432,1.151931,-2.683,1.572,-2.272,0.006876,-0.001432,1.151931,-2.683,1.572,-2.272
1761142490.777171,0,0.006854,-0.001400,1.151931,-2.459,1.765,-2.257,0.006854,-0.001400,1.151931,-2.459,1.765,-2.257
1761142490.850701,0,0.006879,-0.001412,1.151926,-2.497,1.646,-2.253,0.006879,-0.001412,1.151926,-2.497,1.646,-2.253
1761142490.925430,0,0.006884,-0.001414,1.152040,-2.529,1.557,-2.263,0.006884,-0.001414,1.152040,-2.529,1.557,-2.263
1761142491.009974,0,0.006914,-0.001419,1.151910,-2.586,1.424,-2.266,0.006914,-0.001419,1.151910,-2.586,1.424,-2.266
1761142491.093132,0,0.006868,-0.001438,1.151830,-2.718,1.662,-2.276,0.006868,-0.001438,1.151830,-2.718,1.662,-2.276
1761142491.170157,0,0.006893,-0.001429,1.151875,-2.631,1.614,-2.272,0.006893,-0.001429,1.151875,-2.631,1.614,-2.272
1761142491.250265,0,0.006903,-0.001416,1.151906,-2.528,1.504,-2.258,0.006903,-0.001416,1.151906,-2.528,1.504,-2.258
1761142491.319384,0,0.006879,-0.001415,1.151878,-2.511,1.644,-2.263,0.006879,-0.001415,1.151878,-2.511,1.644,-2.263
1761142491.403702,0,0.006896,-0.001436,1.151792,-2.714,1.520,-2.269,0.006896,-0.001436,1.151792,-2.714,1.520,-2.269
1761142491.485895,0,0.006873,-0.001414,1.151965,-2.535,1.600,-2.261,0.006873,-0.001414,1.151965,-2.535,1.600,-2.261
1761142491.571670,0,0.006876,-0.001398,1.151994,-2.464,1.599,-2.261,0.006876,-0.001398,1.151994,-2.464,1.599,-2.261
1761142491.649270,0,0.006881,-0.001414,1.151835,-2.558,1.659,-2.263,0.006881,-0.001414,1.151835,-2.558,1.659,-2.263
1761142491.717029,0,0.006880,-0.001429,1.151877,-2.588,1.610,-2.268,0.006880,-0.001429,1.151877,-2.588,1.610,-2.268
1761142491.788206,0,0.006874,-0.001443,1.151790,-2.688,1.658,-2.267,0.006874,-0.001443,1.151790,-2.688,1.658,-2.267
1761142491.860954,0,0.006890,-0.001434,1.151786,-2.658,1.598,-2.269,0.006890,-0.001434,1.151786,-2.658,1.598,-2.269
1761142491.939257,0,0.006896,-0.001420,1.151927,-2.585,1.563,-2.267,0.006896,-0.001420,1.151927,-2.585,1.563,-2.267
1761142492.030279,0,0.006887,-0.001404,1.151946,-2.446,1.634,-2.257,0.006887,-0.001404,1.151946,-2.446,1.634,-2.257
1761142492.105002,0,0.006882,-0.001411,1.151925,-2.506,1.606,-2.263,0.006882,-0.001411,1.151925,-2.506,1.606,-2.263
1761142492.179559,0,0.006896,-0.001410,1.151950,-2.505,1.563,-2.260,0.006896,-0.001410,1.151950,-2.505,1.563,-2.260
1761142492.261097,0,0.006886,-0.001411,1.151928,-2.512,1.606,-2.260,0.006886,-0.001411,1.151928,-2.512,1.606,-2.260
1761142492.332185,0,0.006882,-0.001423,1.151916,-2.596,1.576,-2.264,0.006882,-0.001423,1.151916,-2.596,1.576,-2.264
1761142492.403186,0,0.006861,-0.001440,1.151849,-2.728,1.663,-2.270,0.006861,-0.001440,1.151849,-2.728,1.663,-2.270
1761142492.487358,0,0.006871,-0.001426,1.151813,-2.575,1.713,-2.273,0.006871,-0.001426,1.151813,-2.575,1.713,-2.273
1761142492.565402,0,0.006880,-0.001416,1.151860,-2.529,1.666,-2.264,0.006880,-0.001416,1.151860,-2.529,1.666,-2.264
1761142492.639990,0,0.006881,-0.001405,1.151912,-2.531,1.609,-2.261,0.006881,-0.001405,1.151912,-2.531,1.609,-2.261
1761142492.714139,0,0.006882,-0.001437,1.151817,-2.639,1.676,-2.270,0.006882,-0.001437,1.151817,-2.639,1.676,-2.270
1761142492.805826,0,0.006896,-0.001421,1.151785,-2.623,1.533,-2.262,0.006896,-0.001421,1.151785,-2.623,1.533,-2.262
1761142492.888777,0,0.006877,-0.001420,1.151853,-2.550,1.645,-2.258,0.006877,-0.001420,1.151853,-2.550,1.645,-2.258
1761142492.972413,0,0.006902,-0.001425,1.151839,-2.609,1.525,-2.258,0.006902,-0.001425,1.151839,-2.609,1.525,-2.258
1761142493.060287,0,0.006870,-0.001426,1.151889,-2.590,1.681,-2.268,0.006870,-0.001426,1.151889,-2.590,1.681,-2.268
1761142493.144573,0,0.006878,-0.001424,1.151831,-2.614,1.623,-2.266,0.006878,-0.001424,1.151831,-2.614,1.623,-2.266
1761142493.223142,0,0.006891,-0.001399,1.151931,-2.544,1.548,-2.265,0.006891,-0.001399,1.151931,-2.544,1.548,-2.265
1761142493.304861,0,0.006881,-0.001425,1.151934,-2.613,1.564,-2.268,0.006881,-0.001425,1.151934,-2.613,1.564,-2.268
1761142493.384515,0,0.006897,-0.001401,1.151958,-2.487,1.596,-2.258,0.006897,-0.001401,1.151958,-2.487,1.596,-2.258
1761142493.465480,0,0.006876,-0.001426,1.151848,-2.635,1.597,-2.268,0.006876,-0.001426,1.151848,-2.635,1.597,-2.268
1761142493.543671,0,0.006877,-0.001433,1.151870,-2.729,1.589,-2.276,0.006877,-0.001433,1.151870,-2.729,1.589,-2.276
1761142493.619975,0,0.006876,-0.001419,1.151892,-2.624,1.599,-2.269,0.006876,-0.001419,1.151892,-2.624,1.599,-2.269
1761142493.701991,0,0.006890,-0.001407,1.151986,-2.524,1.595,-2.264,0.006890,-0.001407,1.151986,-2.524,1.595,-2.264
1761142493.779971,0,0.006881,-0.001406,1.151893,-2.516,1.682,-2.258,0.006881,-0.001406,1.151893,-2.516,1.682,-2.258
1761142493.858589,0,0.006878,-0.001437,1.151889,-2.653,1.583,-2.271,0.006878,-0.001437,1.151889,-2.653,1.583,-2.271
1761142493.935728,0,0.006877,-0.001415,1.151866,-2.587,1.653,-2.270,0.006877,-0.001415,1.151866,-2.587,1.653,-2.270
1761142494.015446,0,0.006902,-0.001403,1.151858,-2.530,1.592,-2.262,0.006902,-0.001403,1.151858,-2.530,1.592,-2.262
1761142494.090230,0,0.006873,-0.001414,1.151904,-2.569,1.622,-2.259,0.006873,-0.001414,1.151904,-2.569,1.622,-2.259
1761142494.153833,0,0.006873,-0.001421,1.151880,-2.608,1.627,-2.270,0.006873,-0.001421,1.151880,-2.608,1.627,-2.270
1761142494.228679,0,0.006877,-0.001393,1.151902,-2.518,1.561,-2.262,0.006877,-0.001393,1.151902,-2.518,1.561,-2.262
1761142494.301237,0,0.006882,-0.001405,1.151879,-2.507,1.654,-2.261,0.006882,-0.001405,1.151879,-2.507,1.654,-2.261
1761142494.371265,0,0.006891,-0.001399,1.151896,-2.440,1.602,-2.255,0.006891,-0.001399,1.151896,-2.440,1.602,-2.255
1761142494.442423,0,0.006865,-0.001424,1.151877,-2.671,1.650,-2.272,0.006865,-0.001424,1.151877,-2.671,1.650,-2.272
1761142494.517727,0,0.006888,-0.001400,1.151890,-2.500,1.608,-2.260,0.006888,-0.001400,1.151890,-2.500,1.608,-2.260
1761142494.602699,0,0.006872,-0.001392,1.151883,-2.429,1.683,-2.264,0.006872,-0.001392,1.151883,-2.429,1.683,-2.264
1761142494.680951,0,0.006880,-0.001403,1.151805,-2.511,1.687,-2.264,0.006880,-0.001403,1.151805,-2.511,1.687,-2.264
1761142494.761832,0,0.006888,-0.001428,1.151778,-2.670,1.660,-2.267,0.006888,-0.001428,1.151778,-2.670,1.660,-2.267
1761142494.841156,0,0.006889,-0.001412,1.151843,-2.536,1.624,-2.266,0.006889,-0.001412,1.151843,-2.536,1.624,-2.266
1761142494.918963,0,0.006872,-0.001429,1.151877,-2.652,1.653,-2.271,0.006872,-0.001429,1.151877,-2.652,1.653,-2.271
1761142495.000517,0,0.006890,-0.001427,1.151849,-2.641,1.646,-2.270,0.006890,-0.001427,1.151849,-2.641,1.646,-2.270
1761142495.080905,0,0.006899,-0.001429,1.151863,-2.625,1.568,-2.262,0.006899,-0.001429,1.151863,-2.625,1.568,-2.262
1761142495.165681,0,0.006884,-0.001435,1.151822,-2.611,1.614,-2.274,0.006884,-0.001435,1.151822,-2.611,1.614,-2.274
1761142495.240308,0,0.006878,-0.001421,1.151938,-2.566,1.632,-2.263,0.006878,-0.001421,1.151938,-2.566,1.632,-2.263
1761142495.313848,0,0.006910,-0.001445,1.151844,-2.653,1.529,-2.266,0.006910,-0.001445,1.151844,-2.653,1.529,-2.266
1761142495.383495,0,0.006893,-0.001432,1.151796,-2.630,1.638,-2.265,0.006893,-0.001432,1.151796,-2.630,1.638,-2.265
1761142495.452515,0,0.006917,-0.001416,1.151848,-2.545,1.445,-2.255,0.006917,-0.001416,1.151848,-2.545,1.445,-2.255
1761142495.514568,0,0.006864,-0.001403,1.151947,-2.529,1.677,-2.266,0.006864,-0.001403,1.151947,-2.529,1.677,-2.266
1761142495.588093,0,0.006868,-0.001453,1.151746,-2.790,1.688,-2.277,0.006868,-0.001453,1.151746,-2.790,1.688,-2.277
1761142495.661653,0,0.006899,-0.001417,1.151807,-2.622,1.534,-2.264,0.006899,-0.001417,1.151807,-2.622,1.534,-2.264
1761142495.731274,0,0.006909,-0.001411,1.151852,-2.544,1.535,-2.260,0.006909,-0.001411,1.151852,-2.544,1.535,-2.260
1761142495.804610,0,0.006874,-0.001418,1.151938,-2.622,1.640,-2.269,0.006874,-0.001418,1.151938,-2.622,1.640,-2.269
1761142495.883940,0,0.006887,-0.001439,1.151813,-2.718,1.614,-2.267,0.006887,-0.001439,1.151813,-2.718,1.614,-2.267
1761142495.960401,0,0.006875,-0.001395,1.151934,-2.439,1.669,-2.262,0.006875,-0.001395,1.151934,-2.439,1.669,-2.262
1761142496.042273,0,0.006885,-0.001440,1.151928,-2.688,1.574,-2.272,0.006885,-0.001440,1.151928,-2.688,1.574,-2.272
1761142496.118471,0,0.006887,-0.001387,1.151809,-2.379,1.704,-2.259,0.006887,-0.001387,1.151809,-2.379,1.704,-2.259
1761142496.195630,0,0.006895,-0.001416,1.151803,-2.552,1.630,-2.266,0.006895,-0.001416,1.151803,-2.552,1.630,-2.266
1761142496.274792,0,0.006886,-0.001404,1.151875,-2.516,1.627,-2.267,0.006886,-0.001404,1.151875,-2.516,1.627,-2.267
1761142496.347422,0,0.006875,-0.001431,1.151912,-2.628,1.646,-2.259,0.006875,-0.001431,1.151912,-2.628,1.646,-2.259
1761142496.442188,0,0.006886,-0.001449,1.151789,-2.732,1.661,-2.270,0.006886,-0.001449,1.151789,-2.732,1.661,-2.270
1761142496.524306,0,0.006909,-0.001403,1.152100,-2.471,1.419,-2.255,0.006909,-0.001403,1.152100,-2.471,1.419,-2.255
1761142496.605186,0,0.006882,-0.001435,1.151962,-2.678,1.548,-2.265,0.006882,-0.001435,1.151962,-2.678,1.548,-2.265
1761142496.693332,0,0.006888,-0.001420,1.151972,-2.579,1.587,-2.265,0.006888,-0.001420,1.151972,-2.579,1.587,-2.265
1761142496.775220,0,0.006875,-0.001411,1.152013,-2.500,1.646,-2.265,0.006875,-0.001411,1.152013,-2.500,1.646,-2.265
1761142496.849791,0,0.006859,-0.001421,1.151934,-2.598,1.654,-2.264,0.006859,-0.001421,1.151934,-2.598,1.654,-2.264
1761142496.917593,0,0.006880,-0.001395,1.151973,-2.431,1.593,-2.257,0.006880,-0.001395,1.151973,-2.431,1.593,-2.257
1761142496.986606,0,0.006886,-0.001417,1.151892,-2.580,1.573,-2.263,0.006886,-0.001417,1.151892,-2.580,1.573,-2.263
1761142497.063652,0,0.006882,-0.001417,1.151763,-2.654,1.657,-2.267,0.006882,-0.001417,1.151763,-2.654,1.657,-2.267
1761142497.130208,0,0.006872,-0.001427,1.151861,-2.667,1.610,-2.274,0.006872,-0.001427,1.151861,-2.667,1.610,-2.274
1761142497.200274,0,0.006872,-0.001408,1.151853,-2.557,1.634,-2.263,0.006872,-0.001408,1.151853,-2.557,1.634,-2.263
1761142497.269102,0,0.006885,-0.001405,1.151864,-2.514,1.615,-2.259,0.006885,-0.001405,1.151864,-2.514,1.615,-2.259
1761142497.345303,0,0.006886,-0.001414,1.151863,-2.597,1.574,-2.260,0.006886,-0.001414,1.151863,-2.597,1.574,-2.260
1761142497.408424,0,0.006884,-0.001412,1.151904,-2.557,1.578,-2.259,0.006884,-0.001412,1.151904,-2.557,1.578,-2.259
1761142497.486672,0,0.006878,-0.001396,1.151973,-2.456,1.609,-2.262,0.006878,-0.001396,1.151973,-2.456,1.609,-2.262
1761142497.566334,0,0.006883,-0.001413,1.151744,-2.639,1.633,-2.268,0.006883,-0.001413,1.151744,-2.639,1.633,-2.268
1761142497.655430,0,0.006884,-0.001394,1.151806,-2.512,1.733,-2.264,0.006884,-0.001394,1.151806,-2.512,1.733,-2.264
1761142497.740533,0,0.006911,-0.001418,1.151910,-2.622,1.512,-2.258,0.006911,-0.001418,1.151910,-2.622,1.512,-2.258
1761142497.833166,0,0.006894,-0.001408,1.151841,-2.508,1.605,-2.258,0.006894,-0.001408,1.151841,-2.508,1.605,-2.258
1761142497.915226,0,0.006866,-0.001409,1.151849,-2.591,1.609,-2.270,0.006866,-0.001409,1.151849,-2.591,1.609,-2.270
1761142497.988282,0,0.006859,-0.001425,1.151822,-2.673,1.665,-2.275,0.006859,-0.001425,1.151822,-2.673,1.665,-2.275
1761142498.055316,0,0.006904,-0.001406,1.151874,-2.565,1.482,-2.260,0.006904,-0.001406,1.151874,-2.565,1.482,-2.260
1761142498.131431,0,0.007016,-0.001391,1.151575,-2.559,1.576,-2.299,0.007016,-0.001391,1.151575,-2.559,1.576,-2.299
1761142498.219179,0,0.006773,-0.001422,1.151969,-2.657,1.708,-2.285,0.006773,-0.001422,1.151969,-2.657,1.708,-2.285
1761142498.311758,0,0.006902,-0.001396,1.151787,-2.565,1.704,-2.269,0.006902,-0.001396,1.151787,-2.565,1.704,-2.269
1761142498.386108,0,0.006852,-0.001400,1.151955,-2.518,1.590,-2.251,0.006852,-0.001400,1.151955,-2.518,1.590,-2.251
1761142498.469076,0,0.006872,-0.001417,1.151795,-2.633,1.692,-2.264,0.006872,-0.001417,1.151795,-2.633,1.692,-2.264
1761142498.549133,0,0.006907,-0.001389,1.151796,-2.480,1.664,-2.258,0.006907,-0.001389,1.151796,-2.480,1.664,-2.258
1761142498.618164,0,0.006879,-0.001428,1.151674,-2.686,1.666,-2.267,0.006879,-0.001428,1.151674,-2.686,1.666,-2.267
1761142498.694720,0,0.006870,-0.001432,1.151818,-2.723,1.566,-2.267,0.006870,-0.001432,1.151818,-2.723,1.566,-2.267
1761142498.762272,0,0.006882,-0.001432,1.151787,-2.701,1.541,-2.266,0.006882,-0.001432,1.151787,-2.701,1.541,-2.266
1761142498.836319,0,0.006880,-0.001389,1.151923,-2.449,1.657,-2.267,0.006880,-0.001389,1.151923,-2.449,1.657,-2.267
1761142498.909969,0,0.006950,-0.001396,1.151638,-2.830,1.602,-2.285,0.006950,-0.001396,1.151638,-2.830,1.602,-2.285
1761142498.980689,0,0.006739,-0.001426,1.152229,-2.488,1.616,-2.268,0.006739,-0.001426,1.152229,-2.488,1.616,-2.268
1761142499.051226,0,0.006893,-0.001422,1.151690,-2.702,1.497,-2.261,0.006893,-0.001422,1.151690,-2.702,1.497,-2.261
1761142499.131780,0,0.006860,-0.001418,1.152105,-2.565,1.580,-2.280,0.006860,-0.001418,1.152105,-2.565,1.580,-2.280
1761142499.189243,0,0.006866,-0.001396,1.151928,-2.506,1.613,-2.264,0.006866,-0.001396,1.151928,-2.506,1.613,-2.264
1761142499.257290,0,0.006835,-0.001432,1.151819,-2.693,1.646,-2.273,0.006835,-0.001432,1.151819,-2.693,1.646,-2.273
1761142499.323316,0,0.006875,-0.001413,1.151811,-2.613,1.562,-2.261,0.006875,-0.001413,1.151811,-2.613,1.562,-2.261
1761142499.396372,0,0.006848,-0.001401,1.151734,-2.549,1.669,-2.266,0.006848,-0.001401,1.151734,-2.549,1.669,-2.266
1761142499.473349,0,0.006848,-0.001434,1.151834,-2.729,1.621,-2.272,0.006848,-0.001434,1.151834,-2.729,1.621,-2.272
1761142499.552573,0,0.006868,-0.001414,1.151701,-2.623,1.578,-2.271,0.006868,-0.001414,1.151701,-2.623,1.578,-2.271
1761142499.628870,0,0.006862,-0.001424,1.151749,-2.708,1.532,-2.267,0.006862,-0.001424,1.151749,-2.708,1.532,-2.267
1761142499.703955,0,0.006863,-0.001394,1.151890,-2.493,1.598,-2.262,0.006863,-0.001394,1.151890,-2.493,1.598,-2.262
1761142499.784078,0,0.006854,-0.001390,1.151873,-2.417,1.702,-2.258,0.006854,-0.001390,1.151873,-2.417,1.702,-2.258
1761142499.859922,0,0.006868,-0.001397,1.151873,-2.553,1.594,-2.262,0.006868,-0.001397,1.151873,-2.553,1.594,-2.262
1761142499.932498,0,0.006858,-0.001429,1.151714,-2.733,1.576,-2.263,0.006858,-0.001429,1.151714,-2.733,1.576,-2.263
1761142500.007409,0,0.006851,-0.001427,1.151818,-2.748,1.619,-2.272,0.006851,-0.001427,1.151818,-2.748,1.619,-2.272
1761142500.076115,0,0.006852,-0.001382,1.151872,-2.450,1.676,-2.270,0.006852,-0.001382,1.151872,-2.450,1.676,-2.270
1761142500.148260,0,0.006849,-0.001409,1.151900,-2.637,1.592,-2.269,0.006849,-0.001409,1.151900,-2.637,1.592,-2.269
1761142500.226913,0,0.006856,-0.001419,1.151791,-2.612,1.650,-2.275,0.006856,-0.001419,1.151791,-2.612,1.650,-2.275
1761142500.300204,0,0.006844,-0.001395,1.151868,-2.526,1.609,-2.265,0.006844,-0.001395,1.151868,-2.526,1.609,-2.265
1761142500.379436,0,0.006843,-0.001414,1.151856,-2.625,1.652,-2.273,0.006843,-0.001414,1.151856,-2.625,1.652,-2.273
1761142500.451478,0,0.006850,-0.001399,1.151843,-2.497,1.625,-2.265,0.006850,-0.001399,1.151843,-2.497,1.625,-2.265
1761142500.525652,0,0.006859,-0.001391,1.151971,-2.489,1.581,-2.259,0.006859,-0.001391,1.151971,-2.489,1.581,-2.259
1761142500.597056,0,0.006870,-0.001402,1.151868,-2.570,1.566,-2.267,0.006870,-0.001402,1.151868,-2.570,1.566,-2.267
1761142500.673446,0,0.006863,-0.001408,1.151801,-2.634,1.561,-2.265,0.006863,-0.001408,1.151801,-2.634,1.561,-2.265
1761142500.742180,0,0.006847,-0.001397,1.151905,-2.546,1.627,-2.268,0.006847,-0.001397,1.151905,-2.546,1.627,-2.268
1761142500.823045,0,0.006860,-0.001429,1.151803,-2.691,1.546,-2.266,0.006860,-0.001429,1.151803,-2.691,1.546,-2.266
1761142500.918026,0,0.006867,-0.001400,1.151786,-2.517,1.584,-2.264,0.006867,-0.001400,1.151786,-2.517,1.584,-2.264
1761142501.002219,0,0.006802,-0.001403,1.151854,-2.530,1.805,-2.264,0.006802,-0.001403,1.151854,-2.530,1.805,-2.264
1761142501.078787,0,0.006853,-0.001409,1.151868,-2.610,1.588,-2.263,0.006853,-0.001409,1.151868,-2.610,1.588,-2.263
1761142501.144123,0,0.006835,-0.001426,1.151856,-2.713,1.599,-2.271,0.006835,-0.001426,1.151856,-2.713,1.599,-2.271
1761142501.217273,0,0.006867,-0.001411,1.151731,-2.628,1.587,-2.267,0.006867,-0.001411,1.151731,-2.628,1.587,-2.267
1761142501.283828,0,0.006840,-0.001407,1.151744,-2.621,1.693,-2.269,0.006840,-0.001407,1.151744,-2.621,1.693,-2.269
1761142501.347080,0,0.006826,-0.001423,1.151765,-2.703,1.683,-2.267,0.006826,-0.001423,1.151765,-2.703,1.683,-2.267
1761142501.411262,0,0.006843,-0.001431,1.151753,-2.734,1.507,-2.268,0.006843,-0.001431,1.151753,-2.734,1.507,-2.268
1761142501.482246,0,0.006837,-0.001437,1.151733,-2.787,1.598,-2.274,0.006837,-0.001437,1.151733,-2.787,1.598,-2.274
1761142501.546304,0,0.006851,-0.001412,1.151728,-2.638,1.620,-2.266,0.006851,-0.001412,1.151728,-2.638,1.620,-2.266
1761142501.624153,0,0.006840,-0.001413,1.151852,-2.669,1.631,-2.276,0.006840,-0.001413,1.151852,-2.669,1.631,-2.276
1761142501.690405,0,0.006851,-0.001399,1.151731,-2.558,1.670,-2.277,0.006851,-0.001399,1.151731,-2.558,1.670,-2.277
1761142501.755951,0,0.006861,-0.001408,1.151791,-2.583,1.622,-2.260,0.006861,-0.001408,1.151791,-2.583,1.622,-2.260
1761142501.824153,0,0.006846,-0.001413,1.151723,-2.631,1.647,-2.266,0.006846,-0.001413,1.151723,-2.631,1.647,-2.266
1761142501.890805,0,0.006861,-0.001415,1.151855,-2.660,1.489,-2.271,0.006861,-0.001415,1.151855,-2.660,1.489,-2.271
1761142501.959736,0,0.006843,-0.001399,1.151746,-2.561,1.729,-2.262,0.006843,-0.001399,1.151746,-2.561,1.729,-2.262
1761142502.028519,0,0.006851,-0.001399,1.151802,-2.536,1.583,-2.268,0.006851,-0.001399,1.151802,-2.536,1.583,-2.268
1761142502.105873,0,0.006858,-0.001408,1.151797,-2.604,1.570,-2.268,0.006858,-0.001408,1.151797,-2.604,1.570,-2.268
1761142502.186135,0,0.006828,-0.001422,1.151785,-2.656,1.704,-2.273,0.006828,-0.001422,1.151785,-2.656,1.704,-2.273
1761142502.265509,0,0.006842,-0.001395,1.151851,-2.598,1.598,-2.265,0.006842,-0.001395,1.151851,-2.598,1.598,-2.265
1761142502.338959,0,0.006850,-0.001402,1.151861,-2.522,1.620,-2.271,0.006850,-0.001402,1.151861,-2.522,1.620,-2.271
1761142502.423534,0,0.006871,-0.001405,1.151849,-2.590,1.453,-2.266,0.006871,-0.001405,1.151849,-2.590,1.453,-2.266
1761142502.514210,0,0.006830,-0.001423,1.151726,-2.676,1.724,-2.277,0.006830,-0.001423,1.151726,-2.676,1.724,-2.277
1761142502.594136,0,0.006856,-0.001418,1.151808,-2.672,1.554,-2.267,0.006856,-0.001418,1.151808,-2.672,1.554,-2.267
1761142502.656192,0,0.006828,-0.001430,1.151794,-2.688,1.704,-2.273,0.006828,-0.001430,1.151794,-2.688,1.704,-2.273
1761142502.718042,0,0.006834,-0.001395,1.151852,-2.561,1.691,-2.271,0.006834,-0.001395,1.151852,-2.561,1.691,-2.271
1761142502.789234,0,0.006844,-0.001403,1.151810,-2.613,1.593,-2.268,0.006844,-0.001403,1.151810,-2.613,1.593,-2.268
1761142502.858016,0,0.006827,-0.001410,1.151831,-2.592,1.682,-2.265,0.006827,-0.001410,1.151831,-2.592,1.682,-2.265
1761142502.949780,0,0.006843,-0.001431,1.151783,-2.697,1.600,-2.272,0.006843,-0.001431,1.151783,-2.697,1.600,-2.272
1761142503.034428,0,0.006833,-0.001410,1.151704,-2.616,1.711,-2.276,0.006833,-0.001410,1.151704,-2.616,1.711,-2.276
1761142503.115655,0,0.006837,-0.001412,1.151839,-2.603,1.634,-2.264,0.006837,-0.001412,1.151839,-2.603,1.634,-2.264
1761142503.196373,0,0.006832,-0.001428,1.151791,-2.699,1.652,-2.281,0.006832,-0.001428,1.151791,-2.699,1.652,-2.281
1761142503.281502,0,0.006835,-0.001420,1.151604,-2.646,1.761,-2.276,0.006835,-0.001420,1.151604,-2.646,1.761,-2.276
1761142503.373309,0,0.006823,-0.001411,1.151779,-2.598,1.736,-2.276,0.006823,-0.001411,1.151779,-2.598,1.736,-2.276
1761142503.457959,0,0.006871,-0.001390,1.151898,-2.478,1.533,-2.258,0.006871,-0.001390,1.151898,-2.478,1.533,-2.258
1761142503.536297,0,0.006846,-0.001410,1.151806,-2.591,1.638,-2.257,0.006846,-0.001410,1.151806,-2.591,1.638,-2.257
1761142503.611445,0,0.006833,-0.001431,1.151746,-2.740,1.653,-2.274,0.006833,-0.001431,1.151746,-2.740,1.653,-2.274
1761142503.676844,0,0.006843,-0.001393,1.151833,-2.541,1.657,-2.263,0.006843,-0.001393,1.151833,-2.541,1.657,-2.263
1761142503.756956,0,0.006858,-0.001399,1.151768,-2.452,1.648,-2.264,0.006858,-0.001399,1.151768,-2.452,1.648,-2.264
1761142503.824328,0,0.006846,-0.001397,1.151920,-2.552,1.597,-2.265,0.006846,-0.001397,1.151920,-2.552,1.597,-2.265
1761142503.894921,0,0.006836,-0.001406,1.151794,-2.582,1.701,-2.263,0.006836,-0.001406,1.151794,-2.582,1.701,-2.263
1761142503.971843,0,0.006844,-0.001357,1.151847,-2.249,1.674,-2.254,0.006844,-0.001357,1.151847,-2.249,1.674,-2.254
1761142504.045686,0,0.006870,-0.001397,1.151923,-2.518,1.515,-2.264,0.006870,-0.001397,1.151923,-2.518,1.515,-2.264
1761142504.119930,0,0.006842,-0.001392,1.151902,-2.486,1.631,-2.266,0.006842,-0.001392,1.151902,-2.486,1.631,-2.266
1761142504.198953,0,0.006839,-0.001401,1.151781,-2.557,1.650,-2.265,0.006839,-0.001401,1.151781,-2.557,1.650,-2.265
1761142504.273588,0,0.006838,-0.001417,1.151855,-2.674,1.596,-2.270,0.006838,-0.001417,1.151855,-2.674,1.596,-2.270
1761142504.352496,0,0.006843,-0.001423,1.151720,-2.715,1.640,-2.271,0.006843,-0.001423,1.151720,-2.715,1.640,-2.271
1761142504.431017,0,0.006856,-0.001406,1.151799,-2.640,1.570,-2.276,0.006856,-0.001406,1.151799,-2.640,1.570,-2.276
1761142504.499364,0,0.006867,-0.001393,1.151823,-2.460,1.585,-2.262,0.006867,-0.001393,1.151823,-2.460,1.585,-2.262
1761142504.577740,0,0.006838,-0.001393,1.151875,-2.524,1.652,-2.265,0.006838,-0.001393,1.151875,-2.524,1.652,-2.265
1761142504.645700,0,0.006839,-0.001425,1.151798,-2.712,1.586,-2.264,0.006839,-0.001425,1.151798,-2.712,1.586,-2.264
1761142504.722361,0,0.006817,-0.001441,1.151830,-2.765,1.647,-2.274,0.006817,-0.001441,1.151830,-2.765,1.647,-2.274
1761142504.800151,0,0.006835,-0.001426,1.151798,-2.720,1.617,-2.269,0.006835,-0.001426,1.151798,-2.720,1.617,-2.269
1761142504.877420,0,0.006827,-0.001386,1.151885,-2.480,1.666,-2.261,0.006827,-0.001386,1.151885,-2.480,1.666,-2.261
1761142504.952318,0,0.006853,-0.001420,1.151784,-2.627,1.568,-2.276,0.006853,-0.001420,1.151784,-2.627,1.568,-2.276
1761142505.035901,0,0.006841,-0.001427,1.151810,-2.670,1.603,-2.260,0.006841,-0.001427,1.151810,-2.670,1.603,-2.260
1761142505.118184,0,0.006822,-0.001431,1.151778,-2.722,1.768,-2.267,0.006822,-0.001431,1.151778,-2.722,1.768,-2.267
1761142505.205149,0,0.006823,-0.001423,1.151801,-2.689,1.693,-2.268,0.006823,-0.001423,1.151801,-2.689,1.693,-2.268
1761142505.281278,0,0.006847,-0.001416,1.151831,-2.705,1.557,-2.276,0.006847,-0.001416,1.151831,-2.705,1.557,-2.276
1761142505.364614,0,0.006844,-0.001405,1.151872,-2.565,1.606,-2.274,0.006844,-0.001405,1.151872,-2.565,1.606,-2.274
1761142505.441696,0,0.006847,-0.001413,1.151806,-2.651,1.575,-2.264,0.006847,-0.001413,1.151806,-2.651,1.575,-2.264
1761142505.523277,0,0.006836,-0.001384,1.151934,-2.366,1.605,-2.261,0.006836,-0.001384,1.151934,-2.366,1.605,-2.261
1761142505.602870,0,0.006846,-0.001410,1.151879,-2.586,1.630,-2.267,0.006846,-0.001410,1.151879,-2.586,1.630,-2.267
1761142505.678460,0,0.006817,-0.001426,1.151732,-2.712,1.741,-2.282,0.006817,-0.001426,1.151732,-2.712,1.741,-2.282
1761142505.758066,0,0.006830,-0.001421,1.151779,-2.670,1.666,-2.268,0.006830,-0.001421,1.151779,-2.670,1.666,-2.268
1761142505.820093,0,0.006827,-0.001429,1.151880,-2.709,1.624,-2.272,0.006827,-0.001429,1.151880,-2.709,1.624,-2.272
1761142505.891862,0,0.006841,-0.001396,1.151894,-2.468,1.614,-2.263,0.006841,-0.001396,1.151894,-2.468,1.614,-2.263
1761142505.971993,0,0.006849,-0.001403,1.151882,-2.527,1.561,-2.270,0.006849,-0.001403,1.151882,-2.527,1.561,-2.270
1761142506.055106,0,0.006841,-0.001405,1.151789,-2.589,1.617,-2.258,0.006841,-0.001405,1.151789,-2.589,1.617,-2.258
1761142506.129895,0,0.006849,-0.001387,1.151925,-2.473,1.614,-2.271,0.006849,-0.001387,1.151925,-2.473,1.614,-2.271
1761142506.206544,0,0.006836,-0.001409,1.151823,-2.588,1.663,-2.267,0.006836,-0.001409,1.151823,-2.588,1.663,-2.267
1761142506.287088,0,0.006842,-0.001414,1.151834,-2.614,1.589,-2.270,0.006842,-0.001414,1.151834,-2.614,1.589,-2.270
1761142506.365655,0,0.006815,-0.001398,1.151735,-2.547,1.763,-2.264,0.006815,-0.001398,1.151735,-2.547,1.763,-2.264
1761142506.441151,0,0.006859,-0.001421,1.151853,-2.656,1.496,-2.264,0.006859,-0.001421,1.151853,-2.656,1.496,-2.264
1761142506.513774,0,0.006834,-0.001401,1.151810,-2.530,1.669,-2.259,0.006834,-0.001401,1.151810,-2.530,1.669,-2.259
1761142506.589641,0,0.006843,-0.001401,1.151843,-2.511,1.661,-2.268,0.006843,-0.001401,1.151843,-2.511,1.661,-2.268
1761142507.580314,0,0.006845,-0.001408,1.151826,-2.482,1.607,-2.268,0.006845,-0.001408,1.151826,-2.482,1.607,-2.268
1761142507.670633,0,0.006842,-0.001424,1.151779,-2.694,1.593,-2.273,0.006842,-0.001424,1.151779,-2.694,1.593,-2.273
1761142507.750597,0,0.006838,-0.001417,1.151845,-2.659,1.577,-2.270,0.006838,-0.001417,1.151845,-2.659,1.577,-2.270
1761142507.833596,0,0.006840,-0.001424,1.151768,-2.651,1.633,-2.269,0.006840,-0.001424,1.151768,-2.651,1.633,-2.269
1761142507.920256,0,0.006828,-0.001408,1.151864,-2.597,1.703,-2.268,0.006828,-0.001408,1.151864,-2.597,1.703,-2.268
1761142507.996756,0,0.006833,-0.001399,1.151843,-2.547,1.649,-2.266,0.006833,-0.001399,1.151843,-2.547,1.649,-2.266
1761142508.092886,0,0.006843,-0.001412,1.151805,-2.620,1.564,-2.264,0.006843,-0.001412,1.151805,-2.620,1.564,-2.264
1761142508.172732,0,0.006827,-0.001389,1.151792,-2.483,1.681,-2.260,0.006827,-0.001389,1.151792,-2.483,1.681,-2.260
1761142508.257229,0,0.006820,-0.001384,1.151844,-2.462,1.693,-2.265,0.006820,-0.001384,1.151844,-2.462,1.693,-2.265
1761142508.340255,0,0.006855,-0.001412,1.151867,-2.577,1.540,-2.260,0.006855,-0.001412,1.151867,-2.577,1.540,-2.260
1761142508.409453,0,0.006837,-0.001402,1.151798,-2.595,1.596,-2.264,0.006837,-0.001402,1.151798,-2.595,1.596,-2.264
1761142508.487564,0,0.006842,-0.001429,1.151723,-2.661,1.608,-2.270,0.006842,-0.001429,1.151723,-2.661,1.608,-2.270
1761142508.564728,0,0.006840,-0.001422,1.151831,-2.696,1.616,-2.271,0.006840,-0.001422,1.151831,-2.696,1.616,-2.271
1761142508.643820,0,0.006840,-0.001415,1.151843,-2.610,1.584,-2.266,0.006840,-0.001415,1.151843,-2.610,1.584,-2.266
1761142508.713390,0,0.006830,-0.001409,1.151820,-2.568,1.653,-2.264,0.006830,-0.001409,1.151820,-2.568,1.653,-2.264
1761142508.792132,0,0.006834,-0.001434,1.151864,-2.730,1.558,-2.270,0.006834,-0.001434,1.151864,-2.730,1.558,-2.270
1761142508.873322,0,0.006860,-0.001415,1.151753,-2.683,1.524,-2.262,0.006860,-0.001415,1.151753,-2.683,1.524,-2.262
1761142508.961282,0,0.006843,-0.001419,1.151778,-2.625,1.609,-2.273,0.006843,-0.001419,1.151778,-2.625,1.609,-2.273
1761142509.043976,0,0.006839,-0.001442,1.151779,-2.839,1.541,-2.275,0.006839,-0.001442,1.151779,-2.839,1.541,-2.275
1761142509.121412,0,0.006853,-0.001400,1.151945,-2.538,1.491,-2.267,0.006853,-0.001400,1.151945,-2.538,1.491,-2.267
1761142509.203003,0,0.006824,-0.001406,1.151929,-2.564,1.677,-2.269,0.006824,-0.001406,1.151929,-2.564,1.677,-2.269
1761142509.275435,0,0.006836,-0.001420,1.151886,-2.658,1.588,-2.269,0.006836,-0.001420,1.151886,-2.658,1.588,-2.269
1761142509.354909,0,0.006850,-0.001400,1.151836,-2.558,1.594,-2.265,0.006850,-0.001400,1.151836,-2.558,1.594,-2.265
1761142509.441543,0,0.006867,-0.001375,1.151866,-2.405,1.540,-2.262,0.006867,-0.001375,1.151866,-2.405,1.540,-2.262
1761142509.531286,0,0.006851,-0.001423,1.151830,-2.637,1.571,-2.267,0.006851,-0.001423,1.151830,-2.637,1.571,-2.267
1761142509.612506,0,0.006839,-0.001422,1.151783,-2.702,1.595,-2.271,0.006839,-0.001422,1.151783,-2.702,1.595,-2.271
1761142509.684073,0,0.006838,-0.001409,1.151835,-2.581,1.663,-2.268,0.006838,-0.001409,1.151835,-2.581,1.663,-2.268
1761142509.763240,0,0.006852,-0.001410,1.151777,-2.600,1.614,-2.258,0.006852,-0.001410,1.151777,-2.600,1.614,-2.258
1761142509.851257,0,0.006830,-0.001417,1.151837,-2.607,1.636,-2.266,0.006830,-0.001417,1.151837,-2.607,1.636,-2.266
1761142509.922276,0,0.006831,-0.001400,1.151828,-2.496,1.645,-2.266,0.006831,-0.001400,1.151828,-2.496,1.645,-2.266
1761142509.988838,0,0.006835,-0.001405,1.151790,-2.609,1.605,-2.265,0.006835,-0.001405,1.151790,-2.609,1.605,-2.265
1761142510.052122,0,0.006822,-0.001413,1.151760,-2.643,1.712,-2.268,0.006822,-0.001413,1.151760,-2.643,1.712,-2.268
1761142510.111501,0,0.006840,-0.001408,1.151809,-2.591,1.608,-2.267,0.006840,-0.001408,1.151809,-2.591,1.608,-2.267
1761142510.176872,0,0.006840,-0.001398,1.151793,-2.535,1.626,-2.267,0.006840,-0.001398,1.151793,-2.535,1.626,-2.267
1761142510.247571,0,0.006829,-0.001401,1.151795,-2.512,1.652,-2.261,0.006829,-0.001401,1.151795,-2.512,1.652,-2.261
1761142510.310370,0,0.006828,-0.001417,1.151684,-2.658,1.651,-2.268,0.006828,-0.001417,1.151684,-2.658,1.651,-2.268
1761142510.369606,0,0.006854,-0.001431,1.151828,-2.759,1.466,-2.270,0.006854,-0.001431,1.151828,-2.759,1.466,-2.270
1761142510.434623,0,0.006833,-0.001418,1.151788,-2.639,1.638,-2.266,0.006833,-0.001418,1.151788,-2.639,1.638,-2.266
1761142510.497199,0,0.006829,-0.001395,1.151922,-2.567,1.547,-2.270,0.006829,-0.001395,1.151922,-2.567,1.547,-2.270
1761142510.568157,0,0.006838,-0.001395,1.151819,-2.510,1.634,-2.262,0.006838,-0.001395,1.151819,-2.510,1.634,-2.262
1761142510.637076,0,0.006819,-0.001434,1.151718,-2.716,1.738,-2.275,0.006819,-0.001434,1.151718,-2.716,1.738,-2.275
1761142510.704622,0,0.006831,-0.001420,1.151840,-2.695,1.598,-2.275,0.006831,-0.001420,1.151840,-2.695,1.598,-2.275
1761142510.771693,0,0.006850,-0.001390,1.151843,-2.492,1.564,-2.261,0.006850,-0.001390,1.151843,-2.492,1.564,-2.261
1761142510.836586,0,0.006831,-0.001398,1.151860,-2.551,1.622,-2.265,0.006831,-0.001398,1.151860,-2.551,1.622,-2.265
1761142510.899324,0,0.006833,-0.001418,1.151779,-2.686,1.627,-2.274,0.006833,-0.001418,1.151779,-2.686,1.627,-2.274
1761142510.959167,0,0.006841,-0.001402,1.151820,-2.565,1.630,-2.266,0.006841,-0.001402,1.151820,-2.565,1.630,-2.266
1761142511.033940,0,0.006863,-0.001419,1.151797,-2.669,1.549,-2.271,0.006863,-0.001419,1.151797,-2.669,1.549,-2.271
1761142511.096581,0,0.006850,-0.001400,1.151770,-2.510,1.601,-2.264,0.006850,-0.001400,1.151770,-2.510,1.601,-2.264
1761142511.157590,0,0.006845,-0.001422,1.151739,-2.694,1.554,-2.266,0.006845,-0.001422,1.151739,-2.694,1.554,-2.266
1761142511.214777,0,0.006826,-0.001428,1.151709,-2.690,1.705,-2.271,0.006826,-0.001428,1.151709,-2.690,1.705,-2.271
1761142511.290028,0,0.006837,-0.001402,1.151849,-2.577,1.555,-2.270,0.006837,-0.001402,1.151849,-2.577,1.555,-2.270
1761142511.350932,0,0.006833,-0.001406,1.151706,-2.583,1.730,-2.268,0.006833,-0.001406,1.151706,-2.583,1.730,-2.268
1761142511.413020,0,0.006852,-0.001421,1.151801,-2.651,1.530,-2.267,0.006852,-0.001421,1.151801,-2.651,1.530,-2.267
1761142511.479562,0,0.006834,-0.001412,1.151716,-2.612,1.701,-2.271,0.006834,-0.001412,1.151716,-2.612,1.701,-2.271
1761142511.546347,0,0.006853,-0.001401,1.151850,-2.581,1.602,-2.266,0.006853,-0.001401,1.151850,-2.581,1.602,-2.266
1761142511.616077,0,0.006815,-0.001428,1.151790,-2.672,1.710,-2.273,0.006815,-0.001428,1.151790,-2.672,1.710,-2.273
1761142511.744999,0,0.006856,-0.001414,1.151814,-2.626,1.556,-2.274,0.006856,-0.001414,1.151814,-2.626,1.556,-2.274
1761142512.854170,0,0.006761,-0.001540,1.161828,-3.153,1.463,-2.251,0.006761,-0.001540,1.161828,-3.153,1.463,-2.251
1761142513.992227,0,0.006960,-0.001372,1.163175,-2.072,1.357,-2.286,0.006960,-0.001372,1.163175,-2.072,1.357,-2.286
1761142515.165700,0,0.006531,-0.001560,1.171675,-2.162,2.466,-2.187,0.006531,-0.001560,1.171675,-2.162,2.466,-2.187
1761142516.341418,0,0.006874,-0.001556,1.171754,-2.108,2.343,-2.279,0.006874,-0.001556,1.171754,-2.108,2.343,-2.279
1761142517.520306,0,0.006308,-0.001614,1.182199,-2.596,4.386,-2.146,0.006308,-0.001614,1.182199,-2.596,4.386,-2.146
1761142518.700369,0,0.006483,-0.001669,1.182949,-2.983,4.339,-2.317,0.006483,-0.001669,1.182949,-2.983,4.339,-2.317
1761142519.883562,0,0.006472,-0.001796,1.195410,-2.617,3.849,-2.048,0.006472,-0.001796,1.195410,-2.617,3.849,-2.048
1761142521.056592,0,0.006657,-0.001863,1.198084,-3.077,3.801,-2.308,0.006657,-0.001863,1.198084,-3.077,3.801,-2.308
1761142522.222293,0,0.006317,-0.001859,1.209368,-1.871,4.419,-2.127,0.006317,-0.001859,1.209368,-1.871,4.419,-2.127
1761142523.297003,0,0.006615,-0.002303,1.209240,-4.865,4.583,-2.435,0.006615,-0.002303,1.209240,-4.865,4.583,-2.435
1761142524.440706,0,0.006161,-0.001973,1.222176,-2.576,4.856,-2.039,0.006161,-0.001973,1.222176,-2.576,4.856,-2.039
1761142525.535565,0,0.006796,-0.002553,1.222797,-5.380,3.906,-2.323,0.006796,-0.002553,1.222797,-5.380,3.906,-2.323
1761142526.631964,0,0.006317,-0.001669,1.235876,-0.240,4.455,-1.857,0.006317,-0.001669,1.235876,-0.240,4.455,-1.857
1761142527.752003,0,0.006797,-0.002563,1.234899,-5.496,5.663,-2.466,0.006797,-0.002563,1.234899,-5.496,5.663,-2.466
1761142528.932412,0,0.006544,-0.001851,1.250665,-0.159,3.414,-1.751,0.006544,-0.001851,1.250665,-0.159,3.414,-1.751
1761142530.081314,0,0.006907,-0.002363,1.249326,-3.882,5.663,-2.330,0.006907,-0.002363,1.249326,-3.882,5.663,-2.330
1761142531.224568,0,0.007010,-0.001506,1.264102,2.489,0.845,-1.737,0.007010,-0.001506,1.264102,2.489,0.845,-1.737
1761142532.398211,0,0.006782,-0.002503,1.259990,-4.920,7.050,-2.448,0.006782,-0.002503,1.259990,-4.920,7.050,-2.448
1761142533.571470,0,0.007247,-0.001258,1.276208,2.947,-0.428,-1.632,0.007247,-0.001258,1.276208,2.947,-0.428,-1.632
1761142534.734042,0,0.006848,-0.002245,1.274569,-2.936,7.383,-2.260,0.006848,-0.002245,1.274569,-2.936,7.383,-2.260
1761142535.901824,0,0.007493,-0.000920,1.287345,4.703,-1.856,-1.694,0.007493,-0.000920,1.287345,4.703,-1.856,-1.694
1761142536.996076,0,0.006992,-0.002441,1.288125,-4.223,6.947,-2.264,0.006992,-0.002441,1.288125,-4.223,6.947,-2.264
1761142538.514887,0,0.007227,-0.001194,1.302067,4.214,-0.599,-1.745,0.007227,-0.001194,1.302067,4.214,-0.599,-1.745
1761142539.681033,0,0.007028,-0.002280,1.302352,-2.901,7.527,-2.306,0.007028,-0.002280,1.302352,-2.901,7.527,-2.306
1761142540.850027,0,0.007255,-0.001227,1.314973,5.485,-1.668,-1.739,0.007255,-0.001227,1.314973,5.485,-1.668,-1.739
1761142542.026648,0,0.007281,-0.002167,1.318131,-1.879,7.783,-2.136,0.007281,-0.002167,1.318131,-1.879,7.783,-2.136
1761142543.614141,0,0.007184,-0.001093,1.328774,5.285,-0.534,-1.833,0.007184,-0.001093,1.328774,5.285,-0.534,-1.833
1761142544.761252,0,0.007489,-0.002387,1.333518,-3.293,5.571,-2.214,0.007489,-0.002387,1.333518,-3.293,5.571,-2.214
1761142545.828679,0,0.007216,-0.001452,1.343275,2.692,-0.186,-1.842,0.007216,-0.001452,1.343275,2.692,-0.186,-1.842
1761142547.393337,0,0.007614,-0.002442,1.348733,-3.662,5.446,-2.040,0.007614,-0.002442,1.348733,-3.662,5.446,-2.040
1761142548.535191,0,0.007230,-0.001787,1.358714,1.684,1.676,-1.798,0.007230,-0.001787,1.358714,1.684,1.676,-1.798
1761142549.692676,0,0.007925,-0.002569,1.365147,-4.400,3.762,-1.918,0.007925,-0.002569,1.365147,-4.400,3.762,-1.918
1761142550.818152,0,0.006915,-0.001870,1.370937,2.640,3.170,-1.682,0.006915,-0.001870,1.370937,2.640,3.170,-1.682
1761142551.976753,0,0.007951,-0.002633,1.379953,-4.875,4.433,-1.980,0.007951,-0.002633,1.379953,-4.875,4.433,-1.980
1761142553.104846,0,0.006647,-0.001892,1.388986,1.149,4.606,-1.600,0.006647,-0.001892,1.388986,1.149,4.606,-1.600
1761145490.781566,379,4.274195,-2.255281,8.156919,-47.643,4.567,103.751,4.274195,-2.255281,8.156919,-47.643,4.567,103.751
1761145809.985720,0,-0.056982,0.087876,0.841052,8.040,-4.399,-94.224,-0.056982,0.087876,0.841052,8.040,-4.399,-94.224
